# HOSTRADA weather file for IDA ICE
# Columns: Month Day Hour DryBulb_C RelHum_pct DirectNormal_W_m2 DiffuseHorizontal_W_m2 WindDir_deg WindSpeed_m_s GlobalHorizontal_W_m2
# Units: - - h degC % W/m2 W/m2 deg m/s W/m2
Month Day Hour DryBulb_C RelHum_pct DirectNormal_W_m2 DiffuseHorizontal_W_m2 WindDir_deg WindSpeed_m_s GlobalHorizontal_W_m2
1 1 2 2.200 83.400 0.000 0.000 214.000 5.800 0.000
1 1 3 2.400 82.900 0.000 0.000 215.000 7.000 0.000
1 1 4 2.200 81.900 0.000 0.000 215.000 6.200 0.000
1 1 5 2.600 81.000 0.000 0.000 222.000 6.400 0.000
1 1 6 2.900 80.100 0.000 0.000 217.000 6.600 0.000
1 1 7 3.200 80.200 0.000 0.000 223.000 6.900 0.000
1 1 8 3.700 80.200 0.000 0.000 218.000 7.000 0.000
1 1 9 4.200 79.400 0.000 0.000 218.000 6.900 0.000
1 1 10 4.400 79.200 0.769 7.448 221.000 7.100 7.500
1 1 11 5.000 79.200 7.455 52.889 224.000 6.900 54.100
1 1 12 5.900 77.900 13.864 83.888 222.000 7.600 87.000
1 1 13 6.300 75.900 5.171 70.007 223.000 7.700 71.300
1 1 14 6.900 74.300 8.422 79.998 225.000 8.000 82.000
1 1 15 6.900 72.700 4.132 47.123 222.000 7.400 47.900
1 1 16 7.000 71.400 1.514 15.942 225.000 7.300 16.100
1 1 17 7.000 70.000 0.000 3.800 223.000 7.600 3.800
1 1 18 7.000 67.800 0.000 0.000 216.000 7.800 0.000
1 1 19 6.900 65.600 0.000 0.000 223.000 8.600 0.000
1 1 20 7.000 64.800 0.000 0.000 228.000 9.000 0.000
1 1 21 7.100 66.300 0.000 0.000 225.000 8.500 0.000
1 1 22 7.500 68.200 0.000 0.000 230.000 9.400 0.000
1 1 23 7.900 67.200 0.000 0.000 224.000 8.500 0.000
1 1 24 8.000 65.100 0.000 0.000 223.000 8.600 0.000
1 2 1 8.200 65.700 0.000 0.000 232.000 8.400 0.000
1 2 2 8.300 68.300 0.000 0.000 226.000 8.400 0.000
1 2 3 7.900 72.200 0.000 0.000 232.000 8.000 0.000
1 2 4 7.500 76.400 0.000 0.000 242.000 6.900 0.000
1 2 5 6.100 84.900 0.000 0.000 253.000 5.800 0.000
1 2 6 6.100 92.200 0.000 0.000 237.000 5.300 0.000
1 2 7 6.400 89.700 0.000 0.000 249.000 6.100 0.000
1 2 8 5.100 83.700 0.000 0.000 268.000 8.700 0.000
1 2 9 3.700 80.200 0.000 0.000 275.000 5.800 0.000
1 2 10 3.200 80.700 4.216 17.410 283.000 5.500 17.700
1 2 11 3.200 82.300 10.125 57.347 272.000 4.800 59.000
1 2 12 3.700 82.900 22.418 91.342 256.000 5.200 96.400
1 2 13 3.700 82.700 243.778 117.059 261.000 4.800 178.400
1 2 14 4.500 80.700 463.366 90.634 259.000 5.300 201.600
1 2 15 4.700 77.700 260.818 87.441 267.000 4.700 137.000
1 2 16 4.800 76.600 66.185 49.444 259.000 4.100 56.500
1 2 17 4.500 76.900 0.000 3.800 264.000 4.200 3.800
1 2 18 3.900 78.600 0.000 0.000 279.000 3.000 0.000
1 2 19 3.700 79.400 0.000 0.000 272.000 3.100 0.000
1 2 20 3.800 79.300 0.000 0.000 261.000 3.300 0.000
1 2 21 3.700 81.100 0.000 0.000 264.000 4.300 0.000
1 2 22 2.900 82.600 0.000 0.000 268.000 4.400 0.000
1 2 23 2.700 83.800 0.000 0.000 261.000 4.700 0.000
1 2 24 2.400 85.200 0.000 0.000 266.000 5.200 0.000
1 3 1 2.600 85.800 0.000 0.000 266.000 4.700 0.000
1 3 2 2.700 85.700 0.000 0.000 264.000 5.500 0.000
1 3 3 2.800 85.000 0.000 0.000 265.000 4.800 0.000
1 3 4 2.700 83.200 0.000 0.000 269.000 5.300 0.000
1 3 5 2.600 82.200 0.000 0.000 258.000 5.200 0.000
1 3 6 2.600 82.200 0.000 0.000 270.000 5.300 0.000
1 3 7 2.600 80.500 0.000 0.000 268.000 5.100 0.000
1 3 8 2.600 79.500 0.000 0.000 258.000 5.800 0.000
1 3 9 2.300 82.100 0.000 0.000 258.000 5.700 0.000
1 3 10 2.300 83.700 0.267 4.481 252.000 6.900 4.500
1 3 11 2.500 81.900 7.684 53.938 256.000 6.500 55.200
1 3 12 2.700 78.700 11.000 81.104 254.000 7.700 83.600
1 3 13 3.100 74.800 10.029 88.760 252.000 8.700 91.300
1 3 14 3.300 72.000 4.295 61.663 251.000 8.900 62.700
1 3 15 3.700 68.900 1.843 32.346 252.000 9.400 32.700
1 3 16 0.900 79.000 1.112 14.279 268.000 7.900 14.400
1 3 17 1.000 92.700 0.000 5.700 276.000 6.800 5.700
1 3 18 0.600 90.600 0.000 0.000 279.000 6.800 0.000
1 3 19 0.500 86.600 0.000 0.000 280.000 6.800 0.000
1 3 20 -0.200 83.600 0.000 0.000 271.000 6.200 0.000
1 3 21 -0.500 83.900 0.000 0.000 263.000 6.100 0.000
1 3 22 -0.400 86.500 0.000 0.000 277.000 6.600 0.000
1 3 23 -0.700 88.000 0.000 0.000 265.000 5.900 0.000
1 3 24 -0.600 88.300 0.000 0.000 269.000 6.600 0.000
1 4 1 -0.400 88.500 0.000 0.000 276.000 6.600 0.000
1 4 2 -0.100 86.000 0.000 0.000 290.000 7.700 0.000
1 4 3 0.200 82.700 0.000 0.000 279.000 6.000 0.000
1 4 4 0.100 82.300 0.000 0.000 280.000 5.800 0.000
1 4 5 0.200 82.400 0.000 0.000 286.000 5.200 0.000
1 4 6 0.100 81.000 0.000 0.000 290.000 5.000 0.000
1 4 7 0.100 81.000 0.000 0.000 283.000 4.300 0.000
1 4 8 0.000 81.000 0.000 0.000 273.000 4.100 0.000
1 4 9 -0.100 81.000 0.000 0.000 280.000 3.600 0.000
1 4 10 0.000 81.800 0.465 5.967 277.000 3.100 6.000
1 4 11 0.000 83.500 3.363 37.444 266.000 3.500 38.000
1 4 12 -0.100 85.000 4.846 61.894 265.000 3.600 63.000
1 4 13 -0.100 85.300 9.409 88.101 245.000 3.600 90.500
1 4 14 0.200 84.600 65.491 112.762 228.000 3.300 128.700
1 4 15 0.500 84.000 65.492 90.069 221.000 2.600 102.800
1 4 16 0.600 83.100 159.751 53.612 207.000 2.900 71.400
1 4 17 0.800 82.500 0.000 24.900 205.000 2.300 24.900
1 4 18 0.600 82.400 0.000 0.000 201.000 2.800 0.000
1 4 19 0.500 82.800 0.000 0.000 204.000 3.000 0.000
1 4 20 0.400 83.800 0.000 0.000 208.000 3.500 0.000
1 4 21 0.500 84.700 0.000 0.000 203.000 3.400 0.000
1 4 22 0.400 85.100 0.000 0.000 207.000 2.800 0.000
1 4 23 0.200 84.500 0.000 0.000 213.000 3.000 0.000
1 4 24 -0.200 84.700 0.000 0.000 206.000 3.300 0.000
1 5 1 -0.300 85.300 0.000 0.000 209.000 2.500 0.000
1 5 2 -0.400 88.300 0.000 0.000 203.000 2.300 0.000
1 5 3 -0.300 90.700 0.000 0.000 208.000 2.200 0.000
1 5 4 -0.700 90.500 0.000 0.000 189.000 2.000 0.000
1 5 5 -1.500 90.700 0.000 0.000 172.000 1.800 0.000
1 5 6 -2.100 92.300 0.000 0.000 140.000 2.000 0.000
1 5 7 -2.300 93.400 0.000 0.000 134.000 2.100 0.000
1 5 8 -2.100 93.200 0.000 0.000 136.000 2.500 0.000
1 5 9 -2.100 92.700 0.000 0.000 140.000 2.600 0.000
1 5 10 -2.000 91.300 0.438 5.869 145.000 2.700 5.900
1 5 11 -1.500 88.900 3.193 36.768 110.000 2.700 37.300
1 5 12 -0.900 85.500 13.805 85.827 118.000 3.400 89.000
1 5 13 -0.200 82.400 6.305 78.981 128.000 3.600 80.600
1 5 14 0.000 80.300 1.316 34.977 125.000 4.300 35.300
1 5 15 0.500 77.800 1.431 29.218 123.000 4.800 29.500
1 5 16 0.600 75.300 1.353 16.446 124.000 4.600 16.600
1 5 17 0.100 79.100 0.000 2.100 125.000 5.000 2.100
1 5 18 -0.600 88.600 0.000 0.000 117.000 4.600 0.000
1 5 19 -0.600 94.500 0.000 0.000 113.000 4.800 0.000
1 5 20 -0.500 96.300 0.000 0.000 124.000 5.400 0.000
1 5 21 -0.200 97.100 0.000 0.000 121.000 5.000 0.000
1 5 22 0.100 97.300 0.000 0.000 117.000 4.800 0.000
1 5 23 0.400 97.900 0.000 0.000 124.000 4.600 0.000
1 5 24 0.500 98.500 0.000 0.000 145.000 4.500 0.000
1 6 1 0.700 98.700 0.000 0.000 146.000 4.100 0.000
1 6 2 1.100 98.800 0.000 0.000 161.000 3.300 0.000
1 6 3 2.200 99.200 0.000 0.000 175.000 3.300 0.000
1 6 4 3.200 99.400 0.000 0.000 190.000 2.900 0.000
1 6 5 4.400 99.600 0.000 0.000 189.000 2.700 0.000
1 6 6 6.000 99.300 0.000 0.000 200.000 3.500 0.000
1 6 7 6.500 98.800 0.000 0.000 192.000 3.500 0.000
1 6 8 7.100 97.900 0.000 0.000 200.000 4.000 0.000
1 6 9 7.600 96.300 0.000 0.000 209.000 3.200 0.000
1 6 10 7.700 95.900 0.582 6.858 194.000 3.500 6.900
1 6 11 8.000 96.400 1.586 26.234 197.000 3.100 26.500
1 6 12 9.000 93.000 6.040 69.902 206.000 4.800 71.300
1 6 13 9.300 87.500 4.179 65.219 194.000 3.600 66.300
1 6 14 9.600 82.300 1.795 41.155 192.000 5.600 41.600
1 6 15 9.800 78.400 2.490 38.904 195.000 5.200 39.400
1 6 16 9.900 76.400 1.657 18.607 177.000 4.600 18.800
1 6 17 11.200 71.200 0.000 4.700 186.000 5.200 4.700
1 6 18 10.800 67.800 0.000 0.000 181.000 5.000 0.000
1 6 19 9.300 71.400 0.000 0.000 160.000 4.500 0.000
1 6 20 10.200 72.200 0.000 0.000 171.000 4.400 0.000
1 6 21 11.700 65.900 0.000 0.000 195.000 5.900 0.000
1 6 22 12.400 62.600 0.000 0.000 215.000 7.700 0.000
1 6 23 11.800 64.200 0.000 0.000 230.000 6.200 0.000
1 6 24 11.000 62.600 0.000 0.000 255.000 6.100 0.000
1 7 1 9.800 62.800 0.000 0.000 224.000 5.000 0.000
1 7 2 9.500 62.100 0.000 0.000 237.000 5.600 0.000
1 7 3 8.800 60.100 0.000 0.000 222.000 4.900 0.000
1 7 4 7.800 65.200 0.000 0.000 215.000 3.400 0.000
1 7 5 7.700 69.600 0.000 0.000 214.000 4.200 0.000
1 7 6 7.800 68.200 0.000 0.000 203.000 4.800 0.000
1 7 7 7.700 66.500 0.000 0.000 212.000 5.400 0.000
1 7 8 7.300 66.600 0.000 0.000 204.000 4.400 0.000
1 7 9 7.400 64.900 0.000 0.000 201.000 5.300 0.000
1 7 10 7.000 65.200 5.267 20.714 212.000 5.200 21.100
1 7 11 7.500 66.200 82.278 79.966 223.000 6.200 93.900
1 7 12 7.800 64.700 9.091 79.979 232.000 5.700 82.100
1 7 13 8.300 59.800 144.616 125.780 231.000 6.100 163.500
1 7 14 7.500 56.700 9.726 87.068 244.000 6.300 89.500
1 7 15 7.300 57.700 1.261 28.146 232.000 7.000 28.400
1 7 16 7.200 58.200 3.611 27.969 224.000 5.800 28.400
1 7 17 6.900 59.300 0.000 13.000 218.000 5.500 13.000
1 7 18 6.700 60.700 0.000 0.000 224.000 5.900 0.000
1 7 19 5.900 66.600 0.000 0.000 222.000 4.900 0.000
1 7 20 2.800 81.200 0.000 0.000 260.000 5.800 0.000
1 7 21 2.700 90.500 0.000 0.000 225.000 5.400 0.000
1 7 22 2.200 90.100 0.000 0.000 222.000 4.400 0.000
1 7 23 2.300 90.000 0.000 0.000 211.000 3.800 0.000
1 7 24 2.700 89.000 0.000 0.000 222.000 5.900 0.000
1 8 1 2.100 90.200 0.000 0.000 222.000 4.600 0.000
1 8 2 1.600 92.600 0.000 0.000 214.000 5.600 0.000
1 8 3 1.500 93.600 0.000 0.000 224.000 4.800 0.000
1 8 4 1.700 94.300 0.000 0.000 223.000 4.200 0.000
1 8 5 1.000 94.400 0.000 0.000 199.000 3.800 0.000
1 8 6 1.700 93.800 0.000 0.000 212.000 4.500 0.000
1 8 7 1.900 92.400 0.000 0.000 230.000 4.400 0.000
1 8 8 1.700 90.900 0.000 0.000 232.000 4.900 0.000
1 8 9 1.300 90.400 0.000 0.000 220.000 4.800 0.000
1 8 10 1.000 90.800 1.618 11.779 225.000 4.700 11.900
1 8 11 2.000 88.300 43.429 75.776 214.000 5.000 83.200
1 8 12 2.900 83.700 347.928 100.866 219.000 4.800 182.700
1 8 13 4.100 78.200 334.589 114.191 250.000 5.600 202.200
1 8 14 4.300 73.000 76.202 118.555 254.000 6.300 137.800
1 8 15 4.300 70.600 109.032 98.105 250.000 6.000 120.400
1 8 16 4.200 69.400 460.940 46.331 237.000 5.000 102.600
1 8 17 3.500 70.200 0.000 33.600 218.000 4.500 33.600
1 8 18 2.700 72.200 0.000 0.000 232.000 4.900 0.000
1 8 19 1.800 74.800 0.000 0.000 210.000 3.900 0.000
1 8 20 1.200 79.000 0.000 0.000 213.000 3.200 0.000
1 8 21 0.600 84.000 0.000 0.000 198.000 3.400 0.000
1 8 22 0.200 87.700 0.000 0.000 199.000 2.900 0.000
1 8 23 -0.500 89.500 0.000 0.000 178.000 2.500 0.000
1 8 24 0.100 91.000 0.000 0.000 174.000 2.800 0.000
1 9 1 0.000 90.800 0.000 0.000 133.000 2.900 0.000
1 9 2 0.900 87.300 0.000 0.000 129.000 2.500 0.000
1 9 3 1.300 84.700 0.000 0.000 142.000 2.600 0.000
1 9 4 1.000 88.700 0.000 0.000 106.000 2.000 0.000
1 9 5 0.700 94.700 0.000 0.000 70.000 1.800 0.000
1 9 6 0.900 96.600 0.000 0.000 79.000 2.300 0.000
1 9 7 1.000 96.400 0.000 0.000 88.000 2.500 0.000
1 9 8 1.100 96.500 0.000 0.000 79.000 2.800 0.000
1 9 9 1.100 96.800 0.000 0.000 109.000 2.500 0.000
1 9 10 1.000 96.700 0.286 5.078 32.000 1.500 5.100
1 9 11 1.100 96.800 7.626 56.583 270.000 2.000 57.900
1 9 12 1.300 96.100 9.099 81.341 357.000 2.700 83.500
1 9 13 1.300 95.000 2.031 46.861 32.000 2.700 47.400
1 9 14 1.500 94.400 1.212 34.891 67.000 2.800 35.200
1 9 15 1.400 94.800 1.910 35.504 53.000 3.200 35.900
1 9 16 1.300 95.100 8.268 41.866 38.000 3.300 42.900
1 9 17 0.800 95.600 0.000 17.300 9.000 3.400 17.300
1 9 18 0.500 96.100 0.000 0.000 347.000 4.100 0.000
1 9 19 0.500 95.800 0.000 0.000 336.000 5.300 0.000
1 9 20 0.800 94.900 0.000 0.000 328.000 6.100 0.000
1 9 21 0.600 95.200 0.000 0.000 326.000 6.300 0.000
1 9 22 0.700 95.500 0.000 0.000 309.000 6.500 0.000
1 9 23 0.900 94.400 0.000 0.000 297.000 5.800 0.000
1 9 24 0.700 94.500 0.000 0.000 277.000 5.400 0.000
1 10 1 0.800 94.900 0.000 0.000 280.000 5.900 0.000
1 10 2 1.100 95.900 0.000 0.000 277.000 5.800 0.000
1 10 3 1.200 96.700 0.000 0.000 280.000 6.200 0.000
1 10 4 1.400 96.100 0.000 0.000 278.000 6.600 0.000
1 10 5 1.500 95.500 0.000 0.000 271.000 6.100 0.000
1 10 6 1.600 94.600 0.000 0.000 280.000 6.400 0.000
1 10 7 1.600 94.000 0.000 0.000 270.000 6.400 0.000
1 10 8 1.600 93.300 0.000 0.000 270.000 5.200 0.000
1 10 9 1.600 93.000 0.000 0.000 246.000 5.200 0.000
1 10 10 1.600 92.200 2.410 14.913 249.000 4.800 15.100
1 10 11 1.500 92.700 5.544 50.532 246.000 5.700 51.500
1 10 12 1.300 94.400 3.251 53.322 249.000 5.100 54.100
1 10 13 1.200 94.900 4.927 73.181 249.000 4.700 74.500
1 10 14 1.000 96.200 3.610 60.469 250.000 4.500 61.400
1 10 15 1.400 96.900 3.390 47.787 260.000 4.800 48.500
1 10 16 1.000 96.900 5.578 37.186 260.000 4.600 37.900
1 10 17 0.900 97.400 0.000 5.700 270.000 4.700 5.700
1 10 18 0.900 98.000 0.000 0.000 276.000 4.500 0.000
1 10 19 1.600 97.100 0.000 0.000 286.000 5.100 0.000
1 10 20 1.500 96.200 0.000 0.000 279.000 4.000 0.000
1 10 21 1.600 95.700 0.000 0.000 279.000 4.600 0.000
1 10 22 1.400 94.600 0.000 0.000 285.000 5.000 0.000
1 10 23 1.300 94.100 0.000 0.000 275.000 5.200 0.000
1 10 24 1.200 93.100 0.000 0.000 277.000 5.800 0.000
1 11 1 1.100 92.600 0.000 0.000 277.000 5.400 0.000
1 11 2 0.800 92.300 0.000 0.000 281.000 5.100 0.000
1 11 3 0.700 91.300 0.000 0.000 290.000 5.600 0.000
1 11 4 0.700 90.600 0.000 0.000 286.000 5.700 0.000
1 11 5 0.600 89.700 0.000 0.000 282.000 5.400 0.000
1 11 6 0.700 87.900 0.000 0.000 286.000 6.300 0.000
1 11 7 0.600 87.100 0.000 0.000 292.000 6.700 0.000
1 11 8 0.300 88.200 0.000 0.000 284.000 6.900 0.000
1 11 9 0.400 85.700 0.000 0.000 289.000 7.900 0.000
1 11 10 0.100 82.400 0.455 6.664 285.000 7.600 6.700
1 11 11 0.100 81.900 31.293 74.977 289.000 8.500 80.500
1 11 12 0.500 80.600 47.458 108.231 288.000 8.400 119.700
1 11 13 0.600 79.200 11.056 96.711 287.000 9.000 99.700
1 11 14 0.500 78.500 4.082 64.936 288.000 9.100 66.000
1 11 15 0.800 77.000 1.707 34.536 288.000 9.800 34.900
1 11 16 1.000 75.500 11.930 47.635 294.000 9.100 49.200
1 11 17 1.200 74.500 0.000 21.300 297.000 9.500 21.300
1 11 18 1.400 73.800 0.000 0.000 297.000 8.900 0.000
1 11 19 1.300 74.400 0.000 0.000 296.000 8.800 0.000
1 11 20 0.900 78.100 0.000 0.000 296.000 7.800 0.000
1 11 21 0.900 82.400 0.000 0.000 296.000 6.800 0.000
1 11 22 0.700 85.300 0.000 0.000 294.000 6.000 0.000
1 11 23 1.000 84.800 0.000 0.000 294.000 5.400 0.000
1 11 24 1.700 78.900 0.000 0.000 315.000 7.100 0.000
1 12 1 1.700 75.300 0.000 0.000 316.000 6.300 0.000
1 12 2 1.700 75.800 0.000 0.000 308.000 5.700 0.000
1 12 3 1.500 77.100 0.000 0.000 309.000 4.700 0.000
1 12 4 1.500 78.000 0.000 0.000 310.000 5.600 0.000
1 12 5 1.400 78.200 0.000 0.000 312.000 5.200 0.000
1 12 6 1.200 78.500 0.000 0.000 319.000 5.100 0.000
1 12 7 1.100 78.300 0.000 0.000 320.000 5.300 0.000
1 12 8 0.900 77.000 0.000 0.000 321.000 5.600 0.000
1 12 9 0.600 76.600 0.000 0.000 318.000 5.600 0.000
1 12 10 0.400 77.200 0.930 9.725 314.000 5.700 9.800
1 12 11 0.500 76.200 5.172 49.976 332.000 5.000 50.900
1 12 12 0.900 74.400 33.630 104.692 324.000 4.500 112.900
1 12 13 1.400 72.300 257.619 125.858 306.000 4.200 196.200
1 12 14 1.700 71.000 330.476 114.798 309.000 5.000 201.900
1 12 15 1.800 72.600 159.068 104.099 294.000 3.800 138.500
1 12 16 1.800 75.500 6.841 42.581 293.000 4.100 43.500
1 12 17 1.700 77.700 0.000 15.000 306.000 3.700 15.000
1 12 18 1.500 79.300 0.000 0.000 301.000 3.100 0.000
1 12 19 1.300 78.900 0.000 0.000 321.000 3.100 0.000
1 12 20 1.400 75.500 0.000 0.000 345.000 3.500 0.000
1 12 21 1.000 73.500 0.000 0.000 356.000 3.400 0.000
1 12 22 0.500 74.400 0.000 0.000 28.000 3.700 0.000
1 12 23 0.000 75.200 0.000 0.000 16.000 2.700 0.000
1 12 24 -0.400 75.400 0.000 0.000 343.000 1.600 0.000
1 13 1 -0.700 76.100 0.000 0.000 353.000 1.700 0.000
1 13 2 -0.600 76.200 0.000 0.000 8.000 0.900 0.000
1 13 3 -0.600 75.600 0.000 0.000 86.000 1.500 0.000
1 13 4 -0.700 76.200 0.000 0.000 261.000 1.000 0.000
1 13 5 -1.500 79.100 0.000 0.000 225.000 1.300 0.000
1 13 6 -2.400 83.600 0.000 0.000 232.000 1.700 0.000
1 13 7 -3.200 87.700 0.000 0.000 253.000 2.400 0.000
1 13 8 -3.700 90.300 0.000 0.000 263.000 2.000 0.000
1 13 9 -4.100 92.300 0.000 0.000 294.000 1.600 0.000
1 13 10 -4.000 93.400 4.313 21.242 270.000 1.700 21.600
1 13 11 -1.900 91.300 127.237 87.095 260.000 2.100 110.100
1 13 12 -0.700 84.000 458.032 93.859 258.000 2.900 206.800
1 13 13 0.200 75.700 588.141 87.769 229.000 3.700 250.000
1 13 14 0.500 71.600 670.148 74.146 217.000 5.100 252.800
1 13 15 1.100 69.300 763.524 51.431 227.000 4.500 219.000
1 13 16 1.000 68.800 461.072 52.216 234.000 3.500 115.700
1 13 17 0.700 70.400 0.000 26.300 248.000 3.400 26.300
1 13 18 -0.100 74.300 0.000 0.000 264.000 2.300 0.000
1 13 19 -0.100 77.800 0.000 0.000 210.000 2.500 0.000
1 13 20 -0.300 79.000 0.000 0.000 224.000 2.600 0.000
1 13 21 -0.400 80.200 0.000 0.000 212.000 2.400 0.000
1 13 22 -0.500 81.700 0.000 0.000 222.000 2.600 0.000
1 13 23 -0.700 83.400 0.000 0.000 209.000 3.100 0.000
1 13 24 -0.900 84.400 0.000 0.000 219.000 3.100 0.000
1 14 1 -1.200 85.000 0.000 0.000 226.000 2.800 0.000
1 14 2 -1.700 85.600 0.000 0.000 231.000 3.000 0.000
1 14 3 -2.100 86.800 0.000 0.000 218.000 3.000 0.000
1 14 4 -2.600 88.400 0.000 0.000 263.000 2.500 0.000
1 14 5 -2.400 89.700 0.000 0.000 211.000 2.600 0.000
1 14 6 -2.000 87.700 0.000 0.000 213.000 3.100 0.000
1 14 7 -2.300 85.300 0.000 0.000 233.000 3.100 0.000
1 14 8 -2.000 85.300 0.000 0.000 219.000 3.000 0.000
1 14 9 -2.200 85.100 0.000 0.000 232.000 3.100 0.000
1 14 10 -1.800 83.700 1.558 13.168 235.000 3.000 13.300
1 14 11 -1.000 79.600 4.159 46.038 219.000 3.500 46.800
1 14 12 -0.400 75.500 21.660 100.302 229.000 3.700 105.700
1 14 13 0.700 69.600 45.879 124.312 233.000 3.600 137.100
1 14 14 1.600 63.400 11.797 97.718 234.000 3.600 100.900
1 14 15 2.200 60.100 4.288 56.845 241.000 3.300 57.800
1 14 16 2.600 56.800 2.080 25.206 236.000 3.500 25.500
1 14 17 2.400 57.100 0.000 10.000 226.000 3.200 10.000
1 14 18 2.800 59.600 0.000 0.000 239.000 3.500 0.000
1 14 19 2.600 66.300 0.000 0.000 281.000 5.600 0.000
1 14 20 1.300 83.500 0.000 0.000 261.000 4.500 0.000
1 14 21 1.700 95.400 0.000 0.000 252.000 4.600 0.000
1 14 22 1.800 96.700 0.000 0.000 262.000 4.200 0.000
1 14 23 2.000 97.900 0.000 0.000 270.000 4.900 0.000
1 14 24 2.100 98.400 0.000 0.000 273.000 4.000 0.000
1 15 1 2.300 98.800 0.000 0.000 265.000 3.900 0.000
1 15 2 2.500 99.200 0.000 0.000 277.000 4.500 0.000
1 15 3 2.800 99.400 0.000 0.000 295.000 4.300 0.000
1 15 4 3.000 99.300 0.000 0.000 280.000 4.100 0.000
1 15 5 3.200 99.200 0.000 0.000 274.000 4.000 0.000
1 15 6 3.600 99.100 0.000 0.000 281.000 4.100 0.000
1 15 7 4.000 98.800 0.000 0.000 286.000 4.600 0.000
1 15 8 4.300 98.600 0.000 0.000 303.000 3.600 0.000
1 15 9 4.500 98.500 0.000 0.000 296.000 3.400 0.000
1 15 10 4.700 98.300 1.127 11.502 297.000 3.600 11.600
1 15 11 5.100 98.000 6.296 57.031 300.000 3.000 58.200
1 15 12 5.500 97.600 3.271 56.276 309.000 3.700 57.100
1 15 13 5.700 95.900 3.348 63.657 318.000 4.200 64.600
1 15 14 5.800 93.600 5.003 75.134 300.000 3.900 76.500
1 15 15 5.900 91.800 2.727 46.183 325.000 3.300 46.800
1 15 16 5.900 90.700 2.581 28.727 329.000 3.000 29.100
1 15 17 5.800 90.000 0.000 8.900 334.000 2.700 8.900
1 15 18 5.600 90.400 0.000 0.000 325.000 2.300 0.000
1 15 19 5.400 90.500 0.000 0.000 328.000 2.500 0.000
1 15 20 5.200 89.800 0.000 0.000 334.000 2.100 0.000
1 15 21 5.000 90.600 0.000 0.000 333.000 1.900 0.000
1 15 22 4.700 91.900 0.000 0.000 320.000 2.300 0.000
1 15 23 4.400 93.100 0.000 0.000 273.000 2.300 0.000
1 15 24 4.200 94.400 0.000 0.000 309.000 1.800 0.000
1 16 1 4.100 95.300 0.000 0.000 293.000 1.900 0.000
1 16 2 3.900 94.800 0.000 0.000 297.000 2.300 0.000
1 16 3 3.800 94.100 0.000 0.000 286.000 2.100 0.000
1 16 4 3.900 94.600 0.000 0.000 272.000 1.800 0.000
1 16 5 3.800 94.800 0.000 0.000 273.000 2.000 0.000
1 16 6 3.600 94.500 0.000 0.000 249.000 2.500 0.000
1 16 7 3.500 94.400 0.000 0.000 268.000 2.600 0.000
1 16 8 3.100 94.600 0.000 0.000 260.000 3.200 0.000
1 16 9 2.800 95.400 0.000 0.000 250.000 3.400 0.000
1 16 10 2.900 96.000 0.644 8.942 247.000 3.900 9.000
1 16 11 3.000 96.000 3.467 43.248 249.000 4.000 43.900
1 16 12 2.800 96.200 2.602 50.837 266.000 3.900 51.500
1 16 13 2.900 95.300 2.418 54.811 252.000 4.000 55.500
1 16 14 3.200 94.200 1.987 48.251 250.000 3.500 48.800
1 16 15 3.400 93.300 1.557 35.542 242.000 3.800 35.900
1 16 16 3.200 91.200 2.341 28.053 237.000 4.200 28.400
1 16 17 3.000 90.200 0.000 8.900 235.000 4.000 8.900
1 16 18 3.000 90.100 0.000 0.000 231.000 3.600 0.000
1 16 19 3.000 89.400 0.000 0.000 227.000 3.500 0.000
1 16 20 3.000 89.500 0.000 0.000 222.000 4.100 0.000
1 16 21 2.700 90.000 0.000 0.000 219.000 3.700 0.000
1 16 22 2.600 90.800 0.000 0.000 220.000 3.600 0.000
1 16 23 2.300 91.500 0.000 0.000 235.000 3.300 0.000
1 16 24 2.200 91.900 0.000 0.000 231.000 3.000 0.000
1 17 1 2.000 92.700 0.000 0.000 234.000 3.400 0.000
1 17 2 1.700 94.900 0.000 0.000 236.000 2.900 0.000
1 17 3 1.500 97.100 0.000 0.000 217.000 3.400 0.000
1 17 4 1.400 98.300 0.000 0.000 226.000 2.700 0.000
1 17 5 1.000 99.300 0.000 0.000 235.000 3.100 0.000
1 17 6 0.900 99.800 0.000 0.000 245.000 2.900 0.000
1 17 7 0.600 100.000 0.000 0.000 217.000 2.400 0.000
1 17 8 0.500 100.000 0.000 0.000 231.000 2.700 0.000
1 17 9 0.300 100.000 0.000 0.000 236.000 3.100 0.000
1 17 10 0.300 100.000 1.295 12.981 222.000 2.400 13.100
1 17 11 0.300 100.000 5.386 54.472 212.000 2.600 55.500
1 17 12 0.400 100.000 4.764 69.272 229.000 2.000 70.500
1 17 13 0.600 100.000 4.925 78.681 244.000 1.900 80.100
1 17 14 1.200 99.400 7.587 91.478 248.000 1.800 93.600
1 17 15 1.200 97.100 27.022 96.998 250.000 2.100 103.300
1 17 16 1.400 94.800 100.161 72.495 198.000 2.300 87.700
1 17 17 1.100 94.900 0.000 31.400 218.000 2.600 31.400
1 17 18 0.600 96.300 0.000 0.000 206.000 3.000 0.000
1 17 19 0.400 98.500 0.000 0.000 219.000 2.300 0.000
1 17 20 0.000 100.000 0.000 0.000 217.000 2.000 0.000
1 17 21 -0.200 100.000 0.000 0.000 303.000 2.100 0.000
1 17 22 -0.400 100.000 0.000 0.000 205.000 1.500 0.000
1 17 23 -0.500 100.000 0.000 0.000 271.000 1.800 0.000
1 17 24 -0.700 100.000 0.000 0.000 219.000 2.200 0.000
1 18 1 -1.100 100.000 0.000 0.000 204.000 2.300 0.000
1 18 2 -1.300 100.000 0.000 0.000 285.000 1.800 0.000
1 18 3 -1.400 100.000 0.000 0.000 267.000 0.800 0.000
1 18 4 -1.600 99.900 0.000 0.000 288.000 1.800 0.000
1 18 5 -1.500 99.900 0.000 0.000 227.000 2.100 0.000
1 18 6 -1.900 99.800 0.000 0.000 245.000 2.500 0.000
1 18 7 -2.000 99.900 0.000 0.000 298.000 1.600 0.000
1 18 8 -2.100 99.900 0.000 0.000 207.000 1.200 0.000
1 18 9 -2.200 100.000 0.000 0.000 236.000 1.000 0.000
1 18 10 -2.300 100.000 1.483 14.260 229.000 0.900 14.400
1 18 11 -2.300 100.000 7.825 63.884 245.000 0.900 65.400
1 18 12 -2.200 99.800 13.403 96.803 209.000 1.100 100.300
1 18 13 -1.500 99.700 48.685 130.811 258.000 1.300 145.000
1 18 14 -1.200 99.600 129.570 136.398 26.000 1.000 173.100
1 18 15 -0.800 99.500 220.218 111.528 135.000 1.400 163.700
1 18 16 -0.600 99.500 199.825 73.918 146.000 1.300 105.000
1 18 17 -0.900 99.800 0.000 39.400 66.000 1.300 39.400
1 18 18 -1.000 100.000 0.000 0.000 58.000 0.900 0.000
1 18 19 -1.100 100.000 0.000 0.000 97.000 0.900 0.000
1 18 20 -1.200 100.000 0.000 0.000 47.000 0.600 0.000
1 18 21 -1.200 100.000 0.000 0.000 76.000 0.700 0.000
1 18 22 -1.200 100.000 0.000 0.000 71.000 1.600 0.000
1 18 23 -1.400 100.000 0.000 0.000 85.000 1.500 0.000
1 18 24 -2.000 99.700 0.000 0.000 92.000 1.200 0.000
1 19 1 -2.300 99.300 0.000 0.000 88.000 1.200 0.000
1 19 2 -2.600 98.400 0.000 0.000 82.000 1.500 0.000
1 19 3 -2.900 97.500 0.000 0.000 91.000 1.700 0.000
1 19 4 -2.800 97.600 0.000 0.000 86.000 1.600 0.000
1 19 5 -2.900 97.600 0.000 0.000 82.000 1.500 0.000
1 19 6 -2.800 97.600 0.000 0.000 70.000 1.900 0.000
1 19 7 -2.800 97.900 0.000 0.000 81.000 1.700 0.000
1 19 8 -3.000 97.500 0.000 0.000 98.000 1.200 0.000
1 19 9 -2.900 96.800 0.000 0.000 99.000 1.200 0.000
1 19 10 -3.000 96.000 4.716 25.942 79.000 1.700 26.400
1 19 11 -2.000 94.900 132.315 94.684 82.000 2.000 120.700
1 19 12 -0.700 93.600 413.203 105.774 103.000 2.200 214.900
1 19 13 1.500 88.500 545.580 99.814 102.000 2.300 260.700
1 19 14 4.600 80.100 704.197 74.967 94.000 2.700 277.000
1 19 15 6.300 73.500 698.099 63.587 102.000 2.800 231.600
1 19 16 6.800 69.700 664.735 44.664 82.000 2.800 150.600
1 19 17 5.900 70.400 0.000 66.600 89.000 3.000 66.600
1 19 18 4.400 77.600 0.000 0.000 73.000 3.000 0.000
1 19 19 3.100 85.000 0.000 0.000 83.000 2.600 0.000
1 19 20 2.500 88.000 0.000 0.000 96.000 3.600 0.000
1 19 21 1.900 89.100 0.000 0.000 103.000 3.200 0.000
1 19 22 1.600 89.600 0.000 0.000 89.000 3.100 0.000
1 19 23 1.400 90.300 0.000 0.000 86.000 3.400 0.000
1 19 24 1.100 91.000 0.000 0.000 94.000 2.900 0.000
1 20 1 1.100 91.300 0.000 0.000 105.000 2.900 0.000
1 20 2 1.300 93.300 0.000 0.000 94.000 3.200 0.000
1 20 3 0.700 95.300 0.000 0.000 94.000 2.000 0.000
1 20 4 0.400 96.700 0.000 0.000 98.000 2.700 0.000
1 20 5 0.500 98.000 0.000 0.000 109.000 2.400 0.000
1 20 6 0.700 98.600 0.000 0.000 101.000 3.200 0.000
1 20 7 1.200 97.000 0.000 0.000 107.000 3.200 0.000
1 20 8 0.800 95.500 0.000 0.000 119.000 2.300 0.000
1 20 9 -0.100 97.000 0.000 0.000 114.000 2.600 0.000
1 20 10 0.100 98.000 5.053 27.596 109.000 2.200 28.100
1 20 11 1.500 97.400 125.407 96.061 103.000 1.900 121.100
1 20 12 4.200 86.800 371.316 111.906 129.000 2.200 211.200
1 20 13 5.300 76.300 507.362 106.486 136.000 2.400 257.900
1 20 14 6.300 71.700 681.963 79.003 160.000 2.500 277.200
1 20 15 6.600 68.500 578.738 78.786 159.000 2.700 220.300
1 20 16 6.700 68.700 435.043 63.773 166.000 3.100 134.800
1 20 17 6.900 68.200 76.351 29.899 194.000 3.300 33.900
1 20 18 5.700 69.800 0.000 0.000 225.000 3.000 0.000
1 20 19 4.600 75.500 0.000 0.000 235.000 3.000 0.000
1 20 20 3.200 81.200 0.000 0.000 260.000 2.300 0.000
1 20 21 1.800 87.600 0.000 0.000 287.000 2.400 0.000
1 20 22 0.200 92.800 0.000 0.000 290.000 2.300 0.000
1 20 23 -0.300 96.500 0.000 0.000 294.000 2.100 0.000
1 20 24 -0.300 98.600 0.000 0.000 298.000 2.000 0.000
1 21 1 -0.200 99.200 0.000 0.000 287.000 2.300 0.000
1 21 2 -0.200 99.500 0.000 0.000 270.000 3.200 0.000
1 21 3 -0.300 99.500 0.000 0.000 279.000 3.600 0.000
1 21 4 -0.300 99.100 0.000 0.000 296.000 2.800 0.000
1 21 5 -0.300 98.300 0.000 0.000 273.000 2.600 0.000
1 21 6 -0.400 97.800 0.000 0.000 272.000 2.900 0.000
1 21 7 -0.600 95.700 0.000 0.000 275.000 2.800 0.000
1 21 8 -1.000 93.500 0.000 0.000 289.000 3.100 0.000
1 21 9 -1.200 93.100 0.000 0.000 277.000 2.000 0.000
1 21 10 -1.300 93.200 2.795 21.213 294.000 2.000 21.500
1 21 11 -1.300 93.000 5.304 57.424 293.000 1.500 58.500
1 21 12 -1.200 92.600 3.363 61.289 262.000 0.900 62.200
1 21 13 -1.000 91.700 4.801 81.450 223.000 1.400 82.900
1 21 14 -0.700 90.500 3.390 66.902 193.000 1.200 67.900
1 21 15 -0.800 90.300 3.124 54.224 204.000 1.300 55.000
1 21 16 -0.600 90.500 5.035 46.158 187.000 1.900 47.000
1 21 17 -0.800 91.500 9.261 21.578 158.000 2.100 22.100
1 21 18 -1.100 93.100 0.000 0.000 167.000 2.400 0.000
1 21 19 -0.900 94.800 0.000 0.000 167.000 2.400 0.000
1 21 20 -1.000 95.500 0.000 0.000 175.000 2.400 0.000
1 21 21 -1.200 95.700 0.000 0.000 206.000 2.000 0.000
1 21 22 -1.200 96.000 0.000 0.000 191.000 1.700 0.000
1 21 23 -1.500 96.700 0.000 0.000 201.000 1.800 0.000
1 21 24 -1.800 97.700 0.000 0.000 187.000 1.700 0.000
1 22 1 -1.900 98.100 0.000 0.000 201.000 1.400 0.000
1 22 2 -2.000 98.800 0.000 0.000 201.000 0.900 0.000
1 22 3 -2.000 99.500 0.000 0.000 148.000 1.000 0.000
1 22 4 -2.100 99.700 0.000 0.000 119.000 1.000 0.000
1 22 5 -2.300 99.300 0.000 0.000 134.000 1.600 0.000
1 22 6 -2.300 99.200 0.000 0.000 121.000 1.700 0.000
1 22 7 -2.300 99.400 0.000 0.000 131.000 1.900 0.000
1 22 8 -2.200 99.300 0.000 0.000 125.000 1.800 0.000
1 22 9 -2.300 99.200 0.000 0.000 127.000 2.300 0.000
1 22 10 -2.200 99.100 1.135 13.980 123.000 2.200 14.100
1 22 11 -1.900 99.200 32.882 88.024 106.000 2.300 94.800
1 22 12 -1.400 99.000 282.712 124.037 103.000 2.200 201.600
1 22 13 0.200 95.600 318.185 134.391 104.000 1.900 231.700
1 22 14 1.900 85.700 241.723 138.679 86.000 2.000 210.800
1 22 15 2.700 78.200 144.434 121.534 100.000 2.400 158.000
1 22 16 3.300 75.900 40.487 75.165 103.000 3.100 82.100
1 22 17 3.000 75.100 28.750 26.965 105.000 3.400 28.700
1 22 18 2.300 76.900 0.000 0.000 123.000 3.500 0.000
1 22 19 2.300 79.500 0.000 0.000 128.000 4.200 0.000
1 22 20 2.200 80.600 0.000 0.000 115.000 3.900 0.000
1 22 21 2.200 81.200 0.000 0.000 115.000 3.700 0.000
1 22 22 2.100 83.100 0.000 0.000 116.000 4.100 0.000
1 22 23 2.000 85.300 0.000 0.000 124.000 3.800 0.000
1 22 24 1.500 87.200 0.000 0.000 114.000 3.600 0.000
1 23 1 1.100 87.800 0.000 0.000 129.000 3.800 0.000
1 23 2 0.600 87.500 0.000 0.000 147.000 3.300 0.000
1 23 3 0.500 87.600 0.000 0.000 151.000 3.900 0.000
1 23 4 0.000 88.300 0.000 0.000 145.000 3.400 0.000
1 23 5 0.100 88.500 0.000 0.000 144.000 3.800 0.000
1 23 6 0.200 87.900 0.000 0.000 152.000 3.800 0.000
1 23 7 0.500 87.700 0.000 0.000 138.000 4.300 0.000
1 23 8 1.200 85.600 0.000 0.000 153.000 5.000 0.000
1 23 9 1.600 82.400 0.000 0.000 162.000 3.900 0.000
1 23 10 1.100 86.200 0.188 5.880 160.000 4.100 5.900
1 23 11 1.200 93.300 0.647 20.964 171.000 3.800 21.100
1 23 12 1.700 95.600 0.814 31.174 192.000 3.700 31.400
1 23 13 2.400 96.400 0.396 24.277 221.000 4.400 24.400
1 23 14 3.200 97.000 2.339 57.193 247.000 4.700 57.900
1 23 15 4.100 96.300 1.489 38.818 260.000 5.600 39.200
1 23 16 4.500 94.500 2.083 31.335 256.000 4.900 31.700
1 23 17 4.800 92.500 3.381 14.682 252.000 4.900 14.900
1 23 18 4.900 90.300 0.000 1.000 245.000 5.100 1.000
1 23 19 4.600 90.300 0.000 0.000 233.000 4.600 0.000
1 23 20 4.800 89.600 0.000 0.000 232.000 4.500 0.000
1 23 21 4.800 87.100 0.000 0.000 235.000 4.900 0.000
1 23 22 4.500 86.100 0.000 0.000 215.000 4.600 0.000
1 23 23 4.400 84.600 0.000 0.000 220.000 4.300 0.000
1 23 24 4.400 81.700 0.000 0.000 225.000 3.800 0.000
1 24 1 4.200 80.900 0.000 0.000 207.000 3.700 0.000
1 24 2 3.800 81.900 0.000 0.000 204.000 3.400 0.000
1 24 3 3.600 82.600 0.000 0.000 180.000 3.100 0.000
1 24 4 3.400 83.300 0.000 0.000 187.000 2.700 0.000
1 24 5 2.700 83.600 0.000 0.000 190.000 2.800 0.000
1 24 6 3.000 83.800 0.000 0.000 208.000 3.400 0.000
1 24 7 3.400 85.200 0.000 0.000 212.000 3.100 0.000
1 24 8 3.700 87.800 0.000 0.000 201.000 2.900 0.000
1 24 9 4.000 88.200 0.000 0.000 209.000 3.500 0.000
1 24 10 3.700 87.800 5.307 31.706 201.000 3.500 32.300
1 24 11 4.800 85.600 160.714 102.277 205.000 3.900 136.500
1 24 12 6.000 80.300 342.098 121.126 199.000 4.500 217.500
1 24 13 6.600 77.100 172.368 150.244 187.000 4.500 204.300
1 24 14 7.600 74.500 516.839 107.811 193.000 5.000 266.200
1 24 15 7.600 73.100 230.331 121.941 184.000 5.000 182.000
1 24 16 7.900 74.200 17.854 69.993 193.000 4.800 73.200
1 24 17 7.900 75.100 31.154 29.064 165.000 4.300 31.200
1 24 18 8.000 76.400 0.000 1.000 169.000 4.300 1.000
1 24 19 7.700 80.300 0.000 0.000 191.000 4.400 0.000
1 24 20 7.400 85.800 0.000 0.000 195.000 3.500 0.000
1 24 21 7.500 88.000 0.000 0.000 198.000 4.400 0.000
1 24 22 7.400 89.200 0.000 0.000 201.000 4.400 0.000
1 24 23 7.300 91.200 0.000 0.000 208.000 3.700 0.000
1 24 24 7.200 91.900 0.000 0.000 212.000 3.600 0.000
1 25 1 7.200 91.600 0.000 0.000 213.000 3.300 0.000
1 25 2 7.200 91.900 0.000 0.000 220.000 3.300 0.000
1 25 3 7.200 92.000 0.000 0.000 207.000 3.200 0.000
1 25 4 7.400 90.200 0.000 0.000 208.000 2.800 0.000
1 25 5 6.900 90.000 0.000 0.000 182.000 2.500 0.000
1 25 6 7.000 91.000 0.000 0.000 162.000 2.400 0.000
1 25 7 7.300 90.800 0.000 0.000 162.000 2.600 0.000
1 25 8 7.700 89.100 0.000 0.000 164.000 2.900 0.000
1 25 9 7.900 87.800 0.000 0.000 169.000 3.500 0.000
1 25 10 9.200 83.100 0.097 4.489 184.000 4.400 4.500
1 25 11 9.400 79.000 1.082 27.966 192.000 4.800 28.200
1 25 12 10.600 76.100 3.945 69.874 190.000 4.800 71.000
1 25 13 11.400 69.800 2.780 65.417 190.000 5.300 66.300
1 25 14 12.300 61.900 17.525 120.656 190.000 5.600 126.100
1 25 15 13.600 54.100 119.480 127.237 210.000 5.200 158.900
1 25 16 14.200 52.000 5.301 52.025 222.000 5.600 53.000
1 25 17 14.200 53.400 170.797 34.870 218.000 5.400 47.300
1 25 18 13.900 53.300 0.000 1.100 222.000 4.000 1.100
1 25 19 13.600 53.900 0.000 0.000 229.000 3.600 0.000
1 25 20 12.300 59.500 0.000 0.000 269.000 2.500 0.000
1 25 21 11.100 72.100 0.000 0.000 287.000 3.500 0.000
1 25 22 10.000 83.700 0.000 0.000 316.000 4.100 0.000
1 25 23 8.900 87.800 0.000 0.000 318.000 3.300 0.000
1 25 24 8.300 88.200 0.000 0.000 4.000 2.500 0.000
1 26 1 7.500 89.800 0.000 0.000 52.000 1.200 0.000
1 26 2 7.200 94.900 0.000 0.000 77.000 2.300 0.000
1 26 3 7.300 97.800 0.000 0.000 41.000 1.600 0.000
1 26 4 7.400 97.800 0.000 0.000 45.000 2.700 0.000
1 26 5 7.300 96.400 0.000 0.000 40.000 1.900 0.000
1 26 6 6.800 94.600 0.000 0.000 104.000 3.100 0.000
1 26 7 6.500 92.400 0.000 0.000 113.000 2.300 0.000
1 26 8 5.900 92.000 0.000 0.000 125.000 2.900 0.000
1 26 9 5.400 93.600 0.000 0.000 126.000 2.800 0.000
1 26 10 5.700 92.900 2.966 25.248 150.000 3.600 25.600
1 26 11 6.700 89.800 24.961 90.403 189.000 3.700 95.900
1 26 12 8.400 85.100 12.875 106.473 214.000 4.600 110.200
1 26 13 9.000 82.400 63.828 148.362 221.000 4.400 168.900
1 26 14 10.100 80.700 81.977 148.286 223.000 4.000 174.100
1 26 15 10.200 78.300 29.135 113.053 231.000 3.500 120.900
1 26 16 9.300 78.600 4.835 50.890 255.000 4.500 51.800
1 26 17 8.300 84.800 3.407 17.538 252.000 3.300 17.800
1 26 18 8.600 87.500 0.000 1.800 258.000 4.200 1.800
1 26 19 7.300 88.100 0.000 0.000 247.000 4.800 0.000
1 26 20 6.100 91.000 0.000 0.000 267.000 5.000 0.000
1 26 21 5.300 91.600 0.000 0.000 271.000 3.000 0.000
1 26 22 5.100 92.900 0.000 0.000 229.000 2.200 0.000
1 26 23 4.500 93.000 0.000 0.000 228.000 0.800 0.000
1 26 24 3.700 94.900 0.000 0.000 154.000 1.800 0.000
1 27 1 3.500 97.500 0.000 0.000 126.000 2.300 0.000
1 27 2 3.700 97.800 0.000 0.000 151.000 2.400 0.000
1 27 3 4.000 96.600 0.000 0.000 149.000 2.600 0.000
1 27 4 4.300 93.000 0.000 0.000 131.000 2.600 0.000
1 27 5 4.600 88.800 0.000 0.000 120.000 3.100 0.000
1 27 6 5.200 84.800 0.000 0.000 132.000 3.200 0.000
1 27 7 5.300 80.900 0.000 0.000 163.000 3.700 0.000
1 27 8 6.000 77.100 0.000 0.000 150.000 4.200 0.000
1 27 9 5.700 79.200 0.000 0.000 180.000 3.700 0.000
1 27 10 5.600 86.900 4.649 32.432 155.000 3.500 33.000
1 27 11 6.800 91.100 12.348 81.734 160.000 3.800 84.500
1 27 12 8.800 86.700 46.693 130.895 181.000 4.300 144.600
1 27 13 10.300 78.700 61.709 149.785 202.000 6.000 169.900
1 27 14 11.100 74.300 5.018 87.898 194.000 5.100 89.500
1 27 15 11.300 72.300 3.939 66.922 186.000 4.200 68.000
1 27 16 10.700 75.600 2.343 36.449 172.000 3.700 36.900
1 27 17 10.700 79.500 10.223 28.568 154.000 3.300 29.400
1 27 18 10.900 79.100 0.000 0.900 177.000 3.300 0.900
1 27 19 10.800 79.300 0.000 0.000 177.000 3.600 0.000
1 27 20 10.400 81.900 0.000 0.000 205.000 2.400 0.000
1 27 21 9.800 87.500 0.000 0.000 211.000 2.800 0.000
1 27 22 9.100 93.000 0.000 0.000 150.000 2.500 0.000
1 27 23 9.400 92.000 0.000 0.000 186.000 2.800 0.000
1 27 24 9.300 89.900 0.000 0.000 190.000 2.900 0.000
1 28 1 8.100 91.800 0.000 0.000 171.000 2.600 0.000
1 28 2 8.500 94.300 0.000 0.000 169.000 3.200 0.000
1 28 3 8.300 91.100 0.000 0.000 168.000 3.000 0.000
1 28 4 7.800 86.900 0.000 0.000 183.000 3.100 0.000
1 28 5 6.900 88.000 0.000 0.000 185.000 2.900 0.000
1 28 6 7.000 88.800 0.000 0.000 169.000 3.200 0.000
1 28 7 6.300 89.400 0.000 0.000 164.000 4.100 0.000
1 28 8 6.600 88.700 0.000 0.000 180.000 3.100 0.000
1 28 9 6.100 88.300 0.000 0.000 181.000 2.400 0.000
1 28 10 6.500 89.300 0.800 13.999 191.000 2.600 14.100
1 28 11 6.900 87.400 0.774 24.924 185.000 2.000 25.100
1 28 12 7.500 84.700 3.532 68.949 173.000 2.100 70.000
1 28 13 8.000 83.400 14.187 123.614 184.000 1.100 128.300
1 28 14 8.600 81.600 13.855 120.616 234.000 2.300 125.100
1 28 15 8.200 81.800 2.397 53.233 222.000 2.100 53.900
1 28 16 7.600 88.500 5.194 55.177 234.000 1.500 56.200
1 28 17 7.300 95.000 30.849 36.255 149.000 1.600 38.900
1 28 18 7.200 97.100 0.000 1.100 199.000 1.900 1.100
1 28 19 7.100 98.200 0.000 0.000 152.000 2.300 0.000
1 28 20 7.000 98.700 0.000 0.000 202.000 2.100 0.000
1 28 21 6.900 98.500 0.000 0.000 204.000 1.800 0.000
1 28 22 6.900 98.600 0.000 0.000 191.000 1.700 0.000
1 28 23 6.500 98.700 0.000 0.000 180.000 2.400 0.000
1 28 24 6.100 98.300 0.000 0.000 184.000 1.900 0.000
1 29 1 5.600 98.000 0.000 0.000 200.000 2.200 0.000
1 29 2 5.100 98.100 0.000 0.000 201.000 2.800 0.000
1 29 3 4.700 97.800 0.000 0.000 196.000 3.200 0.000
1 29 4 4.800 97.500 0.000 0.000 187.000 2.700 0.000
1 29 5 4.900 97.300 0.000 0.000 183.000 3.100 0.000
1 29 6 5.100 97.000 0.000 0.000 162.000 2.600 0.000
1 29 7 5.200 96.400 0.000 0.000 179.000 2.200 0.000
1 29 8 5.700 93.600 0.000 0.000 184.000 3.200 0.000
1 29 9 6.300 90.200 0.000 0.000 191.000 3.900 0.000
1 29 10 6.700 88.100 2.336 24.497 192.000 4.300 24.800
1 29 11 7.300 86.700 26.068 95.754 193.000 4.200 101.800
1 29 12 8.100 84.500 5.741 88.767 204.000 4.900 90.500
1 29 13 7.600 86.900 3.714 79.457 219.000 4.800 80.700
1 29 14 9.200 88.600 49.054 147.103 223.000 4.900 163.200
1 29 15 10.400 78.300 167.081 135.459 242.000 6.300 182.700
1 29 16 10.100 69.000 104.945 96.247 247.000 6.200 117.400
1 29 17 9.500 67.400 32.818 38.441 257.000 6.700 41.400
1 29 18 8.400 69.400 0.000 1.000 261.000 7.100 1.000
1 29 19 8.100 71.600 0.000 0.000 238.000 5.900 0.000
1 29 20 7.400 73.600 0.000 0.000 239.000 5.200 0.000
1 29 21 7.600 75.800 0.000 0.000 218.000 4.400 0.000
1 29 22 7.500 76.200 0.000 0.000 216.000 4.600 0.000
1 29 23 7.300 76.200 0.000 0.000 223.000 4.300 0.000
1 29 24 7.500 77.100 0.000 0.000 223.000 4.100 0.000
1 30 1 7.400 78.300 0.000 0.000 221.000 4.100 0.000
1 30 2 7.100 80.100 0.000 0.000 220.000 3.800 0.000
1 30 3 5.900 83.500 0.000 0.000 203.000 2.900 0.000
1 30 4 4.600 88.500 0.000 0.000 198.000 2.900 0.000
1 30 5 4.700 90.800 0.000 0.000 219.000 2.900 0.000
1 30 6 4.100 89.800 0.000 0.000 211.000 2.400 0.000
1 30 7 3.500 90.100 0.000 0.000 190.000 2.500 0.000
1 30 8 3.200 91.500 0.000 0.000 179.000 2.000 0.000
1 30 9 3.300 91.800 0.000 0.000 184.000 2.900 0.000
1 30 10 4.100 89.900 1.765 21.964 188.000 2.800 22.200
1 30 11 5.100 85.600 55.674 107.259 207.000 2.600 120.400
1 30 12 5.800 82.600 155.686 146.937 211.000 2.200 194.600
1 30 13 7.000 79.800 103.056 161.752 182.000 2.600 196.700
1 30 14 7.200 78.000 70.479 154.651 174.000 2.400 178.100
1 30 15 8.000 77.500 131.101 138.029 193.000 2.900 175.700
1 30 16 8.300 74.100 78.999 96.715 178.000 1.900 113.000
1 30 17 8.300 72.800 6.799 29.857 197.000 1.900 30.500
1 30 18 7.700 75.200 0.000 1.000 166.000 2.100 1.000
1 30 19 7.600 76.800 0.000 0.000 204.000 2.000 0.000
1 30 20 7.000 79.400 0.000 0.000 209.000 1.900 0.000
1 30 21 7.200 81.500 0.000 0.000 236.000 2.000 0.000
1 30 22 7.400 81.500 0.000 0.000 229.000 2.100 0.000
1 30 23 7.000 85.000 0.000 0.000 258.000 2.400 0.000
1 30 24 6.500 89.800 0.000 0.000 287.000 2.600 0.000
1 31 1 5.800 92.000 0.000 0.000 298.000 3.900 0.000
1 31 2 4.900 93.000 0.000 0.000 322.000 4.700 0.000
1 31 3 4.000 93.400 0.000 0.000 320.000 3.700 0.000
1 31 4 3.900 94.200 0.000 0.000 290.000 3.600 0.000
1 31 5 3.900 95.300 0.000 0.000 279.000 4.100 0.000
1 31 6 4.000 95.800 0.000 0.000 290.000 4.600 0.000
1 31 7 4.300 95.600 0.000 0.000 281.000 4.900 0.000
1 31 8 4.000 92.700 0.000 0.000 286.000 4.800 0.000
1 31 9 3.600 90.600 0.000 0.000 280.000 4.700 0.000
1 31 10 3.400 91.600 4.652 36.460 281.000 4.700 37.100
1 31 11 3.600 90.400 48.188 107.424 272.000 4.800 119.000
1 31 12 4.200 87.800 49.401 139.259 269.000 4.400 154.600
1 31 13 4.600 84.000 170.450 164.422 270.000 5.400 223.000
1 31 14 5.500 77.500 209.847 159.110 266.000 6.200 229.900
1 31 15 6.400 71.300 208.068 137.842 263.000 5.600 198.600
1 31 16 6.300 66.500 50.761 94.801 260.000 5.500 105.500
1 31 17 6.300 63.600 78.041 46.462 262.000 5.200 54.200
1 31 18 5.900 64.000 0.000 2.100 260.000 5.100 2.100
1 31 19 5.700 67.100 0.000 0.000 273.000 4.800 0.000
1 31 20 5.500 70.200 0.000 0.000 270.000 4.500 0.000
1 31 21 5.100 73.700 0.000 0.000 270.000 4.500 0.000
1 31 22 4.700 76.600 0.000 0.000 274.000 4.200 0.000
1 31 23 4.800 76.800 0.000 0.000 279.000 3.600 0.000
1 31 24 4.300 77.700 0.000 0.000 266.000 3.300 0.000
2 1 1 3.900 80.400 0.000 0.000 268.000 3.200 0.000
2 1 2 2.900 86.000 0.000 0.000 271.000 3.300 0.000
2 1 3 2.200 87.000 0.000 0.000 270.000 3.400 0.000
2 1 4 1.600 89.100 0.000 0.000 277.000 2.700 0.000
2 1 5 1.000 91.900 0.000 0.000 270.000 2.600 0.000
2 1 6 0.600 94.400 0.000 0.000 269.000 2.500 0.000
2 1 7 0.900 96.300 0.000 0.000 246.000 2.200 0.000
2 1 8 1.800 96.300 0.000 0.000 275.000 2.100 0.000
2 1 9 2.000 94.900 0.000 0.000 274.000 2.100 0.000
2 1 10 2.300 94.000 0.236 8.567 294.000 2.200 8.600
2 1 11 3.000 91.500 4.123 61.092 269.000 1.700 62.100
2 1 12 3.500 88.100 26.188 130.050 251.000 1.500 138.300
2 1 13 4.200 84.900 89.021 164.695 281.000 2.300 195.700
2 1 14 4.800 81.700 64.489 157.642 285.000 2.700 179.700
2 1 15 5.000 79.800 76.955 138.865 275.000 2.300 161.700
2 1 16 5.000 79.400 13.541 79.883 270.000 2.200 82.800
2 1 17 4.800 80.600 12.526 37.901 261.000 2.100 39.200
2 1 18 4.500 82.500 0.000 2.800 286.000 1.800 2.800
2 1 19 4.200 84.600 0.000 0.000 289.000 2.000 0.000
2 1 20 4.000 86.500 0.000 0.000 317.000 1.900 0.000
2 1 21 3.900 87.600 0.000 0.000 301.000 1.700 0.000
2 1 22 3.900 87.900 0.000 0.000 296.000 1.900 0.000
2 1 23 3.800 86.800 0.000 0.000 274.000 1.700 0.000
2 1 24 3.600 84.000 0.000 0.000 239.000 2.200 0.000
2 2 1 3.100 81.100 0.000 0.000 295.000 1.900 0.000
2 2 2 2.900 76.000 0.000 0.000 271.000 2.300 0.000
2 2 3 2.000 75.700 0.000 0.000 259.000 1.800 0.000
2 2 4 1.800 80.100 0.000 0.000 263.000 1.300 0.000
2 2 5 2.000 79.300 0.000 0.000 311.000 1.500 0.000
2 2 6 1.900 79.700 0.000 0.000 290.000 1.500 0.000
2 2 7 1.900 83.600 0.000 0.000 302.000 1.500 0.000
2 2 8 2.000 86.700 0.000 0.000 258.000 1.300 0.000
2 2 9 1.900 89.000 0.000 0.900 283.000 1.600 0.900
2 2 10 2.100 90.100 1.444 21.690 278.000 1.600 21.900
2 2 11 2.600 89.700 5.884 74.036 263.000 1.200 75.500
2 2 12 3.400 87.400 34.168 136.880 266.000 1.100 147.800
2 2 13 4.400 82.000 123.630 169.261 245.000 0.900 212.900
2 2 14 4.800 76.800 15.623 131.882 223.000 1.300 137.300
2 2 15 4.500 75.800 5.824 89.244 305.000 1.800 91.000
2 2 16 4.500 77.000 3.180 48.400 271.000 1.900 49.100
2 2 17 4.400 78.500 2.245 20.057 276.000 2.200 20.300
2 2 18 4.100 80.900 0.000 2.000 23.000 1.700 2.000
2 2 19 3.900 81.300 0.000 0.000 19.000 1.000 0.000
2 2 20 3.600 80.600 0.000 0.000 342.000 1.000 0.000
2 2 21 2.800 83.200 0.000 0.000 323.000 1.300 0.000
2 2 22 2.600 86.400 0.000 0.000 309.000 1.200 0.000
2 2 23 2.000 87.200 0.000 0.000 342.000 0.700 0.000
2 2 24 1.400 88.900 0.000 0.000 5.000 1.300 0.000
2 3 1 1.600 90.200 0.000 0.000 347.000 0.700 0.000
2 3 2 1.000 92.700 0.000 0.000 330.000 1.000 0.000
2 3 3 0.600 96.400 0.000 0.000 7.000 1.100 0.000
2 3 4 -0.500 98.300 0.000 0.000 14.000 1.500 0.000
2 3 5 -0.900 99.500 0.000 0.000 203.000 1.200 0.000
2 3 6 -1.500 99.600 0.000 0.000 197.000 1.500 0.000
2 3 7 -2.300 99.500 0.000 0.000 181.000 0.900 0.000
2 3 8 -1.700 99.700 0.000 0.000 147.000 1.000 0.000
2 3 9 -2.700 99.800 0.000 2.100 135.000 0.600 2.100
2 3 10 -1.500 99.600 15.294 56.806 181.000 1.100 59.100
2 3 11 1.300 99.600 266.530 115.471 192.000 1.600 183.000
2 3 12 3.000 93.800 532.774 111.058 172.000 1.800 283.800
2 3 13 4.700 82.000 472.664 132.804 150.000 2.700 301.900
2 3 14 4.700 75.500 269.080 159.978 147.000 2.300 254.600
2 3 15 5.900 67.400 517.326 107.218 145.000 2.500 265.700
2 3 16 6.000 60.100 747.416 53.775 167.000 2.900 221.900
2 3 17 5.400 58.700 988.862 22.077 144.000 2.500 133.800
2 3 18 4.200 60.500 0.000 23.000 161.000 2.200 23.000
2 3 19 2.100 69.800 0.000 0.000 151.000 2.000 0.000
2 3 20 0.900 79.800 0.000 0.000 145.000 2.200 0.000
2 3 21 0.300 85.100 0.000 0.000 157.000 1.500 0.000
2 3 22 -0.400 89.300 0.000 0.000 169.000 2.000 0.000
2 3 23 -0.900 91.500 0.000 0.000 170.000 2.000 0.000
2 3 24 -1.500 92.700 0.000 0.000 188.000 1.500 0.000
2 4 1 -1.700 94.500 0.000 0.000 172.000 1.800 0.000
2 4 2 -1.900 95.400 0.000 0.000 192.000 1.800 0.000
2 4 3 -2.100 95.100 0.000 0.000 185.000 1.900 0.000
2 4 4 -2.600 96.200 0.000 0.000 197.000 1.300 0.000
2 4 5 -2.600 97.200 0.000 0.000 161.000 1.300 0.000
2 4 6 -2.800 97.600 0.000 0.000 156.000 1.500 0.000
2 4 7 -2.500 97.900 0.000 0.000 187.000 1.800 0.000
2 4 8 -2.700 97.600 0.000 0.000 201.000 1.600 0.000
2 4 9 -2.900 97.800 0.000 2.100 189.000 1.700 2.100
2 4 10 -2.200 97.300 18.504 60.344 195.000 1.400 63.200
2 4 11 -0.700 94.600 303.298 114.273 210.000 1.700 192.500
2 4 12 0.800 88.400 594.075 102.777 199.000 1.500 298.200
2 4 13 2.700 81.200 772.705 82.524 229.000 2.200 362.700
2 4 14 4.200 75.100 867.400 68.332 215.000 2.200 377.600
2 4 15 5.300 69.300 865.508 59.821 216.000 2.000 329.200
2 4 16 5.500 65.700 866.616 44.086 203.000 2.000 243.200
2 4 17 5.400 65.900 1036.710 24.106 185.000 2.200 146.100
2 4 18 3.800 71.800 0.000 24.700 170.000 2.000 24.700
2 4 19 1.900 81.100 0.000 0.000 184.000 1.800 0.000
2 4 20 0.800 87.500 0.000 0.000 209.000 1.800 0.000
2 4 21 0.200 90.500 0.000 0.000 216.000 2.000 0.000
2 4 22 -0.300 92.000 0.000 0.000 213.000 2.100 0.000
2 4 23 -0.600 94.000 0.000 0.000 185.000 1.900 0.000
2 4 24 -1.300 94.900 0.000 0.000 221.000 1.200 0.000
2 5 1 -1.700 94.200 0.000 0.000 213.000 1.700 0.000
2 5 2 -1.600 95.200 0.000 0.000 226.000 1.800 0.000
2 5 3 -1.800 96.800 0.000 0.000 217.000 1.700 0.000
2 5 4 -1.800 96.300 0.000 0.000 222.000 2.200 0.000
2 5 5 -2.000 95.300 0.000 0.000 232.000 1.500 0.000
2 5 6 -2.100 95.100 0.000 0.000 221.000 1.400 0.000
2 5 7 -2.200 95.400 0.000 0.000 221.000 2.000 0.000
2 5 8 -2.100 96.000 0.000 0.000 217.000 2.100 0.000
2 5 9 -1.000 95.100 0.000 1.000 250.000 1.500 1.000
2 5 10 0.000 92.700 2.748 32.464 231.000 1.900 32.900
2 5 11 0.900 91.800 6.069 79.207 255.000 2.600 80.800
2 5 12 2.100 90.800 2.549 65.749 262.000 3.200 66.600
2 5 13 2.800 87.800 2.574 72.754 266.000 3.600 73.700
2 5 14 3.200 87.300 2.469 70.108 280.000 3.900 71.000
2 5 15 3.100 91.200 1.965 54.779 269.000 3.800 55.400
2 5 16 3.600 94.400 2.261 43.569 273.000 3.600 44.100
2 5 17 3.600 94.800 2.068 21.747 274.000 3.400 22.000
2 5 18 3.700 94.900 0.000 4.000 268.000 3.500 4.000
2 5 19 3.700 94.900 0.000 0.000 253.000 3.100 0.000
2 5 20 3.800 94.500 0.000 0.000 273.000 2.600 0.000
2 5 21 4.000 93.600 0.000 0.000 265.000 2.700 0.000
2 5 22 4.000 92.600 0.000 0.000 262.000 2.600 0.000
2 5 23 4.100 92.000 0.000 0.000 264.000 2.300 0.000
2 5 24 4.000 91.900 0.000 0.000 271.000 2.800 0.000
2 6 1 3.800 92.600 0.000 0.000 259.000 2.400 0.000
2 6 2 3.700 93.300 0.000 0.000 277.000 2.400 0.000
2 6 3 3.600 94.100 0.000 0.000 293.000 2.900 0.000
2 6 4 3.400 95.000 0.000 0.000 310.000 2.400 0.000
2 6 5 3.300 96.300 0.000 0.000 320.000 2.400 0.000
2 6 6 3.300 97.700 0.000 0.000 338.000 2.400 0.000
2 6 7 3.300 98.500 0.000 0.000 315.000 1.600 0.000
2 6 8 3.300 98.500 0.000 0.000 313.000 2.100 0.000
2 6 9 3.200 98.500 0.000 0.900 297.000 1.400 0.900
2 6 10 3.300 98.700 0.638 16.196 330.000 2.000 16.300
2 6 11 3.500 98.600 4.254 67.763 315.000 2.500 68.900
2 6 12 4.100 97.600 4.839 91.461 332.000 2.800 93.100
2 6 13 4.200 95.500 6.139 112.913 355.000 2.800 115.200
2 6 14 4.700 92.300 4.615 96.709 27.000 2.000 98.400
2 6 15 5.600 87.200 34.665 137.667 0.000 2.200 148.800
2 6 16 5.900 82.000 92.433 113.360 354.000 2.900 135.500
2 6 17 5.600 80.200 108.077 60.656 34.000 3.100 74.400
2 6 18 5.400 80.800 0.000 9.300 41.000 3.100 9.300
2 6 19 5.100 83.800 0.000 0.000 38.000 3.400 0.000
2 6 20 4.700 87.800 0.000 0.000 44.000 3.900 0.000
2 6 21 4.500 88.200 0.000 0.000 53.000 3.600 0.000
2 6 22 4.300 86.000 0.000 0.000 72.000 4.200 0.000
2 6 23 4.200 83.100 0.000 0.000 83.000 4.800 0.000
2 6 24 3.600 81.600 0.000 0.000 97.000 4.400 0.000
2 7 1 3.500 81.500 0.000 0.000 75.000 3.500 0.000
2 7 2 2.600 83.700 0.000 0.000 72.000 3.900 0.000
2 7 3 2.600 85.900 0.000 0.000 70.000 4.100 0.000
2 7 4 2.400 86.400 0.000 0.000 66.000 3.500 0.000
2 7 5 1.700 89.600 0.000 0.000 49.000 3.700 0.000
2 7 6 2.700 90.700 0.000 0.000 61.000 4.500 0.000
2 7 7 2.900 86.800 0.000 0.000 70.000 4.900 0.000
2 7 8 2.900 83.100 0.000 0.000 61.000 4.600 0.000
2 7 9 2.700 83.000 0.000 1.100 85.000 4.900 1.100
2 7 10 2.200 84.800 2.141 30.341 89.000 5.300 30.700
2 7 11 1.800 85.000 3.401 61.775 89.000 5.000 62.700
2 7 12 1.800 86.100 2.553 67.723 75.000 4.900 68.600
2 7 13 2.200 85.600 5.078 104.383 62.000 4.600 106.300
2 7 14 3.000 81.100 104.380 176.915 81.000 4.800 215.700
2 7 15 3.700 76.000 189.471 154.796 87.000 4.700 216.600
2 7 16 3.600 74.000 5.664 71.315 88.000 5.200 72.700
2 7 17 3.500 75.200 45.818 58.554 79.000 5.000 64.600
2 7 18 3.500 76.400 0.000 9.400 89.000 5.400 9.400
2 7 19 3.100 78.200 0.000 0.000 82.000 4.900 0.000
2 7 20 3.000 81.400 0.000 0.000 98.000 5.600 0.000
2 7 21 2.700 84.100 0.000 0.000 83.000 5.400 0.000
2 7 22 3.000 81.100 0.000 0.000 99.000 6.600 0.000
2 7 23 2.400 74.200 0.000 0.000 98.000 6.100 0.000
2 7 24 2.000 70.100 0.000 0.000 92.000 5.900 0.000
2 8 1 1.700 70.300 0.000 0.000 90.000 5.200 0.000
2 8 2 1.300 72.200 0.000 0.000 89.000 5.800 0.000
2 8 3 1.200 74.000 0.000 0.000 94.000 5.000 0.000
2 8 4 1.200 74.900 0.000 0.000 97.000 5.000 0.000
2 8 5 1.200 74.800 0.000 0.000 89.000 4.900 0.000
2 8 6 1.300 74.300 0.000 0.000 100.000 4.700 0.000
2 8 7 1.300 73.700 0.000 0.000 106.000 4.700 0.000
2 8 8 1.300 73.700 0.000 0.000 99.000 4.600 0.000
2 8 9 1.300 74.300 0.000 1.900 100.000 4.700 1.900
2 8 10 1.400 74.700 4.354 44.248 105.000 4.400 45.000
2 8 11 1.900 73.700 58.928 126.278 101.000 5.000 142.600
2 8 12 3.000 70.500 335.521 149.940 96.000 4.700 266.900
2 8 13 4.400 65.600 632.907 111.950 92.000 4.600 354.100
2 8 14 5.300 62.100 741.401 90.723 101.000 4.600 370.000
2 8 15 5.700 61.100 782.196 73.783 90.000 4.800 332.900
2 8 16 5.400 61.200 805.777 53.106 81.000 4.800 254.100
2 8 17 5.100 62.600 927.185 25.067 80.000 4.200 151.900
2 8 18 4.000 66.100 0.000 31.500 87.000 4.000 31.500
2 8 19 3.000 71.000 0.000 0.000 92.000 3.000 0.000
2 8 20 2.100 75.200 0.000 0.000 93.000 3.500 0.000
2 8 21 1.600 77.800 0.000 0.000 83.000 3.800 0.000
2 8 22 1.000 80.400 0.000 0.000 83.000 3.700 0.000
2 8 23 0.500 82.800 0.000 0.000 88.000 4.100 0.000
2 8 24 -0.100 84.700 0.000 0.000 91.000 3.900 0.000
2 9 1 -0.200 86.400 0.000 0.000 84.000 3.600 0.000
2 9 2 -0.700 87.100 0.000 0.000 84.000 3.300 0.000
2 9 3 -1.100 88.100 0.000 0.000 70.000 3.200 0.000
2 9 4 -1.300 89.300 0.000 0.000 75.000 3.200 0.000
2 9 5 -1.600 89.500 0.000 0.000 76.000 3.700 0.000
2 9 6 -1.600 89.500 0.000 0.000 71.000 3.800 0.000
2 9 7 -1.500 89.800 0.000 0.000 75.000 4.100 0.000
2 9 8 -1.900 90.200 0.000 0.000 72.000 3.100 0.000
2 9 9 -2.000 91.000 0.000 5.100 64.000 3.200 5.100
2 9 10 -1.500 90.600 31.911 75.139 71.000 3.400 80.800
2 9 11 -0.200 87.100 297.456 125.237 73.000 3.400 209.100
2 9 12 0.900 81.300 521.592 122.626 79.000 3.800 307.100
2 9 13 2.500 75.400 703.787 100.105 54.000 2.900 373.000
2 9 14 3.900 70.100 806.610 81.094 43.000 3.700 389.100
2 9 15 4.500 66.200 835.665 67.696 34.000 3.800 348.800
2 9 16 4.400 65.100 850.414 49.910 43.000 4.000 266.300
2 9 17 3.700 67.100 945.521 26.466 60.000 4.300 160.400
2 9 18 2.600 72.300 0.000 37.500 67.000 3.800 37.500
2 9 19 1.900 78.100 0.000 0.000 45.000 3.500 0.000
2 9 20 1.400 81.400 0.000 0.000 52.000 3.200 0.000
2 9 21 1.200 82.400 0.000 0.000 41.000 3.200 0.000
2 9 22 1.100 82.400 0.000 0.000 49.000 2.800 0.000
2 9 23 1.100 83.000 0.000 0.000 57.000 3.000 0.000
2 9 24 0.900 83.500 0.000 0.000 73.000 3.300 0.000
2 10 1 0.100 85.400 0.000 0.000 74.000 3.600 0.000
2 10 2 0.300 87.100 0.000 0.000 76.000 2.900 0.000
2 10 3 0.100 86.500 0.000 0.000 67.000 3.300 0.000
2 10 4 -0.300 86.200 0.000 0.000 65.000 3.700 0.000
2 10 5 -0.300 85.300 0.000 0.000 75.000 3.900 0.000
2 10 6 -0.500 84.700 0.000 0.000 73.000 3.900 0.000
2 10 7 -0.600 84.400 0.000 0.000 84.000 3.500 0.000
2 10 8 -0.600 83.800 0.000 0.000 72.000 3.800 0.000
2 10 9 -0.700 83.700 0.000 3.700 85.000 4.400 3.700
2 10 10 -0.400 83.500 4.391 46.900 85.000 4.600 47.700
2 10 11 0.200 82.800 6.376 88.270 85.000 4.700 90.100
2 10 12 0.800 80.600 6.244 109.459 94.000 4.800 111.700
2 10 13 1.900 76.700 94.694 185.989 68.000 5.000 223.200
2 10 14 2.600 73.600 116.412 184.841 72.000 4.900 229.900
2 10 15 3.100 71.800 140.157 163.531 77.000 5.200 211.400
2 10 16 3.300 70.300 606.090 79.223 86.000 5.700 236.500
2 10 17 2.900 70.900 890.345 27.132 79.000 4.800 157.600
2 10 18 2.400 72.800 0.000 34.700 77.000 4.900 34.700
2 10 19 1.800 74.800 0.000 0.000 85.000 6.300 0.000
2 10 20 0.700 75.800 0.000 0.000 83.000 6.600 0.000
2 10 21 0.100 76.100 0.000 0.000 92.000 5.200 0.000
2 10 22 0.100 76.700 0.000 0.000 85.000 5.400 0.000
2 10 23 0.000 76.600 0.000 0.000 92.000 5.000 0.000
2 10 24 -0.400 76.400 0.000 0.000 84.000 5.100 0.000
2 11 1 -0.800 76.000 0.000 0.000 82.000 5.700 0.000
2 11 2 -1.100 75.000 0.000 0.000 86.000 6.000 0.000
2 11 3 -1.700 74.400 0.000 0.000 84.000 6.300 0.000
2 11 4 -2.200 75.000 0.000 0.000 84.000 5.800 0.000
2 11 5 -2.300 75.700 0.000 0.000 86.000 5.600 0.000
2 11 6 -2.700 76.600 0.000 0.000 85.000 5.600 0.000
2 11 7 -2.900 77.600 0.000 0.000 93.000 6.300 0.000
2 11 8 -3.200 78.200 0.000 0.000 92.000 6.000 0.000
2 11 9 -3.400 78.900 2.722 12.346 98.000 5.300 12.500
2 11 10 -2.900 78.300 65.130 86.106 99.000 6.400 98.300
2 11 11 -1.300 74.500 330.794 125.986 101.000 6.200 222.600
2 11 12 0.000 67.000 538.993 122.991 100.000 7.200 319.200
2 11 13 1.900 58.000 673.971 108.311 100.000 7.200 376.700
2 11 14 3.300 50.800 742.809 93.984 95.000 6.100 385.400
2 11 15 4.400 44.800 741.671 83.243 97.000 6.600 340.400
2 11 16 4.800 40.900 788.052 58.107 91.000 7.500 266.600
2 11 17 3.400 43.100 783.331 33.566 92.000 6.500 152.200
2 11 18 2.900 47.100 0.000 20.600 92.000 7.000 20.600
2 11 19 2.000 49.100 0.000 0.000 99.000 6.000 0.000
2 11 20 1.600 51.700 0.000 0.000 99.000 6.100 0.000
2 11 21 0.700 55.200 0.000 0.000 99.000 5.900 0.000
2 11 22 -0.100 61.400 0.000 0.000 99.000 5.900 0.000
2 11 23 -0.500 67.500 0.000 0.000 99.000 6.200 0.000
2 11 24 -1.100 70.500 0.000 0.000 98.000 6.000 0.000
2 12 1 -1.600 73.500 0.000 0.000 92.000 5.600 0.000
2 12 2 -2.100 75.900 0.000 0.000 93.000 5.400 0.000
2 12 3 -2.700 76.900 0.000 0.000 95.000 5.500 0.000
2 12 4 -3.200 78.100 0.000 0.000 102.000 5.800 0.000
2 12 5 -3.800 79.700 0.000 0.000 93.000 6.000 0.000
2 12 6 -4.400 81.600 0.000 0.000 95.000 5.300 0.000
2 12 7 -4.900 84.100 0.000 0.000 92.000 5.000 0.000
2 12 8 -5.200 85.900 0.000 0.000 94.000 5.100 0.000
2 12 9 -5.100 86.500 1.106 8.232 99.000 5.300 8.300
2 12 10 -4.400 86.000 6.214 58.505 93.000 5.700 59.700
2 12 11 -4.000 83.800 25.883 122.107 92.000 5.600 129.800
2 12 12 -3.100 80.700 145.260 176.656 93.000 5.100 230.300
2 12 13 -2.100 76.500 520.061 139.939 88.000 5.500 349.800
2 12 14 -1.100 72.600 671.380 108.552 83.000 5.500 375.500
2 12 15 -0.400 70.500 720.810 87.810 81.000 5.300 341.500
2 12 16 -0.400 69.500 729.391 66.205 75.000 5.400 262.900
2 12 17 -0.800 70.600 681.400 41.940 80.000 4.800 148.500
2 12 18 -1.000 72.800 0.000 31.400 89.000 4.600 31.400
2 12 19 -1.200 74.300 0.000 0.000 81.000 4.200 0.000
2 12 20 -1.200 75.800 0.000 0.000 90.000 4.600 0.000
2 12 21 -1.000 76.700 0.000 0.000 97.000 3.800 0.000
2 12 22 -0.900 76.700 0.000 0.000 97.000 3.400 0.000
2 12 23 -0.800 77.500 0.000 0.000 74.000 3.500 0.000
2 12 24 -1.500 83.300 0.000 0.000 73.000 3.300 0.000
2 13 1 -1.500 88.800 0.000 0.000 74.000 3.400 0.000
2 13 2 -1.700 87.300 0.000 0.000 71.000 2.600 0.000
2 13 3 -1.600 83.800 0.000 0.000 74.000 2.800 0.000
2 13 4 -1.700 85.000 0.000 0.000 83.000 2.600 0.000
2 13 5 -1.700 88.700 0.000 0.000 45.000 2.600 0.000
2 13 6 -1.700 89.100 0.000 0.000 59.000 2.700 0.000
2 13 7 -1.700 89.100 0.000 0.000 2.000 2.500 0.000
2 13 8 -1.700 90.300 0.000 0.000 3.000 2.000 0.000
2 13 9 -1.700 91.300 0.364 4.976 25.000 2.100 5.000
2 13 10 -1.500 89.900 1.677 31.569 6.000 2.300 31.900
2 13 11 -1.400 88.700 2.263 56.115 5.000 2.800 56.800
2 13 12 -1.200 88.200 0.993 46.228 17.000 2.800 46.600
2 13 13 -0.900 87.500 2.787 84.060 0.000 2.300 85.200
2 13 14 -0.800 87.500 3.224 89.001 2.000 1.700 90.300
2 13 15 -0.600 87.900 1.092 46.210 322.000 2.300 46.600
2 13 16 -0.600 89.000 1.151 36.484 333.000 2.700 36.800
2 13 17 -0.700 90.200 1.362 23.280 332.000 3.300 23.500
2 13 18 -0.600 91.400 0.000 6.000 317.000 2.400 6.000
2 13 19 -0.700 93.100 0.000 0.000 328.000 2.700 0.000
2 13 20 -0.700 93.700 0.000 0.000 176.000 1.900 0.000
2 13 21 -0.600 93.300 0.000 0.000 322.000 2.800 0.000
2 13 22 -0.700 93.900 0.000 0.000 327.000 2.500 0.000
2 13 23 -0.500 94.500 0.000 0.000 330.000 2.800 0.000
2 13 24 -0.600 95.000 0.000 0.000 331.000 2.700 0.000
2 14 1 -0.600 95.200 0.000 0.000 346.000 2.900 0.000
2 14 2 -0.400 96.500 0.000 0.000 358.000 3.400 0.000
2 14 3 -0.600 97.200 0.000 0.000 13.000 3.300 0.000
2 14 4 -0.600 95.900 0.000 0.000 13.000 3.000 0.000
2 14 5 -0.600 95.500 0.000 0.000 339.000 2.900 0.000
2 14 6 -0.700 94.500 0.000 0.000 325.000 3.300 0.000
2 14 7 -0.700 93.300 0.000 0.000 339.000 3.100 0.000
2 14 8 -0.700 92.400 0.000 0.000 357.000 3.100 0.000
2 14 9 -0.400 92.000 1.089 9.222 349.000 2.900 9.300
2 14 10 -0.300 92.100 19.891 79.872 347.000 2.300 83.900
2 14 11 0.700 89.900 87.042 144.711 351.000 3.200 171.500
2 14 12 1.700 84.000 51.858 170.594 359.000 3.500 190.300
2 14 13 1.500 82.500 10.475 145.560 8.000 3.400 149.900
2 14 14 1.700 84.000 4.677 108.290 342.000 3.100 110.200
2 14 15 1.900 82.600 7.051 115.344 358.000 3.000 117.900
2 14 16 2.000 79.400 7.158 89.496 354.000 2.700 91.500
2 14 17 1.600 79.700 5.193 46.436 341.000 3.100 47.300
2 14 18 0.700 86.200 0.000 16.200 346.000 3.200 16.200
2 14 19 0.600 90.400 0.000 0.000 334.000 2.500 0.000
2 14 20 0.700 88.900 0.000 0.000 2.000 2.800 0.000
2 14 21 0.500 85.400 0.000 0.000 48.000 1.600 0.000
2 14 22 0.300 85.900 0.000 0.000 327.000 1.800 0.000
2 14 23 0.200 88.500 0.000 0.000 298.000 2.200 0.000
2 14 24 0.100 88.000 0.000 0.000 302.000 1.900 0.000
2 15 1 0.000 87.100 0.000 0.000 298.000 1.700 0.000
2 15 2 -0.300 86.600 0.000 0.000 285.000 1.500 0.000
2 15 3 -0.500 86.900 0.000 0.000 272.000 1.500 0.000
2 15 4 -0.700 88.400 0.000 0.000 220.000 1.000 0.000
2 15 5 -0.800 88.500 0.000 0.000 275.000 1.400 0.000
2 15 6 -0.900 88.700 0.000 0.000 205.000 1.000 0.000
2 15 7 -0.900 90.000 0.000 0.000 202.000 1.300 0.000
2 15 8 -0.800 90.600 0.000 0.000 275.000 1.500 0.000
2 15 9 -0.800 90.400 0.889 8.932 255.000 2.300 9.000
2 15 10 -0.900 91.000 7.365 66.970 269.000 1.600 68.500
2 15 11 -1.100 88.400 22.679 125.998 206.000 2.300 133.100
2 15 12 -0.800 83.300 50.592 172.500 292.000 1.800 192.000
2 15 13 -0.300 78.100 368.658 174.259 307.000 2.400 329.000
2 15 14 0.300 70.800 186.010 195.943 301.000 1.700 272.900
2 15 15 0.300 67.000 15.637 139.349 297.000 2.000 145.100
2 15 16 0.300 67.100 5.313 80.485 307.000 2.500 82.000
2 15 17 -0.100 68.900 49.010 76.403 305.000 2.400 84.800
2 15 18 -0.700 70.200 0.000 63.200 321.000 2.400 63.200
2 15 19 -1.400 72.700 0.000 0.000 327.000 2.200 0.000
2 15 20 -1.800 77.900 0.000 0.000 309.000 1.800 0.000
2 15 21 -2.900 82.900 0.000 0.000 356.000 2.300 0.000
2 15 22 -3.800 87.400 0.000 0.000 82.000 0.500 0.000
2 15 23 -4.100 90.700 0.000 0.000 306.000 0.600 0.000
2 15 24 -3.300 91.000 0.000 0.000 283.000 1.500 0.000
2 16 1 -2.900 88.000 0.000 0.000 303.000 1.500 0.000
2 16 2 -2.600 86.600 0.000 0.000 321.000 1.600 0.000
2 16 3 -1.900 84.600 0.000 0.000 188.000 1.800 0.000
2 16 4 -1.700 82.700 0.000 0.000 268.000 1.600 0.000
2 16 5 -1.900 84.300 0.000 0.000 241.000 1.300 0.000
2 16 6 -2.100 85.500 0.000 0.000 232.000 1.300 0.000
2 16 7 -1.700 85.400 0.000 0.000 260.000 1.600 0.000
2 16 8 -1.700 85.900 0.000 0.000 245.000 1.200 0.000
2 16 9 -1.700 87.500 1.972 14.139 103.000 1.500 14.300
2 16 10 -1.100 86.600 35.353 91.267 83.000 2.200 98.800
2 16 11 -0.700 82.700 60.350 145.175 76.000 3.100 164.400
2 16 12 -0.400 80.800 12.320 141.784 101.000 3.000 146.600
2 16 13 -0.100 78.900 7.618 138.361 96.000 3.100 141.600
2 16 14 -0.300 75.500 3.527 96.722 81.000 3.200 98.200
2 16 15 -0.200 74.400 7.669 121.638 76.000 3.800 124.500
2 16 16 0.100 70.200 519.490 100.480 61.000 4.100 251.300
2 16 17 0.500 60.000 928.085 32.340 84.000 2.900 196.000
2 16 18 -0.800 58.100 0.000 66.000 62.000 3.000 66.000
2 16 19 -2.100 65.300 0.000 0.000 69.000 2.100 0.000
2 16 20 -3.000 70.600 0.000 0.000 87.000 1.500 0.000
2 16 21 -4.200 75.600 0.000 0.000 80.000 1.400 0.000
2 16 22 -5.000 81.700 0.000 0.000 52.000 1.500 0.000
2 16 23 -5.300 85.800 0.000 0.000 50.000 1.800 0.000
2 16 24 -5.900 87.900 0.000 0.000 61.000 1.600 0.000
2 17 1 -6.000 90.000 0.000 0.000 54.000 1.600 0.000
2 17 2 -6.100 92.000 0.000 0.000 39.000 1.300 0.000
2 17 3 -6.600 94.400 0.000 0.000 55.000 1.400 0.000
2 17 4 -7.000 95.800 0.000 0.000 50.000 1.100 0.000
2 17 5 -7.500 95.300 0.000 0.000 52.000 1.200 0.000
2 17 6 -7.600 94.900 0.000 0.000 50.000 0.900 0.000
2 17 7 -8.100 94.700 0.000 0.000 135.000 0.700 0.000
2 17 8 -8.800 94.400 0.000 0.000 109.000 1.000 0.000
2 17 9 -8.300 94.500 4.125 21.642 132.000 0.600 22.000
2 17 10 -6.800 95.400 238.685 100.762 297.000 0.500 152.900
2 17 11 -3.100 91.800 585.083 101.717 326.000 0.600 291.300
2 17 12 -1.400 78.400 718.922 98.788 59.000 1.000 383.800
2 17 13 -0.300 65.800 200.375 202.687 251.000 1.100 289.000
2 17 14 -0.700 62.400 1.854 71.313 11.000 1.900 72.100
2 17 15 -0.500 60.600 1.643 59.878 21.000 1.500 60.500
2 17 16 -0.400 57.500 75.325 137.339 355.000 1.900 159.600
2 17 17 -0.300 55.400 530.669 61.749 327.000 1.300 158.000
2 17 18 -0.600 54.000 0.000 36.600 347.000 1.600 36.600
2 17 19 -1.500 56.900 0.000 0.000 329.000 1.400 0.000
2 17 20 -2.900 63.200 0.000 0.000 347.000 1.600 0.000
2 17 21 -4.000 70.900 0.000 0.000 302.000 1.600 0.000
2 17 22 -5.400 78.300 0.000 0.000 322.000 1.100 0.000
2 17 23 -6.000 83.300 0.000 0.000 329.000 1.400 0.000
2 17 24 -6.600 87.400 0.000 0.000 336.000 1.500 0.000
2 18 1 -6.800 90.200 0.000 0.000 343.000 1.300 0.000
2 18 2 -7.300 90.300 0.000 0.000 351.000 1.100 0.000
2 18 3 -7.800 90.500 0.000 0.000 278.000 1.200 0.000
2 18 4 -8.500 92.800 0.000 0.000 292.000 1.200 0.000
2 18 5 -8.400 93.900 0.000 0.000 275.000 2.300 0.000
2 18 6 -9.300 94.100 0.000 0.000 349.000 2.300 0.000
2 18 7 -9.400 94.100 0.000 0.000 332.000 2.100 0.000
2 18 8 -9.800 93.400 0.000 0.000 318.000 2.400 0.000
2 18 9 -9.300 93.000 4.696 24.467 302.000 2.500 24.900
2 18 10 -6.400 93.000 160.251 106.624 275.000 1.700 142.500
2 18 11 -3.200 79.200 406.106 131.265 285.000 2.100 265.100
2 18 12 -1.400 59.300 551.959 132.604 297.000 2.100 354.500
2 18 13 -0.200 49.900 621.321 129.106 299.000 2.500 400.200
2 18 14 0.200 46.600 553.787 141.496 304.000 2.300 379.700
2 18 15 0.600 41.800 569.134 123.409 277.000 2.900 341.900
2 18 16 0.800 37.700 834.452 60.121 315.000 2.900 311.100
2 18 17 0.800 37.600 908.659 33.902 299.000 2.400 203.300
2 18 18 0.200 40.500 0.000 62.300 301.000 1.900 62.300
2 18 19 -1.600 47.900 0.000 0.000 300.000 1.700 0.000
2 18 20 -3.000 56.800 0.000 0.000 281.000 1.900 0.000
2 18 21 -3.500 63.200 0.000 0.000 251.000 2.200 0.000
2 18 22 -4.200 70.900 0.000 0.000 219.000 2.000 0.000
2 18 23 -5.000 75.900 0.000 0.000 244.000 2.200 0.000
2 18 24 -6.100 79.200 0.000 0.000 231.000 1.100 0.000
2 19 1 -6.500 84.100 0.000 0.000 145.000 0.400 0.000
2 19 2 -6.900 87.800 0.000 0.000 210.000 0.800 0.000
2 19 3 -7.600 89.500 0.000 0.000 239.000 1.300 0.000
2 19 4 -7.900 89.000 0.000 0.000 118.000 0.500 0.000
2 19 5 -8.200 88.900 0.000 0.000 120.000 0.900 0.000
2 19 6 -8.500 90.300 0.000 0.000 113.000 1.200 0.000
2 19 7 -8.300 91.600 0.000 0.000 134.000 1.400 0.000
2 19 8 -9.100 91.500 0.000 0.000 137.000 1.400 0.000
2 19 9 -8.800 91.200 6.060 29.309 149.000 1.400 29.900
2 19 10 -6.100 88.900 183.432 108.527 126.000 1.100 150.600
2 19 11 -0.800 71.300 515.843 116.322 117.000 1.700 289.200
2 19 12 1.000 53.700 740.230 97.360 139.000 2.700 399.100
2 19 13 2.000 48.900 850.581 85.816 135.000 3.200 461.700
2 19 14 2.600 46.800 770.318 98.203 134.000 2.900 433.800
2 19 15 3.200 42.600 750.284 91.210 111.000 3.000 383.300
2 19 16 3.600 40.300 940.542 56.875 130.000 3.400 344.700
2 19 17 3.200 40.900 1029.090 38.940 105.000 3.700 236.000
2 19 18 2.200 44.100 1325.809 14.025 116.000 3.500 85.000
2 19 19 0.400 50.900 0.000 0.000 102.000 3.200 0.000
2 19 20 -0.700 58.400 0.000 0.000 95.000 3.400 0.000
2 19 21 -1.200 64.800 0.000 0.000 99.000 2.900 0.000
2 19 22 -1.400 68.900 0.000 0.000 114.000 3.400 0.000
2 19 23 -1.700 70.500 0.000 0.000 104.000 3.500 0.000
2 19 24 -2.100 72.300 0.000 0.000 113.000 3.200 0.000
2 20 1 -2.700 74.300 0.000 0.000 110.000 3.200 0.000
2 20 2 -2.800 74.700 0.000 0.000 110.000 2.700 0.000
2 20 3 -2.900 74.500 0.000 0.000 112.000 2.800 0.000
2 20 4 -3.500 75.700 0.000 0.000 113.000 3.300 0.000
2 20 5 -3.700 76.300 0.000 0.000 120.000 2.900 0.000
2 20 6 -4.600 77.800 0.000 0.000 119.000 2.500 0.000
2 20 7 -5.300 79.900 0.000 0.000 116.000 2.500 0.000
2 20 8 -5.700 81.600 0.000 0.000 114.000 2.700 0.000
2 20 9 -5.700 81.700 4.797 27.606 117.000 3.000 28.100
2 20 10 -4.000 76.700 144.307 112.000 116.000 2.800 145.900
2 20 11 -1.100 66.700 386.623 138.453 117.000 3.400 270.200
2 20 12 0.200 57.600 493.892 147.682 144.000 4.300 351.800
2 20 13 1.800 50.500 550.613 147.678 123.000 4.200 394.100
2 20 14 2.500 45.600 592.646 136.519 124.000 5.000 398.000
2 20 15 3.700 42.200 654.725 110.160 134.000 4.600 368.600
2 20 16 4.200 41.600 867.277 58.832 131.000 5.000 328.800
2 20 17 4.200 43.000 902.570 35.787 125.000 4.500 213.200
2 20 18 3.600 45.100 1189.411 13.728 136.000 4.200 83.200
2 20 19 3.500 48.700 0.000 0.000 122.000 4.000 0.000
2 20 20 3.300 52.000 0.000 0.000 119.000 3.500 0.000
2 20 21 3.100 53.900 0.000 0.000 118.000 4.200 0.000
2 20 22 2.600 55.900 0.000 0.000 124.000 3.800 0.000
2 20 23 2.500 57.700 0.000 0.000 140.000 3.900 0.000
2 20 24 2.200 59.800 0.000 0.000 150.000 3.500 0.000
2 21 1 2.200 62.700 0.000 0.000 145.000 3.100 0.000
2 21 2 2.000 65.200 0.000 0.000 129.000 3.000 0.000
2 21 3 2.100 68.200 0.000 0.000 132.000 2.900 0.000
2 21 4 2.200 71.000 0.000 0.000 138.000 2.700 0.000
2 21 5 2.000 73.200 0.000 0.000 160.000 2.100 0.000
2 21 6 2.000 74.800 0.000 0.000 145.000 2.500 0.000
2 21 7 1.400 77.700 0.000 0.000 141.000 2.700 0.000
2 21 8 0.900 81.800 0.000 0.000 162.000 2.300 0.000
2 21 9 2.100 81.600 2.724 22.005 146.000 2.400 22.300
2 21 10 3.100 78.800 21.233 95.593 150.000 2.600 100.700
2 21 11 3.900 77.900 29.547 144.564 157.000 2.700 154.800
2 21 12 4.500 77.200 21.716 167.102 148.000 2.900 176.200
2 21 13 5.600 75.800 19.521 177.753 141.000 2.400 186.600
2 21 14 6.500 75.300 40.457 194.325 148.000 2.700 212.400
2 21 15 7.500 75.000 125.025 190.569 135.000 2.500 240.600
2 21 16 8.400 72.900 244.915 145.171 136.000 2.700 222.700
2 21 17 9.400 70.200 747.248 47.417 118.000 3.300 198.100
2 21 18 7.500 75.200 1116.056 13.959 137.000 3.400 84.600
2 21 19 6.600 83.600 0.000 0.100 128.000 3.800 0.100
2 21 20 5.200 86.100 0.000 0.000 116.000 3.600 0.000
2 21 21 4.500 85.000 0.000 0.000 135.000 3.800 0.000
2 21 22 4.000 82.100 0.000 0.000 132.000 3.400 0.000
2 21 23 3.400 82.300 0.000 0.000 143.000 3.600 0.000
2 21 24 2.800 84.300 0.000 0.000 142.000 3.200 0.000
2 22 1 2.500 85.600 0.000 0.000 129.000 3.100 0.000
2 22 2 2.100 86.900 0.000 0.000 128.000 3.200 0.000
2 22 3 2.000 87.400 0.000 0.000 133.000 3.800 0.000
2 22 4 2.200 86.100 0.000 0.000 125.000 3.800 0.000
2 22 5 2.100 85.600 0.000 0.000 122.000 4.200 0.000
2 22 6 1.900 84.500 0.000 0.000 132.000 4.100 0.000
2 22 7 1.800 81.900 0.000 0.000 132.000 3.500 0.000
2 22 8 1.800 79.700 0.000 0.000 127.000 3.300 0.000
2 22 9 1.800 78.200 4.767 30.457 120.000 3.700 31.000
2 22 10 3.100 73.300 155.481 117.125 117.000 4.100 155.400
2 22 11 5.400 64.500 430.214 136.099 126.000 4.800 287.600
2 22 12 7.500 56.600 637.494 121.857 159.000 4.700 392.600
2 22 13 9.000 50.900 752.483 106.703 149.000 4.900 452.000
2 22 14 10.200 47.400 779.669 99.804 151.000 4.600 452.500
2 22 15 11.300 44.200 827.935 81.671 156.000 4.400 417.500
2 22 16 11.600 41.500 896.995 58.711 144.000 5.000 347.400
2 22 17 11.100 41.900 773.689 46.144 153.000 3.800 206.100
2 22 18 10.700 44.100 284.492 30.400 146.000 3.700 49.800
2 22 19 9.100 47.800 0.000 0.900 148.000 3.700 0.900
2 22 20 8.000 51.700 0.000 0.000 149.000 4.300 0.000
2 22 21 6.900 53.800 0.000 0.000 158.000 3.900 0.000
2 22 22 6.000 56.600 0.000 0.000 165.000 3.600 0.000
2 22 23 5.100 59.800 0.000 0.000 156.000 2.900 0.000
2 22 24 4.600 62.600 0.000 0.000 163.000 2.800 0.000
2 23 1 4.400 64.900 0.000 0.000 170.000 2.400 0.000
2 23 2 4.400 67.000 0.000 0.000 175.000 1.800 0.000
2 23 3 4.500 69.300 0.000 0.000 191.000 2.000 0.000
2 23 4 5.100 71.900 0.000 0.000 199.000 2.300 0.000
2 23 5 5.800 74.700 0.000 0.000 211.000 2.400 0.000
2 23 6 6.600 76.300 0.000 0.000 228.000 2.800 0.000
2 23 7 6.900 78.100 0.000 0.000 234.000 2.800 0.000
2 23 8 7.200 80.800 0.000 0.000 242.000 2.700 0.000
2 23 9 8.600 83.300 0.157 5.881 271.000 3.200 5.900
2 23 10 9.400 85.200 3.919 61.113 275.000 3.400 62.100
2 23 11 9.700 86.700 6.055 107.433 277.000 4.200 109.600
2 23 12 10.500 86.000 42.603 188.261 278.000 4.900 206.600
2 23 13 11.100 81.700 51.605 207.725 279.000 5.500 231.700
2 23 14 10.900 78.500 4.207 115.073 281.000 5.300 117.000
2 23 15 10.800 76.600 29.017 170.972 276.000 4.500 182.900
2 23 16 11.300 73.400 292.359 144.860 274.000 3.200 240.500
2 23 17 11.600 70.600 363.594 87.974 273.000 2.800 165.000
2 23 18 11.600 68.500 398.664 29.259 268.000 3.300 58.400
2 23 19 9.500 71.800 0.000 1.900 296.000 1.800 1.900
2 23 20 7.300 81.700 0.000 0.000 288.000 2.400 0.000
2 23 21 4.900 91.000 0.000 0.000 174.000 0.800 0.000
2 23 22 4.500 95.700 0.000 0.000 202.000 1.000 0.000
2 23 23 3.900 97.600 0.000 0.000 186.000 1.400 0.000
2 23 24 2.800 98.700 0.000 0.000 200.000 1.800 0.000
2 24 1 2.500 99.100 0.000 0.000 204.000 1.900 0.000
2 24 2 1.500 98.700 0.000 0.000 204.000 1.600 0.000
2 24 3 1.300 98.500 0.000 0.000 189.000 1.800 0.000
2 24 4 1.500 98.400 0.000 0.000 190.000 2.000 0.000
2 24 5 0.800 98.400 0.000 0.000 177.000 1.700 0.000
2 24 6 1.300 98.200 0.000 0.000 159.000 2.100 0.000
2 24 7 1.300 97.700 0.000 0.000 151.000 1.900 0.000
2 24 8 2.100 97.700 0.000 0.000 163.000 2.200 0.000
2 24 9 2.100 97.800 5.599 36.199 168.000 2.000 36.900
2 24 10 3.900 96.700 76.682 119.544 157.000 1.900 139.300
2 24 11 6.600 92.400 182.481 171.731 175.000 2.700 238.100
2 24 12 9.300 82.300 628.865 126.763 172.000 2.600 401.100
2 24 13 12.800 67.700 748.591 109.932 187.000 3.600 462.000
2 24 14 14.500 57.000 789.407 100.139 188.000 4.300 466.100
2 24 15 15.100 52.700 822.373 84.533 192.000 4.800 427.100
2 24 16 14.900 51.700 853.814 63.866 183.000 4.700 347.700
2 24 17 14.700 51.900 597.471 66.377 183.000 4.300 196.000
2 24 18 14.000 53.100 935.535 14.421 170.000 3.200 87.400
2 24 19 13.200 54.700 0.000 2.000 168.000 3.000 2.000
2 24 20 12.700 56.200 0.000 0.000 172.000 3.100 0.000
2 24 21 12.500 58.800 0.000 0.000 174.000 3.800 0.000
2 24 22 12.200 62.400 0.000 0.000 178.000 3.300 0.000
2 24 23 11.900 64.800 0.000 0.000 184.000 3.200 0.000
2 24 24 11.500 66.900 0.000 0.000 200.000 3.600 0.000
2 25 1 11.300 69.200 0.000 0.000 193.000 3.600 0.000
2 25 2 10.800 70.400 0.000 0.000 198.000 3.200 0.000
2 25 3 10.400 73.000 0.000 0.000 198.000 3.800 0.000
2 25 4 9.500 79.600 0.000 0.000 198.000 2.900 0.000
2 25 5 9.200 86.200 0.000 0.000 203.000 3.000 0.000
2 25 6 8.700 90.700 0.000 0.000 209.000 2.900 0.000
2 25 7 8.600 95.100 0.000 0.000 214.000 2.700 0.000
2 25 8 8.500 97.500 0.000 0.000 225.000 2.800 0.000
2 25 9 8.400 98.300 0.298 8.861 219.000 2.400 8.900
2 25 10 8.500 99.000 4.427 67.834 225.000 2.500 69.000
2 25 11 9.000 99.100 11.141 130.983 228.000 2.600 135.100
2 25 12 9.400 98.500 10.604 155.113 251.000 2.100 159.800
2 25 13 10.500 94.200 98.978 224.482 259.000 2.200 271.600
2 25 14 11.900 83.500 85.534 219.366 255.000 2.700 259.500
2 25 15 13.000 70.200 282.365 188.131 232.000 2.400 307.300
2 25 16 13.000 63.400 524.502 115.258 201.000 1.900 292.400
2 25 17 12.700 63.800 289.995 98.403 179.000 1.200 162.800
2 25 18 11.900 68.300 559.843 26.875 181.000 1.700 73.300
2 25 19 10.500 76.400 0.000 3.200 168.000 2.100 3.200
2 25 20 8.500 86.500 0.000 0.000 128.000 2.400 0.000
2 25 21 8.100 93.400 0.000 0.000 132.000 2.300 0.000
2 25 22 8.100 96.200 0.000 0.000 120.000 1.800 0.000
2 25 23 7.800 97.800 0.000 0.000 108.000 2.300 0.000
2 25 24 7.200 98.300 0.000 0.000 119.000 1.700 0.000
2 26 1 7.000 99.400 0.000 0.000 92.000 2.000 0.000
2 26 2 7.200 99.300 0.000 0.000 109.000 2.100 0.000
2 26 3 6.300 99.000 0.000 0.000 96.000 1.900 0.000
2 26 4 6.500 99.000 0.000 0.000 92.000 2.300 0.000
2 26 5 6.300 99.000 0.000 0.000 116.000 2.500 0.000
2 26 6 6.100 98.800 0.000 0.000 119.000 1.800 0.000
2 26 7 6.100 98.600 0.000 0.000 125.000 2.300 0.000
2 26 8 6.000 98.600 0.000 0.000 115.000 1.900 0.000
2 26 9 6.100 98.800 0.112 5.685 111.000 2.200 5.700
2 26 10 6.200 98.700 2.103 48.034 115.000 2.500 48.600
2 26 11 6.600 99.000 5.553 108.015 121.000 2.600 110.100
2 26 12 6.800 98.800 4.774 119.662 134.000 2.300 121.800
2 26 13 7.400 98.000 4.228 121.263 131.000 2.800 123.300
2 26 14 7.900 95.600 4.928 128.860 152.000 1.800 131.200
2 26 15 9.500 91.800 5.061 117.536 118.000 1.600 119.700
2 26 16 9.100 89.900 2.537 67.130 132.000 2.500 68.000
2 26 17 8.500 91.800 0.839 25.709 124.000 2.800 25.900
2 26 18 8.500 94.700 3.795 20.967 245.000 2.800 21.300
2 26 19 7.700 96.300 0.000 0.900 277.000 3.600 0.900
2 26 20 7.400 97.600 0.000 0.000 294.000 3.500 0.000
2 26 21 7.200 97.200 0.000 0.000 288.000 3.900 0.000
2 26 22 7.300 97.800 0.000 0.000 295.000 3.100 0.000
2 26 23 7.500 98.500 0.000 0.000 297.000 3.000 0.000
2 26 24 7.400 97.700 0.000 0.000 279.000 3.800 0.000
2 27 1 7.400 97.400 0.000 0.000 284.000 3.200 0.000
2 27 2 7.100 97.200 0.000 0.000 263.000 1.800 0.000
2 27 3 7.000 97.600 0.000 0.000 259.000 2.500 0.000
2 27 4 6.900 97.700 0.000 0.000 268.000 2.200 0.000
2 27 5 6.800 97.300 0.000 0.000 234.000 1.200 0.000
2 27 6 6.500 96.800 0.000 0.000 230.000 2.000 0.000
2 27 7 6.300 95.500 0.000 0.000 221.000 2.000 0.000
2 27 8 6.000 94.300 0.000 0.000 203.000 1.600 0.000
2 27 9 5.400 95.600 2.547 27.937 161.000 1.500 28.300
2 27 10 5.700 95.300 24.789 111.680 175.000 2.100 118.500
2 27 11 7.200 87.800 279.481 170.137 187.000 2.400 276.700
2 27 12 9.000 74.300 547.294 149.568 183.000 3.100 397.900
2 27 13 10.000 63.100 651.726 135.829 204.000 3.600 453.600
2 27 14 10.500 57.800 482.835 173.294 213.000 4.600 405.300
2 27 15 9.900 58.100 70.046 199.169 207.000 4.800 229.500
2 27 16 8.400 64.900 189.759 163.799 238.000 4.200 229.900
2 27 17 7.600 72.000 80.690 108.057 231.000 3.400 126.800
2 27 18 7.200 74.600 88.999 43.444 237.000 2.600 51.700
2 27 19 7.000 77.000 0.000 0.900 242.000 2.300 0.900
2 27 20 6.900 80.200 0.000 0.000 212.000 2.000 0.000
2 27 21 6.800 82.400 0.000 0.000 219.000 1.500 0.000
2 27 22 6.500 84.800 0.000 0.000 233.000 2.300 0.000
2 27 23 6.300 86.600 0.000 0.000 252.000 1.900 0.000
2 27 24 5.800 89.400 0.000 0.000 243.000 1.600 0.000
2 28 1 5.600 93.000 0.000 0.000 220.000 1.800 0.000
2 28 2 5.100 94.100 0.000 0.000 231.000 1.600 0.000
2 28 3 4.500 94.900 0.000 0.000 255.000 1.500 0.000
2 28 4 4.500 95.600 0.000 0.000 268.000 1.800 0.000
2 28 5 3.500 95.200 0.000 0.000 263.000 1.000 0.000
2 28 6 2.900 96.300 0.000 0.000 288.000 2.200 0.000
2 28 7 2.300 97.900 0.000 0.000 268.000 2.000 0.000
2 28 8 1.800 98.400 0.000 0.000 276.000 2.300 0.000
2 28 9 2.000 98.900 2.821 30.581 292.000 2.500 31.000
2 28 10 2.600 99.100 26.836 115.358 281.000 2.500 122.900
2 28 11 3.100 99.000 105.460 182.865 285.000 2.700 223.700
2 28 12 4.800 95.300 168.970 217.438 285.000 3.200 295.100
2 28 13 4.600 91.500 55.586 221.875 283.000 3.900 249.300
2 28 14 4.400 91.100 47.901 215.113 289.000 3.400 238.400
2 28 15 4.700 90.400 14.828 163.798 303.000 3.800 170.300
2 28 16 5.400 87.700 19.105 137.844 281.000 3.800 144.600
2 28 17 5.000 87.700 4.815 63.657 297.000 4.500 64.800
2 28 18 4.300 91.400 9.096 33.111 298.000 5.000 34.000
2 28 19 4.500 94.400 0.000 2.900 291.000 4.100 2.900
2 28 20 4.800 96.500 0.000 0.000 319.000 3.800 0.000
2 28 21 4.800 96.200 0.000 0.000 292.000 3.800 0.000
2 28 22 4.600 95.200 0.000 0.000 0.000 4.500 0.000
2 28 23 4.500 94.400 0.000 0.000 334.000 3.900 0.000
2 28 24 4.000 93.500 0.000 0.000 6.000 5.800 0.000
3 1 1 3.700 93.500 0.000 0.000 12.000 4.200 0.000
3 1 2 3.700 91.800 0.000 0.000 9.000 4.200 0.000
3 1 3 3.600 90.000 0.000 0.000 9.000 4.600 0.000
3 1 4 3.700 87.300 0.000 0.000 6.000 3.900 0.000
3 1 5 3.800 86.900 0.000 0.000 341.000 2.500 0.000
3 1 6 3.700 88.900 0.000 0.000 328.000 3.100 0.000
3 1 7 3.600 90.900 0.000 0.000 329.000 2.400 0.000
3 1 8 3.500 92.000 0.000 0.000 309.000 2.800 0.000
3 1 9 3.500 93.100 1.098 19.931 303.000 2.400 20.100
3 1 10 3.700 92.400 4.534 74.699 275.000 3.000 76.000
3 1 11 4.000 91.600 4.429 101.159 292.000 3.400 102.900
3 1 12 4.300 90.900 3.409 105.313 307.000 3.500 106.900
3 1 13 4.700 87.300 3.123 108.141 307.000 4.400 109.700
3 1 14 5.500 82.400 4.944 133.569 301.000 4.000 136.000
3 1 15 6.500 75.400 54.665 199.229 311.000 4.000 223.500
3 1 16 6.800 68.000 548.616 117.876 316.000 4.300 314.800
3 1 17 7.000 63.600 829.870 48.250 294.000 4.900 249.500
3 1 18 6.600 63.900 985.368 19.981 296.000 4.400 121.100
3 1 19 5.600 68.100 0.000 8.000 321.000 3.900 8.000
3 1 20 3.800 75.300 0.000 0.000 285.000 2.700 0.000
3 1 21 3.300 81.500 0.000 0.000 288.000 3.200 0.000
3 1 22 2.800 84.100 0.000 0.000 281.000 3.300 0.000
3 1 23 1.900 87.900 0.000 0.000 276.000 2.700 0.000
3 1 24 2.300 89.200 0.000 0.000 315.000 3.400 0.000
3 2 1 1.900 90.200 0.000 0.000 327.000 3.400 0.000
3 2 2 1.500 91.900 0.000 0.000 338.000 3.300 0.000
3 2 3 1.500 91.700 0.000 0.000 320.000 1.900 0.000
3 2 4 1.700 92.000 0.000 0.000 292.000 2.800 0.000
3 2 5 1.800 92.500 0.000 0.000 300.000 3.900 0.000
3 2 6 2.300 92.000 0.000 0.000 287.000 3.500 0.000
3 2 7 2.400 90.700 0.000 0.000 275.000 3.400 0.000
3 2 8 2.100 90.000 0.000 0.000 268.000 3.500 0.000
3 2 9 2.100 90.500 1.588 24.846 293.000 3.400 25.100
3 2 10 2.200 90.500 8.690 98.154 285.000 3.700 100.700
3 2 11 2.600 88.400 44.156 174.777 280.000 4.300 192.400
3 2 12 3.700 83.600 173.489 222.515 279.000 4.100 304.300
3 2 13 4.500 78.700 558.275 163.294 269.000 4.100 445.200
3 2 14 5.800 73.700 803.062 103.901 281.000 4.600 503.400
3 2 15 7.800 68.600 838.015 88.039 282.000 5.100 464.700
3 2 16 7.700 66.200 243.322 166.372 280.000 5.100 255.000
3 2 17 8.000 65.400 13.421 90.777 288.000 4.500 94.100
3 2 18 7.600 66.400 27.452 44.248 323.000 4.300 47.200
3 2 19 7.600 68.200 0.000 3.000 294.000 3.900 3.000
3 2 20 7.500 68.500 0.000 0.000 285.000 3.800 0.000
3 2 21 7.500 68.900 0.000 0.000 270.000 3.800 0.000
3 2 22 7.400 69.400 0.000 0.000 267.000 3.200 0.000
3 2 23 7.400 69.800 0.000 0.000 267.000 3.500 0.000
3 2 24 7.100 70.600 0.000 0.000 264.000 3.000 0.000
3 3 1 6.900 71.600 0.000 0.000 260.000 2.800 0.000
3 3 2 7.000 71.300 0.000 0.000 269.000 3.300 0.000
3 3 3 6.700 71.400 0.000 0.000 264.000 3.000 0.000
3 3 4 6.700 71.600 0.000 0.000 267.000 3.100 0.000
3 3 5 6.600 71.100 0.000 0.000 261.000 3.300 0.000
3 3 6 6.300 71.900 0.000 0.000 257.000 3.100 0.000
3 3 7 5.200 73.900 0.000 0.000 249.000 2.700 0.000
3 3 8 4.100 76.500 0.000 1.000 242.000 2.900 1.000
3 3 9 3.800 77.800 7.731 54.015 236.000 3.000 55.300
3 3 10 5.200 74.700 191.345 140.194 268.000 3.500 197.400
3 3 11 6.600 69.300 473.425 147.417 288.000 5.200 339.200
3 3 12 8.000 63.800 634.623 136.375 293.000 6.200 439.300
3 3 13 8.400 57.200 757.646 116.324 280.000 5.900 503.300
3 3 14 9.100 52.000 804.431 104.673 273.000 5.200 509.400
3 3 15 10.100 48.100 850.551 87.146 280.000 5.900 474.100
3 3 16 10.100 45.600 911.200 66.785 251.000 5.200 403.500
3 3 17 10.100 44.500 912.910 45.699 260.000 5.100 276.400
3 3 18 9.600 42.200 957.036 21.269 258.000 4.900 128.900
3 3 19 8.200 43.800 0.000 10.000 266.000 3.800 10.000
3 3 20 7.400 47.600 0.000 0.000 277.000 2.800 0.000
3 3 21 6.300 50.800 0.000 0.000 243.000 2.300 0.000
3 3 22 5.500 56.100 0.000 0.000 244.000 2.400 0.000
3 3 23 4.600 60.400 0.000 0.000 252.000 2.600 0.000
3 3 24 4.000 63.300 0.000 0.000 262.000 2.200 0.000
3 4 1 3.500 65.800 0.000 0.000 262.000 2.000 0.000
3 4 2 2.400 70.300 0.000 0.000 243.000 1.700 0.000
3 4 3 2.200 74.700 0.000 0.000 222.000 1.400 0.000
3 4 4 1.600 76.800 0.000 0.000 231.000 1.900 0.000
3 4 5 1.400 78.500 0.000 0.000 225.000 1.600 0.000
3 4 6 0.700 79.800 0.000 0.000 231.000 1.900 0.000
3 4 7 0.900 79.600 0.000 0.000 224.000 2.200 0.000
3 4 8 1.000 77.600 0.000 1.000 230.000 2.900 1.000
3 4 9 1.700 76.000 5.770 50.406 231.000 2.400 51.400
3 4 10 3.400 72.300 171.895 143.872 233.000 2.000 196.300
3 4 11 6.600 64.100 444.271 155.062 270.000 2.800 337.700
3 4 12 8.500 54.500 564.074 154.609 276.000 4.300 427.200
3 4 13 9.800 46.500 727.394 124.554 259.000 4.900 500.300
3 4 14 11.000 42.600 813.818 103.854 267.000 4.700 517.900
3 4 15 11.600 38.500 879.688 84.578 241.000 5.200 489.600
3 4 16 12.500 34.000 920.752 68.195 265.000 5.100 413.300
3 4 17 12.500 33.500 937.676 47.768 266.000 4.800 289.500
3 4 18 12.200 34.200 951.100 22.061 253.000 4.400 133.700
3 4 19 10.300 35.800 0.000 12.100 260.000 4.000 12.100
3 4 20 9.100 39.300 0.000 0.000 258.000 2.500 0.000
3 4 21 8.500 42.400 0.000 0.000 239.000 2.500 0.000
3 4 22 7.400 46.300 0.000 0.000 231.000 2.500 0.000
3 4 23 6.500 51.200 0.000 0.000 243.000 2.300 0.000
3 4 24 6.000 55.000 0.000 0.000 263.000 2.000 0.000
3 5 1 5.000 58.700 0.000 0.000 225.000 2.500 0.000
3 5 2 3.200 64.800 0.000 0.000 240.000 1.900 0.000
3 5 3 3.500 68.600 0.000 0.000 221.000 2.300 0.000
3 5 4 2.900 69.400 0.000 0.000 229.000 2.100 0.000
3 5 5 2.400 72.100 0.000 0.000 225.000 2.500 0.000
3 5 6 2.100 74.400 0.000 0.000 223.000 2.900 0.000
3 5 7 1.900 74.900 0.000 0.000 216.000 2.500 0.000
3 5 8 1.600 74.900 0.000 3.000 205.000 2.500 3.000
3 5 9 2.800 72.000 17.077 68.056 210.000 3.300 71.100
3 5 10 5.400 65.200 268.812 139.386 231.000 2.900 223.000
3 5 11 9.000 54.400 530.424 140.155 228.000 3.500 361.400
3 5 12 12.000 43.600 686.816 127.122 228.000 4.000 463.100
3 5 13 14.200 33.300 794.528 110.466 253.000 5.500 525.500
3 5 14 15.700 25.800 851.872 98.087 242.000 5.700 536.300
3 5 15 16.900 22.200 885.703 84.973 251.000 5.300 497.600
3 5 16 17.500 20.800 906.176 68.584 260.000 6.000 413.000
3 5 17 17.500 21.200 955.446 49.632 251.000 5.200 300.800
3 5 18 17.100 23.500 1007.138 24.338 238.000 4.100 147.500
3 5 19 15.200 28.300 0.000 13.700 214.000 3.500 13.700
3 5 20 13.200 33.500 0.000 0.000 221.000 2.800 0.000
3 5 21 12.000 37.200 0.000 0.000 222.000 2.700 0.000
3 5 22 10.400 40.900 0.000 0.000 214.000 1.900 0.000
3 5 23 9.400 44.800 0.000 0.000 217.000 2.100 0.000
3 5 24 7.600 48.400 0.000 0.000 202.000 1.100 0.000
3 6 1 6.100 53.000 0.000 0.000 203.000 1.200 0.000
3 6 2 5.100 57.100 0.000 0.000 165.000 0.900 0.000
3 6 3 3.900 60.300 0.000 0.000 178.000 1.200 0.000
3 6 4 3.500 62.700 0.000 0.000 181.000 0.900 0.000
3 6 5 4.300 61.600 0.000 0.000 191.000 1.100 0.000
3 6 6 4.100 60.200 0.000 0.000 182.000 1.400 0.000
3 6 7 3.800 61.700 0.000 0.000 187.000 1.300 0.000
3 6 8 3.700 64.800 0.000 4.000 198.000 1.500 4.000
3 6 9 4.700 65.200 19.022 71.595 183.000 1.000 75.100
3 6 10 7.200 60.100 251.077 143.778 219.000 1.700 223.400
3 6 11 10.200 53.200 505.814 147.073 231.000 2.100 361.100
3 6 12 12.800 45.500 695.814 126.393 217.000 2.400 470.900
3 6 13 14.600 38.900 813.946 107.503 191.000 2.900 537.400
3 6 14 16.200 34.000 876.013 95.734 227.000 4.000 551.300
3 6 15 17.100 30.700 914.189 85.221 236.000 4.000 516.100
3 6 16 17.500 29.300 934.825 71.181 228.000 4.000 431.400
3 6 17 17.600 28.000 950.143 50.309 213.000 3.900 304.900
3 6 18 17.100 27.800 982.753 24.701 219.000 3.600 149.700
3 6 19 15.400 31.300 0.000 14.800 225.000 2.300 14.800
3 6 20 14.000 37.200 0.000 0.000 191.000 1.800 0.000
3 6 21 12.600 42.400 0.000 0.000 210.000 1.900 0.000
3 6 22 11.500 47.000 0.000 0.000 221.000 1.800 0.000
3 6 23 9.700 51.400 0.000 0.000 214.000 0.800 0.000
3 6 24 7.800 57.300 0.000 0.000 187.000 0.900 0.000
3 7 1 7.700 61.200 0.000 0.000 185.000 1.000 0.000
3 7 2 6.600 64.100 0.000 0.000 176.000 0.400 0.000
3 7 3 6.500 65.400 0.000 0.000 189.000 1.100 0.000
3 7 4 4.700 67.900 0.000 0.000 151.000 0.600 0.000
3 7 5 3.700 74.000 0.000 0.000 157.000 0.800 0.000
3 7 6 4.400 74.900 0.000 0.000 182.000 1.000 0.000
3 7 7 4.200 73.500 0.000 0.000 175.000 1.000 0.000
3 7 8 1.800 76.800 0.000 3.000 321.000 0.700 3.000
3 7 9 4.400 77.500 3.172 41.496 190.000 0.800 42.100
3 7 10 7.500 70.000 33.838 136.563 191.000 1.300 147.500
3 7 11 12.400 56.300 354.425 178.392 192.000 1.500 330.500
3 7 12 14.600 45.300 626.421 144.534 200.000 2.400 458.400
3 7 13 17.100 38.800 786.717 114.327 206.000 2.500 534.400
3 7 14 18.400 33.500 868.451 97.583 179.000 2.800 554.100
3 7 15 19.200 30.500 900.009 86.013 162.000 2.600 515.100
3 7 16 19.200 29.300 916.492 70.741 172.000 2.800 428.700
3 7 17 18.900 28.400 932.538 50.309 130.000 2.400 304.900
3 7 18 18.600 28.600 1029.139 26.862 124.000 1.900 162.800
3 7 19 16.600 30.300 0.000 27.000 125.000 2.000 27.000
3 7 20 14.500 32.900 0.000 0.000 121.000 1.700 0.000
3 7 21 9.700 41.700 0.000 0.000 101.000 1.300 0.000
3 7 22 10.100 49.300 0.000 0.000 158.000 1.000 0.000
3 7 23 7.900 52.700 0.000 0.000 96.000 1.700 0.000
3 7 24 7.900 58.000 0.000 0.000 107.000 1.300 0.000
3 8 1 6.300 61.500 0.000 0.000 111.000 1.000 0.000
3 8 2 5.500 66.100 0.000 0.000 84.000 1.600 0.000
3 8 3 5.600 68.000 0.000 0.000 66.000 1.300 0.000
3 8 4 4.900 69.500 0.000 0.000 61.000 1.400 0.000
3 8 5 4.800 70.600 0.000 0.000 54.000 1.200 0.000
3 8 6 4.400 71.700 0.000 0.000 307.000 0.600 0.000
3 8 7 4.800 71.500 0.000 0.000 74.000 1.100 0.000
3 8 8 3.600 72.300 0.000 5.000 87.000 1.400 5.000
3 8 9 5.800 70.700 20.874 77.398 74.000 1.300 81.500
3 8 10 9.500 63.100 228.631 151.209 72.000 3.100 226.500
3 8 11 12.200 54.000 472.370 157.921 79.000 3.800 363.500
3 8 12 14.600 44.900 653.467 139.407 89.000 4.100 470.700
3 8 13 16.000 39.600 799.732 112.551 99.000 3.400 544.200
3 8 14 16.900 36.700 874.097 97.811 65.000 4.200 562.200
3 8 15 17.200 34.200 907.770 86.893 52.000 3.800 524.600
3 8 16 17.500 33.200 917.270 71.742 63.000 3.900 434.800
3 8 17 17.100 33.000 916.208 50.344 55.000 4.900 305.100
3 8 18 16.500 32.600 999.127 27.043 74.000 4.400 163.900
3 8 19 14.200 36.200 0.000 28.900 68.000 3.200 28.900
3 8 20 12.500 42.300 0.000 0.000 63.000 3.000 0.000
3 8 21 11.400 47.000 0.000 0.000 58.000 3.400 0.000
3 8 22 11.600 49.900 0.000 0.000 70.000 4.400 0.000
3 8 23 10.900 50.900 0.000 0.000 72.000 4.200 0.000
3 8 24 10.300 52.800 0.000 0.000 78.000 3.800 0.000
3 9 1 9.300 55.400 0.000 0.000 75.000 3.400 0.000
3 9 2 8.800 58.500 0.000 0.000 67.000 2.700 0.000
3 9 3 7.600 61.800 0.000 0.000 65.000 2.300 0.000
3 9 4 6.400 66.800 0.000 0.000 67.000 3.500 0.000
3 9 5 6.300 69.900 0.000 0.000 56.000 2.000 0.000
3 9 6 6.100 70.200 0.000 0.000 66.000 2.800 0.000
3 9 7 5.400 71.800 0.000 0.000 67.000 2.800 0.000
3 9 8 5.200 73.200 0.000 7.000 69.000 2.100 7.000
3 9 9 6.000 72.600 23.640 81.310 79.000 2.400 86.100
3 9 10 8.000 67.900 231.429 153.673 68.000 2.200 231.300
3 9 11 10.200 60.900 475.339 159.357 70.000 2.500 369.100
3 9 12 11.900 54.800 657.480 139.876 79.000 2.300 477.100
3 9 13 13.800 49.100 798.003 113.977 38.000 1.900 549.300
3 9 14 15.300 44.700 872.391 98.937 44.000 2.600 567.300
3 9 15 15.900 41.300 905.897 87.802 52.000 2.300 529.500
3 9 16 16.400 39.400 920.760 72.963 73.000 2.500 442.200
3 9 17 16.700 40.500 930.020 52.024 102.000 2.400 315.300
3 9 18 16.100 42.600 1007.155 28.232 100.000 1.600 171.100
3 9 19 14.300 46.200 0.000 31.900 88.000 1.300 31.900
3 9 20 11.100 54.900 0.000 0.000 70.000 1.300 0.000
3 9 21 10.400 62.800 0.000 0.000 36.000 0.800 0.000
3 9 22 9.200 66.900 0.000 0.000 8.000 0.600 0.000
3 9 23 8.100 72.900 0.000 0.000 14.000 0.700 0.000
3 9 24 6.700 79.100 0.000 0.000 348.000 0.800 0.000
3 10 1 6.800 81.400 0.000 0.000 68.000 0.600 0.000
3 10 2 5.500 83.000 0.000 0.000 315.000 0.800 0.000
3 10 3 5.200 86.000 0.000 0.000 275.000 0.900 0.000
3 10 4 4.200 88.100 0.000 0.000 295.000 0.400 0.000
3 10 5 3.800 90.900 0.000 0.000 290.000 0.700 0.000
3 10 6 3.900 91.800 0.000 0.000 303.000 0.800 0.000
3 10 7 3.400 91.400 0.000 0.000 304.000 1.300 0.000
3 10 8 3.700 89.900 0.599 5.865 297.000 0.900 5.900
3 10 9 4.000 88.300 21.839 82.740 298.000 0.900 87.300
3 10 10 8.300 79.400 208.755 158.300 355.000 0.700 229.600
3 10 11 11.500 66.100 448.407 167.030 310.000 1.400 367.600
3 10 12 13.800 56.600 624.288 149.704 305.000 2.200 473.600
3 10 13 15.300 49.700 763.528 122.985 295.000 2.400 543.900
3 10 14 15.900 43.000 850.857 102.950 315.000 2.900 564.500
3 10 15 16.400 37.100 889.006 89.250 307.000 3.700 527.500
3 10 16 16.700 34.700 900.709 73.126 318.000 4.100 439.000
3 10 17 16.400 34.100 906.753 51.862 294.000 4.300 313.100
3 10 18 15.800 35.800 986.835 28.611 271.000 3.500 173.400
3 10 19 13.900 40.800 0.000 32.500 288.000 3.200 32.500
3 10 20 11.500 48.700 0.000 0.000 292.000 2.900 0.000
3 10 21 10.800 55.300 0.000 0.000 282.000 2.400 0.000
3 10 22 9.200 61.500 0.000 0.000 297.000 3.300 0.000
3 10 23 9.400 68.400 0.000 0.000 311.000 3.800 0.000
3 10 24 7.400 73.500 0.000 0.000 314.000 2.400 0.000
3 11 1 6.300 80.800 0.000 0.000 295.000 1.600 0.000
3 11 2 5.400 85.200 0.000 0.000 282.000 2.400 0.000
3 11 3 4.600 88.000 0.000 0.000 295.000 1.800 0.000
3 11 4 3.900 91.200 0.000 0.000 270.000 2.300 0.000
3 11 5 3.900 94.300 0.000 0.000 279.000 2.500 0.000
3 11 6 3.300 96.500 0.000 0.000 302.000 2.200 0.000
3 11 7 3.100 96.600 0.000 0.000 318.000 1.700 0.000
3 11 8 3.100 96.500 0.062 1.996 240.000 1.000 2.000
3 11 9 3.100 95.700 0.886 24.910 307.000 1.400 25.100
3 11 10 3.000 94.900 2.141 62.356 61.000 1.300 63.100
3 11 11 3.400 93.400 5.959 134.498 220.000 0.700 137.200
3 11 12 3.200 92.400 6.965 164.945 240.000 2.000 168.600
3 11 13 3.100 92.300 16.239 210.354 231.000 1.800 219.400
3 11 14 3.800 90.600 34.491 231.699 231.000 1.600 250.600
3 11 15 4.600 87.300 61.540 225.233 245.000 1.900 255.900
3 11 16 5.100 84.200 256.616 185.233 168.000 1.700 290.800
3 11 17 6.400 80.700 503.415 101.748 93.000 1.200 249.300
3 11 18 6.500 78.600 435.910 57.426 66.000 1.100 123.500
3 11 19 5.600 80.300 0.000 22.800 38.000 1.500 22.800
3 11 20 4.700 84.300 0.000 0.000 48.000 1.100 0.000
3 11 21 4.100 87.800 0.000 0.000 58.000 1.000 0.000
3 11 22 2.900 90.900 0.000 0.000 103.000 1.100 0.000
3 11 23 2.800 93.100 0.000 0.000 108.000 1.500 0.000
3 11 24 1.700 93.700 0.000 0.000 356.000 1.100 0.000
3 12 1 3.600 92.900 0.000 0.000 228.000 0.300 0.000
3 12 2 3.800 91.900 0.000 0.000 163.000 1.500 0.000
3 12 3 3.900 92.400 0.000 0.000 172.000 1.200 0.000
3 12 4 4.100 92.400 0.000 0.000 206.000 1.300 0.000
3 12 5 4.700 93.000 0.000 0.000 239.000 1.900 0.000
3 12 6 4.600 93.800 0.000 0.000 279.000 1.400 0.000
3 12 7 4.900 93.300 0.000 0.000 268.000 2.100 0.000
3 12 8 4.900 92.600 0.118 2.992 263.000 2.200 3.000
3 12 9 5.300 91.000 2.203 40.213 283.000 2.700 40.700
3 12 10 5.600 88.100 17.001 134.585 286.000 3.000 140.600
3 12 11 6.300 82.900 62.321 207.771 279.000 3.200 236.400
3 12 12 7.200 74.900 5.847 155.998 291.000 2.800 159.100
3 12 13 6.800 69.200 4.991 153.091 273.000 1.400 155.900
3 12 14 7.800 64.800 11.761 197.090 282.000 2.200 203.600
3 12 15 7.400 62.400 14.597 186.648 311.000 2.100 194.000
3 12 16 7.600 62.700 7.129 131.830 318.000 2.500 134.800
3 12 17 7.700 62.400 11.361 105.413 280.000 2.300 108.800
3 12 18 7.200 62.800 4.338 39.721 284.000 2.800 40.400
3 12 19 6.700 65.400 0.000 9.200 307.000 2.300 9.200
3 12 20 6.500 66.500 0.000 0.000 333.000 2.800 0.000
3 12 21 6.400 65.100 0.000 0.000 344.000 2.800 0.000
3 12 22 5.700 66.700 0.000 0.000 355.000 1.300 0.000
3 12 23 5.100 75.600 0.000 0.000 194.000 2.000 0.000
3 12 24 4.400 86.900 0.000 0.000 181.000 2.000 0.000
3 13 1 4.300 92.000 0.000 0.000 191.000 1.700 0.000
3 13 2 3.900 93.600 0.000 0.000 209.000 1.400 0.000
3 13 3 3.600 93.100 0.000 0.000 243.000 1.700 0.000
3 13 4 3.600 92.200 0.000 0.000 243.000 1.500 0.000
3 13 5 2.900 94.400 0.000 0.000 315.000 0.700 0.000
3 13 6 2.600 96.800 0.000 0.000 222.000 1.000 0.000
3 13 7 2.500 97.400 0.000 0.000 268.000 1.600 0.000
3 13 8 1.700 97.300 0.256 4.780 279.000 1.300 4.800
3 13 9 2.200 97.900 7.928 74.098 316.000 1.100 75.900
3 13 10 4.200 91.000 90.196 167.534 3.000 1.200 200.000
3 13 11 5.400 79.200 135.422 219.574 350.000 2.400 282.600
3 13 12 6.700 68.300 145.882 253.031 3.000 3.700 331.300
3 13 13 7.400 59.400 104.191 266.570 19.000 3.300 325.800
3 13 14 7.500 55.000 111.692 262.856 7.000 3.300 325.300
3 13 15 8.000 52.800 62.644 230.214 331.000 4.400 262.100
3 13 16 8.300 50.800 68.709 192.328 331.000 4.000 221.300
3 13 17 8.500 50.000 54.169 135.084 310.000 4.600 151.500
3 13 18 8.100 52.300 19.590 62.741 315.000 4.400 65.900
3 13 19 7.200 55.600 0.000 19.900 301.000 4.300 19.900
3 13 20 5.800 59.600 0.000 0.000 287.000 2.700 0.000
3 13 21 5.700 62.900 0.000 0.000 275.000 1.900 0.000
3 13 22 5.100 66.100 0.000 0.000 239.000 1.900 0.000
3 13 23 4.200 70.900 0.000 0.000 271.000 2.300 0.000
3 13 24 4.200 73.100 0.000 0.000 278.000 2.400 0.000
3 14 1 4.400 73.200 0.000 0.000 232.000 1.500 0.000
3 14 2 4.100 72.900 0.000 0.000 266.000 1.900 0.000
3 14 3 4.300 72.200 0.000 0.000 247.000 2.200 0.000
3 14 4 4.100 72.100 0.000 0.000 250.000 1.800 0.000
3 14 5 3.700 74.800 0.000 0.000 209.000 1.500 0.000
3 14 6 3.500 77.500 0.000 0.000 251.000 1.200 0.000
3 14 7 3.600 77.800 0.000 0.000 294.000 0.900 0.000
3 14 8 3.900 76.800 0.247 5.080 239.000 1.000 5.100
3 14 9 4.000 76.400 6.193 70.354 273.000 1.200 71.800
3 14 10 4.800 75.000 61.962 165.317 313.000 1.200 188.000
3 14 11 5.300 71.800 133.464 222.281 12.000 1.100 285.200
3 14 12 6.600 67.900 219.376 249.411 247.000 1.800 368.400
3 14 13 7.500 63.800 348.448 238.834 240.000 1.900 438.900
3 14 14 8.300 57.000 320.093 241.184 246.000 2.100 421.900
3 14 15 8.900 51.900 160.837 241.882 307.000 2.300 324.600
3 14 16 8.200 54.400 89.250 198.410 306.000 3.000 236.500
3 14 17 8.200 55.700 189.974 143.588 340.000 3.400 202.100
3 14 18 8.000 53.200 231.589 75.840 323.000 3.500 114.300
3 14 19 7.700 51.200 0.000 23.800 308.000 2.600 23.800
3 14 20 6.600 53.900 0.000 0.000 330.000 3.100 0.000
3 14 21 6.000 64.800 0.000 0.000 51.000 2.900 0.000
3 14 22 5.700 73.700 0.000 0.000 54.000 3.200 0.000
3 14 23 5.400 75.700 0.000 0.000 70.000 2.900 0.000
3 14 24 5.200 76.800 0.000 0.000 43.000 3.300 0.000
3 15 1 4.400 78.400 0.000 0.000 39.000 2.400 0.000
3 15 2 3.900 80.500 0.000 0.000 8.000 3.700 0.000
3 15 3 4.100 82.400 0.000 0.000 28.000 3.000 0.000
3 15 4 3.700 84.600 0.000 0.000 30.000 3.300 0.000
3 15 5 3.400 86.700 0.000 0.000 22.000 3.000 0.000
3 15 6 3.100 88.200 0.000 0.000 41.000 3.200 0.000
3 15 7 2.900 89.700 0.000 0.000 24.000 3.200 0.000
3 15 8 3.100 90.500 0.214 5.081 36.000 3.200 5.100
3 15 9 3.400 90.500 1.197 32.213 39.000 3.900 32.500
3 15 10 3.600 91.100 2.568 72.944 43.000 3.700 73.900
3 15 11 3.900 91.300 2.818 97.955 23.000 3.700 99.300
3 15 12 4.200 89.900 2.841 112.942 69.000 3.900 114.500
3 15 13 5.100 85.200 14.491 214.297 47.000 3.100 222.700
3 15 14 6.500 78.600 173.699 267.083 77.000 2.800 366.100
3 15 15 7.100 73.500 324.132 220.990 61.000 3.400 389.400
3 15 16 8.000 67.100 86.620 200.291 47.000 2.700 237.700
3 15 17 8.400 61.400 74.361 143.530 71.000 4.400 166.800
3 15 18 7.800 61.500 644.824 47.314 43.000 4.800 157.500
3 15 19 6.600 66.600 0.000 48.700 43.000 4.000 48.700
3 15 20 5.000 72.800 0.000 0.000 29.000 3.300 0.000
3 15 21 4.000 77.500 0.000 0.000 21.000 3.000 0.000
3 15 22 3.700 80.200 0.000 0.000 31.000 3.000 0.000
3 15 23 2.800 83.000 0.000 0.000 35.000 2.100 0.000
3 15 24 2.300 85.200 0.000 0.000 24.000 0.800 0.000
3 16 1 1.600 87.600 0.000 0.000 28.000 1.200 0.000
3 16 2 1.600 89.600 0.000 0.000 350.000 1.100 0.000
3 16 3 0.600 91.200 0.000 0.000 359.000 1.300 0.000
3 16 4 -0.600 94.700 0.000 0.000 355.000 1.700 0.000
3 16 5 0.400 96.000 0.000 0.000 32.000 1.100 0.000
3 16 6 -0.800 96.000 0.000 0.000 1.000 1.700 0.000
3 16 7 -0.700 96.500 0.000 0.000 343.000 1.800 0.000
3 16 8 -1.700 95.900 2.567 18.656 342.000 0.900 18.900
3 16 9 1.700 94.000 34.324 103.659 310.000 0.700 112.100
3 16 10 3.800 89.800 212.591 174.370 350.000 1.400 254.800
3 16 11 5.200 81.900 557.258 154.402 333.000 2.000 423.800
3 16 12 7.000 71.800 558.900 176.522 313.000 2.900 486.200
3 16 13 7.800 61.000 496.784 204.143 318.000 3.500 495.000
3 16 14 8.400 50.200 815.751 115.141 296.000 3.800 584.600
3 16 15 9.300 43.300 915.792 94.974 304.000 4.400 575.600
3 16 16 9.100 38.700 932.401 80.503 317.000 5.000 487.900
3 16 17 9.300 38.300 951.548 59.763 311.000 5.600 362.200
3 16 18 9.100 39.500 1008.167 34.996 316.000 5.600 212.100
3 16 19 8.300 44.300 0.000 50.100 308.000 5.100 50.100
3 16 20 8.100 53.700 0.000 0.000 327.000 5.500 0.000
3 16 21 7.800 57.600 0.000 0.000 302.000 4.100 0.000
3 16 22 7.600 60.500 0.000 0.000 296.000 5.100 0.000
3 16 23 7.200 64.900 0.000 0.000 292.000 4.100 0.000
3 16 24 6.900 70.400 0.000 0.000 304.000 5.100 0.000
3 17 1 6.700 75.300 0.000 0.000 308.000 4.800 0.000
3 17 2 4.600 80.200 0.000 0.000 12.000 6.700 0.000
3 17 3 4.000 75.900 0.000 0.000 39.000 7.300 0.000
3 17 4 3.000 65.800 0.000 0.000 40.000 5.500 0.000
3 17 5 2.300 62.400 0.000 0.000 22.000 5.000 0.000
3 17 6 1.100 67.400 0.000 0.000 23.000 3.400 0.000
3 17 7 0.900 75.800 0.000 0.000 15.000 3.300 0.000
3 17 8 0.900 79.200 3.990 24.695 15.000 3.500 25.100
3 17 9 2.000 76.600 117.565 118.458 21.000 3.800 148.100
3 17 10 3.600 68.200 400.934 150.962 40.000 4.500 305.100
3 17 11 4.600 57.800 520.735 164.844 49.000 6.100 419.700
3 17 12 4.900 50.200 637.200 156.733 49.000 5.100 513.500
3 17 13 5.600 44.200 821.378 116.882 15.000 5.400 602.400
3 17 14 6.500 37.900 836.060 111.923 49.000 4.500 597.600
3 17 15 6.500 31.900 702.775 131.700 59.000 4.700 504.200
3 17 16 6.200 30.400 842.174 84.283 21.000 3.900 456.500
3 17 17 5.900 31.600 918.506 58.575 29.000 5.000 355.000
3 17 18 5.900 30.300 1017.571 36.284 10.000 4.600 219.900
3 17 19 4.800 30.800 0.000 56.000 3.000 4.400 56.000
3 17 20 2.800 35.200 0.000 0.000 36.000 3.200 0.000
3 17 21 2.200 40.300 0.000 0.000 40.000 2.800 0.000
3 17 22 1.900 44.700 0.000 0.000 56.000 2.200 0.000
3 17 23 1.100 49.300 0.000 0.000 81.000 1.500 0.000
3 17 24 0.500 54.000 0.000 0.000 99.000 1.000 0.000
3 18 1 -0.100 58.000 0.000 0.000 204.000 1.300 0.000
3 18 2 -0.600 61.500 0.000 0.000 205.000 1.600 0.000
3 18 3 -1.700 65.300 0.000 0.000 204.000 1.200 0.000
3 18 4 -2.000 67.500 0.000 0.000 221.000 1.200 0.000
3 18 5 -1.700 66.200 0.000 0.000 230.000 1.400 0.000
3 18 6 -2.200 66.500 0.000 0.000 211.000 1.200 0.000
3 18 7 -1.600 66.000 0.000 0.000 230.000 1.700 0.000
3 18 8 -1.400 63.400 4.697 28.394 228.000 1.600 28.900
3 18 9 0.700 60.000 126.309 121.471 249.000 2.100 154.100
3 18 10 3.800 51.400 427.327 148.608 257.000 2.900 315.500
3 18 11 5.800 42.000 642.856 137.142 251.000 3.400 455.600
3 18 12 6.400 35.800 783.997 119.902 262.000 3.700 563.400
3 18 13 7.200 31.000 862.624 110.176 271.000 3.100 624.900
3 18 14 8.100 26.600 904.287 105.114 250.000 2.900 635.300
3 18 15 9.100 24.200 929.174 98.274 244.000 2.800 595.600
3 18 16 9.600 22.600 951.966 84.084 255.000 2.700 509.600
3 18 17 9.500 21.900 966.797 62.584 284.000 2.300 379.300
3 18 18 9.000 23.500 1018.458 37.274 278.000 2.700 225.900
3 18 19 7.200 27.600 0.000 58.100 289.000 2.300 58.100
3 18 20 5.700 31.500 0.000 0.000 288.000 1.500 0.000
3 18 21 5.400 32.800 0.000 0.000 229.000 0.500 0.000
3 18 22 4.000 36.800 0.000 0.000 189.000 1.000 0.000
3 18 23 1.900 43.700 0.000 0.000 192.000 1.000 0.000
3 18 24 2.000 47.200 0.000 0.000 212.000 1.000 0.000
3 19 1 1.200 48.100 0.000 0.000 206.000 0.700 0.000
3 19 2 0.200 50.400 0.000 0.000 164.000 1.000 0.000
3 19 3 -0.600 53.500 0.000 0.000 170.000 1.000 0.000
3 19 4 -0.900 57.100 0.000 0.000 154.000 1.100 0.000
3 19 5 -1.800 60.300 0.000 0.000 109.000 0.900 0.000
3 19 6 -1.900 62.600 0.000 0.000 113.000 1.000 0.000
3 19 7 -2.100 65.800 0.000 0.000 104.000 1.000 0.000
3 19 8 -1.500 69.000 4.524 29.484 125.000 1.200 30.000
3 19 9 1.100 63.600 130.590 124.356 169.000 1.400 158.900
3 19 10 4.000 51.900 437.600 148.931 137.000 1.300 322.500
3 19 11 6.300 43.200 662.978 133.734 206.000 1.800 466.100
3 19 12 8.800 37.600 802.782 116.648 188.000 2.200 575.400
3 19 13 10.700 32.900 880.035 108.889 213.000 2.700 638.900
3 19 14 11.700 29.300 917.328 107.250 217.000 2.800 650.000
3 19 15 13.300 27.300 937.448 100.106 181.000 2.400 606.700
3 19 16 13.400 26.200 958.088 85.569 185.000 2.700 518.600
3 19 17 13.900 24.400 979.582 64.350 170.000 2.600 390.000
3 19 18 13.600 24.400 1029.055 38.627 159.000 2.600 234.100
3 19 19 13.000 26.700 0.000 63.300 170.000 2.300 63.300
3 19 20 10.600 30.000 0.000 0.000 176.000 1.600 0.000
3 19 21 9.700 34.300 0.000 0.000 164.000 1.600 0.000
3 19 22 8.500 38.400 0.000 0.000 158.000 2.300 0.000
3 19 23 7.000 43.100 0.000 0.000 155.000 2.000 0.000
3 19 24 5.700 47.800 0.000 0.000 162.000 1.600 0.000
3 20 1 5.900 49.900 0.000 0.000 155.000 1.500 0.000
3 20 2 1.900 58.700 0.000 0.000 162.000 1.900 0.000
3 20 3 1.100 71.500 0.000 0.000 177.000 1.600 0.000
3 20 4 0.600 75.200 0.000 0.000 165.000 1.700 0.000
3 20 5 0.200 77.800 0.000 0.000 160.000 1.900 0.000
3 20 6 -0.200 79.900 0.000 0.000 163.000 1.600 0.000
3 20 7 -0.700 82.300 0.000 0.000 156.000 1.900 0.000
3 20 8 -0.500 82.400 4.600 31.347 173.000 1.700 31.900
3 20 9 3.500 71.800 127.584 127.162 202.000 1.700 161.700
3 20 10 6.600 58.100 409.423 156.221 204.000 1.900 321.100
3 20 11 10.100 47.800 626.069 144.231 206.000 1.900 461.800
3 20 12 13.200 39.500 771.494 125.002 221.000 2.200 570.300
3 20 13 15.200 33.600 857.664 112.715 210.000 2.200 634.000
3 20 14 16.400 29.800 904.598 106.962 236.000 2.600 647.000
3 20 15 16.700 27.600 922.964 99.495 278.000 3.000 603.000
3 20 16 17.700 25.800 943.850 85.223 179.000 2.600 516.500
3 20 17 17.600 25.200 956.661 63.756 282.000 2.400 386.400
3 20 18 17.500 25.900 1000.621 38.495 318.000 1.500 233.300
3 20 19 15.800 28.500 0.000 74.200 331.000 1.700 74.200
3 20 20 12.800 36.000 0.000 0.000 293.000 1.000 0.000
3 20 21 10.200 45.100 0.000 0.000 213.000 0.900 0.000
3 20 22 8.900 50.900 0.000 0.000 242.000 1.000 0.000
3 20 23 7.800 56.100 0.000 0.000 198.000 0.700 0.000
3 20 24 6.400 61.400 0.000 0.000 202.000 0.900 0.000
3 21 1 5.400 66.600 0.000 0.000 182.000 1.900 0.000
3 21 2 4.400 70.800 0.000 0.000 186.000 1.500 0.000
3 21 3 4.000 73.500 0.000 0.000 200.000 1.600 0.000
3 21 4 3.500 75.500 0.000 0.000 211.000 1.700 0.000
3 21 5 3.000 77.100 0.000 0.000 185.000 1.500 0.000
3 21 6 2.400 80.200 0.000 0.000 122.000 1.400 0.000
3 21 7 1.800 83.500 0.000 0.000 156.000 1.000 0.000
3 21 8 2.300 83.400 3.853 30.213 112.000 1.200 30.700
3 21 9 5.500 77.900 102.621 129.187 118.000 1.100 157.600
3 21 10 10.200 62.700 362.390 166.767 118.000 1.100 314.900
3 21 11 13.500 46.000 585.247 155.987 101.000 1.600 456.300
3 21 12 16.000 36.600 733.351 135.832 114.000 2.900 563.300
3 21 13 17.400 30.200 825.333 119.724 108.000 3.700 625.900
3 21 14 18.300 27.700 880.024 108.672 75.000 4.400 638.700
3 21 15 17.900 27.300 906.702 98.741 105.000 4.600 598.000
3 21 16 18.300 27.300 921.659 84.117 101.000 3.800 509.800
3 21 17 18.000 27.900 933.718 63.113 78.000 5.100 382.500
3 21 18 17.300 29.800 961.473 37.884 79.000 5.000 229.600
3 21 19 16.100 33.900 0.000 70.400 84.000 4.700 70.400
3 21 20 14.400 36.300 0.000 0.000 90.000 4.500 0.000
3 21 21 13.300 38.200 0.000 0.000 90.000 4.400 0.000
3 21 22 12.400 40.200 0.000 0.000 90.000 4.600 0.000
3 21 23 11.700 42.200 0.000 0.000 101.000 5.300 0.000
3 21 24 11.100 44.100 0.000 0.000 101.000 5.000 0.000
3 22 1 10.600 45.700 0.000 0.000 101.000 5.000 0.000
3 22 2 10.100 46.700 0.000 0.000 92.000 4.900 0.000
3 22 3 9.600 47.800 0.000 0.000 98.000 5.100 0.000
3 22 4 8.500 50.200 0.000 0.000 90.000 5.300 0.000
3 22 5 7.500 54.600 0.000 0.000 87.000 6.000 0.000
3 22 6 6.900 60.400 0.000 0.000 89.000 6.400 0.000
3 22 7 6.600 65.600 0.000 0.000 89.000 6.000 0.000
3 22 8 5.800 68.700 4.447 34.010 91.000 6.100 34.600
3 22 9 7.200 66.900 122.515 132.724 81.000 6.000 167.400
3 22 10 9.100 59.100 376.557 166.605 84.000 6.300 322.800
3 22 11 11.200 52.300 599.454 153.979 85.000 7.500 465.100
3 22 12 12.100 47.900 747.242 133.294 80.000 7.800 573.100
3 22 13 13.800 44.800 840.060 117.598 93.000 7.900 637.400
3 22 14 15.000 41.300 888.172 108.891 92.000 7.300 648.500
3 22 15 15.200 38.800 910.431 99.973 74.000 7.400 605.900
3 22 16 15.100 38.600 929.510 85.734 71.000 7.800 519.600
3 22 17 14.400 37.300 939.880 64.416 82.000 7.600 390.400
3 22 18 13.500 35.800 969.216 39.089 76.000 8.100 236.900
3 22 19 12.300 37.100 0.000 75.500 82.000 7.300 75.500
3 22 20 11.200 39.800 0.000 0.000 81.000 6.400 0.000
3 22 21 10.300 43.300 0.000 0.000 81.000 6.000 0.000
3 22 22 9.800 47.800 0.000 0.000 79.000 5.800 0.000
3 22 23 9.700 51.800 0.000 0.000 89.000 6.200 0.000
3 22 24 9.600 54.000 0.000 0.000 98.000 6.000 0.000
3 23 1 9.400 54.800 0.000 0.000 96.000 5.500 0.000
3 23 2 8.800 55.400 0.000 0.000 92.000 5.200 0.000
3 23 3 8.100 56.700 0.000 0.000 90.000 4.800 0.000
3 23 4 7.400 59.000 0.000 0.000 93.000 5.100 0.000
3 23 5 7.500 59.900 0.000 0.000 92.000 5.800 0.000
3 23 6 7.100 59.500 0.000 0.000 84.000 5.600 0.000
3 23 7 6.400 61.100 0.000 0.000 87.000 6.000 0.000
3 23 8 6.500 62.200 2.454 26.559 93.000 5.400 26.900
3 23 9 7.100 60.700 95.709 134.323 86.000 6.000 162.000
3 23 10 8.700 56.900 343.377 174.704 90.000 6.500 319.200
3 23 11 11.100 51.800 516.991 176.659 88.000 6.400 448.000
3 23 12 11.100 50.200 512.069 201.421 75.000 5.600 505.700
3 23 13 11.700 51.200 459.739 227.130 97.000 5.700 514.100
3 23 14 12.700 51.100 404.753 238.377 102.000 5.100 486.400
3 23 15 13.700 50.000 356.556 229.767 89.000 4.600 429.700
3 23 16 14.200 48.700 140.297 221.230 103.000 4.500 287.400
3 23 17 14.300 49.200 139.015 164.924 80.000 3.800 213.800
3 23 18 13.900 51.900 513.242 70.649 64.000 4.300 177.800
3 23 19 13.400 55.200 638.906 21.769 88.000 5.000 55.600
3 23 20 12.800 58.300 0.000 0.000 97.000 3.400 0.000
3 23 21 12.100 61.100 0.000 0.000 101.000 2.800 0.000
3 23 22 11.000 64.500 0.000 0.000 95.000 2.300 0.000
3 23 23 9.900 70.300 0.000 0.000 85.000 2.100 0.000
3 23 24 10.500 72.700 0.000 0.000 88.000 2.200 0.000
3 24 1 10.400 71.900 0.000 0.000 86.000 2.000 0.000
3 24 2 9.800 74.000 0.000 0.000 98.000 1.600 0.000
3 24 3 9.000 78.300 0.000 0.000 74.000 2.100 0.000
3 24 4 9.200 81.600 0.000 0.000 109.000 1.300 0.000
3 24 5 8.800 84.300 0.000 0.000 96.000 1.800 0.000
3 24 6 9.000 86.600 0.000 0.000 63.000 1.300 0.000
3 24 7 9.000 86.600 0.000 0.000 81.000 1.700 0.000
3 24 8 9.000 86.000 0.525 12.924 95.000 1.400 13.000
3 24 9 9.500 83.500 1.427 43.178 354.000 1.000 43.600
3 24 10 10.300 79.700 3.573 98.175 64.000 1.900 99.700
3 24 11 10.700 76.700 8.215 173.741 96.000 1.800 178.100
3 24 12 11.900 71.600 48.186 262.497 111.000 1.800 291.400
3 24 13 13.200 65.300 528.394 208.225 79.000 1.100 540.900
3 24 14 14.800 57.300 765.553 134.615 116.000 1.500 607.700
3 24 15 14.500 52.900 60.192 253.447 258.000 1.500 287.500
3 24 16 14.900 53.700 39.336 203.557 285.000 2.200 222.300
3 24 17 14.600 54.400 56.107 158.509 282.000 2.900 178.500
3 24 18 14.600 55.500 84.219 98.325 324.000 2.100 116.300
3 24 19 14.100 58.400 246.240 29.717 4.000 2.300 43.900
3 24 20 13.500 61.200 0.000 0.000 39.000 1.900 0.000
3 24 21 12.400 64.700 0.000 0.000 70.000 2.000 0.000
3 24 22 11.300 69.700 0.000 0.000 116.000 2.500 0.000
3 24 23 10.000 75.400 0.000 0.000 122.000 1.900 0.000
3 24 24 8.300 83.400 0.000 0.000 91.000 1.500 0.000
3 25 1 7.500 89.100 0.000 0.000 143.000 2.100 0.000
3 25 2 7.200 91.300 0.000 0.000 173.000 1.600 0.000
3 25 3 7.500 91.800 0.000 0.000 143.000 1.000 0.000
3 25 4 8.300 89.300 0.000 0.000 170.000 1.700 0.000
3 25 5 7.100 89.200 0.000 0.000 183.000 1.500 0.000
3 25 6 7.000 92.300 0.000 0.000 111.000 1.200 0.000
3 25 7 6.600 93.700 0.000 0.000 252.000 0.800 0.000
3 25 8 6.000 95.600 4.001 36.794 259.000 1.700 37.400
3 25 9 8.400 93.400 88.763 139.247 296.000 2.400 166.000
3 25 10 10.100 83.700 241.154 195.041 305.000 3.200 299.400
3 25 11 11.200 73.600 516.202 180.395 302.000 3.400 457.300
3 25 12 12.900 64.800 680.979 155.041 304.000 4.100 567.300
3 25 13 13.900 58.200 747.968 142.974 279.000 5.100 617.900
3 25 14 14.000 55.400 485.954 218.594 272.000 4.200 521.400
3 25 15 13.000 58.500 190.683 264.178 292.000 4.500 373.000
3 25 16 12.300 63.300 533.557 157.803 306.000 5.400 414.600
3 25 17 10.500 66.300 836.032 68.783 296.000 5.600 370.600
3 25 18 8.100 72.600 727.024 51.157 283.000 4.800 209.700
3 25 19 7.000 79.600 297.489 28.386 288.000 4.100 46.900
3 25 20 7.100 82.600 0.000 0.000 282.000 4.000 0.000
3 25 21 7.200 83.300 0.000 0.000 290.000 4.400 0.000
3 25 22 7.200 84.100 0.000 0.000 286.000 3.300 0.000
3 25 23 7.200 84.000 0.000 0.000 269.000 2.700 0.000
3 25 24 7.200 84.000 0.000 0.000 245.000 1.800 0.000
3 26 1 7.300 84.600 0.000 0.000 236.000 2.000 0.000
3 26 2 7.000 85.500 0.000 0.000 223.000 2.100 0.000
3 26 3 6.900 86.300 0.000 0.000 234.000 2.100 0.000
3 26 4 6.900 86.300 0.000 0.000 237.000 2.300 0.000
3 26 5 7.200 84.900 0.000 0.000 263.000 2.100 0.000
3 26 6 7.600 84.200 0.000 0.000 258.000 2.500 0.000
3 26 7 7.100 89.600 0.000 0.000 260.000 2.700 0.000
3 26 8 7.100 95.900 0.129 6.980 255.000 2.800 7.000
3 26 9 7.600 97.500 0.502 26.746 274.000 3.100 26.900
3 26 10 7.700 97.100 2.753 88.692 309.000 4.600 89.900
3 26 11 8.100 94.100 8.614 179.430 307.000 4.400 184.100
3 26 12 7.500 92.900 4.031 149.037 305.000 3.700 151.500
3 26 13 8.300 86.900 4.197 159.313 306.000 4.900 162.000
3 26 14 9.100 78.500 5.257 174.597 292.000 4.000 177.900
3 26 15 9.400 75.900 3.181 124.969 308.000 4.600 126.800
3 26 16 9.800 74.400 3.708 113.798 311.000 4.800 115.600
3 26 17 10.300 72.600 29.181 150.029 305.000 3.600 160.700
3 26 18 10.700 70.100 184.213 103.277 304.000 3.200 144.300
3 26 19 10.800 68.500 499.643 22.994 289.000 2.900 56.400
3 26 20 10.200 69.700 0.000 0.900 285.000 2.300 0.900
3 26 21 9.500 73.500 0.000 0.000 275.000 2.000 0.000
3 26 22 8.600 77.800 0.000 0.000 285.000 1.800 0.000
3 26 23 7.200 82.900 0.000 0.000 278.000 2.400 0.000
3 26 24 5.900 88.300 0.000 0.000 280.000 2.400 0.000
3 27 1 5.600 91.100 0.000 0.000 286.000 2.300 0.000
3 27 2 5.300 91.300 0.000 0.000 289.000 2.600 0.000
3 27 3 5.300 92.000 0.000 0.000 298.000 3.400 0.000
3 27 4 4.800 93.600 0.000 0.000 312.000 3.100 0.000
3 27 5 4.200 95.400 0.000 0.000 309.000 2.700 0.000
3 27 6 4.100 97.300 0.000 0.000 300.000 2.200 0.000
3 27 7 3.800 98.600 0.000 0.000 293.000 2.900 0.000
3 27 8 3.900 99.100 1.446 24.063 287.000 3.100 24.300
3 27 9 4.400 99.400 3.956 75.760 285.000 3.300 77.000
3 27 10 4.800 99.500 4.420 113.435 293.000 3.100 115.400
3 27 11 5.200 99.200 5.096 149.908 263.000 2.400 152.700
3 27 12 5.500 98.700 3.466 139.563 284.000 2.800 141.700
3 27 13 5.800 97.600 3.116 138.688 289.000 2.500 140.700
3 27 14 6.400 96.200 3.242 138.747 287.000 2.200 140.800
3 27 15 6.800 92.100 3.558 133.135 257.000 2.600 135.200
3 27 16 7.000 87.400 4.510 126.486 268.000 2.400 128.700
3 27 17 7.500 84.600 11.684 130.773 267.000 2.100 135.100
3 27 18 8.000 81.800 158.748 106.118 282.000 1.400 142.200
3 27 19 8.000 80.100 653.440 19.199 240.000 1.800 65.900
3 27 20 6.600 83.000 0.000 1.100 169.000 1.800 1.100
3 27 21 4.800 90.100 0.000 0.000 156.000 2.200 0.000
3 27 22 4.300 95.600 0.000 0.000 166.000 2.100 0.000
3 27 23 3.800 98.300 0.000 0.000 169.000 1.900 0.000
3 27 24 3.200 99.400 0.000 0.000 160.000 2.100 0.000
3 28 1 2.500 99.800 0.000 0.000 163.000 2.200 0.000
3 28 2 2.300 99.800 0.000 0.000 161.000 1.900 0.000
3 28 3 1.600 99.600 0.000 0.000 152.000 1.700 0.000
3 28 4 2.100 99.800 0.000 0.000 133.000 1.800 0.000
3 28 5 2.000 100.000 0.000 0.000 136.000 1.600 0.000
3 28 6 1.500 100.000 0.000 0.000 135.000 2.000 0.000
3 28 7 1.500 100.000 0.000 0.000 129.000 2.100 0.000
3 28 8 2.000 100.000 1.526 25.641 114.000 2.100 25.900
3 28 9 2.600 100.000 9.055 106.907 129.000 2.300 109.800
3 28 10 3.700 100.000 31.782 186.785 117.000 2.700 201.100
3 28 11 5.400 99.500 152.744 258.551 121.000 2.400 343.100
3 28 12 8.400 91.600 707.738 150.784 118.000 2.600 590.900
3 28 13 12.000 72.700 874.594 117.133 128.000 3.700 686.300
3 28 14 13.700 57.200 908.488 114.592 109.000 3.100 694.500
3 28 15 14.900 47.200 930.632 107.646 103.000 2.900 652.400
3 28 16 16.500 37.900 947.870 92.812 119.000 3.600 562.500
3 28 17 16.900 32.700 961.623 71.247 110.000 3.500 431.800
3 28 18 16.900 32.600 987.809 45.260 133.000 3.500 274.300
3 28 19 15.600 35.600 1163.616 17.490 129.000 3.400 106.000
3 28 20 12.800 44.000 0.000 3.000 120.000 2.400 3.000
3 28 21 10.500 55.600 0.000 0.000 106.000 2.500 0.000
3 28 22 8.900 63.600 0.000 0.000 116.000 3.000 0.000
3 28 23 8.300 68.900 0.000 0.000 101.000 3.200 0.000
3 28 24 7.700 72.800 0.000 0.000 106.000 2.100 0.000
3 29 1 7.200 75.700 0.000 0.000 91.000 2.100 0.000
3 29 2 6.500 79.100 0.000 0.000 78.000 1.900 0.000
3 29 3 6.300 82.700 0.000 0.000 78.000 2.100 0.000
3 29 4 5.500 86.200 0.000 0.000 35.000 1.800 0.000
3 29 5 4.600 89.900 0.000 0.000 34.000 1.700 0.000
3 29 6 4.600 91.600 0.000 0.000 5.000 1.600 0.000
3 29 7 4.800 90.500 0.000 0.900 13.000 1.800 0.900
3 29 8 5.600 88.600 3.514 40.082 332.000 1.700 40.700
3 29 9 7.900 82.800 14.195 119.079 320.000 2.200 123.700
3 29 10 8.700 74.400 36.031 192.261 293.000 3.600 208.700
3 29 11 9.500 71.300 176.686 259.506 311.000 3.800 358.300
3 29 12 11.200 68.900 302.499 269.152 296.000 5.600 458.900
3 29 13 12.000 65.800 358.413 266.994 316.000 5.700 502.100
3 29 14 13.000 64.900 509.212 217.621 303.000 5.000 545.200
3 29 15 13.800 62.100 615.911 168.909 307.000 6.300 532.400
3 29 16 14.600 58.800 615.791 143.187 326.000 5.900 451.200
3 29 17 13.100 59.700 490.717 131.759 321.000 6.200 318.000
3 29 18 11.600 63.800 214.726 107.934 334.000 6.300 158.700
3 29 19 10.900 67.400 141.466 37.692 338.000 4.800 49.100
3 29 20 10.900 68.500 0.000 0.900 337.000 3.300 0.900
3 29 21 10.900 67.400 0.000 0.000 322.000 3.300 0.000
3 29 22 10.300 64.600 0.000 0.000 333.000 3.700 0.000
3 29 23 8.700 63.000 0.000 0.000 346.000 3.000 0.000
3 29 24 7.100 66.100 0.000 0.000 335.000 2.500 0.000
3 30 1 5.400 73.500 0.000 0.000 285.000 1.800 0.000
3 30 2 4.800 75.000 0.000 0.000 277.000 3.000 0.000
3 30 4 3.700 74.200 0.000 0.000 273.000 2.000 0.000
3 30 5 2.900 78.800 0.000 0.000 263.000 1.800 0.000
3 30 6 2.500 82.700 0.000 0.000 202.000 1.600 0.000
3 30 7 1.400 86.900 0.000 0.000 222.000 2.000 0.000
3 30 8 3.000 86.200 0.000 3.000 211.000 2.100 3.000
3 30 9 3.900 80.600 3.632 42.139 211.000 3.200 42.800
3 30 10 5.700 75.100 19.579 127.910 213.000 3.400 134.400
3 30 11 8.200 66.500 89.797 213.012 207.000 4.400 254.500
3 30 12 8.400 64.200 6.811 174.954 245.000 6.400 178.800
3 30 13 6.100 77.000 1.596 97.590 228.000 5.000 98.600
3 30 14 6.500 89.600 6.506 201.699 221.000 5.700 206.000
3 30 15 7.900 86.700 9.048 216.635 232.000 5.700 222.500
3 30 16 9.500 80.200 4.933 160.065 225.000 5.700 163.000
3 30 17 8.700 80.800 3.030 106.870 229.000 5.100 108.400
3 30 18 7.500 87.800 2.724 77.154 251.000 4.200 78.200
3 30 19 7.800 91.600 3.900 57.760 220.000 3.800 58.700
3 30 20 8.300 91.300 5.891 24.998 259.000 4.200 25.500
3 30 21 8.500 89.400 0.000 1.000 258.000 4.500 1.000
3 30 22 7.700 89.000 0.000 0.000 294.000 5.300 0.000
3 30 23 7.100 90.500 0.000 0.000 287.000 5.000 0.000
3 30 24 7.000 92.300 0.000 0.000 289.000 5.300 0.000
3 31 1 7.200 93.800 0.000 0.000 279.000 3.900 0.000
3 31 2 7.100 93.600 0.000 0.000 278.000 3.800 0.000
3 31 3 7.100 93.300 0.000 0.000 278.000 4.200 0.000
3 31 4 7.300 93.100 0.000 0.000 288.000 4.500 0.000
3 31 5 7.000 92.900 0.000 0.000 283.000 4.100 0.000
3 31 6 7.000 94.000 0.000 0.000 296.000 4.300 0.000
3 31 7 7.100 93.300 0.000 0.000 308.000 4.500 0.000
3 31 8 6.800 90.500 0.000 1.000 320.000 4.700 1.000
3 31 9 6.700 88.500 0.916 22.028 320.000 4.700 22.200
3 31 10 6.800 87.700 3.504 76.718 304.000 4.400 77.900
3 31 11 6.900 88.600 4.078 114.592 308.000 4.200 116.500
3 31 12 7.800 87.400 18.955 218.791 330.000 4.500 229.600
3 31 13 8.900 81.700 6.987 199.143 351.000 4.100 203.600
3 31 14 9.300 78.600 4.082 163.280 337.000 4.400 166.000
3 31 15 10.000 76.300 5.676 188.193 358.000 5.200 191.900
3 31 16 9.000 77.100 5.266 166.542 342.000 4.900 169.700
3 31 17 9.500 75.500 29.090 208.381 358.000 6.000 223.200
3 31 18 9.200 70.600 17.456 147.116 353.000 5.100 153.900
3 31 19 7.600 75.500 32.929 102.117 354.000 4.700 110.200
3 31 20 7.700 80.100 25.428 36.018 339.000 4.000 38.300
3 31 21 7.800 77.100 0.000 2.000 345.000 3.500 2.000
3 31 22 7.400 75.500 0.000 0.000 355.000 4.000 0.000
3 31 23 7.100 78.300 0.000 0.000 353.000 3.400 0.000
3 31 24 7.000 82.200 0.000 0.000 359.000 3.400 0.000
4 1 1 7.100 81.900 0.000 0.000 8.000 3.200 0.000
4 1 2 6.900 81.500 0.000 0.000 355.000 3.100 0.000
4 1 3 6.600 85.000 0.000 0.000 357.000 3.300 0.000
4 1 4 6.300 86.100 0.000 0.000 358.000 3.200 0.000
4 1 5 6.100 87.400 0.000 0.000 9.000 2.700 0.000
4 1 6 6.000 86.500 0.000 0.000 14.000 3.300 0.000
4 1 7 5.900 84.900 0.000 0.000 6.000 2.200 0.000
4 1 8 5.700 84.600 0.000 1.100 11.000 2.500 1.100
4 1 9 6.400 83.900 5.513 55.130 26.000 2.000 56.200
4 1 10 7.800 78.000 240.796 154.032 31.000 2.400 236.700
4 1 11 9.200 68.300 493.882 163.165 20.000 2.800 397.000
4 1 12 11.000 62.100 639.666 157.516 30.000 3.500 525.800
4 1 13 12.100 56.200 373.512 257.058 37.000 4.200 497.300
4 1 14 13.300 49.100 291.193 290.139 51.000 4.600 485.600
4 1 15 13.100 46.800 654.098 175.416 33.000 4.700 605.800
4 1 16 13.400 45.900 637.372 166.013 48.000 5.200 551.200
4 1 17 13.200 46.300 364.059 207.480 49.000 5.500 394.600
4 1 18 13.200 48.500 487.476 136.674 51.000 4.200 328.300
4 1 19 13.100 49.700 574.227 76.378 33.000 4.200 219.900
4 1 20 12.800 50.600 1053.869 19.635 39.000 3.900 119.000
4 1 21 11.700 53.300 0.000 7.000 31.000 3.300 7.000
4 1 22 10.800 57.700 0.000 0.000 29.000 3.800 0.000
4 1 23 9.800 62.600 0.000 0.000 21.000 3.500 0.000
4 1 24 8.600 67.400 0.000 0.000 33.000 3.600 0.000
4 2 1 7.700 70.900 0.000 0.000 29.000 2.900 0.000
4 2 2 7.000 74.700 0.000 0.000 39.000 2.700 0.000
4 2 3 6.200 79.300 0.000 0.000 38.000 3.000 0.000
4 2 4 5.600 82.900 0.000 0.000 26.000 2.700 0.000
4 2 5 5.300 85.200 0.000 0.000 24.000 2.800 0.000
4 2 6 4.800 87.500 0.000 0.000 19.000 2.800 0.000
4 2 7 4.400 89.500 0.000 0.000 27.000 2.600 0.000
4 2 8 4.000 92.600 0.000 2.800 27.000 2.700 2.800
4 2 9 4.400 94.600 14.734 73.551 20.000 2.800 76.500
4 2 10 5.400 92.300 129.726 162.805 30.000 3.900 208.100
4 2 11 6.700 88.300 231.822 216.031 43.000 4.100 327.100
4 2 12 8.400 82.500 578.523 176.174 39.000 4.100 512.400
4 2 13 10.500 74.800 780.437 135.358 34.000 3.500 641.400
4 2 14 13.000 67.900 852.888 124.147 45.000 3.500 700.900
4 2 15 15.100 60.800 891.994 117.706 35.000 4.800 708.900
4 2 16 16.000 52.000 912.372 109.791 53.000 5.200 665.400
4 2 17 16.500 46.200 924.855 94.760 51.000 5.100 574.300
4 2 18 16.700 43.900 933.596 73.342 52.000 4.800 444.500
4 2 19 16.700 39.500 951.863 47.850 39.000 5.000 290.000
4 2 20 15.700 37.500 1045.476 20.410 52.000 4.600 123.700
4 2 21 13.800 39.600 0.000 7.900 52.000 3.900 7.900
4 2 22 13.000 44.800 0.000 0.000 32.000 4.100 0.000
4 2 23 11.600 50.500 0.000 0.000 29.000 3.800 0.000
4 2 24 10.100 53.500 0.000 0.000 34.000 3.500 0.000
4 3 1 8.900 57.400 0.000 0.000 45.000 3.200 0.000
4 3 2 7.900 61.500 0.000 0.000 56.000 3.600 0.000
4 3 3 7.100 65.300 0.000 0.000 62.000 3.000 0.000
4 3 4 6.600 68.400 0.000 0.000 64.000 3.200 0.000
4 3 5 6.300 70.000 0.000 0.000 67.000 3.000 0.000
4 3 6 5.600 71.000 0.000 0.000 64.000 2.900 0.000
4 3 7 5.000 74.800 0.000 0.000 54.000 2.300 0.000
4 3 8 5.400 74.300 0.000 5.000 73.000 2.600 5.000
4 3 9 6.700 65.900 23.399 81.577 80.000 2.800 86.400
4 3 10 9.300 57.500 228.226 160.289 84.000 2.400 241.300
4 3 11 11.100 51.900 517.337 161.236 100.000 2.100 412.000
4 3 12 13.200 48.000 664.143 153.136 99.000 1.800 542.700
4 3 13 15.600 45.200 782.757 135.614 84.000 2.200 647.200
4 3 14 16.900 41.400 849.388 125.516 107.000 2.900 704.100
4 3 15 17.900 37.500 889.257 118.498 96.000 3.100 712.100
4 3 16 18.800 37.100 910.718 110.418 76.000 3.200 669.200
4 3 17 19.000 38.500 922.680 95.353 52.000 3.300 577.900
4 3 18 19.300 40.300 930.381 73.904 67.000 3.300 447.900
4 3 19 19.300 41.300 944.931 48.329 95.000 3.500 292.900
4 3 20 18.300 43.300 1020.226 20.823 85.000 3.200 126.200
4 3 21 16.100 49.700 0.000 8.100 77.000 2.500 8.100
4 3 22 13.700 60.300 0.000 0.000 43.000 1.600 0.000
4 3 23 12.400 70.000 0.000 0.000 26.000 2.500 0.000
4 3 24 12.000 74.000 0.000 0.000 32.000 1.900 0.000
4 4 1 11.000 76.300 0.000 0.000 39.000 2.100 0.000
4 4 2 10.000 79.900 0.000 0.000 23.000 1.400 0.000
4 4 3 9.000 84.500 0.000 0.000 40.000 1.300 0.000
4 4 4 8.400 87.800 0.000 0.000 355.000 0.900 0.000
4 4 5 7.400 90.200 0.000 0.000 27.000 1.000 0.000
4 4 6 7.000 93.200 0.000 0.000 24.000 0.900 0.000
4 4 7 6.600 94.600 0.000 0.000 102.000 0.800 0.000
4 4 8 6.500 95.300 0.671 5.963 340.000 1.400 6.000
4 4 9 8.700 93.100 23.745 84.065 358.000 1.100 89.100
4 4 10 11.900 80.600 256.018 159.850 347.000 0.800 252.200
4 4 11 15.000 64.100 497.039 167.713 338.000 0.900 411.400
4 4 12 17.200 53.200 673.438 151.691 26.000 1.200 550.300
4 4 13 18.500 47.300 783.896 136.166 23.000 1.600 652.500
4 4 14 19.400 43.900 850.798 125.995 61.000 1.900 709.700
4 4 15 20.400 41.800 890.263 119.244 26.000 2.000 717.700
4 4 16 20.800 40.500 892.799 109.655 346.000 1.800 661.500
4 4 17 20.200 40.700 659.035 138.810 336.000 3.000 486.400
4 4 18 20.800 40.300 869.244 72.963 293.000 2.500 426.200
4 4 19 20.600 38.700 936.743 48.725 289.000 3.400 295.300
4 4 20 20.100 39.000 985.645 20.988 288.000 3.200 127.200
4 4 21 18.600 42.000 0.000 9.100 297.000 3.100 9.100
4 4 22 16.100 50.300 0.000 0.000 312.000 3.200 0.000
4 4 23 16.600 56.200 0.000 0.000 351.000 3.400 0.000
4 4 24 15.800 56.800 0.000 0.000 21.000 3.100 0.000
4 5 1 13.900 61.400 0.000 0.000 15.000 3.000 0.000
4 5 2 13.200 63.100 0.000 0.000 15.000 3.800 0.000
4 5 3 11.700 62.000 0.000 0.000 4.000 3.000 0.000
4 5 4 10.400 65.400 0.000 0.000 13.000 4.000 0.000
4 5 5 8.900 69.600 0.000 0.000 12.000 4.000 0.000
4 5 6 7.600 73.400 0.000 0.000 18.000 4.300 0.000
4 5 7 6.700 76.300 0.000 0.000 16.000 4.300 0.000
4 5 8 5.800 75.500 0.067 1.996 22.000 4.600 2.000
4 5 9 6.100 72.300 3.334 48.273 29.000 3.100 49.000
4 5 10 6.700 67.000 94.523 168.864 22.000 3.800 203.500
4 5 11 7.000 61.900 346.876 203.024 27.000 3.800 375.000
4 5 12 8.000 58.600 381.060 235.938 8.000 3.900 463.500
4 5 13 9.500 49.800 674.439 169.556 359.000 3.700 617.200
4 5 14 10.300 45.900 469.090 245.304 6.000 4.800 569.400
4 5 15 11.500 45.600 295.319 290.707 12.000 6.100 490.600
4 5 16 10.500 40.200 402.737 240.054 24.000 7.000 490.800
4 5 17 10.500 35.500 785.248 109.489 14.000 6.400 527.100
4 5 18 9.800 33.600 918.293 74.531 18.000 7.700 451.700
4 5 19 8.900 36.300 887.700 47.451 15.000 7.200 285.000
4 5 20 6.900 40.700 906.372 20.097 17.000 7.600 121.800
4 5 21 5.500 42.700 0.000 8.900 37.000 7.000 8.900
4 5 22 4.700 43.800 0.000 0.000 31.000 5.800 0.000
4 5 23 4.100 46.400 0.000 0.000 33.000 4.500 0.000
4 5 24 3.600 48.600 0.000 0.000 31.000 4.200 0.000
4 6 1 3.100 48.900 0.000 0.000 32.000 4.000 0.000
4 6 2 2.800 50.700 0.000 0.000 18.000 3.400 0.000
4 6 3 2.600 54.000 0.000 0.000 24.000 3.200 0.000
4 6 4 1.900 57.600 0.000 0.000 10.000 2.600 0.000
4 6 5 1.600 61.000 0.000 0.000 351.000 2.900 0.000
4 6 6 2.000 63.600 0.000 0.000 347.000 2.400 0.000
4 6 7 2.100 66.100 0.000 0.000 344.000 2.500 0.000
4 6 8 2.100 67.300 0.060 1.996 352.000 2.600 2.000
4 6 9 2.700 67.200 8.181 72.769 354.000 3.100 74.600
4 6 10 3.700 65.400 292.460 160.077 1.000 3.700 268.900
4 6 11 4.600 56.700 443.882 183.710 8.000 5.700 406.200
4 6 12 6.000 46.000 489.461 207.845 22.000 6.100 502.700
4 6 13 6.300 39.900 559.301 208.082 345.000 5.700 582.100
4 6 14 7.000 40.300 676.419 176.826 354.000 5.000 647.400
4 6 15 7.700 39.600 847.784 125.365 0.000 5.400 703.100
4 6 16 8.100 32.500 912.962 113.124 354.000 5.300 685.600
4 6 17 8.500 28.300 945.917 100.221 18.000 6.500 607.400
4 6 18 8.300 30.000 951.384 78.029 26.000 6.000 472.900
4 6 19 7.900 32.500 969.040 52.074 23.000 6.400 315.600
4 6 20 7.500 34.300 1063.103 24.502 10.000 5.000 148.500
4 6 21 6.500 38.100 0.000 20.000 35.000 4.000 20.000
4 6 22 5.700 41.600 0.000 0.000 31.000 2.700 0.000
4 6 23 4.600 46.600 0.000 0.000 359.000 1.400 0.000
4 6 24 5.400 49.700 0.000 0.000 290.000 2.300 0.000
4 7 1 5.800 47.600 0.000 0.000 295.000 2.800 0.000
4 7 2 5.800 47.100 0.000 0.000 301.000 2.900 0.000
4 7 3 5.600 47.600 0.000 0.000 290.000 2.900 0.000
4 7 4 5.600 48.100 0.000 0.000 297.000 3.800 0.000
4 7 5 5.500 49.300 0.000 0.000 306.000 4.000 0.000
4 7 6 5.700 50.200 0.000 0.000 310.000 3.400 0.000
4 7 7 5.600 51.000 0.000 0.000 312.000 3.700 0.000
4 7 8 5.500 52.700 0.114 2.992 314.000 3.100 3.000
4 7 9 5.800 54.600 2.210 41.493 315.000 3.700 42.000
4 7 10 6.300 56.500 82.134 172.377 316.000 4.100 203.400
4 7 11 8.100 54.400 406.853 194.073 326.000 4.300 400.200
4 7 12 10.100 49.100 565.221 187.085 325.000 4.500 530.500
4 7 13 11.200 44.800 438.336 248.408 322.000 4.800 543.700
4 7 14 11.900 41.500 280.012 304.177 337.000 4.600 500.300
4 7 15 12.900 39.700 204.194 313.022 316.000 5.400 453.100
4 7 16 12.100 39.300 91.218 290.100 323.000 5.400 347.700
4 7 17 12.500 39.100 202.559 246.819 341.000 5.900 356.300
4 7 18 12.300 40.300 33.794 174.429 310.000 6.400 188.600
4 7 19 12.100 41.100 57.545 122.303 317.000 4.600 138.200
4 7 20 12.000 39.900 252.214 53.671 318.000 4.300 84.200
4 7 21 11.700 39.600 0.000 15.000 337.000 3.600 15.000
4 7 22 10.600 42.000 0.000 0.000 3.000 2.900 0.000
4 7 23 9.300 46.700 0.000 0.000 10.000 2.600 0.000
4 7 24 8.100 52.500 0.000 0.000 3.000 2.300 0.000
4 8 1 6.000 61.800 0.000 0.000 349.000 1.600 0.000
4 8 2 4.800 71.300 0.000 0.000 348.000 2.100 0.000
4 8 3 4.000 77.000 0.000 0.000 347.000 2.300 0.000
4 8 4 3.600 81.200 0.000 0.000 344.000 1.700 0.000
4 8 5 5.200 81.100 0.000 0.000 327.000 1.800 0.000
4 8 6 5.700 77.900 0.000 0.000 326.000 1.600 0.000
4 8 7 5.800 77.700 0.000 0.000 2.000 1.600 0.000
4 8 8 5.900 80.000 0.091 2.893 47.000 1.200 2.900
4 8 9 6.400 80.700 1.315 32.891 6.000 0.800 33.200
4 8 10 8.100 74.600 7.521 121.817 51.000 1.800 124.700
4 8 11 9.400 63.400 94.465 235.536 56.000 2.400 283.900
4 8 12 10.500 51.000 599.938 178.025 65.000 2.700 545.600
4 8 13 11.900 41.100 786.231 138.806 27.000 2.700 672.300
4 8 14 12.900 37.200 623.873 196.620 44.000 1.800 636.500
4 8 15 12.700 36.800 399.268 266.607 35.000 2.700 542.300
4 8 16 13.800 36.700 474.028 223.609 42.000 2.700 525.000
4 8 17 13.600 35.500 625.747 151.416 359.000 2.100 492.300
4 8 18 13.200 35.100 605.942 121.833 335.000 2.600 378.500
4 8 19 13.600 35.200 731.078 63.997 351.000 2.200 269.100
4 8 20 13.000 35.700 648.245 33.492 349.000 2.600 114.800
4 8 21 11.800 38.500 0.000 10.700 340.000 2.100 10.700
4 8 22 9.600 45.700 0.000 0.000 54.000 2.100 0.000
4 8 23 8.400 53.700 0.000 0.000 77.000 2.400 0.000
4 8 24 7.800 56.400 0.000 0.000 94.000 2.300 0.000
4 9 1 7.200 58.900 0.000 0.000 136.000 1.700 0.000
4 9 2 6.500 60.700 0.000 0.000 115.000 1.700 0.000
4 9 3 5.600 61.600 0.000 0.000 140.000 1.200 0.000
4 9 4 5.300 63.400 0.000 0.000 154.000 1.300 0.000
4 9 5 5.500 64.800 0.000 0.000 176.000 1.600 0.000
4 9 6 5.200 66.100 0.000 0.000 179.000 1.300 0.000
4 9 7 5.000 68.200 0.000 0.000 174.000 1.100 0.000
4 9 8 5.100 68.700 0.090 3.092 305.000 1.100 3.100
4 9 9 6.100 67.500 0.705 24.730 162.000 1.800 24.900
4 9 10 6.900 62.900 2.876 79.982 201.000 1.500 81.100
4 9 11 8.200 58.800 106.461 239.131 227.000 1.500 294.200
4 9 12 10.900 57.100 630.674 170.007 281.000 1.400 559.600
4 9 13 13.100 51.400 628.534 188.780 286.000 3.100 618.300
4 9 14 13.500 44.800 455.727 255.475 295.000 3.800 578.900
4 9 15 14.600 40.800 372.586 276.179 292.000 4.400 535.100
4 9 16 13.800 41.100 64.713 286.276 293.000 5.400 327.700
4 9 17 13.800 42.800 45.000 236.395 299.000 5.600 261.100
4 9 18 13.800 43.300 32.977 177.192 300.000 5.800 191.300
4 9 19 13.600 45.900 55.892 125.582 310.000 5.000 141.500
4 9 20 13.000 48.900 149.348 60.216 323.000 5.900 79.600
4 9 21 12.000 52.100 0.000 17.400 333.000 4.800 17.400
4 9 22 10.900 56.700 0.000 0.000 329.000 4.200 0.000
4 9 23 9.600 64.000 0.000 0.000 336.000 5.100 0.000
4 9 24 8.700 70.500 0.000 0.000 323.000 4.600 0.000
4 10 1 8.200 73.000 0.000 0.000 309.000 4.800 0.000
4 10 2 7.500 74.400 0.000 0.000 300.000 4.700 0.000
4 10 3 6.900 76.100 0.000 0.000 296.000 4.600 0.000
4 10 4 6.400 79.000 0.000 0.000 299.000 4.500 0.000
4 10 5 6.000 82.300 0.000 0.000 299.000 3.900 0.000
4 10 6 6.000 84.900 0.000 0.000 306.000 4.200 0.000
4 10 7 6.100 86.100 0.000 0.000 311.000 3.600 0.000
4 10 8 6.300 86.400 0.131 3.988 317.000 3.300 4.000
4 10 9 6.500 84.900 1.774 39.962 316.000 3.900 40.400
4 10 10 7.100 81.600 7.758 126.242 316.000 3.900 129.300
4 10 11 7.800 76.500 87.981 239.130 328.000 3.900 285.100
4 10 12 9.300 70.700 470.116 219.743 304.000 4.300 512.500
4 10 13 10.300 64.500 460.706 245.875 293.000 4.400 562.900
4 10 14 10.800 61.500 756.258 154.547 285.000 4.900 694.700
4 10 15 11.800 59.400 876.792 124.049 283.000 5.700 737.200
4 10 16 13.100 55.000 874.194 114.498 292.000 5.100 677.800
4 10 17 13.800 52.200 839.020 102.574 303.000 5.700 566.700
4 10 18 13.800 50.800 798.587 86.032 282.000 5.900 431.000
4 10 19 14.100 49.000 807.483 56.608 287.000 4.900 290.000
4 10 20 13.700 49.900 945.648 25.064 281.000 5.000 151.900
4 10 21 12.900 54.400 0.000 24.900 271.000 3.600 24.900
4 10 22 12.300 57.700 0.000 0.000 277.000 5.200 0.000
4 10 23 10.900 61.700 0.000 0.000 270.000 6.100 0.000
4 10 24 9.700 66.400 0.000 0.000 263.000 5.000 0.000
4 11 1 9.200 69.200 0.000 0.000 269.000 5.300 0.000
4 11 2 9.100 71.400 0.000 0.000 268.000 5.700 0.000
4 11 3 8.700 73.200 0.000 0.000 272.000 6.100 0.000
4 11 4 8.300 75.900 0.000 0.000 284.000 6.200 0.000
4 11 5 7.300 77.100 0.000 0.000 308.000 8.300 0.000
4 11 6 7.200 77.400 0.000 0.000 279.000 6.600 0.000
4 11 7 7.400 78.300 0.000 0.000 287.000 6.700 0.000
4 11 8 7.700 78.600 0.070 3.093 291.000 6.000 3.100
4 11 9 8.000 78.200 2.200 45.445 289.000 6.100 46.000
4 11 10 8.200 77.400 5.595 113.964 288.000 6.800 116.200
4 11 11 9.100 75.300 145.687 244.627 296.000 6.700 321.500
4 11 12 11.300 70.000 371.210 249.406 291.000 7.100 482.400
4 11 13 11.100 65.900 7.251 217.676 294.000 7.100 222.700
4 11 14 11.100 65.200 2.345 133.614 297.000 7.200 135.300
4 11 15 11.300 66.100 2.332 130.459 299.000 7.500 132.100
4 11 16 11.500 67.200 2.578 126.328 299.000 6.000 128.000
4 11 17 12.800 65.400 6.605 170.119 294.000 4.600 173.800
4 11 18 14.500 60.400 210.945 197.804 297.000 5.700 289.800
4 11 19 14.800 57.100 481.617 101.773 305.000 5.400 243.000
4 11 20 14.400 56.500 897.447 24.557 282.000 3.800 148.800
4 11 21 13.300 59.100 0.000 21.000 273.000 3.000 21.000
4 11 22 12.200 64.500 0.000 0.000 282.000 2.800 0.000
4 11 23 10.500 69.800 0.000 0.000 355.000 1.600 0.000
4 11 24 9.300 76.700 0.000 0.000 305.000 0.600 0.000
4 12 1 8.900 82.800 0.000 0.000 29.000 1.100 0.000
4 12 2 7.100 87.200 0.000 0.000 174.000 0.700 0.000
4 12 3 6.300 91.500 0.000 0.000 290.000 1.100 0.000
4 12 4 7.500 91.100 0.000 0.000 312.000 3.100 0.000
4 12 5 9.700 87.400 0.000 0.000 273.000 2.400 0.000
4 12 6 9.800 85.300 0.000 0.000 283.000 2.300 0.000
4 12 7 9.700 86.300 0.000 0.000 292.000 2.500 0.000
4 12 8 9.700 87.600 0.929 11.906 298.000 2.900 12.000
4 12 9 10.100 87.000 5.937 75.569 290.000 3.000 77.100
4 12 10 10.400 84.800 36.610 169.774 317.000 3.300 184.600
4 12 11 11.000 81.600 23.516 210.071 299.000 3.300 222.600
4 12 12 11.000 79.000 10.308 216.180 246.000 3.100 222.700
4 12 13 10.900 79.000 9.090 231.960 266.000 3.100 238.300
4 12 14 11.800 78.000 198.912 329.752 252.000 3.200 473.600
4 12 15 13.600 71.300 851.419 128.573 229.000 2.100 731.300
4 12 16 16.000 63.600 885.126 115.252 198.000 1.600 693.000
4 12 17 16.300 55.800 909.190 100.865 254.000 1.200 611.300
4 12 18 17.200 49.500 897.549 78.085 335.000 1.100 473.200
4 12 19 17.500 46.300 912.203 53.608 86.000 1.300 324.900
4 12 20 16.800 45.900 970.543 27.374 175.000 1.800 165.900
4 12 21 15.000 51.500 0.000 28.700 159.000 1.500 28.700
4 12 22 12.100 62.700 0.000 0.000 94.000 1.400 0.000
4 12 23 10.100 75.300 0.000 0.000 96.000 1.800 0.000
4 12 24 9.500 82.600 0.000 0.000 88.000 2.400 0.000
4 13 1 9.000 85.600 0.000 0.000 90.000 2.100 0.000
4 13 2 8.900 88.700 0.000 0.000 88.000 2.500 0.000
4 13 3 8.600 90.900 0.000 0.000 88.000 2.500 0.000
4 13 4 8.600 92.200 0.000 0.000 125.000 2.600 0.000
4 13 5 7.900 93.400 0.000 0.000 123.000 2.500 0.000
4 13 6 7.700 94.800 0.000 0.000 119.000 2.500 0.000
4 13 7 7.600 95.100 0.000 0.000 115.000 2.900 0.000
4 13 8 8.400 94.000 3.306 23.546 125.000 2.500 23.900
4 13 9 10.300 87.800 27.755 106.292 125.000 2.800 113.600
4 13 10 13.300 76.100 278.290 177.637 147.000 3.500 291.800
4 13 11 16.200 63.100 557.659 166.489 153.000 3.700 466.400
4 13 12 18.100 54.600 548.403 200.185 162.000 4.500 549.700
4 13 13 20.200 48.100 598.052 203.440 169.000 4.100 623.300
4 13 14 21.000 43.800 186.155 333.363 194.000 4.400 468.800
4 13 15 20.900 43.100 75.290 321.884 205.000 4.300 375.500
4 13 16 22.200 42.200 448.558 237.771 218.000 5.900 532.400
4 13 17 21.600 42.400 17.464 212.725 206.000 5.700 222.600
4 13 18 20.700 45.200 1.458 65.252 247.000 5.300 65.900
4 13 19 20.200 48.400 46.521 130.072 270.000 5.400 144.100
4 13 20 20.100 50.200 620.565 40.979 231.000 4.700 132.200
4 13 21 18.900 52.900 0.000 33.000 263.000 2.300 33.000
4 13 22 16.700 61.300 0.000 0.000 206.000 2.100 0.000
4 13 23 16.400 68.300 0.000 0.000 216.000 2.400 0.000
4 13 24 17.100 66.900 0.000 0.000 253.000 2.800 0.000
4 14 1 16.300 67.500 0.000 0.000 243.000 2.100 0.000
4 14 2 15.500 72.200 0.000 0.000 228.000 2.000 0.000
4 14 3 12.900 78.600 0.000 0.000 213.000 1.900 0.000
4 14 4 12.100 86.800 0.000 0.000 263.000 1.700 0.000
4 14 5 10.600 91.900 0.000 0.000 252.000 1.300 0.000
4 14 6 9.700 94.900 0.000 0.000 226.000 1.700 0.000
4 14 7 9.200 96.500 0.000 0.000 261.000 1.500 0.000
4 14 8 9.400 97.100 0.555 10.238 214.000 1.400 10.300
4 14 9 11.700 95.900 29.779 109.498 208.000 1.300 117.500
4 14 10 14.300 85.500 359.962 166.658 262.000 1.400 316.200
4 14 11 16.600 71.400 457.314 194.080 240.000 2.500 442.300
4 14 12 17.400 65.300 477.958 223.318 265.000 3.000 530.200
4 14 13 17.800 63.900 292.377 302.219 243.000 2.400 508.800
4 14 14 18.500 59.900 360.578 293.406 247.000 3.500 557.300
4 14 15 19.400 54.000 175.208 329.302 239.000 3.200 454.800
4 14 16 19.400 50.900 96.446 303.359 238.000 2.700 367.100
4 14 17 20.100 46.200 839.654 104.930 184.000 2.500 583.100
4 14 18 20.200 41.500 856.270 80.725 166.000 1.000 464.600
4 14 19 20.300 39.300 917.373 55.407 236.000 1.600 335.800
4 14 20 19.600 40.100 953.497 28.495 20.000 1.800 172.700
4 14 21 17.600 47.400 0.000 31.900 25.000 2.000 31.900
4 14 22 15.100 56.800 0.000 0.000 76.000 2.800 0.000
4 14 23 14.200 63.900 0.000 0.000 105.000 2.600 0.000
4 14 24 13.700 67.800 0.000 0.000 85.000 2.800 0.000
4 15 1 13.500 70.400 0.000 0.000 77.000 3.900 0.000
4 15 2 14.700 69.300 0.000 0.000 72.000 4.100 0.000
4 15 3 14.900 69.500 0.000 0.000 82.000 5.200 0.000
4 15 4 14.600 73.200 0.000 0.000 86.000 4.300 0.000
4 15 5 14.600 73.900 0.000 0.000 86.000 4.600 0.000
4 15 6 14.300 74.200 0.000 0.000 90.000 4.700 0.000
4 15 7 13.100 76.800 0.000 0.000 85.000 4.600 0.000
4 15 8 12.600 80.700 3.237 25.718 80.000 4.100 26.100
4 15 9 13.400 80.700 87.674 125.070 77.000 3.800 149.100
4 15 10 15.800 74.900 303.512 178.048 88.000 4.600 305.700
4 15 11 18.600 65.700 518.815 179.552 95.000 4.700 463.700
4 15 12 21.100 56.700 646.711 171.647 114.000 6.100 589.900
4 15 13 21.100 51.600 305.328 300.510 129.000 6.800 517.600
4 15 14 21.200 51.700 108.307 339.374 126.000 7.100 419.100
4 15 15 21.500 52.000 48.760 312.074 137.000 6.100 347.200
4 15 16 21.100 51.900 4.569 171.462 127.000 6.300 174.500
4 15 17 20.400 54.200 1.741 91.902 125.000 7.000 92.900
4 15 18 19.900 56.200 3.301 99.407 139.000 5.800 100.900
4 15 19 19.200 58.700 8.891 102.346 135.000 5.900 105.100
4 15 20 18.200 63.800 5.839 45.192 121.000 5.700 46.100
4 15 21 17.900 68.500 0.000 6.900 116.000 5.500 6.900
4 15 22 16.900 71.200 0.000 0.000 115.000 5.500 0.000
4 15 23 15.900 74.500 0.000 0.000 126.000 5.500 0.000
4 15 24 15.600 76.000 0.000 0.000 135.000 4.900 0.000
4 16 1 15.300 76.600 0.000 0.000 133.000 3.700 0.000
4 16 2 14.800 79.000 0.000 0.000 129.000 3.200 0.000
4 16 3 14.100 81.800 0.000 0.000 137.000 2.700 0.000
4 16 4 13.200 85.400 0.000 0.000 141.000 2.800 0.000
4 16 5 12.300 89.900 0.000 0.000 184.000 2.500 0.000
4 16 6 13.100 92.100 0.000 0.000 236.000 3.100 0.000
4 16 7 12.800 92.200 0.000 0.000 246.000 2.000 0.000
4 16 8 12.800 92.300 3.576 28.258 261.000 2.000 28.700
4 16 9 13.900 90.700 82.582 126.928 231.000 2.300 150.000
4 16 10 15.900 85.200 300.668 180.517 244.000 1.600 308.500
4 16 11 18.100 74.400 506.840 184.157 237.000 2.200 464.200
4 16 12 19.500 65.700 662.157 167.809 227.000 1.900 599.100
4 16 13 20.800 60.700 735.507 159.929 207.000 2.300 686.100
4 16 14 22.200 54.800 815.960 141.537 193.000 2.400 745.600
4 16 15 23.500 50.200 860.855 129.470 162.000 2.100 753.100
4 16 16 24.300 45.900 877.465 118.007 163.000 2.500 704.900
4 16 17 25.100 42.300 875.397 101.968 99.000 3.100 607.400
4 16 18 25.500 40.500 887.888 80.396 133.000 3.200 485.500
4 16 19 25.900 38.000 813.473 60.257 119.000 3.800 315.500
4 16 20 24.200 39.100 608.160 45.311 107.000 3.000 142.400
4 16 21 22.300 45.500 0.000 21.400 83.000 3.400 21.400
4 16 22 20.600 53.500 0.000 0.000 67.000 3.700 0.000
4 16 23 20.500 59.500 0.000 0.000 78.000 4.700 0.000
4 16 24 20.500 60.300 0.000 0.000 90.000 4.400 0.000
4 17 1 19.500 61.000 0.000 0.000 88.000 4.000 0.000
4 17 2 18.200 63.900 0.000 0.000 87.000 4.000 0.000
4 17 3 17.700 67.000 0.000 0.000 86.000 4.200 0.000
4 17 4 17.000 69.400 0.000 0.000 85.000 4.100 0.000
4 17 5 16.300 72.000 0.000 0.000 87.000 4.100 0.000
4 17 6 15.600 75.000 0.000 0.000 93.000 3.200 0.000
4 17 7 15.200 77.600 0.000 0.000 90.000 2.900 0.000
4 17 8 14.600 80.500 3.931 30.893 87.000 2.300 31.400
4 17 9 15.700 78.900 43.580 121.596 88.000 2.800 134.000
4 17 10 17.600 70.900 107.340 198.272 140.000 2.800 244.500
4 17 11 19.200 62.900 301.998 235.896 147.000 3.000 404.200
4 17 12 21.400 56.000 575.533 196.421 184.000 3.100 573.900
4 17 13 23.100 50.000 716.251 166.913 168.000 3.900 682.400
4 17 14 24.100 46.200 789.999 149.193 193.000 2.700 737.300
4 17 15 25.100 44.500 539.576 230.962 150.000 3.300 624.000
4 17 16 25.500 44.100 295.085 286.481 117.000 2.300 485.000
4 17 17 24.400 46.200 428.154 215.135 296.000 3.700 464.000
4 17 18 22.700 51.200 519.235 150.462 303.000 4.500 389.400
4 17 19 22.200 54.900 404.114 121.080 312.000 4.400 249.500
4 17 20 21.100 58.700 224.294 73.459 321.000 4.000 110.200
4 17 21 18.900 65.600 0.000 20.800 312.000 3.600 20.800
4 17 22 17.900 71.900 0.000 0.000 311.000 3.800 0.000
4 17 23 16.800 75.800 0.000 0.000 300.000 3.600 0.000
4 17 24 15.900 79.000 0.000 0.000 290.000 2.900 0.000
4 18 1 15.300 81.300 0.000 0.000 301.000 2.600 0.000
4 18 2 14.700 83.500 0.000 0.000 289.000 2.700 0.000
4 18 3 14.300 85.900 0.000 0.000 298.000 2.700 0.000
4 18 4 13.700 88.400 0.000 0.000 231.000 3.300 0.000
4 18 5 13.400 91.300 0.000 0.000 257.000 3.000 0.000
4 18 6 13.800 92.500 0.000 0.000 264.000 2.100 0.000
4 18 7 13.600 92.200 0.000 0.000 225.000 3.400 0.000
4 18 8 13.200 94.600 0.065 4.191 252.000 2.600 4.200
4 18 9 12.600 96.900 1.674 45.515 245.000 3.600 46.000
4 18 10 12.300 97.000 1.269 59.647 258.000 4.000 60.200
4 18 11 11.800 95.700 1.310 78.164 268.000 4.100 78.900
4 18 12 11.600 93.700 2.477 125.864 268.000 3.500 127.500
4 18 13 11.600 92.600 2.146 128.547 268.000 3.600 130.100
4 18 14 12.000 90.300 3.640 172.475 281.000 3.800 175.200
4 18 15 12.300 86.600 4.194 180.928 257.000 3.200 184.000
4 18 16 12.400 84.200 2.610 132.334 254.000 3.700 134.100
4 18 17 12.000 83.800 2.531 112.719 272.000 3.900 114.200
4 18 18 11.900 84.200 1.750 74.488 259.000 4.500 75.300
4 18 19 11.700 84.700 5.732 92.656 290.000 4.200 94.500
4 18 20 11.500 86.100 1.968 28.570 289.000 3.400 28.900
4 18 21 11.400 87.700 0.000 4.100 304.000 3.700 4.100
4 18 22 11.100 90.500 0.000 0.000 287.000 3.600 0.000
4 18 23 10.600 94.000 0.000 0.000 297.000 3.700 0.000
4 18 24 10.100 95.700 0.000 0.000 294.000 4.000 0.000
4 19 1 9.500 97.200 0.000 0.000 279.000 4.000 0.000
4 19 2 9.200 98.200 0.000 0.000 277.000 3.700 0.000
4 19 3 9.100 97.700 0.000 0.000 266.000 2.500 0.000
4 19 4 8.800 97.500 0.000 0.000 270.000 2.500 0.000
4 19 5 8.800 97.200 0.000 0.000 280.000 2.500 0.000
4 19 6 8.800 97.100 0.000 0.000 265.000 2.500 0.000
4 19 7 8.700 97.000 0.000 0.000 259.000 1.600 0.000
4 19 8 8.600 97.500 0.054 3.992 249.000 3.000 4.000
4 19 9 8.700 98.000 0.553 26.737 211.000 4.700 26.900
4 19 10 8.600 97.800 2.149 78.253 225.000 3.800 79.200
4 19 11 8.900 96.900 2.982 118.310 235.000 3.500 120.000
4 19 12 9.500 93.800 4.257 165.371 234.000 3.000 168.200
4 19 13 10.000 89.500 3.688 168.815 244.000 3.500 171.500
4 19 14 9.100 87.500 1.377 107.264 212.000 3.700 108.300
4 19 15 9.500 86.400 0.954 87.498 187.000 3.400 88.200
4 19 16 8.900 87.500 0.816 74.845 215.000 3.300 75.400
4 19 17 8.600 91.400 1.273 80.750 217.000 2.800 81.500
4 19 18 9.200 92.000 7.313 146.878 226.000 2.700 150.300
4 19 19 9.300 89.600 6.099 96.313 219.000 4.600 98.300
4 19 20 9.500 86.300 33.455 71.044 218.000 2.800 76.800
4 19 21 9.600 84.700 0.000 16.100 203.000 2.100 16.100
4 19 22 9.500 86.000 0.000 0.000 174.000 2.200 0.000
4 19 23 9.300 87.700 0.000 0.000 171.000 2.100 0.000
4 19 24 9.100 89.000 0.000 0.000 181.000 2.100 0.000
4 20 1 8.300 90.200 0.000 0.000 169.000 1.700 0.000
4 20 2 6.900 93.500 0.000 0.000 159.000 1.400 0.000
4 20 3 6.100 97.900 0.000 0.000 134.000 1.600 0.000
4 20 4 5.700 99.400 0.000 0.000 125.000 2.000 0.000
4 20 5 5.400 99.400 0.000 0.000 120.000 1.700 0.000
4 20 6 5.200 99.300 0.000 0.000 116.000 2.200 0.000
4 20 7 4.800 99.300 0.000 0.000 125.000 1.500 0.000
4 20 8 5.500 99.600 3.221 31.433 144.000 1.300 31.900
4 20 9 6.600 99.700 86.951 136.423 149.000 1.300 162.500
4 20 10 8.600 99.600 340.506 181.379 138.000 1.500 333.000
4 20 11 12.100 86.100 547.294 178.392 171.000 1.500 491.000
4 20 12 14.500 67.900 707.003 157.371 172.000 2.400 630.400
4 20 13 15.600 58.300 801.611 142.923 184.000 2.300 729.900
4 20 14 17.200 55.100 854.089 135.623 200.000 2.300 781.700
4 20 15 17.900 49.600 892.094 130.513 258.000 1.500 790.700
4 20 16 19.000 43.000 909.014 122.892 298.000 1.400 744.800
4 20 17 19.400 40.300 915.988 107.267 195.000 2.000 650.100
4 20 18 19.900 39.300 891.757 83.165 152.000 1.700 503.800
4 20 19 19.900 39.100 487.530 112.495 4.000 1.100 273.200
4 20 20 19.700 40.200 406.982 66.716 189.000 1.400 138.400
4 20 21 17.800 48.200 0.000 22.600 156.000 1.000 22.600
4 20 22 14.900 63.900 0.000 0.000 327.000 1.100 0.000
4 20 23 13.300 77.400 0.000 0.000 32.000 1.100 0.000
4 20 24 12.400 82.600 0.000 0.000 36.000 1.000 0.000
4 21 1 12.000 86.000 0.000 0.000 112.000 0.800 0.000
4 21 2 12.400 87.800 0.000 0.000 136.000 1.000 0.000
4 21 3 12.400 88.000 0.000 0.000 205.000 2.200 0.000
4 21 4 13.200 89.200 0.000 0.000 214.000 2.800 0.000
4 21 5 13.000 92.300 0.000 0.000 285.000 2.100 0.000
4 21 6 12.800 96.500 0.000 0.000 233.000 1.000 0.000
4 21 7 12.000 98.500 0.000 0.000 157.000 1.500 0.000
4 21 8 12.600 98.900 0.050 4.093 175.000 1.900 4.100
4 21 9 13.500 98.300 0.991 36.898 204.000 1.900 37.200
4 21 10 14.000 96.800 5.710 129.231 182.000 1.500 131.800
4 21 11 14.900 90.000 8.495 187.710 197.000 1.900 192.600
4 21 12 15.800 83.500 258.854 294.310 238.000 2.000 468.600
4 21 13 17.000 77.900 145.631 339.373 217.000 1.900 446.600
4 21 14 17.200 73.200 33.715 313.965 195.000 2.900 339.600
4 21 15 17.500 70.200 44.997 318.331 230.000 2.900 351.800
4 21 16 18.100 62.000 136.727 317.252 242.000 3.300 411.300
4 21 17 18.200 55.900 33.621 246.151 251.000 2.400 266.200
4 21 18 18.200 52.100 28.461 191.868 253.000 2.300 205.400
4 21 19 18.100 49.900 12.419 117.758 226.000 2.500 121.900
4 21 20 18.000 52.100 51.010 78.208 156.000 2.800 87.400
4 21 21 17.200 60.000 0.000 11.000 174.000 2.700 11.000
4 21 22 15.000 74.700 0.000 0.000 166.000 2.100 0.000
4 21 23 13.500 86.100 0.000 0.000 194.000 1.900 0.000
4 21 24 12.500 91.900 0.000 0.000 196.000 2.200 0.000
4 22 1 11.400 96.000 0.000 0.000 196.000 2.000 0.000
4 22 2 10.500 98.200 0.000 0.000 199.000 1.800 0.000
4 22 3 9.900 99.000 0.000 0.000 228.000 2.000 0.000
4 22 4 10.200 98.400 0.000 0.000 273.000 1.700 0.000
4 22 5 10.100 98.400 0.000 0.000 252.000 2.000 0.000
4 22 6 10.100 97.900 0.000 0.000 278.000 1.800 0.000
4 22 7 10.100 97.100 0.000 0.000 278.000 1.500 0.000
4 22 8 11.000 96.900 0.181 8.072 311.000 2.700 8.100
4 22 9 12.700 92.700 1.626 47.896 257.000 1.900 48.400
4 22 10 13.400 86.600 4.114 111.130 331.000 2.000 113.000
4 22 11 14.200 81.100 252.430 254.570 345.000 1.900 401.000
4 22 12 15.500 74.800 514.950 221.825 273.000 3.200 570.700
4 22 13 16.700 66.700 646.406 194.887 288.000 2.200 673.400
4 22 14 17.800 59.600 143.854 352.076 229.000 2.800 462.000
4 22 15 17.400 57.800 4.863 198.365 248.000 2.900 202.000
4 22 16 17.200 60.000 9.705 232.289 229.000 2.700 239.000
4 22 17 17.000 61.200 8.108 193.335 254.000 3.600 198.200
4 22 18 17.300 60.600 93.239 218.622 262.000 3.100 263.300
4 22 19 17.600 59.700 415.762 126.236 240.000 3.200 266.500
4 22 20 17.400 57.900 286.364 78.748 244.000 2.600 131.500
4 22 21 16.500 60.300 0.000 37.800 288.000 2.400 37.800
4 22 22 14.100 71.800 0.000 0.000 269.000 1.900 0.000
4 22 23 13.400 81.800 0.000 0.000 294.000 2.200 0.000
4 22 24 11.700 86.800 0.000 0.000 278.000 1.900 0.000
4 23 1 10.800 92.400 0.000 0.000 274.000 1.700 0.000
4 23 2 10.400 95.300 0.000 0.000 286.000 2.200 0.000
4 23 3 10.600 96.000 0.000 0.000 260.000 1.700 0.000
4 23 4 9.900 95.600 0.000 0.000 269.000 1.500 0.000
4 23 5 9.700 96.900 0.000 0.000 272.000 1.600 0.000
4 23 6 9.100 98.200 0.000 0.000 328.000 1.400 0.000
4 23 7 8.800 98.600 0.000 0.000 325.000 2.000 0.000
4 23 8 8.600 98.600 4.235 39.721 36.000 1.100 40.400
4 23 9 11.100 97.200 76.998 141.680 71.000 0.600 165.900
4 23 10 13.500 89.900 260.338 200.246 79.000 1.600 319.800
4 23 11 15.300 78.700 268.814 253.202 64.000 0.800 410.300
4 23 12 16.800 67.800 322.392 281.958 88.000 1.100 501.700
4 23 13 17.700 60.000 243.101 328.491 48.000 1.100 509.400
4 23 14 17.900 57.700 134.021 353.787 98.000 1.300 456.700
4 23 15 18.000 56.900 86.293 340.982 75.000 1.700 405.800
4 23 16 17.500 57.500 13.017 247.352 348.000 2.200 256.400
4 23 17 17.200 62.100 59.989 266.092 40.000 3.700 302.300
4 23 18 17.200 65.700 161.827 221.659 33.000 3.600 299.800
4 23 19 17.300 64.900 177.683 155.878 63.000 3.800 216.500
4 23 20 16.800 66.100 232.387 83.663 50.000 3.100 127.400
4 23 21 16.500 68.800 0.000 21.700 51.000 3.400 21.700
4 23 22 14.400 72.300 0.000 0.000 47.000 3.700 0.000
4 23 23 13.600 78.400 0.000 0.000 56.000 3.400 0.000
4 23 24 13.400 80.200 0.000 0.000 52.000 3.800 0.000
4 24 1 12.800 79.500 0.000 0.000 60.000 3.600 0.000
4 24 2 12.100 81.100 0.000 0.000 56.000 3.200 0.000
4 24 3 11.600 81.100 0.000 0.000 58.000 2.800 0.000
4 24 4 10.500 80.100 0.000 0.000 32.000 2.500 0.000
4 24 5 10.700 80.600 0.000 0.000 26.000 3.000 0.000
4 24 6 10.200 82.100 0.000 0.000 36.000 3.100 0.000
4 24 7 9.800 84.100 0.000 0.000 28.000 3.100 0.000
4 24 8 10.700 80.600 0.301 11.050 47.000 3.500 11.100
4 24 9 11.300 76.000 3.409 71.112 47.000 4.100 72.200
4 24 10 12.300 73.500 69.087 206.963 46.000 4.000 239.000
4 24 11 13.600 68.600 215.466 264.162 36.000 4.600 391.000
4 24 12 15.000 61.900 301.909 288.803 40.000 5.000 495.800
4 24 13 16.300 52.600 448.685 268.081 42.000 5.500 603.700
4 24 14 17.700 46.400 742.484 168.223 39.000 5.800 741.100
4 24 15 18.000 46.000 652.366 196.046 34.000 5.000 688.400
4 24 16 17.600 45.000 388.461 269.508 33.000 4.600 540.900
4 24 17 18.400 44.400 705.461 142.483 45.000 4.900 570.800
4 24 18 17.300 46.900 648.973 127.170 37.000 4.500 442.900
4 24 19 16.900 50.900 449.713 123.466 42.000 4.800 278.600
4 24 20 16.000 55.200 325.885 79.174 18.000 4.600 141.800
4 24 21 15.200 58.500 0.000 31.000 16.000 4.500 31.000
4 24 22 14.400 61.300 0.000 0.000 19.000 3.900 0.000
4 24 23 13.500 64.800 0.000 0.000 19.000 4.200 0.000
4 24 24 12.500 69.600 0.000 0.000 21.000 4.200 0.000
4 25 1 11.200 76.300 0.000 0.000 12.000 4.700 0.000
4 25 2 9.800 82.700 0.000 0.000 21.000 4.000 0.000
4 25 3 9.400 86.600 0.000 0.000 13.000 4.300 0.000
4 25 4 9.300 88.000 0.000 0.000 26.000 4.500 0.000
4 25 5 9.300 87.700 0.000 0.000 20.000 4.200 0.000
4 25 6 9.400 87.600 0.000 0.000 27.000 3.900 0.000
4 25 7 9.200 88.100 0.000 0.000 27.000 4.500 0.000
4 25 8 9.100 88.200 0.137 7.677 29.000 4.200 7.700
4 25 9 9.300 86.300 1.874 53.693 29.000 4.000 54.300
4 25 10 8.900 84.400 5.239 128.747 32.000 4.400 131.200
4 25 11 9.700 82.300 35.952 246.386 32.000 3.800 267.700
4 25 12 10.400 77.600 377.431 269.129 15.000 3.300 529.400
4 25 13 12.800 69.400 576.419 222.865 0.000 3.200 656.200
4 25 14 14.600 60.100 718.194 177.167 25.000 3.600 733.900
4 25 15 16.000 46.300 839.769 137.751 53.000 3.400 774.500
4 25 16 16.500 33.500 881.948 123.066 73.000 4.200 742.300
4 25 17 17.000 29.800 878.666 107.034 53.000 4.200 643.600
4 25 18 17.000 30.400 895.974 86.774 49.000 3.900 525.900
4 25 19 17.100 31.800 906.580 62.469 85.000 3.700 378.600
4 25 20 16.300 33.800 918.871 35.607 27.000 3.700 215.800
4 25 21 14.900 39.000 0.000 65.300 40.000 3.900 65.300
4 25 22 13.800 46.200 0.000 0.000 34.000 4.300 0.000
4 25 23 12.400 51.200 0.000 0.000 18.000 4.200 0.000
4 25 24 11.100 56.600 0.000 0.000 40.000 3.700 0.000
4 26 1 10.000 61.500 0.000 0.000 44.000 3.100 0.000
4 26 2 9.300 65.200 0.000 0.000 39.000 3.600 0.000
4 26 3 8.200 68.900 0.000 0.000 53.000 3.300 0.000
4 26 4 7.500 72.600 0.000 0.000 77.000 3.000 0.000
4 26 5 7.000 75.900 0.000 0.000 73.000 2.900 0.000
4 26 6 6.800 78.700 0.000 0.000 83.000 3.400 0.000
4 26 7 6.500 78.800 0.000 1.000 95.000 3.600 1.000
4 26 8 6.500 77.900 12.714 61.877 88.000 3.600 64.100
4 26 9 7.700 72.400 227.746 146.182 100.000 4.100 221.000
4 26 10 9.500 62.800 463.736 165.697 84.000 4.700 384.800
4 26 11 11.200 53.600 631.879 160.602 89.000 4.400 537.800
4 26 12 12.600 46.900 767.349 143.470 82.000 4.200 675.600
4 26 13 13.800 42.100 845.087 136.067 83.000 3.900 774.500
4 26 14 14.000 38.900 886.279 136.624 76.000 5.500 826.800
4 26 15 14.700 37.900 912.278 137.313 60.000 5.000 832.200
4 26 16 15.400 36.900 930.085 129.673 60.000 5.100 785.900
4 26 17 15.300 35.100 936.663 113.668 57.000 4.900 688.900
4 26 18 15.400 34.400 943.802 92.070 57.000 5.200 558.000
4 26 19 15.100 34.200 951.770 66.281 53.000 4.300 401.700
4 26 20 14.500 34.300 968.595 38.280 61.000 4.900 232.000
4 26 21 13.300 37.100 0.000 72.100 69.000 3.900 72.100
4 26 22 11.700 42.200 0.000 0.000 66.000 3.000 0.000
4 26 23 10.200 48.700 0.000 0.000 67.000 3.100 0.000
4 26 24 10.700 51.800 0.000 0.000 66.000 3.900 0.000
4 27 1 9.800 51.300 0.000 0.000 63.000 3.800 0.000
4 27 2 8.800 52.800 0.000 0.000 75.000 3.900 0.000
4 27 3 7.100 56.900 0.000 0.000 81.000 3.000 0.000
4 27 4 5.600 63.300 0.000 0.000 82.000 2.700 0.000
4 27 5 5.100 68.200 0.000 0.000 85.000 3.000 0.000
4 27 6 5.500 68.900 0.000 0.000 89.000 3.500 0.000
4 27 7 4.800 69.400 0.000 2.000 94.000 3.700 2.000
4 27 8 5.400 68.900 14.982 65.409 101.000 3.800 68.100
4 27 9 6.600 64.400 239.351 146.994 98.000 3.500 226.700
4 27 10 8.900 57.900 478.434 163.717 102.000 3.500 391.800
4 27 11 12.100 49.100 648.846 156.565 87.000 4.100 546.500
4 27 12 13.600 42.500 775.776 141.676 100.000 4.400 682.600
4 27 13 15.000 38.800 851.461 135.468 116.000 4.400 781.800
4 27 14 15.700 35.400 889.828 137.560 115.000 4.100 833.600
4 27 15 16.600 33.900 916.625 138.583 100.000 4.100 839.900
4 27 16 17.000 32.100 935.779 131.092 113.000 3.800 794.500
4 27 17 17.800 29.500 942.291 114.989 116.000 3.600 696.900
4 27 18 18.200 28.000 952.234 93.555 119.000 3.600 567.000
4 27 19 17.900 26.100 954.618 67.172 110.000 3.300 407.100
4 27 20 17.300 26.600 975.219 39.286 108.000 3.300 238.100
4 27 21 15.600 32.200 0.000 77.000 119.000 3.000 77.000
4 27 22 12.600 41.500 0.000 0.000 99.000 2.500 0.000
4 27 23 11.000 49.900 0.000 0.000 94.000 3.200 0.000
4 27 24 9.900 57.700 0.000 0.000 107.000 3.400 0.000
4 28 1 9.500 63.500 0.000 0.000 122.000 2.900 0.000
4 28 2 8.000 65.400 0.000 0.000 113.000 2.700 0.000
4 28 3 6.800 69.000 0.000 0.000 102.000 2.600 0.000
4 28 4 6.000 74.200 0.000 0.000 96.000 2.000 0.000
4 28 5 5.400 78.800 0.000 0.000 89.000 2.000 0.000
4 28 6 5.000 81.400 0.000 0.000 87.000 2.100 0.000
4 28 7 4.600 83.800 0.000 2.000 82.000 2.100 2.000
4 28 8 5.900 85.100 14.952 67.045 97.000 1.900 69.800
4 28 9 8.500 76.700 225.682 150.150 109.000 1.900 226.300
4 28 10 11.100 62.900 469.378 167.075 121.000 1.300 392.800
4 28 11 14.700 50.600 637.338 160.770 77.000 1.600 546.300
4 28 12 16.700 40.500 765.786 145.087 91.000 2.300 681.900
4 28 13 17.900 33.300 846.394 136.811 54.000 2.100 782.300
4 28 14 18.400 30.400 885.290 137.685 35.000 2.200 833.200
4 28 15 19.300 28.400 911.226 138.369 47.000 1.500 838.600
4 28 16 20.100 26.000 927.774 130.581 354.000 1.800 791.400
4 28 17 20.900 25.100 934.885 114.708 196.000 1.600 695.200
4 28 18 21.100 23.000 942.783 93.274 159.000 1.700 565.300
4 28 19 21.300 22.300 942.189 66.974 145.000 1.200 405.900
4 28 20 20.700 26.100 954.825 39.188 331.000 2.000 237.500
4 28 21 19.000 29.200 1225.938 13.316 342.000 2.300 80.700
4 28 22 15.900 36.500 0.000 0.000 160.000 2.700 0.000
4 28 23 13.100 49.300 0.000 0.000 292.000 1.300 0.000
4 28 24 11.400 56.400 0.000 0.000 284.000 1.800 0.000
4 29 1 10.100 63.500 0.000 0.000 272.000 1.600 0.000
4 29 2 9.100 70.900 0.000 0.000 259.000 1.800 0.000
4 29 3 8.100 78.300 0.000 0.000 294.000 1.700 0.000
4 29 4 7.800 84.000 0.000 0.000 241.000 2.000 0.000
4 29 5 7.200 86.800 0.000 0.000 273.000 2.100 0.000
4 29 6 7.300 87.600 0.000 0.000 279.000 2.300 0.000
4 29 7 7.600 85.600 0.000 1.900 284.000 2.500 1.900
4 29 8 9.200 81.000 11.028 64.918 309.000 2.400 67.000
4 29 9 12.500 70.700 176.903 155.644 321.000 1.600 216.100
4 29 10 15.500 58.500 388.940 186.266 290.000 2.300 374.900
4 29 11 17.000 52.600 432.136 221.930 313.000 3.100 485.000
4 29 12 17.300 52.300 374.859 274.957 302.000 3.400 539.100
4 29 13 19.000 49.300 712.688 176.102 281.000 4.100 722.100
4 29 14 20.000 45.000 823.594 146.295 304.000 3.800 796.100
4 29 15 20.400 44.300 818.309 144.386 279.000 3.800 775.900
4 29 16 21.500 42.800 881.601 125.183 281.000 3.400 756.000
4 29 17 21.700 41.700 894.726 110.369 297.000 4.800 668.900
4 29 18 22.000 42.700 885.644 88.340 335.000 4.100 534.800
4 29 19 21.800 43.700 821.621 67.590 301.000 4.300 366.100
4 29 20 21.400 46.000 788.782 41.781 307.000 3.900 208.600
4 29 21 20.500 49.900 942.130 11.531 304.000 3.500 67.100
4 29 22 18.600 55.900 0.000 0.000 1.000 3.100 0.000
4 29 23 16.900 62.700 0.000 0.000 10.000 2.800 0.000
4 29 24 15.400 69.000 0.000 0.000 7.000 2.700 0.000
4 30 1 14.500 73.300 0.000 0.000 12.000 1.900 0.000
4 30 2 12.800 78.300 0.000 0.000 9.000 1.400 0.000
4 30 3 11.800 85.100 0.000 0.000 15.000 1.600 0.000
4 30 4 11.100 88.500 0.000 0.000 346.000 1.000 0.000
4 30 5 10.000 91.700 0.000 0.000 9.000 0.700 0.000
4 30 6 9.600 95.200 0.000 0.000 278.000 1.200 0.000
4 30 7 9.300 97.100 0.000 3.000 265.000 1.400 3.000
4 30 8 10.100 97.100 6.286 57.585 312.000 1.700 58.800
4 30 9 13.300 93.100 85.926 156.470 299.000 1.500 186.200
4 30 10 15.500 81.600 358.876 194.009 307.000 1.800 369.500
4 30 11 17.200 69.500 529.347 194.751 287.000 2.000 519.000
4 30 12 18.600 64.200 530.001 224.943 302.000 3.300 600.300
4 30 13 19.500 60.600 484.583 261.306 304.000 3.700 634.200
4 30 14 20.200 54.100 635.302 210.868 285.000 3.500 714.200
4 30 15 21.000 48.900 804.158 148.516 288.000 3.400 771.700
4 30 16 21.600 44.400 869.550 125.907 280.000 3.200 750.900
4 30 17 22.100 42.300 880.885 109.722 290.000 3.300 662.500
4 30 18 22.800 42.400 893.409 89.595 308.000 3.100 543.000
4 30 19 22.300 40.600 889.911 64.515 322.000 3.600 391.000
4 30 20 22.000 40.000 881.591 37.642 307.000 2.800 227.400
4 30 21 20.500 43.700 1058.295 13.167 317.000 3.100 79.800
4 30 22 18.000 53.600 0.000 1.000 324.000 2.700 1.000
4 30 23 15.600 66.400 0.000 0.000 351.000 2.300 0.000
4 30 24 14.300 75.100 0.000 0.000 21.000 2.900 0.000
5 1 1 15.400 73.500 0.000 0.000 13.000 2.600 0.000
5 1 2 13.700 74.100 0.000 0.000 28.000 1.900 0.000
5 1 3 12.700 82.500 0.000 0.000 15.000 1.500 0.000
5 1 4 11.300 85.600 0.000 0.000 68.000 1.600 0.000
5 1 5 10.400 90.800 0.000 0.000 70.000 1.300 0.000
5 1 6 9.800 94.000 0.000 0.000 130.000 1.100 0.000
5 1 7 9.300 96.300 0.000 3.000 101.000 1.200 3.000
5 1 8 10.200 96.000 19.615 75.123 173.000 1.200 79.000
5 1 9 14.100 92.500 223.488 155.745 166.000 1.100 234.000
5 1 10 17.100 77.400 452.173 174.812 145.000 2.000 397.700
5 1 11 19.300 59.700 608.320 171.927 189.000 1.700 546.800
5 1 12 20.700 52.100 736.310 155.657 164.000 1.700 679.700
5 1 13 21.700 46.800 812.418 145.725 191.000 2.100 773.600
5 1 14 22.200 42.800 828.452 145.976 178.000 1.700 805.000
5 1 15 23.600 39.600 838.028 140.720 267.000 2.000 792.800
5 1 16 23.700 35.300 839.064 130.364 272.000 1.900 736.100
5 1 17 24.300 32.100 870.098 110.383 244.000 2.600 659.200
5 1 18 24.500 30.100 915.504 92.417 136.000 1.300 560.100
5 1 19 24.400 29.600 922.270 67.502 14.000 1.400 409.100
5 1 20 24.000 31.900 934.669 40.442 138.000 1.600 245.100
5 1 21 21.900 38.600 1084.540 14.338 100.000 1.600 86.900
5 1 22 19.300 47.600 0.000 1.000 114.000 1.600 1.000
5 1 23 16.800 55.400 0.000 0.000 124.000 2.500 0.000
5 1 24 15.400 61.800 0.000 0.000 125.000 2.400 0.000
5 2 1 14.200 67.700 0.000 0.000 128.000 2.500 0.000
5 2 2 13.800 72.000 0.000 0.000 151.000 2.500 0.000
5 2 3 12.700 75.400 0.000 0.000 149.000 2.500 0.000
5 2 4 11.800 78.600 0.000 0.000 127.000 2.500 0.000
5 2 5 12.000 79.500 0.000 0.000 134.000 2.300 0.000
5 2 6 12.800 78.100 0.000 0.000 151.000 2.200 0.000
5 2 7 13.200 74.400 0.000 3.900 151.000 1.700 3.900
5 2 8 13.100 75.300 4.236 49.944 167.000 1.300 50.800
5 2 9 15.100 73.600 61.770 155.919 180.000 1.700 177.800
5 2 10 18.300 65.600 254.099 216.372 220.000 2.200 342.600
5 2 11 21.900 56.700 276.577 265.361 211.000 3.100 436.800
5 2 12 24.200 47.500 355.342 284.383 227.000 3.600 538.500
5 2 13 25.000 43.100 610.040 215.645 273.000 4.300 689.100
5 2 14 26.900 38.300 822.160 147.891 253.000 5.200 804.500
5 2 15 27.000 32.800 480.958 266.170 253.000 6.500 641.900
5 2 16 27.800 30.400 86.589 327.720 233.000 6.700 390.500
5 2 17 27.400 29.600 86.427 286.511 266.000 5.600 341.300
5 2 18 27.700 28.400 852.768 91.148 256.000 6.300 529.600
5 2 19 26.700 27.500 494.871 124.886 245.000 5.200 309.900
5 2 20 21.000 37.800 9.023 73.291 265.000 8.300 75.300
5 2 21 16.100 67.500 2.964 14.690 92.000 4.900 14.900
5 2 22 15.800 91.500 0.000 0.000 6.000 2.100 0.000
5 2 23 16.200 95.300 0.000 0.000 228.000 1.800 0.000
5 2 24 15.900 96.500 0.000 0.000 233.000 2.400 0.000
5 3 1 15.200 96.900 0.000 0.000 274.000 2.100 0.000
5 3 2 14.600 96.700 0.000 0.000 263.000 2.500 0.000
5 3 3 14.300 96.600 0.000 0.000 256.000 2.500 0.000
5 3 4 14.700 96.900 0.000 0.000 306.000 2.500 0.000
5 3 5 13.900 96.400 0.000 0.000 320.000 2.700 0.000
5 3 6 13.000 95.400 0.000 0.000 319.000 2.400 0.000
5 3 7 12.700 92.900 0.023 1.099 332.000 2.500 1.100
5 3 8 12.100 89.200 3.065 43.468 321.000 2.700 44.100
5 3 9 12.200 84.300 114.577 163.857 318.000 2.800 204.900
5 3 10 12.600 78.400 402.154 188.714 307.000 3.100 390.000
5 3 11 13.700 72.700 626.235 168.110 302.000 3.400 558.500
5 3 12 14.900 63.500 769.252 146.714 295.000 3.700 699.400
5 3 13 15.600 56.400 533.134 245.633 296.000 3.400 661.100
5 3 14 16.400 54.300 180.260 363.882 269.000 2.500 508.400
5 3 15 16.200 53.100 119.051 359.035 279.000 2.300 452.400
5 3 16 15.400 53.500 9.620 242.996 287.000 2.100 250.000
5 3 17 14.900 58.300 2.794 128.320 213.000 2.200 130.100
5 3 18 13.900 68.100 1.982 87.975 224.000 1.600 89.000
5 3 19 14.200 76.700 7.641 119.217 191.000 1.400 122.100
5 3 20 13.900 79.000 41.755 95.452 74.000 0.500 104.900
5 3 21 14.200 79.000 25.467 29.498 182.000 1.000 31.400
5 3 22 14.000 81.600 0.000 0.000 185.000 1.400 0.000
5 3 23 14.100 84.600 0.000 0.000 294.000 2.200 0.000
5 3 24 12.900 87.500 0.000 0.000 276.000 2.700 0.000
5 4 1 12.500 89.300 0.000 0.000 286.000 3.800 0.000
5 4 2 12.100 87.200 0.000 0.000 280.000 4.700 0.000
5 4 3 12.000 80.600 0.000 0.000 290.000 6.300 0.000
5 4 4 11.000 72.100 0.000 0.000 285.000 6.000 0.000
5 4 5 10.200 69.200 0.000 0.000 297.000 6.800 0.000
5 4 6 9.100 74.100 0.000 0.000 279.000 4.900 0.000
5 4 7 8.900 79.100 0.077 2.095 268.000 5.500 2.100
5 4 8 9.200 78.000 0.727 21.747 282.000 6.100 21.900
5 4 9 9.400 75.700 3.445 80.853 277.000 5.600 82.100
5 4 10 10.000 74.400 12.082 176.108 281.000 5.900 182.200
5 4 11 10.700 74.100 99.302 285.153 270.000 5.400 347.400
5 4 12 10.800 71.300 5.545 203.598 274.000 6.100 207.600
5 4 13 10.700 69.900 2.398 146.124 259.000 5.800 148.000
5 4 14 11.300 72.300 9.068 265.002 292.000 6.100 272.300
5 4 15 11.600 68.000 35.631 325.451 264.000 6.100 353.500
5 4 16 12.500 57.200 110.014 333.871 259.000 6.300 414.300
5 4 17 12.900 51.500 55.667 278.665 265.000 5.300 314.300
5 4 18 14.000 49.800 618.838 142.119 254.000 5.500 464.300
5 4 19 13.500 50.100 298.902 159.713 255.000 4.400 273.500
5 4 20 12.800 53.100 50.134 98.975 309.000 4.200 110.500
5 4 21 11.400 60.300 261.734 33.955 328.000 3.200 54.500
5 4 22 11.200 67.500 0.000 2.100 332.000 2.500 2.100
5 4 23 9.700 71.400 0.000 0.000 348.000 3.600 0.000
5 4 24 8.400 81.900 0.000 0.000 39.000 2.800 0.000
5 5 1 8.300 87.100 0.000 0.000 42.000 2.900 0.000
5 5 2 8.200 82.600 0.000 0.000 50.000 3.200 0.000
5 5 3 7.000 83.100 0.000 0.000 54.000 3.200 0.000
5 5 4 5.900 86.600 0.000 0.000 80.000 2.800 0.000
5 5 5 5.100 88.300 0.000 0.000 70.000 3.000 0.000
5 5 6 4.800 88.700 0.000 0.000 62.000 3.800 0.000
5 5 7 4.500 87.000 0.065 1.996 76.000 3.100 2.000
5 5 8 5.800 82.700 0.378 16.019 78.000 3.200 16.100
5 5 9 6.400 78.000 1.144 47.381 72.000 3.600 47.800
5 5 10 7.200 74.900 6.533 153.083 71.000 4.000 156.400
5 5 11 8.400 69.900 257.275 273.363 56.000 4.500 435.500
5 5 12 10.500 56.600 788.104 142.293 77.000 4.700 713.600
5 5 13 12.300 46.300 864.399 137.464 93.000 4.000 816.400
5 5 14 12.800 41.400 890.840 142.181 65.000 4.500 861.700
5 5 15 13.400 38.900 883.181 138.061 58.000 4.000 835.900
5 5 16 13.300 38.000 507.494 240.087 47.000 4.300 612.600
5 5 17 12.800 38.300 122.378 294.290 359.000 4.400 373.000
5 5 18 13.100 38.300 215.487 233.530 14.000 4.600 346.400
5 5 19 12.300 38.700 395.953 145.642 14.000 3.500 297.700
5 5 20 12.200 40.600 788.165 45.815 14.000 3.500 229.800
5 5 21 11.700 39.900 1035.185 16.830 42.000 3.000 102.000
5 5 22 10.300 40.700 0.000 2.100 38.000 2.800 2.100
5 5 23 8.200 47.800 0.000 0.000 28.000 2.500 0.000
5 5 24 7.800 55.500 0.000 0.000 29.000 2.300 0.000
5 6 1 7.300 58.300 0.000 0.000 20.000 2.200 0.000
5 6 2 5.800 63.400 0.000 0.000 9.000 1.400 0.000
5 6 3 4.600 71.000 0.000 0.000 21.000 1.800 0.000
5 6 4 3.800 75.600 0.000 0.000 42.000 1.900 0.000
5 6 5 3.100 79.400 0.000 0.000 19.000 1.200 0.000
5 6 6 2.700 84.800 0.000 0.000 28.000 0.800 0.000
5 6 7 2.300 87.400 2.886 13.805 335.000 1.700 14.000
5 6 8 3.500 86.500 62.892 96.071 295.000 0.800 109.800
5 6 9 7.200 75.400 295.556 155.347 299.000 1.900 264.600
5 6 10 9.600 58.900 525.188 162.690 280.000 2.400 431.200
5 6 11 11.700 48.400 672.120 156.317 316.000 3.700 582.100
5 6 12 12.700 40.500 774.006 146.711 314.000 3.100 710.200
5 6 13 13.400 35.400 845.670 140.367 338.000 3.200 807.100
5 6 14 14.300 34.200 882.540 141.542 297.000 3.900 856.900
5 6 15 15.400 33.500 911.553 142.841 323.000 4.100 865.700
5 6 16 16.100 33.300 925.748 134.805 311.000 4.200 817.000
5 6 17 16.800 34.300 825.649 118.408 354.000 4.400 651.900
5 6 18 14.600 42.900 373.915 204.781 336.000 5.800 401.800
5 6 19 14.400 51.700 852.108 68.450 317.000 5.300 398.500
5 6 20 13.800 51.000 920.467 43.098 267.000 4.100 261.200
5 6 21 13.400 52.800 919.347 15.626 138.000 2.100 94.700
5 6 22 12.900 56.000 0.000 2.100 345.000 2.300 2.100
5 6 23 12.300 59.900 0.000 0.000 335.000 2.100 0.000
5 6 24 11.600 65.700 0.000 0.000 343.000 1.200 0.000
5 7 1 9.400 74.200 0.000 0.000 4.000 1.500 0.000
5 7 2 7.900 83.200 0.000 0.000 27.000 2.200 0.000
5 7 3 7.500 87.900 0.000 0.000 67.000 2.300 0.000
5 7 4 7.500 89.800 0.000 0.000 74.000 2.500 0.000
5 7 5 7.700 89.800 0.000 0.000 73.000 3.100 0.000
5 7 6 7.900 87.700 0.000 0.000 71.000 3.300 0.000
5 7 7 7.300 86.600 0.302 4.778 70.000 2.900 4.800
5 7 8 7.800 83.400 20.544 84.836 68.000 3.000 89.400
5 7 9 9.100 75.300 104.648 169.936 82.000 4.300 209.000
5 7 10 10.300 63.600 267.418 221.268 86.000 4.700 358.900
5 7 11 11.800 51.600 386.612 243.748 84.000 4.400 489.900
5 7 12 13.600 44.500 551.244 223.119 62.000 4.800 626.100
5 7 13 14.800 36.200 681.483 191.542 72.000 5.800 730.800
5 7 14 15.500 30.300 776.706 162.842 87.000 5.900 794.600
5 7 15 15.400 30.000 827.759 145.176 90.000 5.200 803.900
5 7 16 15.400 28.500 827.982 134.904 85.000 5.400 747.400
5 7 17 15.400 27.600 813.532 121.255 66.000 6.600 649.300
5 7 18 15.600 27.200 792.459 102.910 65.000 5.500 522.900
5 7 19 14.600 27.600 669.701 96.721 73.000 5.200 358.300
5 7 20 14.400 29.500 353.142 95.499 86.000 5.000 180.400
5 7 21 13.300 31.200 494.262 29.863 61.000 4.200 74.200
5 7 22 12.200 34.700 0.000 3.700 78.000 3.400 3.700
5 7 23 10.600 40.300 0.000 0.000 77.000 2.600 0.000
5 7 24 9.600 47.100 0.000 0.000 100.000 2.500 0.000
5 8 1 8.700 52.500 0.000 0.000 61.000 2.200 0.000
5 8 2 8.100 55.500 0.000 0.000 66.000 2.400 0.000
5 8 3 6.800 59.300 0.000 0.000 70.000 2.200 0.000
5 8 4 5.500 66.000 0.000 0.000 76.000 2.100 0.000
5 8 5 4.500 73.100 0.000 0.000 66.000 2.400 0.000
5 8 6 4.900 75.700 0.000 0.000 73.000 2.400 0.000
5 8 7 3.900 77.100 1.372 10.696 69.000 1.900 10.800
5 8 8 5.900 77.600 28.600 90.538 76.000 1.800 97.000
5 8 9 8.400 67.000 218.223 167.468 88.000 1.900 249.700
5 8 10 10.700 52.500 147.814 236.534 145.000 1.400 313.100
5 8 11 12.600 43.400 569.060 189.512 116.000 1.600 553.600
5 8 12 14.200 37.200 739.015 158.275 63.000 2.200 700.700
5 8 13 13.900 35.000 396.738 300.242 34.000 2.500 615.300
5 8 14 14.500 34.800 206.672 365.029 27.000 2.100 533.700
5 8 15 14.700 34.800 74.599 356.231 18.000 3.500 415.800
5 8 16 16.300 36.000 33.721 304.262 43.000 2.200 329.300
5 8 17 15.500 36.000 18.231 244.214 57.000 3.900 256.100
5 8 18 15.600 35.600 33.805 218.481 44.000 2.200 236.500
5 8 19 15.200 36.400 56.451 171.369 66.000 2.700 193.600
5 8 20 14.600 38.000 134.631 111.471 60.000 3.800 144.300
5 8 21 13.400 41.200 802.825 17.756 71.000 2.800 92.700
5 8 22 12.800 47.100 0.000 2.200 101.000 1.700 2.200
5 8 23 11.900 54.300 0.000 0.000 138.000 1.700 0.000
5 8 24 9.700 61.600 0.000 0.000 118.000 1.800 0.000
5 9 1 8.200 68.400 0.000 0.000 98.000 0.800 0.000
5 9 2 7.700 73.600 0.000 0.000 73.000 1.000 0.000
5 9 3 7.700 76.200 0.000 0.000 59.000 0.600 0.000
5 9 4 6.800 79.400 0.000 0.000 61.000 0.700 0.000
5 9 5 6.000 84.500 0.000 0.000 76.000 1.600 0.000
5 9 6 4.600 89.700 0.000 0.000 71.000 0.800 0.000
5 9 7 4.300 93.000 2.724 15.784 79.000 0.700 16.000
5 9 8 5.200 93.200 68.478 101.677 72.000 0.900 117.400
5 9 9 9.300 82.600 303.887 158.338 78.000 0.700 273.900
5 9 10 12.500 63.800 519.347 166.906 293.000 1.300 437.600
5 9 11 14.400 49.200 644.221 166.671 350.000 1.600 580.800
5 9 12 15.700 40.000 729.718 161.707 341.000 1.600 699.400
5 9 13 16.500 33.600 792.769 154.270 136.000 1.900 786.000
5 9 14 17.400 31.400 765.078 167.348 126.000 2.500 793.800
5 9 15 17.200 31.600 491.648 267.293 311.000 1.700 661.200
5 9 16 18.300 30.300 486.419 250.498 263.000 3.100 613.000
5 9 17 19.000 28.800 486.154 220.175 292.000 3.200 538.500
5 9 18 18.100 30.500 407.386 199.946 309.000 2.900 418.300
5 9 19 19.000 31.300 357.634 156.729 302.000 1.400 298.700
5 9 20 18.900 30.500 324.592 100.954 186.000 2.400 181.200
5 9 21 17.900 32.700 952.563 18.249 285.000 2.300 110.600
5 9 22 15.200 40.600 0.000 7.000 276.000 2.400 7.000
5 9 23 13.300 51.600 0.000 0.000 260.000 3.200 0.000
5 9 24 12.400 56.900 0.000 0.000 258.000 3.200 0.000
5 10 1 12.100 59.500 0.000 0.000 253.000 3.200 0.000
5 10 2 12.200 59.400 0.000 0.000 249.000 2.700 0.000
5 10 3 12.600 58.000 0.000 0.000 319.000 2.400 0.000
5 10 4 12.400 56.900 0.000 0.000 292.000 2.200 0.000
5 10 5 12.000 57.700 0.000 0.000 279.000 1.500 0.000
5 10 6 11.300 61.400 0.000 0.000 311.000 2.300 0.000
5 10 7 9.400 68.700 1.901 13.842 318.000 2.500 14.000
5 10 8 10.600 74.100 64.706 102.711 309.000 1.800 117.800
5 10 9 11.900 75.100 303.790 159.655 317.000 2.200 276.200
5 10 10 13.400 74.800 522.705 166.914 303.000 2.300 441.000
5 10 11 14.400 69.300 461.245 224.636 330.000 3.300 522.500
5 10 12 14.800 63.800 220.126 327.987 300.000 3.500 490.800
5 10 13 15.500 61.700 165.250 363.376 322.000 3.300 495.500
5 10 14 15.600 59.800 75.434 366.436 351.000 3.000 428.400
5 10 15 15.300 60.500 28.454 321.629 352.000 4.000 344.500
5 10 16 16.000 60.800 240.966 327.278 341.000 3.300 507.500
5 10 17 17.000 54.900 803.783 124.564 317.000 3.400 653.100
5 10 18 18.400 50.600 692.688 127.196 320.000 3.900 500.500
5 10 19 17.900 50.700 559.899 120.087 349.000 4.000 344.100
5 10 20 17.200 52.100 638.759 65.556 11.000 3.700 225.600
5 10 21 16.300 55.800 842.922 17.884 33.000 3.700 102.600
5 10 22 14.800 60.200 0.000 5.400 37.000 3.300 5.400
5 10 23 13.400 64.600 0.000 0.000 66.000 3.800 0.000
5 10 24 12.200 68.500 0.000 0.000 45.000 4.600 0.000
5 11 1 10.400 72.500 0.000 0.000 54.000 3.400 0.000
5 11 2 9.100 77.700 0.000 0.000 45.000 2.700 0.000
5 11 3 8.500 80.300 0.000 0.000 62.000 2.200 0.000
5 11 4 7.400 83.100 0.000 0.000 74.000 2.400 0.000
5 11 5 6.800 85.400 0.000 0.000 66.000 2.500 0.000
5 11 6 6.500 85.400 0.000 0.000 71.000 2.700 0.000
5 11 7 6.500 86.100 0.036 1.997 77.000 2.700 2.000
5 11 8 7.800 85.000 0.691 23.836 90.000 2.200 24.000
5 11 9 8.900 81.100 18.105 144.595 99.000 3.000 151.600
5 11 10 10.600 76.200 235.450 231.521 81.000 2.900 355.700
5 11 11 12.500 70.000 499.214 213.688 90.000 2.200 537.500
5 11 12 14.200 64.200 422.818 271.324 107.000 2.400 585.200
5 11 13 15.400 56.700 580.042 232.626 91.000 2.800 697.900
5 11 14 16.300 49.000 778.393 163.628 94.000 2.100 805.000
5 11 15 17.000 42.800 885.160 141.042 100.000 3.100 854.800
5 11 16 18.100 38.500 899.944 133.469 74.000 3.500 808.900
5 11 17 18.200 36.200 893.061 116.523 131.000 2.400 706.200
5 11 18 18.300 34.300 862.035 94.544 94.000 4.000 561.600
5 11 19 18.300 34.300 830.984 72.871 54.000 3.300 407.900
5 11 20 17.500 35.900 889.794 44.632 45.000 3.600 270.500
5 11 21 16.200 37.600 939.314 19.305 66.000 4.200 117.000
5 11 22 14.100 40.700 0.000 8.900 83.000 3.300 8.900
5 11 23 12.400 45.900 0.000 0.000 79.000 2.700 0.000
5 11 24 12.200 51.500 0.000 0.000 47.000 4.500 0.000
5 12 1 10.900 56.500 0.000 0.000 59.000 4.300 0.000
5 12 2 9.900 60.200 0.000 0.000 68.000 3.500 0.000
5 12 3 8.800 62.500 0.000 0.000 59.000 3.200 0.000
5 12 4 7.800 64.900 0.000 0.000 63.000 2.700 0.000
5 12 5 7.100 67.400 0.000 0.000 45.000 2.600 0.000
5 12 6 5.800 70.800 0.000 0.000 50.000 2.200 0.000
5 12 7 5.500 74.300 2.929 18.635 40.000 2.400 18.900
5 12 8 6.700 72.700 81.300 107.582 59.000 2.400 127.100
5 12 9 7.800 68.400 306.083 161.804 80.000 2.900 281.200
5 12 10 9.700 62.500 522.788 168.526 87.000 2.300 445.800
5 12 11 12.200 54.500 670.581 160.170 60.000 1.900 597.000
5 12 12 14.300 47.600 772.754 149.421 142.000 1.900 725.100
5 12 13 16.300 41.400 834.773 144.486 139.000 2.200 816.200
5 12 14 16.700 35.600 838.005 147.731 171.000 2.900 840.300
5 12 15 16.800 32.200 842.034 143.820 22.000 2.600 824.900
5 12 16 17.900 30.800 839.917 134.272 61.000 3.200 766.800
5 12 17 18.600 30.700 810.204 123.865 50.000 3.300 661.000
5 12 18 18.900 29.900 786.787 106.282 111.000 3.400 534.800
5 12 19 18.600 28.800 879.362 70.702 95.000 4.000 427.900
5 12 20 18.100 29.900 885.724 44.995 68.000 4.000 272.700
5 12 21 16.500 32.700 983.709 20.889 78.000 4.100 126.600
5 12 22 14.800 36.700 0.000 15.600 90.000 3.400 15.600
5 12 23 13.100 42.700 0.000 0.000 92.000 3.200 0.000
5 12 24 11.500 49.600 0.000 0.000 105.000 3.100 0.000
5 13 1 10.300 55.900 0.000 0.000 68.000 2.600 0.000
5 13 2 9.300 60.800 0.000 0.000 72.000 2.300 0.000
5 13 3 8.400 64.700 0.000 0.000 90.000 2.000 0.000
5 13 4 7.400 69.800 0.000 0.000 55.000 1.600 0.000
5 13 5 6.600 75.600 0.000 0.000 20.000 1.300 0.000
5 13 6 6.000 80.800 0.000 0.000 37.000 1.500 0.000
5 13 7 5.700 85.100 2.716 18.644 61.000 1.600 18.900
5 13 8 7.400 86.400 73.498 108.213 60.000 1.800 126.100
5 13 9 10.900 70.500 296.612 164.385 74.000 2.100 281.000
5 13 10 13.800 51.400 506.111 173.617 64.000 1.500 443.500
5 13 11 15.800 40.000 650.410 166.959 91.000 1.800 592.400
5 13 12 16.900 34.100 753.043 155.785 72.000 2.400 718.700
5 13 13 17.200 32.500 827.415 146.376 355.000 3.000 814.200
5 13 14 18.200 30.800 873.994 143.977 46.000 2.400 868.400
5 13 15 19.100 29.200 900.683 144.392 325.000 2.100 875.100
5 13 16 20.300 27.100 910.161 135.894 327.000 2.300 823.600
5 13 17 20.700 25.800 920.699 121.094 88.000 2.400 733.900
5 13 18 20.900 26.300 918.996 99.413 82.000 2.000 602.500
5 13 19 21.000 26.500 907.477 73.375 324.000 1.800 444.700
5 13 20 20.700 27.000 913.678 46.992 264.000 1.400 284.800
5 13 21 19.900 29.500 972.330 21.302 302.000 1.900 129.100
5 13 22 18.100 34.100 0.000 15.900 292.000 2.900 15.900
5 13 23 14.800 43.600 0.000 0.000 315.000 2.400 0.000
5 13 24 13.500 56.900 0.000 0.000 332.000 1.600 0.000
5 14 1 12.200 62.400 0.000 0.000 304.000 1.900 0.000
5 14 2 11.100 64.400 0.000 0.000 276.000 2.200 0.000
5 14 3 10.900 68.000 0.000 0.000 295.000 2.200 0.000
5 14 4 11.000 69.300 0.000 0.000 291.000 2.600 0.000
5 14 5 10.500 69.700 0.000 0.000 294.000 1.900 0.000
5 14 6 10.600 72.500 0.000 0.000 257.000 2.100 0.000
5 14 7 11.400 73.300 0.028 1.997 272.000 1.900 2.000
5 14 8 12.400 70.800 1.003 29.853 278.000 1.700 30.100
5 14 9 14.000 68.500 103.711 179.716 282.000 2.200 220.800
5 14 10 16.600 61.100 359.051 210.638 268.000 3.200 403.100
5 14 11 18.400 53.100 429.584 237.484 270.000 4.400 519.600
5 14 12 19.000 48.100 519.390 239.162 284.000 6.300 628.700
5 14 13 19.900 42.200 712.615 182.836 280.000 6.300 759.700
5 14 14 20.400 39.200 804.573 156.528 291.000 6.700 825.300
5 14 15 21.400 36.900 858.166 142.050 295.000 5.900 840.300
5 14 16 21.300 34.600 874.838 131.642 292.000 6.500 794.800
5 14 17 22.000 33.500 766.929 135.267 305.000 6.400 647.700
5 14 18 22.000 32.300 610.830 150.838 306.000 7.600 486.900
5 14 19 20.900 33.400 342.308 164.829 275.000 6.200 305.900
5 14 20 20.500 36.000 219.835 116.591 305.000 5.900 174.500
5 14 21 19.600 36.100 131.575 52.072 317.000 5.900 67.100
5 14 22 18.300 38.300 0.000 10.000 324.000 5.800 10.000
5 14 23 16.900 46.500 0.000 0.000 319.000 5.200 0.000
5 14 24 15.800 56.300 0.000 0.000 312.000 5.700 0.000
5 15 1 14.900 64.800 0.000 0.000 303.000 5.800 0.000
5 15 2 14.000 69.800 0.000 0.000 316.000 6.100 0.000
5 15 3 12.600 66.800 0.000 0.000 343.000 6.400 0.000
5 15 4 11.100 64.700 0.000 0.000 347.000 6.100 0.000
5 15 5 10.200 67.900 0.000 0.000 342.000 5.100 0.000
5 15 6 9.400 70.900 0.000 0.000 356.000 3.600 0.000
5 15 7 8.400 69.700 3.207 21.677 17.000 2.700 22.000
5 15 8 9.100 65.000 118.333 113.655 2.000 4.000 143.200
5 15 9 10.400 62.700 385.183 152.200 346.000 3.800 305.900
5 15 10 12.200 59.300 596.198 151.415 342.000 4.400 472.600
5 15 11 13.000 53.600 486.623 220.499 331.000 5.300 541.300
5 15 12 14.100 45.400 569.269 221.392 325.000 6.700 649.700
5 15 13 14.500 38.200 373.502 313.786 335.000 7.200 617.000
5 15 14 14.000 37.500 67.815 367.877 336.000 7.400 424.400
5 15 15 13.900 40.700 13.784 290.753 327.000 7.900 302.000
5 15 16 13.200 44.800 22.968 294.435 7.000 7.100 311.900
5 15 17 14.200 47.300 117.548 305.262 0.000 6.200 384.100
5 15 18 12.700 52.100 13.972 197.475 4.000 6.300 205.200
5 15 19 11.900 60.000 249.560 180.032 10.000 5.000 283.600
5 15 20 12.600 60.500 73.257 118.376 4.000 5.700 137.900
5 15 21 11.800 60.100 106.055 53.336 28.000 4.200 65.800
5 15 22 11.700 60.500 0.000 6.200 15.000 3.000 6.200
5 15 23 11.200 61.500 0.000 0.000 31.000 2.300 0.000
5 15 24 10.700 64.800 0.000 0.000 43.000 1.900 0.000
5 16 1 9.900 72.500 0.000 0.000 32.000 2.200 0.000
5 16 2 9.300 83.400 0.000 0.000 268.000 2.400 0.000
5 16 3 9.300 90.000 0.000 0.000 243.000 2.600 0.000
5 16 4 9.500 93.000 0.000 0.000 253.000 2.600 0.000
5 16 5 9.700 92.200 0.000 0.000 272.000 3.300 0.000
5 16 6 9.200 90.900 0.000 0.000 287.000 3.600 0.000
5 16 7 9.100 89.000 1.476 15.246 295.000 4.100 15.400
5 16 8 9.100 85.800 9.138 82.991 297.000 4.400 85.300
5 16 9 9.900 82.600 8.856 131.042 310.000 4.200 134.600
5 16 10 11.500 76.600 29.921 217.603 296.000 4.900 233.800
5 16 11 12.000 71.800 4.845 174.194 306.000 4.700 177.400
5 16 12 11.400 74.300 2.502 143.512 303.000 4.100 145.400
5 16 13 12.300 74.200 4.511 206.928 291.000 5.000 210.600
5 16 14 13.300 66.900 173.413 377.777 308.000 6.600 522.700
5 16 15 14.700 62.600 617.243 221.362 299.000 5.900 726.400
5 16 16 14.700 62.000 30.413 307.302 313.000 4.100 330.500
5 16 17 14.100 59.000 250.937 291.580 276.000 3.000 460.500
5 16 18 15.800 54.000 807.746 103.792 317.000 4.100 552.500
5 16 19 16.500 46.000 895.467 73.937 34.000 5.600 448.100
5 16 20 15.100 40.600 861.015 46.907 25.000 5.300 279.000
5 16 21 15.200 40.600 184.034 54.375 26.000 5.000 76.600
5 16 22 14.100 44.300 0.000 2.200 33.000 4.900 2.200
5 16 23 13.100 49.400 0.000 0.000 32.000 2.800 0.000
5 16 24 12.300 54.400 0.000 0.000 318.000 1.800 0.000
5 17 1 11.100 62.200 0.000 0.000 258.000 2.500 0.000
5 17 2 11.400 63.800 0.000 0.000 280.000 3.000 0.000
5 17 3 10.900 62.300 0.000 0.000 298.000 4.200 0.000
5 17 4 10.600 62.600 0.000 0.000 291.000 4.400 0.000
5 17 5 10.200 63.600 0.000 0.000 286.000 4.900 0.000
5 17 6 10.500 65.700 0.000 0.000 291.000 4.600 0.000
5 17 7 10.100 69.800 0.060 3.194 288.000 4.600 3.200
5 17 8 10.200 75.800 2.081 44.368 294.000 4.700 44.900
5 17 9 11.400 77.100 16.848 149.084 296.000 4.600 155.900
5 17 10 12.900 73.100 427.912 196.687 285.000 5.500 429.400
5 17 11 15.000 66.400 675.340 160.955 289.000 5.100 609.400
5 17 12 15.500 60.600 267.924 323.501 279.000 5.900 526.300
5 17 13 15.500 56.500 18.237 304.715 294.000 6.000 319.600
5 17 14 16.800 53.100 208.044 372.787 326.000 6.600 547.100
5 17 15 16.000 51.200 19.908 310.568 322.000 6.700 326.900
5 17 16 11.700 62.200 6.221 225.940 45.000 6.700 230.700
5 17 17 10.400 76.400 2.680 132.889 21.000 4.900 134.700
5 17 18 11.300 71.100 6.126 163.881 14.000 5.500 167.300
5 17 19 10.800 66.900 2.121 73.708 7.000 3.100 74.600
5 17 20 11.000 68.700 4.435 68.691 19.000 2.700 69.900
5 17 21 11.200 70.400 64.876 54.458 333.000 2.200 62.500
5 17 22 10.400 73.500 0.000 8.900 302.000 2.300 8.900
5 17 23 9.000 80.500 0.000 0.000 300.000 2.700 0.000
5 17 24 9.000 87.100 0.000 0.000 313.000 2.700 0.000
5 18 1 8.900 88.200 0.000 0.000 316.000 2.600 0.000
5 18 2 8.200 87.700 0.000 0.000 310.000 2.700 0.000
5 18 3 7.200 90.300 0.000 0.000 312.000 2.800 0.000
5 18 4 6.600 93.800 0.000 0.000 293.000 2.800 0.000
5 18 5 7.100 95.300 0.000 0.000 298.000 3.100 0.000
5 18 6 6.900 94.100 0.000 0.000 294.000 3.200 0.000
5 18 7 7.400 92.700 3.121 23.356 286.000 2.300 23.700
5 18 8 7.900 92.200 3.352 56.734 281.000 3.100 57.600
5 18 9 8.700 90.000 13.212 143.821 285.000 3.300 149.200
5 18 10 9.900 83.800 61.814 238.834 286.000 4.700 272.600
5 18 11 11.100 79.100 173.295 300.935 290.000 5.600 416.400
5 18 12 13.600 74.400 202.879 338.498 291.000 5.500 492.500
5 18 13 14.200 67.700 212.473 363.031 293.000 5.700 536.900
5 18 14 14.700 60.400 56.750 364.233 310.000 5.600 411.900
5 18 15 15.000 56.300 35.265 337.693 304.000 6.000 366.700
5 18 16 14.900 58.300 14.356 275.085 300.000 5.600 286.100
5 18 17 14.700 59.400 7.494 212.019 341.000 4.900 217.100
5 18 18 14.100 55.300 4.254 138.415 332.000 4.800 140.800
5 18 19 13.500 55.000 3.622 96.567 344.000 5.600 98.100
5 18 20 12.600 60.500 2.497 52.312 336.000 5.200 53.000
5 18 21 12.500 64.400 4.091 30.780 335.000 4.300 31.300
5 18 22 12.200 68.000 0.000 5.700 307.000 4.400 5.700
5 18 23 11.600 75.100 0.000 0.000 322.000 4.900 0.000
5 18 24 11.100 83.600 0.000 0.000 321.000 4.800 0.000
5 19 1 11.300 86.800 0.000 0.000 323.000 4.000 0.000
5 19 2 10.500 89.800 0.000 0.000 297.000 3.100 0.000
5 19 3 10.800 94.400 0.000 0.000 304.000 4.200 0.000
5 19 4 11.000 94.100 0.000 0.000 325.000 3.400 0.000
5 19 5 10.800 94.100 0.000 0.000 308.000 4.000 0.000
5 19 6 10.900 94.500 0.000 0.000 307.000 4.000 0.000
5 19 7 10.900 93.700 0.047 2.995 314.000 4.300 3.000
5 19 8 11.000 92.600 0.556 23.555 332.000 5.500 23.700
5 19 9 10.900 90.700 1.683 64.010 337.000 4.100 64.700
5 19 10 11.200 88.300 2.562 105.494 315.000 4.400 106.900
5 19 11 11.600 86.700 2.671 131.214 311.000 4.400 133.000
5 19 12 12.100 83.300 2.989 157.925 326.000 4.900 160.200
5 19 13 12.800 80.000 3.979 195.936 321.000 5.000 199.200
5 19 14 13.400 77.600 4.491 213.419 322.000 4.900 217.200
5 19 15 13.600 75.300 3.018 171.911 328.000 4.700 174.400
5 19 16 13.800 75.900 3.901 181.998 320.000 4.000 185.000
5 19 17 14.400 76.600 6.735 206.218 335.000 4.500 210.800
5 19 18 14.700 75.900 16.779 207.251 324.000 3.900 216.700
5 19 19 15.100 74.900 8.177 136.216 325.000 4.000 139.700
5 19 20 15.000 75.100 14.245 99.634 324.000 3.400 103.600
5 19 21 14.600 75.700 262.638 55.810 347.000 3.200 90.000
5 19 22 14.300 76.800 0.000 12.100 332.000 2.200 12.100
5 19 23 13.500 81.600 0.000 0.000 308.000 1.700 0.000
5 19 24 12.900 86.800 0.000 0.000 294.000 1.700 0.000
5 20 1 12.400 89.500 0.000 0.000 297.000 2.100 0.000
5 20 2 12.200 91.100 0.000 0.000 291.000 1.900 0.000
5 20 3 10.800 93.400 0.000 0.000 281.000 1.600 0.000
5 20 4 9.900 96.500 0.000 0.000 278.000 1.900 0.000
5 20 5 9.300 98.100 0.000 0.000 269.000 1.800 0.000
5 20 6 8.600 98.700 0.000 0.000 325.000 1.900 0.000
5 20 7 8.900 98.300 3.140 24.636 263.000 2.100 25.000
5 20 8 11.200 96.400 92.440 118.722 267.000 2.000 143.100
5 20 9 14.100 90.500 301.038 170.956 265.000 1.900 295.000
5 20 10 16.600 76.000 501.969 179.506 267.000 2.300 456.000
5 20 11 18.800 62.500 647.329 171.019 275.000 3.100 605.100
5 20 12 19.500 54.500 747.284 159.702 304.000 2.500 730.000
5 20 13 20.500 49.000 816.285 150.780 262.000 2.300 822.000
5 20 14 20.900 45.500 810.513 156.284 230.000 2.500 840.300
5 20 15 22.300 42.100 810.738 153.020 235.000 3.500 823.200
5 20 16 22.800 38.600 838.835 136.775 244.000 4.100 784.000
5 20 17 23.200 37.100 778.893 134.081 286.000 3.400 665.700
5 20 18 23.900 37.300 794.568 107.811 313.000 3.300 557.200
5 20 19 23.600 36.700 878.356 74.457 251.000 3.200 451.000
5 20 20 23.600 35.600 893.753 49.665 292.000 3.200 301.000
5 20 21 22.900 37.000 947.211 24.931 303.000 2.800 151.100
5 20 22 20.600 44.200 0.000 26.900 276.000 2.200 26.900
5 20 23 18.000 56.100 0.000 0.000 235.000 2.400 0.000
5 20 24 16.800 65.100 0.000 0.000 236.000 2.600 0.000
5 21 1 16.000 69.900 0.000 0.000 244.000 2.700 0.000
5 21 2 16.000 74.200 0.000 0.000 245.000 3.000 0.000
5 21 3 15.700 78.700 0.000 0.000 266.000 1.900 0.000
5 21 4 16.800 78.500 0.000 0.000 282.000 2.100 0.000
5 21 5 16.100 76.200 0.000 0.000 274.000 2.000 0.000
5 21 6 15.100 74.600 0.000 0.000 294.000 2.400 0.000
5 21 7 15.100 66.700 0.040 2.895 302.000 3.600 2.900
5 21 8 15.100 59.200 4.290 65.958 273.000 2.500 67.100
5 21 9 15.300 56.200 232.196 181.385 277.000 3.900 277.600
5 21 10 16.700 49.200 443.090 195.586 284.000 4.100 440.600
5 21 11 17.500 42.900 593.660 188.913 264.000 5.200 588.200
5 21 12 18.600 38.800 718.592 169.518 255.000 5.700 719.300
5 21 13 19.900 32.800 801.283 155.009 256.000 5.700 815.400
5 21 14 21.100 29.000 855.838 147.213 259.000 5.200 871.100
5 21 15 21.100 27.700 884.596 144.837 255.000 7.800 877.800
5 21 16 20.700 29.300 769.963 154.525 266.000 6.600 750.200
5 21 17 20.700 33.700 584.405 195.432 255.000 6.200 595.600
5 21 18 21.400 34.900 891.356 100.040 238.000 6.000 606.300
5 21 19 21.500 33.100 860.876 74.826 288.000 5.900 446.100
5 21 20 21.200 32.900 728.105 61.724 292.000 6.700 268.500
5 21 21 20.100 35.400 750.864 28.260 292.000 5.600 130.500
5 21 22 18.900 39.300 0.000 26.400 259.000 3.800 26.400
5 21 23 16.900 44.100 0.000 0.000 278.000 3.100 0.000
5 21 24 14.300 53.400 0.000 0.000 264.000 3.300 0.000
5 22 1 15.000 57.300 0.000 0.000 303.000 4.500 0.000
5 22 2 13.500 57.700 0.000 0.000 313.000 4.400 0.000
5 22 3 11.800 62.300 0.000 0.000 286.000 3.500 0.000
5 22 4 10.800 66.100 0.000 0.000 287.000 3.700 0.000
5 22 5 10.800 69.200 0.000 0.000 281.000 4.400 0.000
5 22 6 10.300 71.200 0.000 0.000 278.000 4.300 0.000
5 22 7 9.900 71.800 0.074 3.991 294.000 4.700 4.000
5 22 8 10.100 68.500 0.429 21.285 285.000 5.200 21.400
5 22 9 10.500 67.700 6.161 122.433 278.000 4.400 125.000
5 22 10 11.000 66.900 94.489 249.956 273.000 4.800 302.400
5 22 11 11.900 61.000 232.308 295.105 282.000 6.500 451.800
5 22 12 12.900 52.500 199.206 342.024 289.000 6.900 494.800
5 22 13 12.700 46.400 75.246 366.648 268.000 7.100 428.800
5 22 14 13.300 46.300 200.754 377.731 284.000 7.700 547.900
5 22 15 14.300 45.200 552.110 249.983 255.000 6.200 708.500
5 22 16 15.400 40.000 539.935 238.099 239.000 6.800 656.900
5 22 17 15.100 34.800 223.825 302.153 274.000 8.700 455.900
5 22 18 15.100 31.800 358.922 223.105 273.000 6.600 427.800
5 22 19 12.500 36.700 298.854 180.156 279.000 9.100 309.800
5 22 20 11.800 46.000 878.286 49.783 279.000 7.000 301.600
5 22 21 11.000 50.300 917.466 25.212 267.000 6.600 152.800
5 22 22 9.300 56.700 0.000 25.100 301.000 6.000 25.100
5 22 23 7.900 65.000 0.000 0.000 278.000 4.800 0.000
5 22 24 7.600 69.400 0.000 0.000 304.000 2.700 0.000
5 23 1 7.300 69.500 0.000 0.000 273.000 3.700 0.000
5 23 2 6.600 70.800 0.000 0.000 252.000 3.100 0.000
5 23 3 6.100 75.500 0.000 0.000 250.000 2.800 0.000
5 23 4 5.800 78.000 0.000 0.000 243.000 3.000 0.000
5 23 5 5.500 78.800 0.000 0.000 230.000 2.400 0.000
5 23 6 5.100 80.500 0.000 0.000 222.000 2.500 0.000
5 23 7 5.200 81.300 4.380 30.958 244.000 2.800 31.500
5 23 8 6.800 78.700 182.312 121.704 245.000 3.300 171.100
5 23 9 8.600 73.100 442.444 148.044 247.000 4.100 333.300
5 23 10 10.200 66.400 392.315 209.686 244.000 4.300 428.200
5 23 11 10.700 61.300 163.584 305.759 262.000 5.200 416.400
5 23 12 11.100 57.400 44.171 323.846 242.000 5.800 357.800
5 23 13 11.600 56.500 40.519 345.162 252.000 4.500 378.700
5 23 14 11.000 60.800 75.300 376.939 245.000 5.000 440.900
5 23 15 9.900 64.700 11.412 285.602 260.000 7.000 295.100
5 23 16 10.200 68.500 184.586 348.965 237.000 4.300 492.500
5 23 17 11.200 66.900 359.168 269.328 254.000 2.600 516.800
5 23 18 12.300 59.200 54.551 246.865 268.000 3.700 278.100
5 23 19 9.500 64.900 6.820 132.624 237.000 2.800 135.600
5 23 20 10.900 68.600 776.781 56.915 234.000 3.000 281.700
5 23 21 11.100 63.000 1043.852 29.271 221.000 2.200 177.400
5 23 22 9.900 68.800 0.000 34.300 207.000 2.900 34.300
5 23 23 8.700 80.200 0.000 0.000 194.000 2.900 0.000
5 23 24 8.500 83.900 0.000 0.000 229.000 4.400 0.000
5 24 1 8.400 80.400 0.000 0.000 218.000 2.900 0.000
5 24 2 7.500 82.100 0.000 0.000 233.000 2.700 0.000
5 24 3 7.000 86.800 0.000 0.000 217.000 2.800 0.000
5 24 4 6.900 89.500 0.000 0.000 242.000 3.100 0.000
5 24 5 6.500 91.000 0.000 0.000 241.000 2.800 0.000
5 24 6 6.000 92.200 0.000 0.000 226.000 2.600 0.000
5 24 7 5.800 93.500 5.984 36.645 229.000 2.200 37.400
5 24 8 7.200 92.900 59.298 118.703 238.000 3.100 134.900
5 24 9 9.200 86.200 236.811 183.365 246.000 3.700 283.000
5 24 10 11.000 75.000 437.270 198.828 252.000 4.200 443.200
5 24 11 12.900 63.600 283.265 285.214 262.000 4.500 477.300
5 24 12 13.200 54.400 84.604 344.523 245.000 4.100 409.700
5 24 13 13.600 50.200 184.076 372.131 247.000 4.500 524.800
5 24 14 14.200 46.400 470.660 289.415 236.000 4.200 690.000
5 24 15 15.500 40.600 721.053 183.373 203.000 6.900 784.800
5 24 16 16.600 36.200 790.590 149.132 253.000 4.800 765.400
5 24 17 17.400 33.800 639.831 178.134 242.000 3.200 620.300
5 24 18 18.000 33.500 559.803 170.612 254.000 4.800 492.400
5 24 19 18.200 34.100 654.400 110.013 231.000 2.900 397.100
5 24 20 18.500 35.100 611.991 79.207 173.000 3.300 257.900
5 24 21 17.300 37.700 892.232 25.509 179.000 2.400 154.600
5 24 22 15.100 47.100 0.000 26.400 205.000 2.700 26.400
5 24 23 13.900 57.300 0.000 0.000 165.000 2.800 0.000
5 24 24 14.100 56.100 0.000 0.000 197.000 2.600 0.000
5 25 1 12.000 59.100 0.000 0.000 212.000 2.900 0.000
5 25 2 11.500 68.900 0.000 0.000 192.000 2.900 0.000
5 25 3 11.000 72.800 0.000 0.000 176.000 2.200 0.000
5 25 4 11.800 70.400 0.000 0.000 188.000 2.700 0.000
5 25 5 11.900 67.300 0.000 0.000 179.000 2.500 0.000
5 25 6 12.700 65.400 0.000 0.000 184.000 3.000 0.000
5 25 7 12.400 64.200 0.231 7.470 162.000 3.000 7.500
5 25 8 13.000 63.100 0.226 15.838 175.000 3.000 15.900
5 25 9 13.400 63.600 1.561 63.540 203.000 3.900 64.200
5 25 10 13.400 68.300 9.816 186.497 204.000 4.700 192.000
5 25 11 13.800 72.300 14.023 242.167 215.000 5.000 251.700
5 25 12 14.100 73.700 5.305 212.105 198.000 4.600 216.200
5 25 13 14.400 75.100 2.808 166.967 199.000 4.000 169.300
5 25 14 14.000 77.900 2.444 160.016 193.000 4.100 162.100
5 25 15 14.000 83.800 3.742 193.472 187.000 3.800 196.600
5 25 16 14.900 89.600 8.122 248.954 193.000 3.900 255.300
5 25 17 15.500 90.900 8.789 225.008 195.000 4.200 231.100
5 25 18 15.600 91.300 5.240 157.577 194.000 4.700 160.600
5 25 19 15.200 92.500 4.055 106.211 220.000 4.500 108.000
5 25 20 15.100 94.800 14.815 105.936 196.000 3.700 110.300
5 25 21 15.400 95.600 30.215 59.146 212.000 3.600 63.600
5 25 22 15.200 95.400 0.000 11.200 203.000 2.800 11.200
5 25 23 14.700 96.600 0.000 0.000 197.000 2.500 0.000
5 25 24 14.300 97.600 0.000 0.000 198.000 2.600 0.000
5 26 1 14.300 98.000 0.000 0.000 242.000 2.400 0.000
5 26 2 13.600 98.300 0.000 0.000 267.000 1.900 0.000
5 26 3 12.600 99.000 0.000 0.000 284.000 1.700 0.000
5 26 4 11.600 99.700 0.000 0.000 273.000 2.100 0.000
5 26 5 12.600 99.700 0.000 0.000 273.000 1.400 0.000
5 26 6 12.200 99.500 0.000 0.000 277.000 2.400 0.000
5 26 7 13.000 99.000 0.060 3.892 276.000 2.900 3.900
5 26 8 13.400 98.700 1.116 35.291 292.000 3.800 35.600
5 26 9 13.500 97.300 3.069 89.097 297.000 3.900 90.400
5 26 10 13.700 92.400 61.453 245.043 301.000 3.900 279.600
5 26 11 15.700 81.400 221.762 299.595 300.000 3.600 450.700
5 26 12 16.800 67.800 422.291 280.245 291.000 4.200 606.900
5 26 13 17.800 55.900 513.100 265.737 285.000 4.400 692.900
5 26 14 19.000 48.200 689.061 199.921 268.000 5.100 788.600
5 26 15 19.200 44.300 752.867 172.293 292.000 4.400 802.800
5 26 16 19.900 40.700 588.558 221.080 282.000 3.900 682.000
5 26 17 20.200 37.900 520.495 219.349 313.000 4.100 581.100
5 26 18 20.700 36.700 804.502 107.792 257.000 3.900 573.700
5 26 19 20.000 36.900 93.242 199.259 273.000 6.000 240.600
5 26 20 17.400 45.600 8.507 95.673 313.000 4.400 98.200
5 26 21 17.300 53.900 391.621 56.440 318.000 3.300 115.200
5 26 22 16.200 54.300 0.000 21.400 321.000 2.800 21.400
5 26 23 15.600 59.400 0.000 0.000 323.000 2.500 0.000
5 26 24 14.100 67.200 0.000 0.000 293.000 1.500 0.000
5 27 1 12.800 76.500 0.000 0.000 255.000 1.400 0.000
5 27 2 13.500 80.600 0.000 0.000 215.000 1.700 0.000
5 27 3 11.800 83.500 0.000 0.000 195.000 1.500 0.000
5 27 4 10.300 89.400 0.000 0.000 206.000 1.700 0.000
5 27 5 9.700 92.700 0.000 0.000 200.000 1.600 0.000
5 27 6 9.500 93.100 0.000 0.000 188.000 1.600 0.000
5 27 7 9.700 92.500 0.061 3.992 204.000 1.600 4.000
5 27 8 11.600 91.300 0.940 32.638 201.000 2.000 32.900
5 27 9 13.400 83.500 31.479 171.883 205.000 2.300 185.300
5 27 10 16.000 70.200 47.645 239.331 220.000 2.600 266.200
5 27 11 17.000 62.200 39.886 283.862 209.000 3.100 311.100
5 27 12 19.100 55.800 332.077 311.043 229.000 4.400 568.400
5 27 13 20.200 48.600 500.889 270.972 222.000 4.700 688.700
5 27 14 19.700 46.100 320.027 347.612 242.000 5.400 621.500
5 27 15 20.200 44.500 355.258 328.712 231.000 5.600 626.800
5 27 16 20.900 42.500 147.929 355.496 216.000 5.200 471.600
5 27 17 20.400 43.100 1.617 106.573 248.000 5.700 107.700
5 27 18 21.100 43.700 176.455 261.246 227.000 5.400 363.800
5 27 19 20.500 44.100 132.605 202.108 232.000 5.000 261.200
5 27 20 20.700 45.000 212.225 132.350 229.000 4.700 195.900
5 27 21 20.200 46.400 22.118 58.524 223.000 3.400 61.900
5 27 22 19.500 49.900 0.000 8.500 204.000 3.400 8.500
5 27 23 19.200 52.600 0.000 0.000 201.000 2.900 0.000
5 27 24 18.600 54.000 0.000 0.000 202.000 2.600 0.000
5 28 1 17.800 57.000 0.000 0.000 189.000 2.900 0.000
5 28 2 17.800 59.300 0.000 0.000 189.000 3.300 0.000
5 28 3 17.000 62.200 0.000 0.000 206.000 3.700 0.000
5 28 4 16.100 69.900 0.000 0.000 206.000 3.700 0.000
5 28 5 15.100 79.200 0.000 0.000 206.000 3.700 0.000
5 28 6 14.100 88.900 0.000 0.000 197.000 3.900 0.000
5 28 7 14.100 94.400 1.041 16.560 204.000 4.000 16.700
5 28 8 14.500 94.700 1.149 36.277 213.000 4.000 36.600
5 28 9 15.300 93.300 0.520 37.277 219.000 3.900 37.500
5 28 10 15.700 91.400 0.515 49.009 226.000 4.400 49.300
5 28 11 15.200 93.500 0.928 79.465 234.000 4.600 80.100
5 28 12 15.900 95.400 6.083 226.777 236.000 4.500 231.500
5 28 13 17.100 89.900 31.320 336.537 237.000 4.200 362.700
5 28 14 17.600 87.600 82.265 382.177 227.000 3.800 452.700
5 28 15 17.600 83.200 7.517 262.381 240.000 4.400 268.700
5 28 16 16.200 82.700 1.279 107.094 279.000 3.500 108.100
5 28 17 16.200 83.900 12.221 242.561 308.000 4.000 251.100
5 28 18 18.400 75.300 245.500 252.223 290.000 5.200 395.400
5 28 19 18.400 70.400 300.679 185.151 278.000 4.100 319.800
5 28 20 18.200 70.500 359.308 117.659 267.000 3.900 226.100
5 28 21 18.000 71.300 194.929 69.161 272.000 3.900 99.400
5 28 22 17.400 69.700 0.000 16.400 323.000 3.900 16.400
5 28 23 16.000 71.500 0.000 0.000 320.000 4.300 0.000
5 28 24 15.500 75.500 0.000 0.000 327.000 4.900 0.000
5 29 1 14.500 78.900 0.000 0.000 307.000 4.100 0.000
5 29 2 13.600 83.500 0.000 0.000 309.000 5.200 0.000
5 29 3 12.800 85.700 0.000 0.000 312.000 4.700 0.000
5 29 4 12.800 84.700 0.000 0.000 309.000 4.500 0.000
5 29 5 12.000 85.600 0.000 0.000 305.000 4.200 0.000
5 29 6 11.600 88.600 0.000 0.000 300.000 4.200 0.000
5 29 7 11.600 89.400 0.163 6.678 300.000 4.500 6.700
5 29 8 11.400 88.100 0.825 30.967 301.000 4.600 31.200
5 29 9 12.000 85.000 12.303 149.217 302.000 4.900 154.500
5 29 10 13.200 80.200 197.763 252.291 295.000 5.300 364.400
5 29 11 13.600 75.000 240.574 297.447 295.000 5.500 462.400
5 29 12 15.100 69.700 419.642 282.249 284.000 5.600 608.600
5 29 13 15.900 62.800 386.205 316.266 288.000 6.700 639.400
5 29 14 16.900 56.400 345.416 339.607 279.000 4.700 636.200
5 29 15 17.400 50.900 403.076 311.970 259.000 5.300 651.400
5 29 16 18.100 48.900 492.887 258.827 284.000 5.700 647.300
5 29 17 18.400 46.400 663.414 171.966 267.000 5.500 636.700
5 29 18 19.300 41.700 790.113 111.559 313.000 5.100 573.900
5 29 19 19.200 41.100 810.678 82.639 286.000 4.300 447.400
5 29 20 18.500 42.800 456.064 105.211 272.000 3.700 243.900
5 29 21 18.100 46.000 5.963 45.660 267.000 3.000 46.600
5 29 22 17.600 49.300 0.000 5.000 241.000 2.500 5.000
5 29 23 17.300 51.700 0.000 0.000 260.000 3.100 0.000
5 29 24 16.700 57.000 0.000 0.000 262.000 3.200 0.000
5 30 1 16.200 64.500 0.000 0.000 262.000 3.300 0.000
5 30 2 14.500 76.100 0.000 0.000 237.000 3.500 0.000
5 30 3 13.700 89.100 0.000 0.000 217.000 3.000 0.000
5 30 4 13.700 95.000 0.000 0.000 214.000 3.700 0.000
5 30 5 13.900 97.500 0.000 0.000 225.000 3.100 0.000
5 30 6 14.500 97.700 0.000 0.000 243.000 3.400 0.000
5 30 7 14.800 97.600 0.057 3.992 240.000 3.200 4.000
5 30 8 15.500 97.200 0.576 26.036 245.000 3.400 26.200
5 30 9 16.500 94.700 3.434 95.520 255.000 3.300 97.000
5 30 10 16.900 91.400 5.548 159.447 273.000 3.800 162.600
5 30 11 17.600 88.200 6.776 208.045 270.000 3.600 212.700
5 30 12 18.600 85.000 39.513 323.122 277.000 3.300 353.900
5 30 13 20.800 77.500 80.035 372.635 260.000 3.500 439.700
5 30 14 21.800 68.700 33.068 348.762 244.000 4.000 377.200
5 30 15 22.100 64.700 61.271 367.016 268.000 4.500 418.700
5 30 16 22.800 62.100 435.234 280.786 279.000 5.000 624.500
5 30 17 24.500 57.400 742.871 146.925 270.000 4.800 668.600
5 30 18 24.200 52.100 767.970 116.761 278.000 5.100 567.600
5 30 19 24.500 50.700 605.055 123.607 269.000 5.000 397.100
5 30 20 24.300 51.900 568.515 89.247 289.000 4.900 263.400
5 30 21 23.800 51.600 770.718 31.636 268.000 4.000 154.900
5 30 22 22.400 53.600 0.000 34.300 273.000 3.300 34.300
5 30 23 20.900 60.600 0.000 0.000 269.000 2.900 0.000
5 30 24 19.400 68.200 0.000 0.000 249.000 2.400 0.000
5 31 1 18.800 73.000 0.000 0.000 238.000 2.500 0.000
5 31 2 17.400 78.100 0.000 0.000 274.000 2.300 0.000
5 31 3 16.400 84.600 0.000 0.000 267.000 2.100 0.000
5 31 4 16.200 87.400 0.000 0.000 283.000 2.200 0.000
5 31 5 15.600 89.100 0.000 0.000 252.000 2.200 0.000
5 31 6 14.600 92.300 0.000 0.000 259.000 1.900 0.000
5 31 7 14.700 95.300 0.137 6.281 303.000 1.400 6.300
5 31 8 16.400 94.500 2.026 48.821 359.000 1.100 49.400
5 31 9 18.200 84.800 4.177 105.495 9.000 1.200 107.300
5 31 10 19.100 74.700 114.626 257.524 350.000 1.000 322.800
5 31 11 20.500 69.200 214.913 303.215 353.000 1.300 451.100
5 31 12 21.600 65.100 183.291 349.217 338.000 2.200 492.200
5 31 13 22.000 60.800 170.904 377.389 287.000 1.800 520.800
5 31 14 23.000 59.700 194.892 383.553 311.000 1.900 551.400
5 31 15 23.400 59.600 521.186 265.556 26.000 2.900 705.900
5 31 16 24.300 56.100 780.586 153.381 330.000 3.100 771.000
5 31 17 24.900 53.400 816.562 127.817 308.000 2.900 702.600
5 31 18 25.500 50.400 804.187 109.222 331.000 2.600 582.800
5 31 19 25.100 49.500 333.313 181.669 316.000 2.800 333.000
5 31 20 25.100 50.800 280.003 129.721 321.000 2.000 216.100
5 31 21 24.200 52.700 642.300 41.402 326.000 1.600 145.600
5 31 22 22.800 61.100 0.000 29.200 24.000 1.400 29.200
5 31 23 20.000 70.200 0.000 0.000 67.000 2.600 0.000
5 31 24 19.600 72.000 0.000 0.000 89.000 3.200 0.000
6 1 1 19.200 72.700 0.000 0.000 121.000 2.500 0.000
6 1 2 18.000 77.000 0.000 0.000 104.000 2.100 0.000
6 1 3 17.500 82.400 0.000 0.000 80.000 2.500 0.000
6 1 4 17.100 83.800 0.000 0.000 95.000 2.000 0.000
6 1 5 17.100 85.400 0.000 0.000 92.000 1.700 0.000
6 1 6 16.600 87.500 0.000 0.000 116.000 1.300 0.000
6 1 7 15.900 90.200 6.366 41.999 128.000 1.500 42.900
6 1 8 17.900 89.800 5.236 78.297 148.000 2.300 79.800
6 1 9 19.400 84.700 8.718 140.221 161.000 3.400 144.000
6 1 10 20.700 78.700 18.795 213.075 202.000 2.400 223.800
6 1 11 21.700 73.000 16.212 251.227 250.000 2.400 262.400
6 1 12 21.800 67.400 8.293 249.722 251.000 3.500 256.200
6 1 13 21.900 64.400 24.800 327.261 250.000 2.800 348.100
6 1 14 22.400 62.100 71.384 380.037 221.000 3.900 441.600
6 1 15 24.500 56.100 711.352 188.458 195.000 3.700 790.400
6 1 16 25.800 50.600 713.400 175.808 213.000 3.800 741.300
6 1 17 26.700 48.500 419.533 255.713 193.000 3.700 551.700
6 1 18 26.500 47.100 132.819 267.448 207.000 5.600 345.900
6 1 19 25.100 47.300 24.142 176.892 226.000 5.900 187.900
6 1 20 23.300 51.500 3.337 67.864 245.000 10.100 68.900
6 1 21 21.800 57.900 2.441 30.799 213.000 3.900 31.200
6 1 22 20.900 64.100 0.000 5.000 236.000 3.400 5.000
6 1 23 19.900 69.200 0.000 0.000 219.000 2.700 0.000
6 1 24 18.800 73.200 0.000 0.000 223.000 3.500 0.000
6 2 1 18.400 77.100 0.000 0.000 238.000 2.800 0.000
6 2 2 17.700 80.400 0.000 0.000 315.000 4.300 0.000
6 2 3 16.900 83.300 0.000 0.000 318.000 3.000 0.000
6 2 4 16.300 84.800 0.000 0.000 282.000 2.400 0.000
6 2 5 15.100 84.400 0.000 0.000 318.000 2.400 0.000
6 2 6 14.200 86.100 0.000 0.000 306.000 1.800 0.000
6 2 7 14.100 88.300 0.061 4.291 282.000 1.100 4.300
6 2 8 15.600 80.400 0.225 16.535 281.000 1.300 16.600
6 2 9 16.300 69.100 9.230 142.388 248.000 1.500 146.400
6 2 10 17.700 62.500 115.566 258.429 191.000 2.000 324.500
6 2 11 18.900 59.700 195.223 307.148 224.000 2.300 441.900
6 2 12 19.200 58.600 27.706 309.428 283.000 2.500 331.100
6 2 13 19.200 58.600 25.514 328.935 224.000 3.100 350.400
6 2 14 19.500 60.300 57.041 372.842 347.000 3.700 422.100
6 2 15 19.300 62.100 27.621 335.093 322.000 3.000 358.500
6 2 16 19.200 63.600 47.936 336.636 309.000 2.400 374.700
6 2 17 19.900 66.500 399.606 262.553 156.000 1.900 545.100
6 2 18 21.800 63.100 862.003 102.165 216.000 3.000 612.800
6 2 19 21.600 55.800 218.155 201.220 229.000 2.600 301.100
6 2 20 22.400 50.900 178.432 140.121 258.000 2.000 195.900
6 2 21 22.100 45.000 352.499 65.279 303.000 3.300 124.000
6 2 22 19.700 48.800 0.000 41.200 293.000 2.800 41.200
6 2 23 16.600 63.900 0.000 0.000 336.000 2.500 0.000
6 2 24 17.500 67.400 0.000 0.000 344.000 3.000 0.000
6 3 1 17.400 64.100 0.000 0.000 1.000 2.200 0.000
6 3 2 16.300 68.200 0.000 0.000 344.000 2.400 0.000
6 3 3 14.300 75.900 0.000 0.000 308.000 2.500 0.000
6 3 4 13.900 83.000 0.000 0.000 318.000 2.000 0.000
6 3 5 13.500 85.800 0.000 0.000 296.000 2.000 0.000
6 3 6 13.700 85.300 0.000 0.000 281.000 2.100 0.000
6 3 7 13.000 85.600 3.964 34.328 306.000 1.900 34.900
6 3 8 14.200 85.500 103.365 130.459 316.000 1.700 160.400
6 3 9 16.000 77.400 305.662 178.906 226.000 1.500 312.100
6 3 10 17.600 67.100 487.670 189.007 289.000 1.900 468.300
6 3 11 19.200 56.800 616.234 184.763 240.000 1.500 610.700
6 3 12 20.500 47.200 704.240 176.681 244.000 2.300 728.200
6 3 13 21.200 43.100 612.525 226.674 222.000 2.300 742.600
6 3 14 21.700 41.400 416.043 314.478 223.000 2.500 674.200
6 3 15 22.800 38.600 530.882 262.279 213.000 4.100 712.800
6 3 16 23.300 35.500 699.636 181.115 184.000 3.600 737.600
6 3 17 24.200 33.600 803.693 131.241 220.000 4.500 700.700
6 3 18 24.600 33.300 752.741 121.443 154.000 4.800 568.600
6 3 19 24.500 33.300 852.825 79.597 182.000 4.500 471.600
6 3 20 24.400 35.000 831.558 55.726 219.000 3.200 317.300
6 3 21 24.100 38.400 620.739 44.713 196.000 2.500 149.400
6 3 22 22.100 46.000 0.000 46.500 195.000 2.000 46.500
6 3 23 19.900 58.200 0.000 0.000 184.000 2.100 0.000
6 3 24 18.200 67.100 0.000 0.000 168.000 2.600 0.000
6 4 1 17.500 72.200 0.000 0.000 173.000 2.200 0.000
6 4 2 16.800 75.500 0.000 0.000 175.000 2.200 0.000
6 4 3 15.900 77.300 0.000 0.000 178.000 1.700 0.000
6 4 4 15.700 79.900 0.000 0.000 164.000 1.800 0.000
6 4 5 15.300 82.600 0.000 0.000 168.000 2.100 0.000
6 4 6 15.000 85.200 0.000 0.000 175.000 2.200 0.000
6 4 7 15.100 87.100 0.051 3.993 155.000 2.000 4.000
6 4 8 17.200 83.100 1.040 35.698 185.000 2.700 36.000
6 4 9 19.100 77.500 29.438 174.143 181.000 2.800 187.000
6 4 10 20.900 71.900 184.373 256.341 221.000 3.300 362.100
6 4 11 22.800 64.000 353.430 270.704 217.000 2.900 515.300
6 4 12 24.800 52.300 566.108 228.663 227.000 3.300 672.500
6 4 13 25.000 45.100 208.782 372.352 216.000 4.600 548.400
6 4 14 23.900 47.200 10.573 291.648 194.000 5.200 300.800
6 4 15 23.500 50.600 35.827 347.755 192.000 5.100 378.200
6 4 16 23.800 53.000 168.860 358.076 215.000 6.100 492.600
6 4 17 24.000 56.000 42.050 296.345 211.000 5.300 326.200
6 4 18 23.400 58.200 5.925 171.971 268.000 4.600 175.500
6 4 19 22.500 62.000 2.925 94.450 249.000 3.200 95.800
6 4 20 22.700 62.100 8.320 101.167 226.000 4.500 103.800
6 4 21 22.200 62.200 454.077 59.018 196.000 3.500 136.500
6 4 22 21.400 67.000 0.000 53.600 215.000 3.000 53.600
6 4 23 20.000 73.500 0.000 0.000 221.000 3.100 0.000
6 4 24 18.700 81.100 0.000 0.000 203.000 1.600 0.000
6 5 1 18.500 85.200 0.000 0.000 191.000 2.000 0.000
6 5 2 19.100 82.900 0.000 0.000 228.000 2.400 0.000
6 5 3 18.600 82.700 0.000 0.000 205.000 2.200 0.000
6 5 4 18.500 85.300 0.000 0.000 214.000 1.900 0.000
6 5 5 17.500 88.000 0.000 0.000 266.000 2.200 0.000
6 5 6 17.100 89.100 0.000 0.000 346.000 2.900 0.000
6 5 7 16.500 84.900 1.667 22.755 7.000 2.600 23.000
6 5 8 17.100 80.800 2.776 58.190 89.000 1.800 59.000
6 5 9 18.100 76.400 15.615 158.366 261.000 1.300 165.200
6 5 10 19.400 72.500 121.231 259.660 224.000 1.600 329.300
6 5 11 20.200 69.300 67.270 303.491 195.000 2.000 350.100
6 5 12 19.600 68.700 7.721 246.241 310.000 3.200 252.300
6 5 13 19.300 71.400 30.906 338.713 281.000 2.700 364.800
6 5 14 18.900 79.200 75.143 382.982 256.000 3.900 448.100
6 5 15 20.600 76.500 167.384 382.485 258.000 3.900 524.900
6 5 16 20.300 67.100 15.417 288.099 274.000 3.300 300.400
6 5 17 19.200 70.900 7.935 224.755 258.000 3.800 230.400
6 5 18 20.900 70.000 503.524 192.315 223.000 3.200 493.000
6 5 19 21.600 59.700 457.486 159.348 245.000 3.900 371.200
6 5 20 21.300 56.100 235.308 138.214 283.000 3.900 213.100
6 5 21 21.000 55.000 338.078 68.567 255.000 2.500 126.900
6 5 22 19.100 56.100 0.000 28.100 281.000 3.900 28.100
6 5 23 18.400 61.500 0.000 0.000 235.000 2.700 0.000
6 5 24 17.200 66.200 0.000 0.000 233.000 3.700 0.000
6 6 1 16.200 69.900 0.000 0.000 241.000 2.400 0.000
6 6 2 15.300 74.300 0.000 0.000 224.000 2.300 0.000
6 6 3 13.500 81.500 0.000 0.000 169.000 1.600 0.000
6 6 4 14.000 84.100 0.000 0.000 181.000 2.200 0.000
6 6 5 14.300 80.800 0.000 0.000 169.000 2.700 0.000
6 6 6 15.100 78.000 0.000 0.000 177.000 2.500 0.000
6 6 7 15.500 77.900 0.081 5.088 175.000 3.000 5.100
6 6 8 16.100 81.400 0.268 18.321 185.000 3.000 18.400
6 6 9 16.700 84.800 1.135 56.202 181.000 4.600 56.700
6 6 10 18.700 79.800 35.840 235.285 203.000 5.600 255.900
6 6 11 19.800 71.700 94.223 310.850 228.000 6.600 376.200
6 6 12 20.500 66.700 72.861 346.264 232.000 6.500 403.500
6 6 13 21.900 61.400 26.887 332.484 225.000 7.500 355.200
6 6 14 20.100 65.100 56.561 373.835 225.000 7.700 422.900
6 6 15 20.400 71.400 50.661 362.945 240.000 6.400 406.100
6 6 16 21.000 62.800 29.714 318.857 260.000 8.400 342.600
6 6 17 21.800 53.800 355.296 277.992 262.000 7.800 531.200
6 6 18 22.100 45.400 739.669 125.413 273.000 8.300 568.200
6 6 19 22.000 40.200 898.808 82.533 269.000 7.100 500.200
6 6 20 21.800 39.900 862.852 55.103 245.000 5.500 331.200
6 6 21 21.400 40.500 855.647 30.103 277.000 4.700 179.300
6 6 22 20.500 43.100 0.000 55.300 259.000 2.800 55.300
6 6 23 17.600 52.700 0.000 0.000 236.000 1.900 0.000
6 6 24 15.800 67.000 0.000 0.000 199.000 2.800 0.000
6 7 1 15.600 73.500 0.000 0.000 210.000 2.300 0.000
6 7 2 15.300 74.900 0.000 0.000 232.000 2.900 0.000
6 7 3 14.700 77.600 0.000 0.000 195.000 2.100 0.000
6 7 4 14.300 81.700 0.000 0.000 191.000 2.400 0.000
6 7 5 13.400 85.100 0.000 0.000 198.000 2.100 0.000
6 7 6 13.700 87.400 0.000 0.000 187.000 1.900 0.000
6 7 7 14.200 88.300 0.511 12.824 186.000 2.200 12.900
6 7 8 16.100 86.400 1.139 37.666 183.000 2.200 38.000
6 7 9 18.200 80.400 15.338 158.364 209.000 3.600 165.100
6 7 10 20.000 71.800 262.582 244.996 233.000 3.400 396.200
6 7 11 21.000 64.600 122.895 313.685 251.000 4.800 399.000
6 7 12 20.900 60.600 36.774 322.588 240.000 4.400 351.500
6 7 13 21.900 56.300 209.087 372.999 207.000 4.500 549.800
6 7 14 20.300 57.400 75.386 383.642 184.000 4.500 449.100
6 7 15 22.400 54.700 487.243 281.085 226.000 3.800 696.600
6 7 16 21.400 52.000 6.194 234.844 196.000 5.500 239.800
6 7 17 16.000 70.100 8.411 228.696 262.000 3.100 234.700
6 7 18 17.700 84.200 272.813 253.203 254.000 3.700 416.900
6 7 19 19.300 72.300 597.199 128.666 238.000 4.200 407.100
6 7 20 18.700 69.100 271.510 135.871 208.000 4.400 223.200
6 7 21 14.600 81.800 4.613 45.088 263.000 2.600 45.900
6 7 22 15.200 91.700 0.000 12.900 244.000 2.200 12.900
6 7 23 14.900 90.700 0.000 0.000 219.000 2.600 0.000
6 7 24 14.400 91.500 0.000 0.000 216.000 2.600 0.000
6 8 1 13.700 93.500 0.000 0.000 205.000 2.900 0.000
6 8 2 13.300 94.600 0.000 0.000 224.000 3.000 0.000
6 8 3 12.700 96.200 0.000 0.000 197.000 2.800 0.000
6 8 4 12.000 98.400 0.000 0.000 205.000 2.400 0.000
6 8 5 12.800 99.200 0.000 0.000 212.000 2.400 0.000
6 8 6 12.900 98.600 0.000 0.000 184.000 2.400 0.000
6 8 7 12.800 96.800 0.061 4.491 154.000 2.600 4.500
6 8 8 13.800 93.800 0.254 17.925 189.000 3.200 18.000
6 8 9 14.700 90.900 1.002 52.960 173.000 3.500 53.400
6 8 10 16.200 86.400 5.974 166.857 181.000 4.300 170.300
6 8 11 17.900 79.000 7.462 215.916 197.000 5.300 221.100
6 8 12 14.800 84.000 13.581 277.714 220.000 4.900 288.400
6 8 13 17.200 87.500 276.882 355.789 227.000 4.900 590.100
6 8 14 18.700 75.300 396.059 323.302 227.000 6.400 667.500
6 8 15 19.000 61.800 345.065 336.425 260.000 8.000 631.000
6 8 16 18.100 53.200 282.363 335.279 254.000 8.700 561.500
6 8 17 17.400 53.300 117.683 322.843 270.000 8.200 407.000
6 8 18 17.600 54.400 254.432 257.391 270.000 8.000 410.400
6 8 19 17.100 55.200 99.343 210.037 279.000 8.700 256.500
6 8 20 16.500 56.500 119.249 145.956 291.000 7.300 184.500
6 8 21 14.400 65.700 88.055 79.346 266.000 7.100 95.000
6 8 22 13.300 78.000 0.000 33.900 271.000 6.800 33.900
6 8 23 13.300 80.400 0.000 0.000 269.000 5.500 0.000
6 8 24 13.000 82.200 0.000 0.000 263.000 5.300 0.000
6 9 1 11.900 86.700 0.000 0.000 262.000 5.800 0.000
6 9 2 12.200 89.900 0.000 0.000 271.000 6.000 0.000
6 9 3 11.900 87.500 0.000 0.000 277.000 6.000 0.000
6 9 4 12.100 85.400 0.000 0.000 270.000 5.200 0.000
6 9 5 12.200 84.400 0.000 0.000 270.000 5.100 0.000
6 9 6 12.100 83.400 0.000 0.000 270.000 5.500 0.000
6 9 7 12.100 82.500 0.066 4.690 278.000 5.200 4.700
6 9 8 12.100 81.700 0.358 21.294 278.000 6.200 21.400
6 9 9 12.400 79.400 3.842 103.008 279.000 6.600 104.700
6 9 10 12.500 74.600 34.994 235.112 273.000 6.900 255.300
6 9 11 13.600 68.600 54.428 298.259 260.000 5.300 336.100
6 9 12 13.600 66.000 39.342 325.625 250.000 6.000 356.600
6 9 13 14.400 65.200 123.073 382.476 248.000 5.600 486.700
6 9 14 15.800 62.100 320.327 351.392 265.000 5.600 630.000
6 9 15 16.700 57.200 442.056 299.757 255.000 5.900 677.500
6 9 16 17.500 51.900 617.661 213.142 281.000 6.800 708.600
6 9 17 17.900 48.800 677.076 169.949 241.000 5.400 654.900
6 9 18 18.600 46.600 673.217 144.086 286.000 5.100 549.800
6 9 19 18.600 44.900 524.213 146.086 292.000 4.700 392.000
6 9 20 18.200 44.800 495.169 105.703 285.000 4.500 266.500
6 9 21 17.900 45.500 609.677 48.353 273.000 4.100 157.700
6 9 22 16.800 49.500 0.000 48.600 272.000 2.100 48.600
6 9 23 14.500 61.200 0.000 0.000 236.000 2.100 0.000
6 9 24 13.000 73.400 0.000 0.000 176.000 1.900 0.000
6 10 1 12.400 78.100 0.000 0.000 208.000 2.200 0.000
6 10 2 11.600 81.500 0.000 0.000 210.000 2.000 0.000
6 10 3 11.900 85.200 0.000 0.000 206.000 1.600 0.000
6 10 4 11.500 86.200 0.000 0.000 188.000 1.700 0.000
6 10 5 11.100 87.000 0.000 0.000 165.000 1.800 0.000
6 10 6 11.100 88.900 0.000 0.000 169.000 1.900 0.000
6 10 7 11.900 86.400 0.075 4.989 176.000 1.800 5.000
6 10 8 13.000 80.800 1.649 45.513 193.000 1.900 46.000
6 10 9 14.300 75.600 2.715 86.903 175.000 2.300 88.100
6 10 10 15.600 70.800 3.912 136.242 194.000 2.700 138.500
6 10 11 17.100 65.600 7.333 215.099 184.000 2.800 220.200
6 10 12 17.500 60.400 3.647 179.627 182.000 3.300 182.500
6 10 13 18.100 57.200 5.747 241.330 205.000 4.500 246.200
6 10 14 18.700 56.200 19.728 326.829 209.000 5.500 344.000
6 10 15 19.400 54.900 29.171 340.151 231.000 5.600 365.100
6 10 16 18.900 53.900 7.056 245.634 230.000 4.900 251.300
6 10 17 16.100 65.900 5.310 196.691 235.000 4.000 200.500
6 10 18 16.000 81.600 3.422 133.434 223.000 4.000 135.500
6 10 19 16.000 84.800 3.271 101.661 255.000 4.200 103.200
6 10 20 15.100 89.800 4.296 80.599 263.000 4.000 82.000
6 10 21 14.800 93.600 14.323 64.410 248.000 4.000 67.000
6 10 22 14.900 94.000 0.000 29.700 241.000 3.800 29.700
6 10 23 14.600 92.000 0.000 0.000 271.000 4.600 0.000
6 10 24 13.700 92.700 0.000 0.000 250.000 3.200 0.000
6 11 1 14.300 96.100 0.000 0.000 240.000 4.200 0.000
6 11 2 14.500 94.800 0.000 0.000 259.000 5.100 0.000
6 11 3 13.800 92.100 0.000 0.000 275.000 6.500 0.000
6 11 4 13.500 89.900 0.000 0.000 277.000 6.700 0.000
6 11 5 12.700 86.900 0.000 0.000 289.000 6.200 0.000
6 11 6 12.700 85.800 0.000 0.000 272.000 6.100 0.000
6 11 7 12.900 85.300 0.068 4.790 280.000 5.700 4.800
6 11 8 13.100 83.800 0.418 23.076 285.000 5.600 23.200
6 11 9 13.600 82.500 7.104 135.166 285.000 6.100 138.300
6 11 10 14.100 78.100 29.697 230.246 297.000 6.000 247.400
6 11 11 14.900 71.500 135.959 314.271 300.000 6.600 408.900
6 11 12 15.400 66.300 189.946 350.690 297.000 6.500 500.400
6 11 13 16.400 63.100 335.288 337.225 302.000 5.800 621.500
6 11 14 17.600 58.500 439.174 306.485 300.000 5.200 689.000
6 11 15 19.000 52.900 617.771 227.183 286.000 5.700 756.000
6 11 16 19.100 48.500 818.413 144.549 276.000 5.300 802.500
6 11 17 20.100 45.400 883.682 125.433 291.000 5.200 760.200
6 11 18 20.500 43.000 872.448 104.366 298.000 5.300 632.200
6 11 19 20.300 42.200 838.463 82.492 301.000 4.900 478.000
6 11 20 20.100 42.700 800.125 60.747 301.000 4.700 322.800
6 11 21 19.700 44.300 684.285 42.585 318.000 4.000 167.300
6 11 22 18.600 47.200 0.000 50.200 310.000 3.600 50.200
6 11 23 15.800 56.600 0.000 0.000 323.000 2.400 0.000
6 11 24 14.000 71.400 0.000 0.000 330.000 2.500 0.000
6 12 1 12.500 79.200 0.000 0.000 346.000 1.600 0.000
6 12 2 11.500 84.000 0.000 0.000 6.000 2.200 0.000
6 12 3 11.200 88.100 0.000 0.000 9.000 1.600 0.000
6 12 4 10.500 91.200 0.000 0.000 15.000 1.200 0.000
6 12 5 10.000 94.300 0.000 0.000 6.000 1.700 0.000
6 12 6 10.000 95.100 0.000 0.000 34.000 1.500 0.000
6 12 7 10.200 94.500 2.943 31.153 37.000 1.700 31.600
6 12 8 12.400 93.000 108.464 133.285 28.000 1.000 165.400
6 12 9 14.900 82.100 322.362 177.811 77.000 2.000 320.100
6 12 10 17.100 66.900 517.222 181.705 80.000 2.400 480.600
6 12 11 18.200 55.100 653.978 172.554 74.000 2.000 627.900
6 12 12 19.400 45.900 761.501 157.464 112.000 1.500 757.900
6 12 13 20.900 40.900 823.017 151.368 81.000 1.700 849.500
6 12 14 21.700 37.600 866.768 149.901 97.000 2.300 905.300
6 12 15 22.000 34.200 887.472 150.233 87.000 2.800 910.500
6 12 16 23.100 30.900 896.595 142.577 78.000 3.500 864.100
6 12 17 23.300 28.500 895.406 127.264 71.000 3.500 771.300
6 12 18 23.500 28.800 911.626 109.181 86.000 3.200 661.700
6 12 19 23.600 31.200 912.521 85.272 75.000 3.500 516.800
6 12 20 23.200 34.600 908.932 59.053 72.000 4.400 357.900
6 12 21 22.200 38.300 902.416 32.736 58.000 4.800 198.400
6 12 22 21.100 41.900 0.000 65.300 73.000 4.600 65.300
6 12 23 19.300 44.800 0.000 0.000 82.000 4.700 0.000
6 12 24 18.200 44.400 0.000 0.000 71.000 5.000 0.000
6 13 1 16.500 45.100 0.000 0.000 83.000 4.500 0.000
6 13 2 15.700 48.900 0.000 0.000 83.000 4.500 0.000
6 13 3 15.300 52.400 0.000 0.000 84.000 4.800 0.000
6 13 4 14.400 56.900 0.000 0.000 93.000 4.200 0.000
6 13 5 13.600 61.300 0.000 0.000 88.000 4.200 0.000
6 13 6 13.000 64.600 0.000 0.000 86.000 4.000 0.000
6 13 7 13.100 66.900 6.131 44.467 93.000 4.500 45.400
6 13 8 13.800 67.600 157.941 133.297 101.000 4.000 180.100
6 13 9 15.500 65.200 358.664 171.222 100.000 5.200 329.600
6 13 10 17.300 59.300 535.217 176.616 104.000 5.400 486.000
6 13 11 18.600 54.600 656.469 171.693 103.000 4.400 628.900
6 13 12 20.100 50.900 741.500 163.947 87.000 5.000 748.800
6 13 13 21.100 46.700 800.787 157.048 84.000 5.100 836.600
6 13 14 22.400 41.900 836.904 152.640 111.000 5.000 882.400
6 13 15 23.200 37.000 863.367 147.365 93.000 4.800 887.500
6 13 16 23.900 32.900 892.970 142.131 93.000 4.600 861.400
6 13 17 25.000 28.700 886.308 126.126 94.000 4.100 764.400
6 13 18 25.500 25.000 904.744 108.537 105.000 3.900 657.800
6 13 19 24.900 24.000 863.933 81.484 98.000 3.400 491.000
6 13 20 24.900 25.900 645.608 83.061 92.000 4.400 296.100
6 13 21 24.100 28.600 664.861 44.824 113.000 4.500 167.700
6 13 22 22.200 33.100 0.000 61.300 113.000 4.000 61.300
6 13 23 19.600 43.100 0.000 0.000 96.000 3.500 0.000
6 13 24 18.000 52.400 0.000 0.000 97.000 3.500 0.000
6 14 1 17.100 58.300 0.000 0.000 107.000 3.500 0.000
6 14 2 16.200 66.500 0.000 0.000 108.000 3.800 0.000
6 14 3 15.800 71.600 0.000 0.000 105.000 3.700 0.000
6 14 4 15.500 74.500 0.000 0.000 106.000 3.900 0.000
6 14 5 15.500 77.900 0.000 0.000 111.000 3.700 0.000
6 14 6 14.800 80.000 0.000 0.000 98.000 3.200 0.000
6 14 7 14.800 82.100 5.066 40.828 96.000 3.500 41.600
6 14 8 16.600 78.800 129.187 133.800 114.000 4.500 172.100
6 14 9 18.300 71.800 336.008 175.394 112.000 4.800 323.800
6 14 10 20.600 63.300 511.226 183.338 113.000 5.200 478.900
6 14 11 22.500 54.500 644.006 175.796 110.000 6.000 624.400
6 14 12 23.900 48.600 735.765 165.834 118.000 6.200 746.300
6 14 13 24.900 44.400 798.836 157.577 123.000 5.600 835.700
6 14 14 25.800 40.400 837.842 152.483 114.000 5.600 883.400
6 14 15 27.100 37.200 866.414 147.484 104.000 5.300 890.700
6 14 16 28.200 34.700 878.231 139.904 124.000 4.800 847.900
6 14 17 28.800 31.700 884.025 125.945 122.000 4.500 763.300
6 14 18 29.600 29.700 898.946 108.009 114.000 4.200 654.600
6 14 19 29.500 28.600 892.376 83.771 121.000 4.600 507.700
6 14 20 29.000 28.900 889.988 58.228 114.000 5.200 352.900
6 14 21 27.700 31.800 868.983 32.002 107.000 4.600 193.600
6 14 22 25.800 36.800 0.000 64.600 107.000 3.900 64.600
6 14 23 23.300 43.300 0.000 0.000 115.000 3.700 0.000
6 14 24 21.300 53.400 0.000 0.000 115.000 3.500 0.000
6 15 1 21.200 58.800 0.000 0.000 120.000 3.400 0.000
6 15 2 20.000 60.000 0.000 0.000 112.000 3.900 0.000
6 15 3 19.100 65.400 0.000 0.000 97.000 3.400 0.000
6 15 4 18.500 69.000 0.000 0.000 96.000 2.700 0.000
6 15 5 17.800 71.300 0.000 0.000 91.000 2.800 0.000
6 15 6 16.900 73.900 0.000 0.000 78.000 2.300 0.000
6 15 7 17.200 74.600 2.882 30.960 81.000 2.400 31.400
6 15 8 18.400 71.100 12.849 103.490 93.000 2.400 107.300
6 15 9 19.800 65.600 131.998 199.298 89.000 1.800 257.600
6 15 10 22.100 58.200 431.119 205.347 99.000 2.300 454.600
6 15 11 24.400 50.000 573.365 199.676 125.000 1.600 599.100
6 15 12 26.500 43.700 673.708 187.911 301.000 1.200 719.500
6 15 13 28.300 39.800 745.293 174.964 94.000 2.100 807.800
6 15 14 30.000 37.000 776.893 168.786 211.000 2.300 846.800
6 15 15 30.900 34.600 570.796 247.093 244.000 2.000 737.000
6 15 16 30.400 34.600 167.310 361.817 278.000 3.700 496.800
6 15 17 31.200 34.200 611.636 193.366 276.000 3.800 634.800
6 15 18 30.100 34.800 296.163 251.263 275.000 4.100 431.600
6 15 19 26.300 44.800 10.243 159.024 298.000 6.700 163.900
6 15 20 23.500 63.400 83.768 147.578 298.000 7.600 175.400
6 15 21 21.800 74.900 2.055 32.116 300.000 6.000 32.500
6 15 22 21.200 75.300 0.000 8.700 309.000 5.600 8.700
6 15 23 19.700 78.200 0.000 0.000 298.000 6.000 0.000
6 15 24 18.600 84.700 0.000 0.000 309.000 5.400 0.000
6 16 1 18.500 89.100 0.000 0.000 313.000 5.100 0.000
6 16 2 18.000 86.500 0.000 0.000 309.000 5.900 0.000
6 16 3 17.400 84.600 0.000 0.000 297.000 5.200 0.000
6 16 4 17.300 86.700 0.000 0.000 301.000 5.100 0.000
6 16 5 17.300 87.300 0.000 0.000 298.000 4.500 0.000
6 16 6 17.200 86.700 0.000 0.300 297.000 5.400 0.300
6 16 7 16.800 84.900 0.092 5.586 297.000 5.800 5.600
6 16 8 16.200 82.400 0.361 21.493 295.000 6.000 21.600
6 16 9 15.800 79.400 2.789 88.168 301.000 6.100 89.400
6 16 10 16.600 74.000 28.499 228.925 296.000 5.100 245.400
6 16 11 17.200 69.100 20.003 261.866 301.000 5.200 275.800
6 16 12 17.200 67.400 7.534 245.555 286.000 5.400 251.500
6 16 13 18.000 66.800 30.262 339.099 286.000 6.600 364.800
6 16 14 19.800 62.100 254.739 372.810 295.000 5.900 595.200
6 16 15 20.900 56.300 294.716 354.724 287.000 5.300 607.800
6 16 16 21.300 53.900 120.971 364.034 294.000 5.300 461.700
6 16 17 21.600 51.000 65.749 315.101 292.000 6.400 362.600
6 16 18 21.800 48.200 77.145 269.364 301.000 5.200 316.400
6 16 19 22.300 48.200 324.922 191.438 295.000 4.700 346.400
6 16 20 21.800 48.800 657.845 81.786 281.000 6.200 300.900
6 16 21 21.200 50.700 853.863 32.381 303.000 5.200 192.900
6 16 22 20.200 52.700 0.000 67.400 303.000 4.300 67.400
6 16 23 18.700 56.300 0.000 0.100 288.000 2.900 0.100
6 16 24 17.200 63.700 0.000 0.000 273.000 2.800 0.000
6 17 1 16.800 69.500 0.000 0.000 280.000 2.900 0.000
6 17 2 16.500 72.600 0.000 0.000 288.000 3.300 0.000
6 17 3 15.900 75.800 0.000 0.000 286.000 3.300 0.000
6 17 4 15.000 79.500 0.000 0.000 293.000 3.400 0.000
6 17 5 14.100 83.700 0.000 0.000 274.000 2.700 0.000
6 17 6 13.100 88.000 0.000 0.000 267.000 2.400 0.000
6 17 7 13.200 91.700 2.651 29.696 256.000 2.600 30.100
6 17 8 15.200 89.800 77.720 130.968 284.000 2.600 154.000
6 17 9 16.000 82.800 115.615 198.862 309.000 3.200 249.900
6 17 10 16.300 77.000 202.780 255.205 303.000 2.700 372.400
6 17 11 18.000 71.700 538.862 211.275 296.000 2.800 586.600
6 17 12 19.400 65.900 715.644 172.592 289.000 3.100 737.300
6 17 13 20.900 57.700 786.252 161.183 275.000 3.600 829.000
6 17 14 23.800 49.900 824.591 155.136 284.000 3.900 875.200
6 17 15 24.500 43.700 815.267 154.824 298.000 4.100 855.200
6 17 16 26.000 38.100 848.976 139.556 294.000 3.100 825.400
6 17 17 26.400 36.200 857.163 124.330 249.000 2.700 744.100
6 17 18 27.300 36.100 869.143 105.028 296.000 3.700 635.600
6 17 19 26.700 35.200 860.990 82.072 299.000 3.000 493.400
6 17 20 26.200 37.000 676.838 78.973 285.000 2.800 305.000
6 17 21 26.200 39.400 685.763 43.880 302.000 2.300 173.400
6 17 22 23.900 46.300 797.235 16.425 326.000 2.200 58.200
6 17 23 21.800 59.200 0.000 0.100 335.000 1.500 0.100
6 17 24 19.700 67.700 0.000 0.000 343.000 1.000 0.000
6 18 1 18.400 74.400 0.000 0.000 286.000 0.900 0.000
6 18 2 17.600 79.900 0.000 0.000 209.000 1.400 0.000
6 18 3 16.900 83.900 0.000 0.000 220.000 1.400 0.000
6 18 4 17.700 84.500 0.000 0.000 224.000 2.100 0.000
6 18 5 17.000 82.900 0.000 0.000 251.000 2.400 0.000
6 18 6 16.400 84.000 0.000 3.700 289.000 1.900 3.700
6 18 7 16.700 86.100 2.536 29.014 270.000 1.600 29.400
6 18 8 17.900 84.200 36.432 121.112 299.000 1.700 131.900
6 18 9 20.300 75.100 178.124 197.010 288.000 2.200 275.600
6 18 10 21.900 65.300 392.348 215.233 307.000 3.700 441.900
6 18 11 22.800 57.700 570.117 200.500 281.000 4.100 597.500
6 18 12 24.700 51.100 618.411 208.565 289.000 5.200 696.500
6 18 13 24.900 47.400 681.023 199.136 292.000 5.900 777.600
6 18 14 26.100 43.500 766.569 172.175 288.000 5.700 841.700
6 18 15 26.600 41.200 753.760 173.833 295.000 5.800 821.600
6 18 16 25.900 41.500 685.970 187.638 282.000 5.400 742.100
6 18 17 26.500 40.800 674.946 171.701 303.000 5.500 660.100
6 18 18 26.600 40.400 697.265 138.687 299.000 5.700 564.800
6 18 19 25.700 41.800 631.478 123.451 314.000 5.600 425.600
6 18 20 24.900 44.700 449.638 115.894 315.000 4.600 266.400
6 18 21 24.500 46.900 146.990 85.422 322.000 3.800 113.300
6 18 22 23.600 49.600 143.283 29.284 318.000 3.100 36.900
6 18 23 23.000 53.800 0.000 0.000 318.000 2.100 0.000
6 18 24 22.300 57.300 0.000 0.000 286.000 2.400 0.000
6 19 1 22.400 58.200 0.000 0.000 313.000 4.100 0.000
6 19 2 21.800 59.800 0.000 0.000 297.000 3.100 0.000
6 19 3 20.600 64.100 0.000 0.000 288.000 3.900 0.000
6 19 4 19.500 67.800 0.000 0.000 298.000 4.600 0.000
6 19 5 17.900 72.000 0.000 0.000 302.000 4.400 0.000
6 19 6 16.500 76.000 0.000 3.700 299.000 4.600 3.700
6 19 7 15.600 77.400 10.660 51.179 308.000 4.600 52.800
6 19 8 15.500 77.000 171.869 132.362 310.000 5.000 183.200
6 19 9 15.800 74.900 379.747 166.677 293.000 5.000 334.100
6 19 10 16.900 68.700 552.780 171.113 312.000 5.200 490.300
6 19 11 18.000 58.800 656.269 171.262 295.000 6.300 628.100
6 19 12 19.300 51.200 660.627 192.449 303.000 6.400 713.600
6 19 13 20.000 47.900 527.371 262.262 304.000 6.500 710.200
6 19 14 20.000 45.700 375.372 331.908 304.000 7.600 659.800
6 19 15 20.700 43.700 363.448 331.071 303.000 6.600 643.500
6 19 16 20.700 42.900 399.551 298.596 275.000 6.500 621.700
6 19 17 21.700 40.700 664.783 175.224 313.000 6.300 656.600
6 19 18 21.400 38.600 587.330 170.921 312.000 6.800 530.200
6 19 19 21.400 38.600 811.057 86.887 334.000 5.900 475.500
6 19 20 20.700 39.200 851.737 57.806 335.000 5.200 343.500
6 19 21 20.600 39.400 891.793 33.544 314.000 4.800 203.300
6 19 22 19.500 41.100 1078.466 11.468 322.000 3.800 69.500
6 19 23 17.900 47.100 0.000 1.000 313.000 3.300 1.000
6 19 24 15.700 58.100 0.000 0.000 4.000 3.300 0.000
6 20 1 16.000 64.200 0.000 0.000 342.000 2.700 0.000
6 20 2 14.000 68.300 0.000 0.000 308.000 2.500 0.000
6 20 3 12.900 77.000 0.000 0.000 338.000 2.500 0.000
6 20 4 12.000 82.300 0.000 0.000 309.000 2.500 0.000
6 20 5 11.300 86.400 0.000 0.000 318.000 2.700 0.000
6 20 6 11.300 87.900 0.000 4.700 295.000 2.300 4.700
6 20 7 11.300 87.800 4.902 39.956 300.000 2.100 40.700
6 20 8 13.300 83.300 108.091 132.771 296.000 2.400 164.700
6 20 9 14.700 76.600 324.623 176.713 306.000 2.500 319.700
6 20 10 16.100 68.900 470.862 193.890 335.000 2.600 465.600
6 20 11 17.200 61.000 436.494 245.083 294.000 3.100 548.800
6 20 12 18.600 54.300 647.660 197.211 312.000 3.300 708.000
6 20 13 19.800 48.500 778.345 163.455 305.000 3.800 824.500
6 20 14 20.400 44.600 840.251 151.990 339.000 3.100 886.000
6 20 15 21.200 40.600 872.649 148.287 336.000 2.900 898.600
6 20 16 22.600 37.700 884.251 141.356 353.000 3.200 856.700
6 20 17 23.100 35.300 895.455 128.205 343.000 3.300 777.000
6 20 18 23.200 33.300 908.593 109.923 3.000 2.300 666.200
6 20 19 23.700 32.400 911.012 86.361 333.000 2.100 523.400
6 20 20 23.700 32.600 912.931 60.621 298.000 2.900 367.400
6 20 21 23.200 33.600 910.846 34.370 342.000 2.200 208.300
6 20 22 21.800 36.600 1121.209 12.045 350.000 2.400 73.000
6 20 23 18.900 45.600 0.000 1.000 351.000 2.100 1.000
6 20 24 16.700 57.100 0.000 0.000 345.000 1.800 0.000
6 21 1 15.400 64.600 0.000 0.000 23.000 1.500 0.000
6 21 2 14.300 70.000 0.000 0.000 10.000 1.400 0.000
6 21 3 13.900 74.300 0.000 0.000 15.000 1.700 0.000
6 21 4 13.300 78.100 0.000 0.000 36.000 1.200 0.000
6 21 5 12.600 82.600 0.000 0.000 41.000 1.100 0.000
6 21 6 11.900 86.700 0.000 4.600 73.000 0.900 4.600
6 21 7 11.800 89.100 5.666 42.743 67.000 1.000 43.600
6 21 8 14.200 86.400 108.677 132.552 104.000 0.600 164.600
6 21 9 17.700 73.000 321.927 176.958 154.000 0.900 318.600
6 21 10 21.200 53.400 517.467 180.728 231.000 1.600 479.100
6 21 11 22.900 39.600 645.857 174.446 286.000 1.700 623.600
6 21 12 23.700 33.700 728.781 167.630 202.000 1.800 742.200
6 21 13 25.000 30.500 791.822 159.224 190.000 2.100 831.600
6 21 14 25.900 28.100 818.951 156.306 259.000 2.300 871.700
6 21 15 26.600 24.700 857.211 147.752 286.000 3.100 884.900
6 21 16 27.700 20.600 875.821 140.052 276.000 2.800 848.800
6 21 17 28.300 19.300 884.752 126.736 275.000 2.400 768.100
6 21 18 28.900 19.100 893.750 108.207 239.000 2.300 655.800
6 21 19 28.800 18.600 892.491 84.695 227.000 1.500 513.300
6 21 20 28.700 22.200 891.410 59.284 239.000 2.200 359.300
6 21 21 28.100 29.000 881.392 33.346 244.000 1.400 202.100
6 21 22 25.700 37.200 1092.125 11.830 256.000 2.300 71.700
6 21 23 23.000 47.200 0.000 1.000 299.000 1.100 1.000
6 21 24 20.700 55.300 0.000 0.000 291.000 0.900 0.000
6 22 1 18.900 61.500 0.000 0.000 343.000 0.600 0.000
6 22 2 18.200 66.400 0.000 0.000 230.000 1.900 0.000
6 22 3 17.300 72.400 0.000 0.000 224.000 2.000 0.000
6 22 4 16.500 76.200 0.000 0.000 243.000 1.500 0.000
6 22 5 16.000 77.800 0.000 0.000 256.000 0.900 0.000
6 22 6 15.200 80.900 0.000 3.700 202.000 1.600 3.700
6 22 7 15.700 82.500 6.923 45.757 231.000 2.000 46.800
6 22 8 17.900 75.400 140.714 132.587 210.000 1.400 174.000
6 22 9 21.600 57.800 328.932 175.464 223.000 1.800 320.000
6 22 10 25.200 41.600 501.520 184.985 196.000 1.300 473.900
6 22 11 27.800 32.600 609.476 186.515 190.000 2.100 610.100
6 22 12 29.500 26.400 733.176 166.008 175.000 3.400 743.800
6 22 13 31.100 22.800 799.947 156.789 175.000 4.200 835.900
6 22 14 31.800 21.300 837.359 152.383 185.000 4.200 883.800
6 22 15 32.700 20.200 849.622 148.323 190.000 3.600 879.000
6 22 16 33.100 20.300 862.041 138.939 206.000 4.000 836.700
6 22 17 33.700 20.400 847.044 125.319 204.000 4.000 739.600
6 22 18 33.500 19.800 792.915 114.688 214.000 4.400 600.800
6 22 19 33.600 20.400 662.649 116.690 201.000 4.400 435.200
6 22 20 32.500 21.100 506.547 107.394 201.000 3.500 278.100
6 22 21 32.000 22.300 417.028 69.283 206.000 3.400 149.300
6 22 22 29.100 29.100 550.009 21.955 170.000 2.500 52.300
6 22 23 25.900 41.400 0.000 1.000 173.000 3.000 1.000
6 22 24 23.700 48.400 0.000 0.000 163.000 2.500 0.000
6 23 1 22.700 51.100 0.000 0.000 173.000 2.400 0.000
6 23 2 22.500 52.800 0.000 0.000 163.000 2.600 0.000
6 23 3 22.900 51.300 0.000 0.000 157.000 2.600 0.000
6 23 4 22.800 50.100 0.000 0.000 170.000 2.800 0.000
6 23 5 23.100 49.700 0.000 0.000 228.000 2.200 0.000
6 23 6 22.400 52.200 0.000 4.000 264.000 3.200 4.000
6 23 7 19.600 64.900 4.372 37.344 284.000 3.900 38.000
6 23 8 20.400 77.200 89.169 130.817 281.000 3.700 157.000
6 23 9 22.000 73.300 362.956 168.950 271.000 3.900 328.200
6 23 10 23.800 63.400 511.397 181.999 243.000 4.800 476.300
6 23 11 24.700 54.200 562.655 202.241 251.000 6.800 593.000
6 23 12 26.600 45.400 370.110 300.874 250.000 6.800 592.400
6 23 13 26.000 41.700 43.341 354.318 255.000 7.800 391.100
6 23 14 25.600 42.400 47.945 368.827 247.000 7.800 410.700
6 23 15 25.900 42.200 39.011 354.550 248.000 11.700 388.100
6 23 16 26.300 41.200 118.398 364.550 226.000 9.800 460.400
6 23 17 26.700 40.300 373.789 275.940 237.000 8.300 547.100
6 23 18 26.000 40.400 240.091 264.435 245.000 8.900 411.700
6 23 19 16.500 55.700 17.089 176.180 285.000 9.000 184.400
6 23 20 18.000 73.800 366.368 129.406 292.000 7.100 253.000
6 23 21 18.600 64.000 891.953 33.875 298.000 8.700 205.300
6 23 22 18.000 57.500 1081.797 11.847 287.000 6.200 71.800
6 23 23 17.000 57.000 0.000 1.000 289.000 6.300 1.000
6 23 24 16.400 58.400 0.000 0.000 281.000 4.700 0.000
6 24 1 16.400 60.100 0.000 0.000 271.000 4.500 0.000
6 24 2 15.900 61.900 0.000 0.000 265.000 4.000 0.000
6 24 3 15.600 61.500 0.000 0.000 266.000 4.600 0.000
6 24 4 15.100 60.000 0.000 0.000 262.000 4.200 0.000
6 24 5 14.600 61.800 0.000 0.000 250.000 4.900 0.000
6 24 6 14.200 63.500 0.000 0.000 250.000 4.100 0.000
6 24 7 14.800 62.900 0.076 4.989 252.000 4.600 5.000
6 24 8 14.900 61.900 0.413 22.679 225.000 4.300 22.800
6 24 9 15.800 60.000 6.818 132.414 240.000 6.600 135.400
6 24 10 17.500 54.900 61.903 249.117 243.000 6.200 284.700
6 24 11 19.400 49.800 248.374 297.349 250.000 7.100 469.700
6 24 12 19.400 47.100 52.632 335.767 257.000 7.200 377.200
6 24 13 19.700 46.100 34.310 344.093 224.000 8.900 373.200
6 24 14 20.300 44.200 15.718 315.375 270.000 8.300 329.100
6 24 15 19.400 48.600 11.270 292.508 238.000 6.100 302.200
6 24 16 21.200 50.200 54.712 346.704 272.000 6.200 391.000
6 24 17 21.700 43.800 117.473 326.662 295.000 7.300 411.900
6 24 18 23.100 40.400 646.800 153.522 274.000 7.800 550.400
6 24 19 22.900 40.600 321.209 193.613 284.000 6.100 348.200
6 24 20 21.900 43.400 11.253 114.801 277.000 4.500 118.600
6 24 21 20.600 48.400 173.649 85.988 265.000 5.500 119.400
6 24 22 19.900 54.900 122.836 29.175 270.000 4.300 36.000
6 24 23 19.400 58.200 0.000 0.000 255.000 3.600 0.000
6 24 24 19.100 62.200 0.000 0.000 274.000 4.600 0.000
6 25 1 18.900 66.500 0.000 0.000 255.000 4.800 0.000
6 25 2 19.000 68.000 0.000 0.000 251.000 5.600 0.000
6 25 3 19.000 69.400 0.000 0.000 259.000 5.900 0.000
6 25 4 19.300 70.600 0.000 0.000 259.000 5.400 0.000
6 25 5 18.100 75.200 0.000 0.000 254.000 5.500 0.000
6 25 6 16.900 86.300 0.000 0.000 244.000 3.800 0.000
6 25 7 16.700 94.100 0.057 4.292 296.000 4.000 4.300
6 25 8 16.900 95.300 0.262 18.024 244.000 5.500 18.100
6 25 9 17.000 94.900 2.026 74.514 256.000 3.900 75.400
6 25 10 17.900 93.100 3.835 133.999 265.000 4.400 136.200
6 25 11 18.400 92.200 5.296 189.628 252.000 5.100 193.300
6 25 12 19.800 88.800 22.398 300.579 257.000 7.400 318.200
6 25 13 22.200 76.800 355.126 329.263 271.000 6.500 630.400
6 25 14 22.700 66.100 307.994 355.647 286.000 6.500 624.500
6 25 15 24.800 58.300 381.101 324.215 287.000 6.500 651.900
6 25 16 24.600 55.100 16.489 294.750 305.000 6.600 308.100
6 25 17 23.700 57.800 231.463 314.630 297.000 6.900 482.600
6 25 18 25.000 56.200 773.459 119.085 299.000 6.200 593.800
6 25 19 24.900 53.700 568.627 138.736 296.000 6.600 412.500
6 25 20 24.400 55.100 597.600 92.544 315.000 6.000 294.400
6 25 21 23.700 57.100 586.349 53.809 314.000 5.300 166.700
6 25 22 22.400 59.600 598.151 20.540 333.000 3.800 53.800
6 25 23 20.900 63.100 0.000 1.000 319.000 2.600 1.000
6 25 24 19.700 67.000 0.000 0.000 340.000 2.900 0.000
6 26 1 17.600 74.800 0.000 0.000 330.000 2.000 0.000
6 26 2 16.200 84.900 0.000 0.000 336.000 1.500 0.000
6 26 3 15.400 90.900 0.000 0.000 35.000 1.200 0.000
6 26 4 15.400 92.900 0.000 0.000 64.000 1.600 0.000
6 26 5 15.700 92.600 0.000 0.000 64.000 1.500 0.000
6 26 6 14.500 93.200 0.000 0.000 93.000 1.300 0.000
6 26 7 15.000 94.400 4.790 38.394 102.000 1.500 39.100
6 26 8 16.400 91.000 70.982 127.637 97.000 2.300 148.300
6 26 9 18.900 78.700 101.402 195.554 122.000 2.900 239.800
6 26 10 22.100 65.300 366.537 219.774 140.000 3.000 429.900
6 26 11 23.900 57.100 199.244 306.008 137.000 3.100 444.000
6 26 12 24.400 53.000 97.420 351.716 134.000 3.300 428.300
6 26 13 25.200 52.800 45.157 355.428 148.000 2.900 393.700
6 26 14 26.600 52.700 32.791 351.786 111.000 1.600 380.400
6 26 15 28.600 48.300 371.947 327.551 120.000 3.500 647.300
6 26 16 30.600 41.400 863.655 138.922 156.000 3.200 838.100
6 26 17 31.600 37.500 729.072 154.005 175.000 4.400 683.100
6 26 18 32.100 36.600 237.721 264.979 211.000 3.400 410.900
6 26 19 31.000 38.300 273.878 202.216 233.000 3.800 334.100
6 26 20 20.600 58.800 394.767 125.326 302.000 7.700 258.700
6 26 21 21.800 84.500 876.396 33.346 289.000 6.300 202.100
6 26 22 22.300 79.300 989.580 11.238 270.000 5.100 66.200
6 26 23 21.800 78.700 0.000 1.000 253.000 6.000 1.000
6 26 24 21.500 81.800 0.000 0.000 267.000 6.600 0.000
6 27 1 21.400 81.700 0.000 0.000 272.000 6.900 0.000
6 27 2 21.200 80.700 0.000 0.000 262.000 5.100 0.000
6 27 3 20.800 81.400 0.000 0.000 250.000 3.500 0.000
6 27 4 20.900 82.200 0.000 0.000 255.000 4.600 0.000
6 27 5 20.600 81.800 0.000 0.000 273.000 5.200 0.000
6 27 6 20.100 83.700 0.000 0.000 261.000 3.700 0.000
6 27 7 19.800 85.300 3.481 32.590 250.000 4.000 33.100
6 27 8 20.500 81.200 8.434 92.753 259.000 4.900 95.200
6 27 9 20.700 76.100 9.576 143.231 267.000 5.600 147.400
6 27 10 21.000 72.900 54.443 244.937 274.000 6.100 276.100
6 27 11 22.400 64.600 130.990 311.679 281.000 7.300 402.300
6 27 12 21.700 57.400 72.323 344.891 271.000 8.100 401.700
6 27 13 20.500 56.200 11.620 289.757 286.000 8.500 299.600
6 27 14 16.800 66.900 7.298 268.835 279.000 7.700 275.200
6 27 15 18.400 78.500 189.865 381.425 291.000 6.400 544.600
6 27 16 19.400 70.000 137.277 364.584 274.000 5.300 475.700
6 27 17 17.800 67.200 5.390 200.188 304.000 5.900 204.100
6 27 18 18.900 68.700 92.372 273.899 280.000 4.900 330.600
6 27 19 19.700 63.200 164.959 215.764 289.000 5.600 295.200
6 27 20 19.600 58.500 285.446 140.466 284.000 6.500 236.900
6 27 21 19.300 57.200 267.257 81.259 270.000 5.900 132.700
6 27 22 18.800 59.000 43.300 26.603 289.000 4.700 29.000
6 27 23 17.900 61.900 0.000 0.100 280.000 3.600 0.100
6 27 24 17.400 65.000 0.000 0.000 285.000 2.500 0.000
6 28 1 16.900 68.600 0.000 0.000 271.000 2.800 0.000
6 28 2 15.700 75.400 0.000 0.000 264.000 2.400 0.000
6 28 3 15.500 81.700 0.000 0.000 239.000 2.500 0.000
6 28 4 14.900 85.000 0.000 0.000 248.000 2.400 0.000
6 28 5 14.300 88.300 0.000 0.000 227.000 2.100 0.000
6 28 6 13.900 90.700 0.000 0.000 223.000 2.600 0.000
6 28 7 14.100 92.600 7.111 44.467 219.000 2.300 45.500
6 28 8 15.900 89.000 95.040 129.133 230.000 3.100 156.600
6 28 9 18.200 78.700 99.306 194.467 238.000 3.100 237.600
6 28 10 19.600 69.900 140.321 257.313 219.000 3.200 337.500
6 28 11 22.000 63.400 419.831 248.404 223.000 4.000 538.500
6 28 12 24.100 59.000 630.329 202.426 247.000 4.800 697.100
6 28 13 25.600 55.300 724.456 181.271 252.000 4.800 794.500
6 28 14 26.700 50.100 781.570 166.407 249.000 4.400 847.800
6 28 15 28.300 46.300 764.715 169.513 248.000 4.600 826.500
6 28 16 28.600 44.100 814.304 145.640 278.000 6.500 804.600
6 28 17 29.300 43.900 793.052 135.509 278.000 5.700 710.900
6 28 18 29.100 44.100 805.799 112.041 288.000 6.000 606.600
6 28 19 27.900 46.100 307.327 196.229 265.000 5.700 344.200
6 28 20 27.100 51.000 21.118 127.868 288.000 5.200 135.000
6 28 21 26.800 54.100 100.652 86.145 285.000 5.300 105.500
6 28 22 26.000 57.100 290.761 27.881 288.000 3.900 43.900
6 28 23 25.400 61.000 0.000 0.000 279.000 3.700 0.000
6 28 24 25.100 64.400 0.000 0.000 282.000 4.000 0.000
6 29 1 24.700 67.500 0.000 0.000 298.000 3.700 0.000
6 29 2 24.100 70.300 0.000 0.000 286.000 3.000 0.000
6 29 3 23.700 71.500 0.000 0.000 298.000 4.000 0.000
6 29 4 22.700 73.500 0.000 0.000 301.000 4.100 0.000
6 29 5 22.000 78.200 0.000 0.000 287.000 2.600 0.000
6 29 6 21.100 82.500 0.000 0.000 275.000 2.900 0.000
6 29 7 21.100 85.000 4.516 36.449 254.000 2.800 37.100
6 29 8 22.000 84.200 130.078 129.659 262.000 4.100 167.100
6 29 9 22.900 79.400 323.268 173.847 266.000 3.600 313.900
6 29 10 24.400 72.100 353.935 221.699 280.000 4.400 423.600
6 29 11 25.100 67.100 285.527 286.860 267.000 5.100 483.900
6 29 12 25.500 64.100 145.550 352.785 258.000 5.400 466.900
6 29 13 26.400 60.400 56.262 363.111 274.000 6.800 410.700
6 29 14 26.200 58.500 1.879 143.062 293.000 7.500 144.700
6 29 15 26.400 59.200 20.456 323.533 289.000 7.100 341.100
6 29 16 27.500 53.800 629.003 209.156 277.000 8.100 718.000
6 29 17 28.100 48.500 559.835 212.025 303.000 7.500 618.100
6 29 18 27.400 47.800 429.318 217.874 279.000 7.400 481.300
6 29 19 26.700 49.100 295.051 198.388 304.000 6.600 340.400
6 29 20 26.400 52.200 305.494 137.788 318.000 7.700 240.900
6 29 21 25.900 47.900 739.803 39.844 304.000 7.600 181.900
6 29 22 24.400 39.300 493.626 23.495 313.000 6.500 50.500
6 29 23 22.600 35.000 0.000 1.000 314.000 5.700 1.000
6 29 24 21.000 37.400 0.000 0.000 307.000 4.500 0.000
6 30 1 19.600 43.100 0.000 0.000 312.000 4.500 0.000
6 30 2 18.300 48.200 0.000 0.000 310.000 4.300 0.000
6 30 3 17.100 53.600 0.000 0.000 316.000 3.800 0.000
6 30 4 16.000 59.400 0.000 0.000 323.000 3.600 0.000
6 30 5 14.300 66.000 0.000 0.000 302.000 2.800 0.000
6 30 6 13.600 72.400 0.000 0.000 292.000 2.700 0.000
6 30 7 13.900 74.400 7.209 43.870 290.000 3.100 44.900
6 30 8 15.100 72.600 174.150 127.991 284.000 3.300 177.900
6 30 9 15.900 70.700 386.922 161.725 322.000 3.800 328.900
6 30 10 17.100 66.200 555.463 167.636 320.000 3.400 483.900
6 30 11 19.000 59.300 676.878 162.435 296.000 2.900 628.900
6 30 12 20.700 50.700 759.988 155.966 309.000 3.100 751.200
6 30 13 21.600 42.700 816.622 151.510 303.000 4.400 841.700
6 30 14 23.000 36.900 846.883 150.332 327.000 3.500 887.800
6 30 15 24.100 32.600 866.577 147.380 309.000 3.200 891.200
6 30 16 25.300 29.200 877.088 140.151 318.000 3.300 849.400
6 30 17 25.700 27.200 888.341 127.281 1.000 3.200 771.400
6 30 18 26.200 26.200 905.040 109.692 337.000 3.200 664.800
6 30 19 26.600 27.200 907.444 86.262 5.000 2.400 522.800
6 30 20 26.400 28.900 907.979 60.505 351.000 2.600 366.700
6 30 21 26.100 27.200 927.643 35.129 12.000 3.000 212.900
6 30 22 24.300 28.700 1156.688 12.392 26.000 3.000 75.100
6 30 23 21.000 37.600 0.000 1.100 21.000 2.400 1.100
6 30 24 18.600 49.800 0.000 0.000 61.000 2.200 0.000
7 1 1 17.600 57.000 0.000 0.000 76.000 2.300 0.000
7 1 2 18.200 59.900 0.000 0.000 79.000 2.900 0.000
7 1 3 18.200 68.000 0.000 0.000 81.000 2.900 0.000
7 1 4 17.000 72.100 0.000 0.000 86.000 2.600 0.000
7 1 5 16.300 78.300 0.000 0.000 80.000 3.000 0.000
7 1 6 15.500 82.900 0.000 0.000 94.000 2.400 0.000
7 1 7 15.600 85.700 6.910 42.922 97.000 1.900 43.900
7 1 8 17.200 80.900 162.386 127.878 111.000 1.900 174.200
7 1 9 19.700 69.800 377.203 163.094 131.000 2.000 325.600
7 1 10 22.500 56.800 541.605 171.144 134.000 2.600 478.900
7 1 11 25.100 43.800 661.329 167.221 139.000 2.400 622.300
7 1 12 26.500 34.500 753.441 157.852 123.000 2.300 747.300
7 1 13 27.900 29.400 804.320 154.496 97.000 2.100 833.700
7 1 14 29.200 26.000 839.657 151.227 86.000 1.800 881.900
7 1 15 29.300 24.000 860.214 147.158 88.000 1.900 885.100
7 1 16 31.000 22.600 874.728 139.706 122.000 2.400 846.700
7 1 17 31.900 21.600 883.573 126.538 98.000 1.700 766.900
7 1 18 32.400 21.200 895.297 108.455 99.000 2.400 657.300
7 1 19 32.600 21.000 896.098 85.124 69.000 2.300 515.900
7 1 20 32.900 21.500 893.424 59.466 85.000 2.900 360.400
7 1 21 31.200 23.600 910.334 34.386 92.000 1.900 208.400
7 1 22 28.300 27.700 1141.621 12.094 96.000 2.600 73.300
7 1 23 25.300 35.700 0.000 1.100 103.000 2.900 1.100
7 1 24 23.400 45.900 0.000 0.000 108.000 3.000 0.000
7 2 1 22.200 52.600 0.000 0.000 108.000 2.800 0.000
7 2 2 20.800 56.600 0.000 0.000 105.000 2.400 0.000
7 2 3 22.200 61.400 0.000 0.000 109.000 2.500 0.000
7 2 4 20.600 67.300 0.000 0.000 110.000 2.200 0.000
7 2 5 20.100 70.900 0.000 0.000 105.000 1.900 0.000
7 2 6 20.400 73.200 0.000 0.000 116.000 2.000 0.000
7 2 7 20.300 75.500 6.641 41.970 107.000 2.000 42.900
7 2 8 22.300 72.500 152.732 127.546 105.000 1.800 170.900
7 2 9 25.000 62.400 370.196 163.901 127.000 2.200 322.900
7 2 10 27.900 49.100 541.690 170.748 114.000 2.200 477.900
7 2 11 30.200 37.300 665.698 165.529 140.000 2.700 622.900
7 2 12 32.600 30.100 753.443 157.651 144.000 2.900 746.400
7 2 13 33.500 24.700 806.037 153.882 144.000 3.400 833.900
7 2 14 34.500 21.500 839.623 151.110 188.000 2.700 881.200
7 2 15 35.200 20.400 860.886 147.053 150.000 2.400 885.100
7 2 16 36.700 19.000 872.537 139.281 173.000 2.900 844.100
7 2 17 37.500 16.400 880.273 125.994 120.000 2.300 763.600
7 2 18 37.200 15.500 889.886 107.729 107.000 1.400 652.900
7 2 19 37.600 17.000 887.855 84.266 100.000 3.000 510.700
7 2 20 37.200 18.200 878.590 58.394 127.000 3.300 353.900
7 2 21 36.300 20.700 885.533 33.346 92.000 2.900 202.100
7 2 22 34.300 28.000 1150.618 12.028 105.000 2.400 72.900
7 2 23 31.500 38.500 0.000 4.000 123.000 2.100 4.000
7 2 24 31.100 45.500 0.000 0.000 129.000 3.500 0.000
7 3 1 30.300 50.000 0.000 0.000 157.000 3.600 0.000
7 3 2 29.300 53.500 0.000 0.000 180.000 3.600 0.000
7 3 3 26.400 53.000 0.000 0.000 292.000 4.400 0.000
7 3 4 25.600 54.000 0.000 0.000 349.000 5.800 0.000
7 3 5 24.500 58.800 0.000 0.000 345.000 3.400 0.000
7 3 6 23.600 63.500 0.000 0.000 288.000 2.300 0.000
7 3 7 23.400 66.800 0.216 7.770 312.000 4.900 7.800
7 3 8 22.800 68.600 0.591 26.133 300.000 6.200 26.300
7 3 9 21.500 74.800 1.490 62.662 302.000 5.600 63.300
7 3 10 20.700 83.700 1.979 95.280 292.000 5.100 96.400
7 3 11 19.300 86.500 3.050 143.008 307.000 5.200 145.100
7 3 12 20.200 82.700 6.987 237.547 303.000 5.800 243.000
7 3 13 20.300 77.400 4.840 220.521 302.000 6.200 224.600
7 3 14 22.200 65.000 140.381 391.133 292.000 6.600 513.100
7 3 15 23.400 52.100 343.472 336.648 317.000 6.400 630.900
7 3 16 23.800 43.500 570.209 231.799 290.000 6.200 692.100
7 3 17 24.000 37.600 768.847 141.578 296.000 5.400 698.100
7 3 18 24.100 35.900 865.849 105.072 305.000 6.800 635.100
7 3 19 24.200 36.000 861.031 82.294 289.000 5.700 495.400
7 3 20 23.500 36.100 856.149 57.644 317.000 4.900 345.100
7 3 21 22.400 37.500 831.544 33.309 299.000 5.300 191.200
7 3 22 21.500 40.900 0.000 67.700 316.000 5.000 67.700
7 3 23 20.100 44.100 0.000 2.000 322.000 4.000 2.000
7 3 24 17.600 51.000 0.000 0.000 346.000 2.800 0.000
7 4 1 17.100 57.800 0.000 0.000 319.000 3.000 0.000
7 4 2 16.100 62.100 0.000 0.000 332.000 2.800 0.000
7 4 3 14.400 69.700 0.000 0.000 14.000 3.000 0.000
7 4 4 14.600 73.800 0.000 0.000 11.000 2.400 0.000
7 4 5 14.600 74.200 0.000 0.000 29.000 1.300 0.000
7 4 6 13.200 78.200 0.000 0.000 14.000 1.200 0.000
7 4 7 13.400 82.900 2.441 25.566 354.000 1.000 25.900
7 4 8 15.400 78.800 80.632 124.257 299.000 1.800 146.900
7 4 9 17.400 69.800 8.752 137.566 306.000 1.500 141.300
7 4 10 17.500 65.900 102.597 252.991 300.000 2.700 310.900
7 4 11 18.900 62.200 387.704 256.026 275.000 3.200 521.500
7 4 12 19.000 55.000 433.681 275.099 273.000 3.900 613.100
7 4 13 20.700 47.200 554.351 248.289 296.000 4.600 715.000
7 4 14 21.100 40.500 637.315 220.878 264.000 4.000 774.100
7 4 15 21.900 36.300 699.991 192.588 283.000 4.600 791.800
7 4 16 22.500 33.600 760.944 160.284 295.000 4.900 774.100
7 4 17 23.300 31.200 799.500 133.440 244.000 4.200 711.700
7 4 18 23.600 29.900 842.644 105.954 318.000 4.000 621.300
7 4 19 24.000 29.900 866.749 82.276 318.000 3.400 497.600
7 4 20 23.500 30.000 834.582 58.557 236.000 2.500 338.200
7 4 21 22.900 31.900 661.441 45.932 260.000 3.000 171.000
7 4 22 21.200 39.000 0.000 52.700 261.000 1.800 52.700
7 4 23 19.300 49.300 0.000 0.100 285.000 1.000 0.100
7 4 24 17.600 56.400 0.000 0.000 247.000 0.700 0.000
7 5 1 15.800 62.100 0.000 0.000 196.000 1.700 0.000
7 5 2 14.600 68.600 0.000 0.000 201.000 1.700 0.000
7 5 3 14.000 73.600 0.000 0.000 185.000 1.400 0.000
7 5 4 13.900 76.300 0.000 0.000 169.000 1.900 0.000
7 5 5 13.700 76.200 0.000 0.000 193.000 2.000 0.000
7 5 6 13.200 75.800 0.000 0.000 183.000 2.100 0.000
7 5 7 13.400 75.500 3.358 29.546 187.000 2.000 30.000
7 5 8 15.900 66.300 51.625 118.786 177.000 1.700 133.200
7 5 9 18.700 54.200 180.418 189.397 184.000 2.100 266.100
7 5 10 22.000 44.100 292.923 232.474 195.000 2.800 397.400
7 5 11 24.100 36.900 571.398 195.858 219.000 2.600 586.400
7 5 12 25.900 32.700 628.771 201.242 225.000 4.600 690.600
7 5 13 26.200 29.800 340.643 331.437 236.000 5.100 617.900
7 5 14 27.100 28.800 408.270 316.241 270.000 4.500 670.300
7 5 15 28.100 25.800 756.877 171.348 296.000 6.000 818.700
7 5 16 28.100 23.900 483.104 265.627 294.000 5.800 655.000
7 5 17 26.900 25.000 16.667 263.456 308.000 5.000 275.500
7 5 18 27.000 26.100 29.867 243.153 303.000 3.200 261.400
7 5 19 27.800 25.900 265.323 202.249 277.000 3.600 329.200
7 5 20 26.800 26.200 657.357 81.854 314.000 4.700 301.600
7 5 21 26.700 28.000 456.344 64.422 293.000 3.500 150.300
7 5 22 25.000 31.800 0.000 56.100 306.000 3.100 56.100
7 5 23 23.600 36.900 0.000 1.000 291.000 2.500 1.000
7 5 24 22.500 41.400 0.000 0.000 273.000 2.800 0.000
7 6 1 21.400 44.400 0.000 0.000 294.000 3.600 0.000
7 6 2 20.000 49.000 0.000 0.000 282.000 2.100 0.000
7 6 3 19.700 54.500 0.000 0.000 255.000 1.700 0.000
7 6 4 18.200 59.400 0.000 0.000 207.000 1.500 0.000
7 6 5 18.100 64.400 0.000 0.000 222.000 2.000 0.000
7 6 6 17.600 66.700 0.000 0.000 203.000 1.700 0.000
7 6 7 17.800 68.600 0.112 5.385 217.000 1.800 5.400
7 6 8 19.400 63.400 2.134 48.508 206.000 2.100 49.100
7 6 9 21.200 54.300 10.265 141.352 225.000 2.400 145.700
7 6 10 22.500 46.800 95.541 250.946 224.000 3.600 304.600
7 6 11 23.600 41.900 246.513 292.534 232.000 3.800 460.700
7 6 12 25.300 37.800 442.063 271.264 270.000 3.900 614.800
7 6 13 26.800 30.300 632.200 215.797 237.000 5.000 746.800
7 6 14 28.200 25.000 698.878 195.347 228.000 5.200 800.800
7 6 15 29.000 24.400 680.927 199.753 240.000 5.400 781.600
7 6 16 27.700 27.400 246.315 345.356 257.000 5.200 543.700
7 6 17 27.400 31.400 113.951 324.636 257.000 5.700 406.900
7 6 18 27.300 32.100 109.017 274.077 267.000 6.200 340.600
7 6 19 26.900 31.500 29.431 189.741 257.000 5.000 203.800
7 6 20 25.700 32.200 16.923 121.858 277.000 4.800 127.500
7 6 21 25.000 32.100 147.510 84.188 259.000 5.100 111.800
7 6 22 23.600 33.000 0.000 14.900 268.000 4.100 14.900
7 6 23 22.800 37.200 0.000 0.000 193.000 2.400 0.000
7 6 24 22.100 42.000 0.000 0.000 267.000 3.000 0.000
7 7 1 21.600 45.600 0.000 0.000 253.000 2.000 0.000
7 7 2 20.400 50.200 0.000 0.000 266.000 2.700 0.000
7 7 3 19.500 56.800 0.000 0.000 252.000 4.000 0.000
7 7 4 18.700 62.200 0.000 0.000 245.000 3.100 0.000
7 7 5 18.300 66.500 0.000 0.000 261.000 3.500 0.000
7 7 6 17.300 72.700 0.000 0.000 240.000 3.000 0.000
7 7 7 16.900 79.500 0.083 4.589 205.000 3.300 4.600
7 7 8 17.300 79.900 1.155 35.581 215.000 2.900 35.900
7 7 9 17.900 76.300 0.414 32.725 226.000 3.300 32.900
7 7 10 18.600 73.700 4.265 137.711 240.000 3.200 140.100
7 7 11 18.900 71.000 11.005 230.407 235.000 3.700 237.900
7 7 12 19.400 68.600 5.795 221.404 216.000 3.100 225.900
7 7 13 17.800 74.500 5.565 235.032 286.000 3.700 239.700
7 7 14 18.400 82.800 36.879 354.086 240.000 3.300 386.000
7 7 15 19.300 79.600 166.464 382.201 250.000 2.900 524.300
7 7 16 21.000 70.600 414.238 291.172 212.000 2.500 624.400
7 7 17 23.100 59.600 802.593 132.324 231.000 1.700 711.100
7 7 18 23.300 52.500 209.628 267.655 232.000 3.700 395.400
7 7 19 18.400 66.900 4.139 115.527 214.000 3.600 117.500
7 7 20 18.900 85.700 122.502 149.677 226.000 1.900 190.400
7 7 21 18.800 82.600 889.395 32.703 256.000 3.200 198.200
7 7 22 17.700 85.300 0.000 66.300 221.000 1.500 66.300
7 7 23 17.700 90.300 0.000 2.100 284.000 2.900 2.100
7 7 24 16.400 92.900 0.000 0.000 220.000 2.400 0.000
7 8 1 16.100 94.700 0.000 0.000 280.000 3.200 0.000
7 8 2 16.300 94.800 0.000 0.000 305.000 4.000 0.000
7 8 3 16.200 93.300 0.000 0.000 306.000 4.500 0.000
7 8 4 15.100 94.300 0.000 0.000 298.000 4.800 0.000
7 8 5 15.000 95.900 0.000 0.000 288.000 3.800 0.000
7 8 6 14.700 95.000 0.000 0.000 289.000 4.500 0.000
7 8 7 14.200 94.500 0.253 7.867 286.000 4.600 7.900
7 8 8 13.800 93.600 1.204 36.070 292.000 4.900 36.400
7 8 9 13.600 92.000 6.587 125.632 285.000 4.800 128.400
7 8 10 14.700 88.200 39.153 230.233 297.000 4.500 252.100
7 8 11 16.400 79.600 169.913 303.862 290.000 4.800 419.300
7 8 12 17.500 69.000 213.191 339.554 268.000 4.200 504.700
7 8 13 18.100 63.000 208.410 368.210 282.000 4.400 542.800
7 8 14 18.000 60.200 23.764 333.059 279.000 4.600 353.600
7 8 15 18.300 57.000 60.437 368.565 252.000 4.300 420.100
7 8 16 19.500 52.900 142.907 361.666 264.000 3.800 476.500
7 8 17 21.500 47.000 272.987 302.577 250.000 5.300 499.200
7 8 18 21.100 43.600 637.480 154.801 277.000 5.100 542.700
7 8 19 21.000 41.600 843.875 82.351 287.000 5.300 483.900
7 8 20 20.400 42.400 684.340 76.942 286.000 5.100 303.700
7 8 21 19.900 47.400 733.983 38.810 273.000 5.100 174.500
7 8 22 18.600 51.800 0.000 55.600 279.000 3.500 55.600
7 8 23 18.200 56.000 0.000 0.000 267.000 2.800 0.000
7 8 24 17.900 59.500 0.000 0.000 277.000 3.300 0.000
7 9 1 17.400 62.800 0.000 0.000 281.000 2.800 0.000
7 9 2 17.000 67.700 0.000 0.000 289.000 3.300 0.000
7 9 3 16.800 72.100 0.000 0.000 267.000 3.900 0.000
7 9 4 16.500 75.900 0.000 0.000 277.000 4.000 0.000
7 9 5 16.500 78.400 0.000 0.000 279.000 4.100 0.000
7 9 6 16.200 79.600 0.000 0.000 244.000 3.700 0.000
7 9 7 16.000 80.900 0.035 2.896 276.000 4.400 2.900
7 9 8 16.300 80.200 0.504 23.263 287.000 3.900 23.400
7 9 9 16.500 78.700 0.938 48.707 285.000 4.100 49.100
7 9 10 16.600 78.500 3.686 127.448 280.000 4.100 129.500
7 9 11 17.000 78.100 5.048 181.078 289.000 5.100 184.500
7 9 12 17.100 77.700 6.248 227.168 291.000 5.300 232.000
7 9 13 16.000 83.800 5.192 226.557 294.000 4.500 230.900
7 9 14 18.100 83.200 23.980 333.098 284.000 4.200 353.800
7 9 15 17.600 77.000 50.093 361.235 308.000 4.500 403.900
7 9 16 21.000 66.900 153.209 360.632 302.000 5.800 483.600
7 9 17 20.700 57.100 36.319 293.775 309.000 6.100 319.900
7 9 18 20.200 58.100 165.229 272.123 308.000 6.900 372.500
7 9 19 19.300 62.100 148.901 213.505 301.000 5.800 284.200
7 9 20 19.600 64.400 321.171 132.757 319.000 4.900 238.800
7 9 21 19.600 63.200 525.616 56.722 309.000 5.500 153.200
7 9 22 19.300 63.500 0.000 39.200 327.000 4.500 39.200
7 9 23 18.700 66.700 0.000 0.000 321.000 3.700 0.000
7 9 24 18.600 68.800 0.000 0.000 324.000 3.700 0.000
7 10 1 18.300 70.300 0.000 0.000 325.000 3.600 0.000
7 10 2 17.900 72.200 0.000 0.000 302.000 3.400 0.000
7 10 3 17.800 72.700 0.000 0.000 314.000 3.800 0.000
7 10 4 17.200 73.900 0.000 0.000 315.000 4.000 0.000
7 10 5 16.700 77.200 0.000 0.000 306.000 3.700 0.000
7 10 6 16.100 80.100 0.000 0.000 295.000 3.300 0.000
7 10 7 15.600 82.200 1.529 18.608 289.000 2.800 18.800
7 10 8 15.400 83.200 19.102 100.642 303.000 3.200 105.800
7 10 9 16.500 82.200 11.719 142.718 304.000 3.200 147.600
7 10 10 16.600 80.300 158.989 249.132 299.000 3.700 337.400
7 10 11 18.600 75.600 440.501 236.648 319.000 3.400 534.600
7 10 12 19.700 68.000 440.950 269.914 294.000 3.200 610.300
7 10 13 21.400 59.700 298.985 343.058 297.000 3.700 592.800
7 10 14 21.200 55.300 260.201 365.967 293.000 4.000 590.300
7 10 15 18.900 61.400 103.289 381.436 22.000 4.800 469.300
7 10 16 15.700 77.000 4.066 192.541 349.000 3.400 195.800
7 10 17 17.200 85.300 4.604 183.393 329.000 3.800 186.700
7 10 18 17.000 83.700 3.896 142.637 316.000 3.400 145.000
7 10 19 18.000 83.000 9.151 154.266 310.000 3.900 158.600
7 10 20 17.800 82.300 10.818 110.942 54.000 2.200 114.500
7 10 21 18.800 79.100 334.677 72.244 311.000 2.600 133.200
7 10 22 18.200 78.900 0.000 57.200 305.000 2.700 57.200
7 10 23 17.400 84.300 0.000 0.000 296.000 1.700 0.000
7 10 24 15.900 87.300 0.000 0.000 301.000 2.100 0.000
7 11 1 15.200 89.900 0.000 0.000 317.000 2.500 0.000
7 11 2 14.300 92.500 0.000 0.000 302.000 1.700 0.000
7 11 3 14.200 93.500 0.000 0.000 298.000 3.300 0.000
7 11 4 14.100 93.200 0.000 0.000 296.000 2.800 0.000
7 11 5 13.500 93.500 0.000 0.000 290.000 2.800 0.000
7 11 6 13.300 92.300 0.000 0.000 306.000 3.100 0.000
7 11 7 12.800 91.200 5.456 34.227 295.000 2.800 34.900
7 11 8 13.400 88.800 109.028 120.384 281.000 2.900 149.600
7 11 9 15.100 82.500 276.213 173.762 290.000 3.500 288.300
7 11 10 17.700 76.700 375.550 209.956 298.000 4.300 417.800
7 11 11 18.900 71.700 215.376 295.462 296.000 5.000 440.800
7 11 12 20.300 66.800 258.895 327.420 290.000 5.900 526.900
7 11 13 21.600 61.300 423.939 298.235 307.000 6.800 651.800
7 11 14 23.200 55.100 395.656 318.956 294.000 6.300 659.600
7 11 15 23.000 51.100 49.784 360.106 302.000 6.300 402.400
7 11 16 22.500 51.800 5.664 226.166 309.000 6.600 230.700
7 11 17 22.900 51.900 35.191 291.761 326.000 7.200 317.000
7 11 18 24.100 46.300 84.458 268.679 320.000 6.200 319.800
7 11 19 18.900 54.400 3.418 104.185 21.000 6.000 105.800
7 11 20 18.000 69.000 4.830 85.618 354.000 5.700 87.200
7 11 21 18.400 68.800 46.549 75.993 352.000 4.600 84.400
7 11 22 17.800 70.200 0.000 14.100 329.000 5.600 14.100
7 11 23 16.000 76.600 0.000 0.000 346.000 4.300 0.000
7 11 24 15.100 87.000 0.000 0.000 318.000 3.100 0.000
7 12 1 15.100 92.300 0.000 0.000 279.000 3.400 0.000
7 12 2 14.900 93.600 0.000 0.000 289.000 3.100 0.000
7 12 3 14.800 94.600 0.000 0.000 284.000 3.300 0.000
7 12 4 14.800 94.800 0.000 0.000 272.000 3.700 0.000
7 12 5 15.000 95.400 0.000 0.000 298.000 3.300 0.000
7 12 6 15.000 95.700 0.000 0.000 285.000 3.100 0.000
7 12 7 15.100 95.800 0.179 6.178 288.000 3.600 6.200
7 12 8 15.000 96.700 0.341 18.709 288.000 3.600 18.800
7 12 9 15.100 97.100 0.355 29.653 281.000 3.500 29.800
7 12 10 15.100 97.000 0.486 46.332 285.000 4.200 46.600
7 12 11 15.500 97.100 0.903 76.892 290.000 3.800 77.500
7 12 12 15.900 96.300 2.346 140.896 294.000 3.500 142.700
7 12 13 16.200 95.200 2.757 165.204 306.000 3.900 167.500
7 12 14 16.600 94.900 2.791 171.600 286.000 3.100 174.000
7 12 15 17.000 94.200 3.806 197.271 265.000 3.400 200.500
7 12 16 17.000 93.900 3.713 183.632 307.000 3.300 186.600
7 12 17 17.200 94.000 3.783 165.992 291.000 3.300 168.700
7 12 18 17.300 93.300 3.546 135.658 283.000 3.300 137.800
7 12 19 17.400 93.300 3.696 107.959 278.000 2.800 109.700
7 12 20 17.400 93.900 3.159 69.170 243.000 3.100 70.200
7 12 21 17.400 94.700 2.651 34.826 254.000 3.000 35.300
7 12 22 17.300 96.100 0.000 9.500 256.000 2.300 9.500
7 12 23 17.300 97.300 0.000 0.000 237.000 1.900 0.000
7 12 24 17.400 97.900 0.000 0.000 252.000 2.200 0.000
7 13 1 17.400 98.300 0.000 0.000 233.000 1.800 0.000
7 13 2 17.400 98.000 0.000 0.000 328.000 1.800 0.000
7 13 3 16.900 98.200 0.000 0.000 292.000 1.700 0.000
7 13 4 16.600 98.800 0.000 0.000 276.000 2.200 0.000
7 13 5 16.500 98.800 0.000 0.000 271.000 2.400 0.000
7 13 6 16.600 98.400 0.000 0.000 265.000 2.100 0.000
7 13 7 16.800 98.400 0.049 3.194 233.000 1.700 3.200
7 13 8 16.900 98.200 0.400 20.095 227.000 2.500 20.200
7 13 9 16.900 98.000 2.036 70.164 271.000 2.600 71.000
7 13 10 17.100 97.200 7.346 169.761 257.000 2.400 173.800
7 13 11 17.500 95.300 38.723 276.498 233.000 2.800 302.500
7 13 12 18.600 90.300 87.392 341.429 242.000 3.400 408.500
7 13 13 19.200 85.600 145.698 374.090 231.000 3.300 495.200
7 13 14 20.500 78.900 184.388 381.921 225.000 4.700 540.200
7 13 15 21.200 71.500 144.999 381.270 232.000 3.000 504.100
7 13 16 20.500 73.900 73.277 350.816 232.000 3.500 409.300
7 13 17 22.300 70.400 187.324 317.608 230.000 3.700 451.500
7 13 18 23.300 59.700 216.612 263.745 235.000 3.700 394.300
7 13 19 22.600 58.900 176.539 209.597 255.000 3.100 292.500
7 13 20 22.300 61.600 13.120 113.543 270.000 2.400 117.800
7 13 21 21.600 64.000 14.933 63.453 326.000 2.600 66.100
7 13 22 20.100 71.800 0.000 49.800 314.000 2.000 49.800
7 13 23 18.900 81.800 0.000 0.000 31.000 1.400 0.000
7 13 24 17.900 89.300 0.000 0.000 56.000 1.500 0.000
7 14 1 17.600 93.000 0.000 0.000 159.000 1.600 0.000
7 14 2 17.200 94.900 0.000 0.000 185.000 1.500 0.000
7 14 3 16.800 96.100 0.000 0.000 208.000 2.400 0.000
7 14 4 16.700 96.800 0.000 0.000 201.000 1.900 0.000
7 14 5 16.000 97.800 0.000 0.000 186.000 1.000 0.000
7 14 6 15.300 98.600 0.000 0.000 215.000 1.800 0.000
7 14 7 15.800 98.400 0.084 4.090 189.000 1.400 4.100
7 14 8 16.800 96.300 3.648 59.546 224.000 0.800 60.500
7 14 9 18.100 91.700 15.924 147.893 224.000 1.200 154.400
7 14 10 20.000 82.700 82.257 242.834 250.000 1.200 287.900
7 14 11 22.600 69.400 393.560 248.822 281.000 1.500 512.400
7 14 12 24.300 58.500 359.976 295.801 244.000 2.500 571.500
7 14 13 24.400 53.900 220.258 362.337 239.000 3.300 545.100
7 14 14 25.100 53.800 318.862 345.527 218.000 3.300 618.800
7 14 15 25.500 53.000 490.733 275.843 230.000 4.200 690.900
7 14 16 26.600 49.200 658.822 194.741 255.000 3.900 719.700
7 14 17 26.500 48.100 261.096 302.727 249.000 3.900 489.000
7 14 18 25.500 52.200 100.868 269.448 301.000 4.300 330.100
7 14 19 26.800 53.300 675.908 110.625 311.000 3.100 427.000
7 14 20 25.900 51.900 283.555 134.465 314.000 3.100 226.000
7 14 21 25.000 54.700 131.464 79.039 342.000 3.100 102.100
7 14 22 24.300 59.900 0.000 33.600 346.000 2.300 33.600
7 14 23 21.800 69.200 0.000 0.000 283.000 2.700 0.000
7 14 24 20.500 79.800 0.000 0.000 277.000 1.500 0.000
7 15 1 19.500 86.300 0.000 0.000 261.000 2.100 0.000
7 15 2 18.800 90.700 0.000 0.000 239.000 1.800 0.000
7 15 3 17.700 92.200 0.000 0.000 258.000 3.200 0.000
7 15 4 17.100 94.600 0.000 0.000 275.000 1.900 0.000
7 15 5 17.300 97.000 0.000 0.000 243.000 1.900 0.000
7 15 6 17.700 97.700 0.000 0.000 270.000 1.800 0.000
7 15 7 18.300 97.500 0.047 2.995 262.000 1.600 3.000
7 15 8 18.800 96.400 0.151 12.161 275.000 2.100 12.200
7 15 9 18.800 94.300 0.787 43.380 263.000 2.800 43.700
7 15 10 18.600 92.000 1.143 70.076 267.000 1.900 70.700
7 15 11 19.300 88.500 4.773 173.612 293.000 1.600 176.800
7 15 12 20.100 84.700 19.056 284.837 274.000 1.600 299.400
7 15 13 20.800 79.800 5.908 238.306 269.000 2.100 243.200
7 15 14 22.000 74.300 5.786 244.050 236.000 2.400 249.000
7 15 15 17.400 81.900 1.733 133.236 287.000 5.500 134.700
7 15 16 17.000 91.700 29.079 315.569 304.000 5.100 338.700
7 15 17 18.500 85.100 156.565 319.824 323.000 3.400 431.300
7 15 18 19.800 75.000 369.919 229.121 290.000 5.600 451.000
7 15 19 19.700 70.300 548.972 138.929 298.000 4.900 395.000
7 15 20 20.000 69.300 630.157 82.892 312.000 3.000 285.200
7 15 21 20.200 67.300 814.292 31.243 274.000 2.300 172.500
7 15 22 18.200 70.100 0.000 36.200 239.000 2.300 36.200
7 15 23 16.500 83.000 0.000 0.000 273.000 3.100 0.000
7 15 24 16.300 93.300 0.000 0.000 253.000 2.900 0.000
7 16 1 16.200 93.900 0.000 0.000 272.000 3.200 0.000
7 16 2 16.100 93.300 0.000 0.000 274.000 3.000 0.000
7 16 3 15.300 93.000 0.000 0.000 272.000 2.600 0.000
7 16 4 15.100 93.900 0.000 0.000 281.000 2.800 0.000
7 16 5 15.000 95.400 0.000 0.000 265.000 2.300 0.000
7 16 6 14.700 96.800 0.000 0.000 264.000 2.000 0.000
7 16 7 14.300 97.600 2.192 19.756 237.000 1.600 20.000
7 16 8 14.800 98.200 52.100 109.421 238.000 2.300 122.800
7 16 9 16.100 94.300 79.228 178.770 249.000 2.000 210.800
7 16 10 17.400 83.800 208.040 239.252 247.000 2.000 352.400
7 16 11 18.800 72.500 96.591 297.964 246.000 2.600 362.300
7 16 12 18.500 67.800 10.973 258.033 224.000 3.000 266.400
7 16 13 19.300 66.000 49.345 350.208 229.000 1.800 391.000
7 16 14 21.100 59.200 620.856 224.424 143.000 1.700 754.700
7 16 15 21.200 53.300 110.453 378.992 140.000 2.300 472.100
7 16 16 18.800 57.000 1.324 109.649 177.000 4.500 110.700
7 16 17 16.700 71.900 5.000 188.947 256.000 3.500 192.500
7 16 18 16.300 82.400 287.040 248.487 317.000 4.200 420.200
7 16 19 18.000 79.400 894.038 82.104 330.000 0.900 497.600
7 16 20 18.900 74.300 888.178 56.017 307.000 2.000 339.500
7 16 21 18.900 71.100 695.450 38.981 312.000 1.700 158.200
7 16 22 18.000 75.700 0.000 51.900 289.000 1.400 51.900
7 16 23 15.800 86.600 0.000 0.000 233.000 2.000 0.000
7 16 24 15.300 94.400 0.000 0.000 243.000 2.500 0.000
7 17 1 15.300 97.000 0.000 0.000 286.000 2.300 0.000
7 17 2 15.400 96.400 0.000 0.000 254.000 2.600 0.000
7 17 3 15.200 94.600 0.000 0.000 267.000 2.900 0.000
7 17 4 15.200 94.600 0.000 0.000 279.000 2.600 0.000
7 17 5 15.300 94.400 0.000 0.000 295.000 3.100 0.000
7 17 6 14.600 93.500 0.000 0.000 274.000 3.000 0.000
7 17 7 14.400 94.600 0.773 11.516 277.000 3.100 11.600
7 17 8 15.000 95.000 10.658 85.589 262.000 3.600 88.300
7 17 9 16.000 90.500 36.853 164.584 268.000 4.900 179.400
7 17 10 16.700 84.700 8.331 172.786 284.000 4.500 177.300
7 17 11 17.400 81.600 14.798 237.471 281.000 4.800 247.300
7 17 12 18.100 78.300 7.164 233.350 267.000 5.200 238.800
7 17 13 18.300 74.200 4.967 218.702 268.000 5.600 222.800
7 17 14 17.800 74.300 2.165 150.154 260.000 5.700 152.000
7 17 15 17.700 78.000 1.522 124.519 258.000 4.100 125.800
7 17 16 16.400 86.800 0.842 87.433 262.000 4.700 88.100
7 17 17 16.500 95.400 0.793 75.938 245.000 4.200 76.500
7 17 18 16.700 96.600 1.906 98.663 250.000 3.800 99.800
7 17 19 17.200 97.000 1.712 72.607 264.000 4.000 73.400
7 17 20 17.700 97.300 6.109 92.462 285.000 3.700 94.400
7 17 21 18.200 97.100 128.210 76.297 301.000 3.600 98.000
7 17 22 18.500 96.900 0.000 26.000 304.000 2.600 26.000
7 17 23 18.500 97.100 0.000 0.000 343.000 2.200 0.000
7 17 24 18.400 97.900 0.000 0.000 335.000 2.500 0.000
7 18 1 18.400 97.500 0.000 0.000 335.000 3.200 0.000
7 18 2 17.900 96.500 0.000 0.000 331.000 3.200 0.000
7 18 3 17.600 97.000 0.000 0.000 331.000 3.000 0.000
7 18 4 17.400 97.500 0.000 0.000 301.000 2.700 0.000
7 18 5 17.400 97.200 0.000 0.000 286.000 2.900 0.000
7 18 6 17.300 97.600 0.000 0.000 334.000 2.600 0.000
7 18 7 17.100 97.700 0.054 2.994 340.000 2.500 3.000
7 18 8 17.400 96.800 0.676 24.930 3.000 2.300 25.100
7 18 9 18.200 93.900 4.094 96.364 333.000 1.700 98.000
7 18 10 18.200 91.200 3.771 124.965 349.000 2.000 127.000
7 18 11 18.900 88.700 19.056 246.881 306.000 1.900 259.500
7 18 12 20.000 84.100 130.400 342.131 289.000 2.000 441.100
7 18 13 20.700 79.700 163.913 369.244 281.000 2.800 504.200
7 18 14 22.200 72.300 392.189 316.871 295.000 2.700 650.600
7 18 15 21.900 65.200 39.912 347.279 346.000 3.500 380.800
7 18 16 21.900 65.100 16.498 288.052 31.000 2.300 301.100
7 18 17 22.900 63.200 190.236 314.049 39.000 1.800 448.600
7 18 18 23.500 56.700 602.712 161.616 205.000 1.900 520.100
7 18 19 24.100 53.700 753.550 93.189 146.000 1.300 440.600
7 18 20 24.500 53.000 655.112 77.652 186.000 1.500 284.100
7 18 21 23.700 53.600 656.518 41.045 280.000 1.400 150.700
7 18 22 22.300 64.500 0.000 34.300 299.000 1.000 34.300
7 18 23 21.100 77.800 0.000 0.000 231.000 0.600 0.000
7 18 24 20.200 82.300 0.000 0.000 219.000 1.200 0.000
7 19 1 19.100 87.800 0.000 0.000 238.000 1.000 0.000
7 19 2 18.800 91.300 0.000 0.000 250.000 1.100 0.000
7 19 3 18.300 92.400 0.000 0.000 265.000 1.300 0.000
7 19 4 18.100 93.900 0.000 0.000 283.000 1.100 0.000
7 19 5 17.700 95.200 0.000 0.000 246.000 1.300 0.000
7 19 6 17.100 96.900 0.000 0.000 304.000 1.500 0.000
7 19 7 16.800 98.400 0.537 9.144 276.000 1.000 9.200
7 19 8 18.700 97.800 12.150 86.070 353.000 0.300 89.100
7 19 9 20.500 90.500 207.269 174.942 344.000 0.300 257.300
7 19 10 22.500 77.500 452.908 185.170 114.000 0.700 428.600
7 19 11 24.300 65.500 551.839 195.882 193.000 1.100 560.200
7 19 12 24.600 58.300 351.087 295.494 347.000 1.700 561.300
7 19 13 24.500 54.600 351.898 320.384 86.000 2.000 609.500
7 19 14 26.900 47.800 459.120 290.087 31.000 1.900 680.000
7 19 15 27.000 42.100 586.533 234.456 59.000 3.200 726.100
7 19 16 27.500 40.000 680.190 185.190 147.000 2.600 722.000
7 19 17 27.600 40.300 467.687 238.125 90.000 2.200 568.100
7 19 18 27.700 42.700 487.998 194.349 81.000 2.100 483.700
7 19 19 27.500 43.400 861.777 78.813 124.000 1.100 474.400
7 19 20 28.800 41.400 856.673 53.791 58.000 0.900 321.900
7 19 21 27.000 44.900 892.452 29.040 126.000 1.300 176.000
7 19 22 25.000 57.500 0.000 49.000 124.000 1.500 49.000
7 19 23 22.200 70.400 0.000 0.000 92.000 1.500 0.000
7 19 24 21.200 78.400 0.000 0.000 51.000 2.200 0.000
7 20 1 20.600 82.100 0.000 0.000 66.000 2.300 0.000
7 20 2 20.500 83.000 0.000 0.000 78.000 2.700 0.000
7 20 3 19.800 84.500 0.000 0.000 88.000 2.300 0.000
7 20 4 19.400 88.100 0.000 0.000 80.000 2.100 0.000
7 20 5 19.100 91.900 0.000 0.000 80.000 1.900 0.000
7 20 6 18.500 95.000 0.000 0.000 98.000 1.700 0.000
7 20 7 18.700 96.600 0.826 11.017 93.000 2.100 11.100
7 20 8 19.800 94.800 27.542 97.204 88.000 2.400 104.000
7 20 9 21.200 88.600 182.567 175.999 99.000 1.800 248.100
7 20 10 23.300 79.600 293.507 221.201 95.000 3.000 378.300
7 20 11 25.100 69.200 416.661 237.885 89.000 3.700 512.100
7 20 12 27.100 60.300 623.161 197.803 116.000 3.700 668.400
7 20 13 27.700 53.400 705.401 182.925 111.000 3.600 761.200
7 20 14 28.700 47.300 762.300 168.431 107.000 2.800 814.500
7 20 15 29.700 42.900 775.789 161.847 100.000 3.400 810.800
7 20 16 29.800 41.000 658.903 192.738 101.000 2.800 711.600
7 20 17 30.100 41.400 483.512 232.239 149.000 2.700 572.500
7 20 18 30.700 40.900 260.083 251.191 114.000 1.900 404.900
7 20 19 30.800 40.600 682.770 106.711 80.000 1.900 418.700
7 20 20 30.200 42.500 769.257 60.894 110.000 3.000 299.900
7 20 21 28.500 46.600 494.664 52.660 119.000 2.700 132.900
7 20 22 26.700 53.600 0.000 39.900 83.000 3.000 39.900
7 20 23 25.100 59.600 0.000 0.000 89.000 2.900 0.000
7 20 24 24.700 62.300 0.000 0.000 90.000 3.400 0.000
7 21 1 23.700 65.600 0.000 0.000 98.000 3.600 0.000
7 21 2 23.200 69.500 0.000 0.000 97.000 3.200 0.000
7 21 3 22.200 73.500 0.000 0.000 102.000 3.200 0.000
7 21 4 22.500 75.200 0.000 0.000 106.000 3.500 0.000
7 21 5 22.000 77.300 0.000 0.000 319.000 2.000 0.000
7 21 6 21.900 82.600 0.000 0.000 337.000 2.800 0.000
7 21 7 21.500 86.800 0.028 1.997 22.000 1.400 2.000
7 21 8 21.600 89.700 1.336 33.874 58.000 1.500 34.200
7 21 9 22.300 88.200 2.696 77.042 120.000 0.800 78.100
7 21 10 23.000 82.500 2.884 108.163 269.000 1.100 109.700
7 21 11 23.200 77.300 6.226 192.615 259.000 2.500 196.700
7 21 12 23.300 73.900 5.418 208.419 278.000 2.700 212.500
7 21 13 22.000 76.500 1.185 106.931 290.000 3.000 107.900
7 21 14 20.900 86.700 1.421 120.998 275.000 2.500 122.200
7 21 15 20.900 93.200 1.656 128.818 301.000 3.000 130.200
7 21 16 20.300 93.900 1.406 111.796 304.000 4.000 112.900
7 21 17 20.000 93.800 2.470 131.966 292.000 5.900 133.700
7 21 18 19.600 92.800 1.428 84.459 255.000 4.700 85.300
7 21 19 18.500 92.800 1.421 65.054 303.000 6.000 65.700
7 21 20 16.200 96.100 1.528 45.729 288.000 5.400 46.200
7 21 21 15.700 98.600 2.908 32.536 297.000 5.300 33.000
7 21 22 15.500 98.500 0.000 11.000 302.000 4.100 11.000
7 21 23 15.600 98.200 0.000 0.000 303.000 3.100 0.000
7 21 24 15.500 98.200 0.000 0.000 286.000 2.400 0.000
7 22 1 15.500 98.300 0.000 0.000 256.000 2.500 0.000
7 22 2 15.700 98.100 0.000 0.000 270.000 1.900 0.000
7 22 3 15.500 98.400 0.000 0.000 262.000 1.600 0.000
7 22 4 15.400 99.000 0.000 0.000 281.000 1.300 0.000
7 22 5 16.000 99.100 0.000 0.000 227.000 1.500 0.000
7 22 6 16.100 99.100 0.000 0.000 211.000 1.600 0.000
7 22 7 16.100 99.100 0.033 2.097 232.000 2.200 2.100
7 22 8 16.600 98.700 3.344 52.693 253.000 3.100 53.500
7 22 9 16.700 97.400 78.577 172.460 243.000 3.000 203.100
7 22 10 17.700 91.700 232.673 230.139 247.000 4.200 353.600
7 22 11 18.600 83.500 145.941 294.578 262.000 4.700 390.000
7 22 12 19.700 78.400 140.361 338.664 261.000 5.700 444.100
7 22 13 20.300 74.100 460.578 278.368 257.000 5.800 654.200
7 22 14 20.800 71.200 35.641 344.224 256.000 5.500 374.300
7 22 15 17.500 82.000 5.455 231.256 221.000 3.900 235.800
7 22 16 19.500 91.000 78.189 346.519 246.000 4.000 407.800
7 22 17 19.400 85.200 366.453 268.739 275.000 3.300 525.200
7 22 18 20.700 77.600 564.440 170.652 299.000 4.300 501.900
7 22 19 20.400 73.700 11.689 155.111 193.000 4.400 160.400
7 22 20 19.700 76.500 38.845 126.119 293.000 1.600 138.000
7 22 21 19.400 77.800 39.599 64.883 241.000 3.400 71.100
7 22 22 17.900 80.100 0.000 15.800 245.000 4.500 15.800
7 22 23 17.600 82.800 0.000 0.000 216.000 5.200 0.000
7 22 24 16.900 85.900 0.000 0.000 238.000 3.300 0.000
7 23 1 16.500 89.800 0.000 0.000 233.000 3.400 0.000
7 23 2 16.700 90.800 0.000 0.000 233.000 3.400 0.000
7 23 3 17.100 89.800 0.000 0.000 241.000 3.500 0.000
7 23 4 16.800 90.200 0.000 0.000 230.000 3.300 0.000
7 23 5 16.500 93.600 0.000 0.000 218.000 3.300 0.000
7 23 6 16.700 96.000 0.000 0.000 223.000 3.400 0.000
7 23 7 16.700 97.000 0.046 2.396 232.000 4.100 2.400
7 23 8 16.600 97.200 0.166 11.760 222.000 4.000 11.800
7 23 9 16.800 96.800 0.711 39.325 227.000 4.000 39.600
7 23 10 17.300 95.500 4.249 129.755 234.000 4.800 132.000
7 23 11 17.400 93.500 4.659 167.464 233.000 5.400 170.500
7 23 12 17.900 91.100 3.583 169.216 236.000 5.700 171.900
7 23 13 18.100 88.800 3.676 186.208 239.000 4.300 189.200
7 23 14 18.700 85.800 4.367 209.623 254.000 4.400 213.300
7 23 15 18.600 86.400 2.316 151.375 218.000 4.400 153.300
7 23 16 19.900 86.500 2.338 143.072 215.000 4.300 144.900
7 23 17 20.200 78.800 1.178 90.978 261.000 4.500 91.800
7 23 18 20.300 74.100 2.035 99.910 266.000 4.400 101.100
7 23 19 18.600 81.400 3.976 107.010 286.000 3.200 108.800
7 23 20 18.700 89.500 13.053 106.141 274.000 3.800 110.100
7 23 21 19.700 87.400 43.266 64.428 255.000 3.500 71.100
7 23 22 19.400 85.200 0.000 17.500 314.000 3.500 17.500
7 23 23 18.900 87.900 0.000 0.000 254.000 3.200 0.000
7 23 24 20.000 84.800 0.000 0.000 271.000 3.500 0.000
7 24 1 19.300 82.000 0.000 0.000 269.000 2.600 0.000
7 24 2 18.900 86.400 0.000 0.000 294.000 2.800 0.000
7 24 3 18.400 86.900 0.000 0.000 293.000 2.300 0.000
7 24 4 17.600 87.000 0.000 0.000 276.000 2.200 0.000
7 24 5 17.200 90.300 0.000 0.000 273.000 2.900 0.000
7 24 6 16.800 93.000 0.000 0.000 282.000 2.300 0.000
7 24 7 16.700 93.000 0.144 4.087 254.000 2.000 4.100
7 24 8 17.100 91.400 0.535 20.774 241.000 2.000 20.900
7 24 9 17.800 88.700 1.638 59.070 269.000 2.500 59.700
7 24 10 18.300 86.300 6.795 158.927 290.000 3.000 162.500
7 24 11 18.900 84.300 7.871 204.389 273.000 2.900 209.500
7 24 12 19.400 83.000 14.755 267.179 293.000 3.100 278.200
7 24 13 19.700 80.400 10.296 271.539 280.000 3.100 279.900
7 24 14 20.900 76.800 40.214 347.922 293.000 3.400 381.700
7 24 15 21.300 73.900 80.060 367.233 280.000 3.500 433.600
7 24 16 20.900 73.100 52.220 332.682 292.000 2.900 373.400
7 24 17 22.800 70.500 100.626 312.100 291.000 3.200 382.100
7 24 18 22.400 67.600 139.662 262.665 305.000 2.900 344.000
7 24 19 21.900 68.400 102.371 200.974 323.000 2.500 246.800
7 24 20 22.000 67.700 100.538 134.875 21.000 1.900 165.100
7 24 21 22.000 68.000 625.527 39.526 253.000 2.200 134.200
7 24 22 20.500 71.200 0.000 32.200 265.000 1.800 32.200
7 24 23 19.300 74.500 0.000 0.000 263.000 2.000 0.000
7 24 24 18.100 78.800 0.000 0.000 293.000 2.500 0.000
7 25 1 17.800 82.600 0.000 0.000 269.000 2.100 0.000
7 25 2 17.800 85.500 0.000 0.000 285.000 1.400 0.000
7 25 3 18.300 91.300 0.000 0.000 258.000 1.700 0.000
7 25 4 18.800 92.900 0.000 0.000 287.000 2.400 0.000
7 25 5 18.400 94.000 0.000 0.000 282.000 2.500 0.000
7 25 6 18.200 97.700 0.000 0.000 190.000 2.200 0.000
7 25 7 18.300 98.500 0.037 1.997 219.000 1.700 2.000
7 25 8 18.400 99.000 0.502 19.883 253.000 2.000 20.000
7 25 9 18.500 99.100 0.854 42.474 243.000 2.300 42.800
7 25 10 18.500 98.800 1.108 66.220 242.000 1.800 66.800
7 25 11 19.000 96.400 2.395 119.851 265.000 3.100 121.400
7 25 12 20.100 91.300 20.854 281.868 290.000 3.400 297.400
7 25 13 20.100 87.900 8.723 261.335 263.000 3.600 268.400
7 25 14 20.300 86.100 4.083 201.878 271.000 3.400 205.300
7 25 15 20.700 84.000 6.117 241.342 262.000 3.000 246.400
7 25 16 21.200 83.400 19.148 290.410 248.000 3.300 305.300
7 25 17 22.800 78.500 369.829 265.457 247.000 3.600 521.900
7 25 18 23.900 72.300 669.097 139.432 266.000 3.500 527.500
7 25 19 24.100 69.500 685.983 103.483 275.000 3.300 408.800
7 25 20 23.200 71.200 756.167 60.061 291.000 3.900 285.300
7 25 21 22.500 75.500 900.384 26.400 332.000 4.500 160.000
7 25 22 21.000 78.600 0.000 38.700 355.000 3.300 38.700
7 25 23 19.700 85.100 0.000 0.000 309.000 3.200 0.000
7 25 24 19.600 89.900 0.000 0.000 199.000 3.500 0.000
7 26 1 19.900 91.100 0.000 0.000 284.000 2.700 0.000
7 26 2 20.000 92.700 0.000 0.000 289.000 2.900 0.000
7 26 3 19.600 94.000 0.000 0.000 338.000 3.300 0.000
7 26 4 19.500 94.700 0.000 0.000 331.000 3.800 0.000
7 26 5 19.000 94.600 0.000 0.000 298.000 2.900 0.000
7 26 6 18.400 93.300 0.000 0.000 292.000 3.500 0.000
7 26 7 18.100 92.300 0.044 2.096 276.000 3.500 2.100
7 26 8 18.000 91.200 0.412 17.805 304.000 3.000 17.900
7 26 9 18.200 88.700 2.198 67.366 300.000 3.000 68.200
7 26 10 18.200 85.900 5.200 141.292 303.000 3.200 144.000
7 26 11 18.500 83.500 9.219 210.657 316.000 3.300 216.600
7 26 12 18.600 80.000 6.305 219.118 291.000 2.800 223.800
7 26 13 19.000 75.700 4.082 194.603 296.000 2.900 197.900
7 26 14 18.800 73.600 3.102 175.907 294.000 2.700 178.500
7 26 15 19.100 73.600 3.352 180.336 308.000 3.000 183.100
7 26 16 19.700 71.700 21.168 294.185 276.000 2.900 310.600
7 26 17 20.300 68.600 118.395 311.678 319.000 1.800 393.500
7 26 18 21.600 64.100 249.911 247.672 247.000 1.400 392.000
7 26 19 21.300 62.000 187.715 196.951 324.000 2.600 280.000
7 26 20 21.000 65.800 157.595 132.708 312.000 1.500 179.200
7 26 21 20.500 69.200 415.985 52.653 321.000 1.500 113.100
7 26 22 19.600 74.100 0.000 13.600 296.000 1.500 13.600
7 26 23 17.800 83.600 0.000 0.000 300.000 1.100 0.000
7 26 24 17.000 90.400 0.000 0.000 233.000 0.800 0.000
7 27 1 16.000 94.300 0.000 0.000 234.000 1.400 0.000
7 27 2 15.700 96.600 0.000 0.000 237.000 1.400 0.000
7 27 3 15.800 97.100 0.000 0.000 235.000 1.600 0.000
7 27 4 15.700 97.700 0.000 0.000 251.000 1.500 0.000
7 27 5 15.800 97.700 0.000 0.000 208.000 1.100 0.000
7 27 6 15.800 97.500 0.000 0.000 253.000 1.100 0.000
7 27 7 15.900 97.600 0.096 2.992 264.000 0.400 3.000
7 27 8 16.900 96.500 1.653 35.025 265.000 0.600 35.400
7 27 9 18.000 90.300 14.698 134.665 216.000 0.500 140.200
7 27 10 19.200 82.300 119.114 233.775 10.000 1.000 295.500
7 27 11 21.100 72.500 197.480 284.666 273.000 0.600 411.500
7 27 12 21.900 62.000 103.843 332.727 260.000 1.400 409.600
7 27 13 22.600 57.500 130.354 363.692 344.000 1.300 468.700
7 27 14 23.200 54.900 378.700 316.101 241.000 1.400 631.800
7 27 15 24.300 48.700 517.470 258.532 343.000 1.600 684.200
7 27 16 23.800 48.600 69.084 338.886 320.000 2.000 392.300
7 27 17 24.400 49.900 475.529 230.401 300.000 1.500 557.900
7 27 18 25.500 46.200 752.286 116.966 63.000 1.000 549.500
7 27 19 25.100 45.300 179.322 196.457 297.000 1.300 275.300
7 27 20 25.100 47.000 9.166 95.323 99.000 2.200 98.000
7 27 21 23.700 51.800 6.632 42.657 127.000 1.300 43.600
7 27 22 20.900 65.600 0.000 15.900 289.000 4.600 15.900
7 27 23 20.100 79.900 0.000 0.000 313.000 4.100 0.000
7 27 24 20.100 82.800 0.000 0.000 329.000 3.000 0.000
7 28 1 19.600 84.600 0.000 0.000 294.000 2.700 0.000
7 28 2 19.300 87.400 0.000 0.000 293.000 2.400 0.000
7 28 3 19.000 89.100 0.000 0.000 285.000 3.200 0.000
7 28 4 18.500 91.400 0.000 0.000 299.000 3.100 0.000
7 28 5 18.400 94.100 0.000 0.000 320.000 3.000 0.000
7 28 6 18.400 94.000 0.000 0.000 327.000 2.900 0.000
7 28 7 18.200 94.300 0.046 1.996 349.000 2.600 2.000
7 28 8 18.300 94.500 0.309 15.031 341.000 2.700 15.100
7 28 9 18.500 92.800 0.714 38.033 337.000 3.700 38.300
7 28 10 17.800 92.300 0.993 61.788 320.000 3.000 62.300
7 28 11 18.600 93.400 20.322 241.298 310.000 3.700 254.300
7 28 12 20.300 85.300 149.067 332.697 324.000 4.100 442.700
7 28 13 21.500 73.500 109.691 361.785 318.000 4.700 449.900
7 28 14 22.100 65.500 255.378 355.276 336.000 5.900 567.600
7 28 15 21.900 61.300 246.023 352.979 324.000 6.700 554.800
7 28 16 20.600 66.600 35.057 314.078 295.000 6.000 341.100
7 28 17 21.500 68.000 81.156 304.508 314.000 5.000 360.200
7 28 18 23.000 56.200 650.405 142.866 304.000 6.400 515.100
7 28 19 22.500 50.200 779.422 84.230 314.000 6.500 424.700
7 28 20 22.700 50.600 815.657 52.185 325.000 6.400 287.900
7 28 21 22.000 51.100 878.476 24.106 312.000 4.700 146.100
7 28 22 20.900 54.300 0.000 30.700 311.000 3.900 30.700
7 28 23 20.500 59.200 0.000 0.000 310.000 4.400 0.000
7 28 24 19.400 63.600 0.000 0.000 299.000 3.700 0.000
7 29 1 18.400 69.400 0.000 0.000 286.000 3.800 0.000
7 29 2 18.900 73.600 0.000 0.000 285.000 3.600 0.000
7 29 3 17.900 74.600 0.000 0.000 285.000 4.700 0.000
7 29 4 16.600 77.200 0.000 0.000 279.000 4.500 0.000
7 29 5 15.900 82.000 0.000 0.000 286.000 4.400 0.000
7 29 6 15.500 86.500 0.000 0.000 284.000 4.000 0.000
7 29 7 15.000 88.600 0.791 7.842 288.000 3.800 7.900
7 29 8 15.400 89.000 9.342 72.436 282.000 4.500 74.500
7 29 9 16.500 86.500 155.470 167.038 288.000 5.100 224.700
7 29 10 17.600 80.600 193.917 227.838 290.000 5.200 327.300
7 29 11 18.600 73.500 257.814 271.896 290.000 5.600 436.200
7 29 12 18.600 69.500 180.600 328.658 268.000 5.500 461.500
7 29 13 19.000 66.100 13.172 281.050 277.000 5.900 291.600
7 29 14 19.600 63.400 105.924 373.077 252.000 5.600 460.900
7 29 15 20.200 61.400 218.021 358.658 271.000 5.400 537.000
7 29 16 20.600 56.400 373.071 293.434 239.000 5.200 580.100
7 29 17 17.900 63.600 114.911 308.339 266.000 6.300 386.900
7 29 18 20.700 65.500 667.450 137.638 256.000 4.700 517.800
7 29 19 21.100 55.200 872.261 74.841 288.000 5.900 453.300
7 29 20 20.400 54.800 845.049 49.658 274.000 4.300 291.200
7 29 21 19.900 57.900 934.831 25.031 262.000 2.800 151.700
7 29 22 18.800 63.400 0.000 32.500 270.000 3.200 32.500
7 29 23 17.400 67.300 0.000 0.000 270.000 3.100 0.000
7 29 24 16.400 71.000 0.000 0.000 253.000 3.000 0.000
7 30 1 15.900 76.000 0.000 0.000 248.000 2.700 0.000
7 30 2 14.800 80.600 0.000 0.000 237.000 2.300 0.000
7 30 3 13.900 86.600 0.000 0.000 238.000 2.500 0.000
7 30 4 14.200 87.600 0.000 0.000 218.000 2.600 0.000
7 30 5 14.000 87.100 0.000 0.000 242.000 2.500 0.000
7 30 6 13.500 89.300 0.000 0.000 229.000 2.500 0.000
7 30 7 13.600 90.000 1.682 10.882 235.000 2.300 11.000
7 30 8 14.100 87.900 23.469 83.988 236.000 2.200 89.100
7 30 9 15.500 83.900 222.038 160.993 244.000 2.200 242.700
7 30 10 17.100 76.300 417.975 184.651 239.000 2.800 397.900
7 30 11 18.700 68.200 467.914 214.895 260.000 3.900 511.900
7 30 12 18.900 61.000 448.385 254.979 260.000 4.800 583.700
7 30 13 20.300 54.700 525.617 248.131 245.000 4.500 667.900
7 30 14 21.300 49.500 646.872 207.994 246.000 4.500 742.800
7 30 15 20.800 47.000 377.115 310.125 255.000 4.500 617.700
7 30 16 21.700 46.500 650.580 191.323 257.000 3.500 689.600
7 30 17 22.500 42.200 687.042 158.410 244.000 3.900 626.300
7 30 18 22.500 39.400 821.032 101.583 279.000 3.900 566.900
7 30 19 22.400 39.500 632.571 111.358 259.000 3.900 383.900
7 30 20 22.700 40.800 418.745 102.172 277.000 2.600 220.500
7 30 21 21.400 44.300 669.632 31.787 271.000 4.000 120.200
7 30 22 20.000 51.200 0.000 12.100 297.000 4.200 12.100
7 30 23 18.500 60.300 0.000 0.000 281.000 2.700 0.000
7 30 24 17.800 67.100 0.000 0.000 240.000 2.800 0.000
7 31 1 18.100 68.000 0.000 0.000 252.000 2.700 0.000
7 31 2 18.000 66.400 0.000 0.000 266.000 2.400 0.000
7 31 3 17.600 68.400 0.000 0.000 243.000 2.600 0.000
7 31 4 17.300 70.400 0.000 0.000 232.000 2.700 0.000
7 31 5 15.300 79.800 0.000 0.000 225.000 2.600 0.000
7 31 6 14.900 91.500 0.000 0.000 198.000 2.300 0.000
7 31 7 14.600 94.100 0.709 6.753 212.000 2.700 6.800
7 31 8 14.800 93.900 0.632 20.564 218.000 3.000 20.700
7 31 9 15.300 90.800 1.668 56.591 216.000 3.800 57.200
7 31 10 15.800 86.400 5.275 138.723 219.000 4.100 141.400
7 31 11 17.000 81.400 85.639 281.664 216.000 4.400 335.800
7 31 12 18.100 75.700 70.628 321.096 233.000 5.200 372.700
7 31 13 18.700 69.600 10.755 268.937 231.000 4.800 277.500
7 31 14 15.200 76.400 1.306 113.223 263.000 5.400 114.300
7 31 15 16.200 90.500 7.426 252.362 214.000 2.700 258.400
7 31 16 18.100 86.800 51.328 325.521 226.000 4.200 364.700
7 31 17 17.700 83.300 19.191 253.683 277.000 4.900 266.700
7 31 18 17.900 82.500 271.569 238.081 285.000 4.900 391.200
7 31 19 17.900 77.900 260.396 182.223 273.000 5.300 293.600
7 31 20 18.000 77.000 178.620 124.924 265.000 3.800 174.800
7 31 21 17.700 76.000 535.397 39.319 271.000 3.000 108.100
7 31 22 17.400 77.100 0.000 24.400 253.000 1.700 24.400
7 31 23 17.100 79.800 0.000 0.000 227.000 2.700 0.000
7 31 24 16.300 82.300 0.000 0.000 229.000 2.700 0.000
8 1 1 16.200 84.800 0.000 0.000 207.000 2.700 0.000
8 1 2 16.000 86.400 0.000 0.000 233.000 2.300 0.000
8 1 3 15.600 92.500 0.000 0.000 195.000 2.400 0.000
8 1 4 15.500 92.600 0.000 0.000 227.000 2.600 0.000
8 1 5 15.500 92.900 0.000 0.000 221.000 2.800 0.000
8 1 6 15.300 93.900 0.000 0.000 240.000 2.600 0.000
8 1 7 15.200 95.000 0.397 4.875 235.000 2.300 4.900
8 1 8 15.300 95.400 3.427 46.775 263.000 2.100 47.500
8 1 9 16.600 92.900 8.034 114.691 257.000 3.000 117.600
8 1 10 17.100 88.400 57.749 217.858 250.000 2.900 247.000
8 1 11 18.300 83.200 28.535 249.737 254.000 3.300 267.700
8 1 12 18.500 78.200 58.325 314.634 242.000 3.300 357.100
8 1 13 19.300 74.600 175.034 355.673 242.000 3.200 494.600
8 1 14 20.400 71.300 73.904 362.562 235.000 3.700 423.300
8 1 15 17.100 79.500 5.942 234.183 243.000 4.300 239.000
8 1 16 18.600 86.300 187.527 339.154 204.000 3.600 481.800
8 1 17 19.800 78.700 64.305 294.563 241.000 3.300 338.000
8 1 18 20.300 72.600 142.040 253.341 208.000 3.500 333.000
8 1 19 21.100 68.400 687.017 98.862 222.000 3.000 390.500
8 1 20 21.200 66.500 631.100 71.552 228.000 2.900 245.600
8 1 21 20.800 65.600 958.732 23.645 250.000 2.200 143.300
8 1 22 19.200 71.400 0.000 25.900 206.000 2.000 25.900
8 1 23 18.400 79.400 0.000 0.000 241.000 2.700 0.000
8 1 24 17.300 83.500 0.000 0.000 233.000 2.400 0.000
8 2 1 16.600 87.900 0.000 0.000 217.000 2.600 0.000
8 2 2 16.200 90.400 0.000 0.000 241.000 2.400 0.000
8 2 3 16.100 91.500 0.000 0.000 234.000 2.200 0.000
8 2 4 15.800 92.400 0.000 0.000 235.000 2.200 0.000
8 2 5 15.700 93.500 0.000 0.000 232.000 2.400 0.000
8 2 6 15.800 93.700 0.000 0.000 231.000 2.600 0.000
8 2 7 16.300 93.200 0.021 1.099 265.000 2.300 1.100
8 2 8 16.600 91.900 0.565 18.882 268.000 2.700 19.000
8 2 9 16.400 92.800 12.474 124.822 258.000 3.100 129.300
8 2 10 17.000 91.600 38.304 206.979 266.000 3.200 226.200
8 2 11 17.800 85.300 54.978 269.340 265.000 3.300 303.800
8 2 12 18.600 77.300 128.313 328.007 249.000 3.400 421.100
8 2 13 19.100 72.500 201.294 350.540 255.000 3.400 509.800
8 2 14 20.500 67.500 315.165 332.982 207.000 3.900 591.200
8 2 15 20.100 64.600 128.113 365.288 261.000 3.400 468.800
8 2 16 21.400 64.600 681.239 178.663 245.000 2.800 695.000
8 2 17 22.300 59.800 732.672 142.913 235.000 3.400 635.700
8 2 18 22.800 53.900 727.133 119.854 236.000 4.000 525.400
8 2 19 23.100 50.800 783.422 80.834 237.000 3.200 410.800
8 2 20 22.700 51.200 884.243 47.570 263.000 3.200 288.300
8 2 21 22.000 53.800 971.240 23.232 238.000 2.400 140.800
8 2 22 19.800 62.800 0.000 24.200 208.000 1.700 24.200
8 2 23 18.000 74.800 0.000 0.000 200.000 1.800 0.000
8 2 24 17.000 81.500 0.000 0.000 172.000 1.900 0.000
8 3 1 16.300 85.400 0.000 0.000 240.000 1.700 0.000
8 3 2 15.300 89.300 0.000 0.000 269.000 2.300 0.000
8 3 3 16.300 91.400 0.000 0.000 281.000 2.600 0.000
8 3 4 16.000 90.900 0.000 0.000 266.000 2.400 0.000
8 3 5 15.600 92.600 0.000 0.000 279.000 3.100 0.000
8 3 6 15.300 94.500 0.000 0.000 270.000 2.700 0.000
8 3 7 15.100 95.400 0.911 6.949 263.000 2.900 7.000
8 3 8 15.600 93.600 3.346 44.814 263.000 3.600 45.500
8 3 9 16.400 88.200 13.362 125.344 271.000 3.800 130.100
8 3 10 16.500 84.400 13.447 175.891 273.000 4.100 182.600
8 3 11 16.500 84.300 4.209 152.773 258.000 3.700 155.400
8 3 12 16.700 83.000 4.308 178.986 261.000 4.300 182.100
8 3 13 17.300 79.300 45.272 331.899 263.000 4.300 367.600
8 3 14 18.700 71.900 149.989 368.704 255.000 4.200 491.200
8 3 15 19.000 66.000 89.609 360.038 247.000 4.800 432.200
8 3 16 19.300 65.100 60.262 327.494 280.000 4.400 373.000
8 3 17 18.700 65.000 36.598 274.694 257.000 3.900 299.200
8 3 18 18.000 69.500 9.686 183.429 270.000 4.100 188.800
8 3 19 17.400 74.800 9.392 137.276 265.000 4.300 141.200
8 3 20 17.600 75.200 77.518 118.978 257.000 4.500 139.800
8 3 21 17.300 75.600 52.561 50.140 254.000 4.300 56.300
8 3 22 16.700 76.900 0.000 19.200 239.000 4.500 19.200
8 3 23 16.400 78.200 0.000 0.000 235.000 3.700 0.000
8 3 24 16.200 79.400 0.000 0.000 233.000 2.800 0.000
8 4 1 15.700 83.800 0.000 0.000 227.000 3.300 0.000
8 4 2 15.500 90.200 0.000 0.000 182.000 2.900 0.000
8 4 3 15.600 93.300 0.000 0.000 181.000 2.500 0.000
8 4 4 15.400 93.500 0.000 0.000 186.000 2.500 0.000
8 4 5 15.400 92.400 0.000 0.000 202.000 3.100 0.000
8 4 6 15.300 91.500 0.000 0.000 216.000 2.800 0.000
8 4 7 15.200 91.800 1.270 7.933 220.000 2.800 8.000
8 4 8 15.400 92.000 5.106 54.271 211.000 3.000 55.300
8 4 9 15.600 91.600 2.929 72.267 210.000 3.000 73.300
8 4 10 15.300 93.800 3.308 107.859 206.000 3.500 109.500
8 4 11 16.200 96.200 42.918 259.935 225.000 3.200 286.600
8 4 12 18.400 88.800 288.186 300.252 243.000 4.200 507.800
8 4 13 18.200 81.400 18.671 292.926 236.000 4.600 307.600
8 4 14 17.700 87.000 131.884 368.242 205.000 3.600 475.600
8 4 15 19.700 86.900 291.189 333.707 247.000 4.100 567.400
8 4 16 19.200 83.100 194.444 334.630 255.000 4.200 480.900
8 4 17 21.700 76.000 719.870 145.569 273.000 3.800 625.400
8 4 18 23.100 63.100 790.179 104.589 291.000 4.700 540.200
8 4 19 23.500 55.800 852.239 71.731 243.000 4.900 424.800
8 4 20 23.100 50.100 883.595 46.250 268.000 3.200 280.300
8 4 21 21.400 54.700 840.315 19.831 245.000 1.700 115.000
8 4 22 19.700 67.400 0.000 15.700 169.000 1.800 15.700
8 4 23 18.700 75.100 0.000 0.000 158.000 2.500 0.000
8 4 24 18.500 77.100 0.000 0.000 171.000 2.400 0.000
8 5 1 18.900 75.100 0.000 0.000 211.000 2.300 0.000
8 5 2 20.000 71.600 0.000 0.000 223.000 2.900 0.000
8 5 3 20.000 70.800 0.000 0.000 198.000 3.200 0.000
8 5 4 20.100 73.700 0.000 0.000 209.000 3.600 0.000
8 5 5 19.300 77.700 0.000 0.000 210.000 3.900 0.000
8 5 6 18.300 85.500 0.000 0.000 187.000 3.900 0.000
8 5 7 18.700 90.400 0.000 1.100 197.000 3.400 1.100
8 5 8 18.400 91.700 0.137 8.873 203.000 2.900 8.900
8 5 9 18.600 94.000 1.387 49.515 235.000 2.800 50.000
8 5 10 18.900 94.700 3.999 117.728 243.000 3.800 119.700
8 5 11 18.900 92.400 1.624 94.695 277.000 5.100 95.700
8 5 12 17.300 90.600 2.272 129.670 265.000 3.600 131.300
8 5 13 17.300 91.800 1.883 129.025 257.000 2.800 130.500
8 5 14 17.100 92.100 2.102 141.095 260.000 3.500 142.800
8 5 15 16.400 89.900 2.406 148.676 232.000 3.600 150.600
8 5 16 17.100 88.800 5.581 210.719 269.000 3.400 214.900
8 5 17 17.500 87.400 14.514 237.171 252.000 3.700 246.800
8 5 18 19.100 77.500 568.749 159.168 265.000 4.600 470.800
8 5 19 19.600 66.800 905.556 73.491 247.000 4.100 445.400
8 5 20 19.900 64.200 883.407 45.573 234.000 3.500 276.200
8 5 21 19.300 68.100 803.619 20.230 215.000 4.400 108.000
8 5 22 18.200 76.000 0.000 13.200 212.000 3.900 13.200
8 5 23 17.400 74.800 0.000 0.000 298.000 6.200 0.000
8 5 24 15.800 71.600 0.000 0.000 275.000 3.300 0.000
8 6 1 15.100 74.300 0.000 0.000 284.000 3.600 0.000
8 6 2 14.800 75.900 0.000 0.000 279.000 3.600 0.000
8 6 3 14.100 80.000 0.000 0.000 250.000 3.300 0.000
8 6 4 13.900 82.900 0.000 0.000 251.000 3.000 0.000
8 6 5 13.500 83.300 0.000 0.000 252.000 3.000 0.000
8 6 6 13.200 83.400 0.000 0.000 241.000 3.300 0.000
8 6 7 13.000 85.000 0.000 7.000 254.000 3.200 7.000
8 6 8 13.600 86.000 25.442 76.143 255.000 3.800 81.100
8 6 9 14.500 82.500 269.833 146.806 253.000 4.600 240.300
8 6 10 15.900 77.500 473.421 165.123 264.000 4.700 397.100
8 6 11 16.900 72.000 653.659 153.517 269.000 4.900 555.900
8 6 12 18.400 66.300 632.717 185.420 259.000 5.000 637.600
8 6 13 19.000 61.300 512.009 248.492 250.000 5.600 648.100
8 6 14 19.700 55.800 517.354 255.317 265.000 5.500 673.600
8 6 15 19.700 52.700 282.322 334.135 264.000 6.000 559.100
8 6 16 20.600 51.100 337.460 297.069 252.000 5.300 548.900
8 6 17 20.900 48.600 475.982 221.664 275.000 4.400 535.900
8 6 18 21.700 47.000 773.503 106.841 260.000 4.200 528.000
8 6 19 21.700 44.400 915.378 73.623 277.000 5.300 446.200
8 6 20 21.200 43.300 895.865 45.524 276.000 4.100 275.900
8 6 21 20.500 46.400 970.132 20.147 257.000 2.600 122.100
8 6 22 18.500 56.400 0.000 16.300 257.000 2.200 16.300
8 6 23 16.500 70.700 0.000 0.000 236.000 2.100 0.000
8 6 24 15.300 79.800 0.000 0.000 236.000 2.700 0.000
8 7 1 14.300 85.500 0.000 0.000 234.000 2.600 0.000
8 7 2 13.900 88.900 0.000 0.000 208.000 1.600 0.000
8 7 3 13.500 90.200 0.000 0.000 241.000 2.200 0.000
8 7 4 12.900 91.800 0.000 0.000 232.000 1.500 0.000
8 7 5 13.100 92.700 0.000 0.000 209.000 1.500 0.000
8 7 6 13.500 92.400 0.000 0.000 198.000 1.700 0.000
8 7 7 13.100 92.700 0.000 2.000 204.000 1.200 2.000
8 7 8 13.400 93.200 1.677 29.779 170.000 1.300 30.100
8 7 9 15.000 88.100 10.244 114.984 136.000 0.800 118.500
8 7 10 16.700 77.400 60.933 211.629 172.000 2.000 241.300
8 7 11 18.800 67.500 234.187 266.621 155.000 1.700 410.100
8 7 12 21.200 57.400 519.335 224.223 180.000 2.100 593.900
8 7 13 22.200 51.900 395.821 290.188 178.000 2.900 598.000
8 7 14 23.200 47.100 557.509 238.745 191.000 3.800 687.900
8 7 15 23.800 41.600 761.263 159.749 201.000 4.000 764.100
8 7 16 24.500 41.100 845.911 129.567 181.000 3.300 758.200
8 7 17 24.700 39.100 811.192 120.245 211.000 4.700 653.100
8 7 18 25.600 37.100 824.401 96.938 196.000 3.400 542.900
8 7 19 25.300 37.500 831.069 71.568 216.000 3.600 406.700
8 7 20 25.400 36.900 856.499 43.773 175.000 2.900 260.600
8 7 21 23.600 42.500 978.394 19.503 216.000 1.700 118.200
8 7 22 20.800 56.100 0.000 13.500 136.000 1.500 13.500
8 7 23 19.200 66.100 0.000 0.000 138.000 1.700 0.000
8 7 24 18.600 70.300 0.000 0.000 152.000 2.200 0.000
8 8 1 18.200 71.900 0.000 0.000 172.000 2.000 0.000
8 8 2 18.000 73.300 0.000 0.000 191.000 1.700 0.000
8 8 3 18.300 72.800 0.000 0.000 279.000 1.300 0.000
8 8 4 17.900 72.300 0.000 0.000 231.000 1.500 0.000
8 8 5 17.700 74.000 0.000 0.000 270.000 1.600 0.000
8 8 6 16.800 77.200 0.000 0.000 273.000 1.200 0.000
8 8 7 16.800 81.500 0.000 1.900 248.000 1.400 1.900
8 8 8 17.300 83.200 0.998 22.613 249.000 1.300 22.800
8 8 9 18.300 78.900 14.980 122.307 201.000 1.200 127.400
8 8 10 20.600 67.900 62.271 210.770 219.000 1.400 240.900
8 8 11 21.800 60.100 63.826 266.185 188.000 2.600 305.100
8 8 12 23.400 53.700 131.062 321.085 191.000 3.100 414.000
8 8 13 24.700 49.400 283.791 324.724 206.000 3.400 544.600
8 8 14 25.800 46.100 439.643 283.588 211.000 3.600 636.500
8 8 15 26.500 41.100 490.227 260.404 207.000 4.800 648.100
8 8 16 26.800 39.600 495.730 241.682 211.000 4.800 608.500
8 8 17 27.000 39.600 316.047 265.966 227.000 4.500 472.500
8 8 18 27.100 39.600 263.563 228.978 274.000 4.700 370.600
8 8 19 26.600 42.100 290.701 166.394 319.000 4.500 282.500
8 8 20 25.700 47.300 133.697 112.801 299.000 3.900 146.100
8 8 21 24.900 52.200 98.878 43.451 289.000 3.000 53.000
8 8 22 23.000 59.200 0.000 10.900 279.000 2.200 10.900
8 8 23 21.200 69.500 0.000 0.000 286.000 2.200 0.000
8 8 24 19.500 77.500 0.000 0.000 252.000 1.700 0.000
8 9 1 18.600 82.700 0.000 0.000 275.000 2.000 0.000
8 9 2 17.700 86.600 0.000 0.000 286.000 1.900 0.000
8 9 3 17.100 89.600 0.000 0.000 277.000 2.000 0.000
8 9 4 16.100 91.600 0.000 0.000 320.000 1.900 0.000
8 9 5 15.900 93.900 0.000 0.000 337.000 1.900 0.000
8 9 6 15.400 95.400 0.000 0.000 357.000 1.500 0.000
8 9 7 14.900 96.500 0.000 2.000 67.000 0.900 2.000
8 9 8 15.200 97.600 5.755 52.639 10.000 1.000 53.700
8 9 9 17.500 93.800 134.456 152.530 49.000 0.800 197.800
8 9 10 20.500 81.500 333.466 192.393 97.000 1.300 352.700
8 9 11 22.800 68.100 457.117 209.466 101.000 1.800 486.800
8 9 12 24.900 58.700 491.606 232.124 139.000 2.400 579.200
8 9 13 25.400 54.200 468.429 262.343 150.000 2.500 623.900
8 9 14 26.100 51.400 648.340 201.897 139.000 2.100 720.400
8 9 15 27.500 48.400 832.290 139.762 179.000 2.900 795.400
8 9 16 27.900 46.000 870.675 127.182 135.000 3.000 768.600
8 9 17 28.800 44.300 870.854 112.226 146.000 3.100 678.300
8 9 18 29.400 43.200 863.900 92.091 163.000 3.800 553.100
8 9 19 29.400 41.400 862.637 68.264 180.000 3.600 409.400
8 9 20 29.300 40.800 840.363 43.004 209.000 2.600 248.800
8 9 21 27.600 46.300 896.755 16.335 214.000 1.800 99.000
8 9 22 25.000 57.400 0.000 11.700 236.000 2.200 11.700
8 9 23 23.100 67.600 0.000 0.000 262.000 2.600 0.000
8 9 24 23.500 69.500 0.000 0.000 283.000 2.700 0.000
8 10 1 23.600 67.100 0.000 0.000 302.000 3.400 0.000
8 10 2 22.400 67.900 0.000 0.000 321.000 3.000 0.000
8 10 3 21.200 70.800 0.000 0.000 300.000 3.300 0.000
8 10 4 20.200 73.900 0.000 0.000 284.000 3.600 0.000
8 10 5 20.100 73.500 0.000 0.000 313.000 5.100 0.000
8 10 6 19.200 73.800 0.000 0.000 301.000 4.000 0.000
8 10 7 18.100 77.500 0.000 3.900 291.000 3.300 3.900
8 10 8 17.600 80.900 13.539 63.951 297.000 5.000 66.400
8 10 9 17.600 80.000 162.284 150.403 295.000 5.200 204.500
8 10 10 18.300 76.100 307.640 196.083 312.000 5.500 343.000
8 10 11 19.100 69.100 525.554 188.648 301.000 5.600 505.900
8 10 12 20.000 62.900 569.355 204.634 294.000 5.100 604.900
8 10 13 20.600 60.200 430.822 275.056 300.000 5.000 606.300
8 10 14 21.600 56.300 332.722 319.223 310.000 4.800 584.300
8 10 15 22.200 51.300 370.459 301.944 310.000 5.100 592.600
8 10 16 23.100 47.800 365.177 283.897 317.000 5.400 551.700
8 10 17 23.800 45.700 613.718 174.148 286.000 5.600 570.900
8 10 18 23.800 43.900 751.213 109.068 270.000 5.900 507.100
8 10 19 23.700 42.300 840.923 68.738 302.000 4.700 397.900
8 10 20 23.500 41.300 855.283 41.697 304.000 4.800 247.500
8 10 21 22.500 42.900 1008.207 17.474 310.000 3.900 105.900
8 10 22 20.600 50.300 0.000 10.800 318.000 2.800 10.800
8 10 23 18.100 63.200 0.000 0.000 319.000 2.400 0.000
8 10 24 16.600 74.200 0.000 0.000 322.000 2.400 0.000
8 11 1 15.500 79.300 0.000 0.000 353.000 1.700 0.000
8 11 2 14.700 83.000 0.000 0.000 2.000 1.400 0.000
8 11 3 14.000 85.500 0.000 0.000 5.000 0.900 0.000
8 11 4 13.400 88.600 0.000 0.000 52.000 0.800 0.000
8 11 5 13.100 91.300 0.000 0.000 32.000 0.900 0.000
8 11 6 12.500 92.300 0.000 0.000 62.000 0.700 0.000
8 11 7 12.400 94.000 0.000 2.900 110.000 0.800 2.900
8 11 8 12.900 94.800 12.955 62.203 152.000 0.700 64.500
8 11 9 15.800 90.200 164.781 148.827 141.000 0.800 203.200
8 11 10 19.000 74.400 366.879 183.371 268.000 1.300 357.400
8 11 11 21.000 58.700 549.909 180.648 278.000 1.200 510.900
8 11 12 22.100 51.400 670.159 169.702 201.000 1.500 638.800
8 11 13 22.800 49.200 744.973 159.783 235.000 2.200 730.300
8 11 14 23.500 46.300 824.661 142.566 259.000 3.000 797.000
8 11 15 24.300 41.600 842.602 137.037 269.000 2.100 795.400
8 11 16 24.800 39.400 861.075 126.170 310.000 2.200 754.700
8 11 17 25.400 38.500 869.415 111.004 225.000 2.100 669.900
8 11 18 26.200 36.400 882.173 91.691 211.000 2.000 555.700
8 11 19 26.200 36.900 910.420 69.680 236.000 0.800 422.300
8 11 20 25.200 39.900 816.385 43.008 294.000 0.800 235.900
8 11 21 23.700 47.300 293.485 34.598 331.000 1.600 59.000
8 11 22 21.400 58.000 0.000 9.600 27.000 1.300 9.600
8 11 23 19.800 65.100 0.000 0.000 69.000 1.600 0.000
8 11 24 18.900 70.700 0.000 0.000 126.000 1.200 0.000
8 12 1 17.500 75.700 0.000 0.000 78.000 1.100 0.000
8 12 2 17.100 80.600 0.000 0.000 66.000 1.100 0.000
8 12 3 16.400 84.600 0.000 0.000 86.000 1.500 0.000
8 12 4 15.900 87.000 0.000 0.000 100.000 1.500 0.000
8 12 5 15.700 88.600 0.000 0.000 135.000 1.700 0.000
8 12 6 14.900 91.400 0.000 0.000 141.000 1.400 0.000
8 12 7 14.400 94.300 0.000 3.800 143.000 1.600 3.800
8 12 8 14.900 94.700 12.954 60.950 120.000 1.200 63.200
8 12 9 17.400 89.100 163.899 147.377 127.000 0.900 200.900
8 12 10 20.400 74.900 355.997 184.390 144.000 1.300 352.100
8 12 11 23.700 57.600 515.094 189.972 152.000 2.100 497.700
8 12 12 25.700 46.100 632.413 181.675 178.000 2.300 622.400
8 12 13 26.800 40.700 705.636 172.495 144.000 2.400 710.700
8 12 14 27.500 37.900 777.546 154.624 133.000 3.000 769.200
8 12 15 27.600 35.700 820.008 140.903 102.000 3.400 778.900
8 12 16 28.600 33.400 837.015 128.354 101.000 3.400 736.400
8 12 17 28.900 33.200 795.657 120.770 107.000 2.900 629.300
8 12 18 28.500 35.500 743.931 109.243 91.000 2.900 497.600
8 12 19 28.900 35.700 871.762 66.212 101.000 3.200 400.200
8 12 20 28.500 34.400 878.785 40.261 106.000 3.500 244.000
8 12 21 26.400 38.900 1027.459 15.939 95.000 2.600 96.600
8 12 22 23.400 48.200 0.000 8.700 79.000 5.200 8.700
8 12 23 23.600 52.200 0.000 0.000 90.000 4.100 0.000
8 12 24 22.000 54.800 0.000 0.000 86.000 3.400 0.000
8 13 1 21.100 59.600 0.000 0.000 88.000 3.200 0.000
8 13 2 20.400 62.900 0.000 0.000 87.000 2.900 0.000
8 13 3 19.300 68.200 0.000 0.000 103.000 3.400 0.000
8 13 4 18.500 73.200 0.000 0.000 104.000 2.700 0.000
8 13 5 17.600 77.300 0.000 0.000 96.000 2.300 0.000
8 13 6 17.700 77.800 0.000 0.000 88.000 1.900 0.000
8 13 7 17.700 75.300 0.000 3.700 95.000 2.000 3.700
8 13 8 17.700 75.800 3.363 37.328 89.000 2.300 37.900
8 13 9 18.700 73.500 92.436 145.133 90.000 2.800 175.000
8 13 10 20.700 67.200 279.355 197.215 120.000 2.400 327.900
8 13 11 23.400 58.700 278.015 250.793 104.000 2.900 416.000
8 13 12 23.500 56.600 429.829 248.903 97.000 2.600 547.100
8 13 13 26.500 56.300 613.414 205.171 95.000 2.900 671.100
8 13 14 29.200 49.300 705.103 178.366 100.000 2.900 733.400
8 13 15 31.000 42.200 771.189 153.591 122.000 3.800 751.000
8 13 16 31.600 33.400 800.993 135.378 130.000 3.000 714.400
8 13 17 32.100 28.800 819.473 115.254 130.000 2.400 635.900
8 13 18 31.900 29.600 830.495 92.403 106.000 2.600 522.600
8 13 19 31.400 30.700 847.973 66.157 95.000 2.700 387.400
8 13 20 30.400 34.200 852.327 39.544 103.000 3.700 233.300
8 13 21 27.900 40.500 1036.639 15.114 97.000 3.200 91.600
8 13 22 25.100 47.600 0.000 7.600 85.000 3.300 7.600
8 13 23 23.600 56.300 0.000 0.000 82.000 3.300 0.000
8 13 24 23.400 61.100 0.000 0.000 81.000 3.600 0.000
8 14 1 22.000 63.400 0.000 0.000 73.000 3.000 0.000
8 14 2 21.000 68.000 0.000 0.000 71.000 2.400 0.000
8 14 3 20.700 70.200 0.000 0.000 51.000 2.100 0.000
8 14 4 20.000 72.300 0.000 0.000 77.000 2.400 0.000
8 14 5 19.300 74.300 0.000 0.000 77.000 2.100 0.000
8 14 6 18.500 77.600 0.000 0.000 80.000 2.500 0.000
8 14 7 18.500 80.500 0.000 0.000 87.000 2.000 0.000
8 14 8 18.800 80.800 4.606 42.634 82.000 1.700 43.400
8 14 9 20.500 76.700 92.782 143.645 77.000 2.200 173.300
8 14 10 22.500 68.300 280.510 195.708 90.000 1.900 326.000
8 14 11 25.200 60.600 461.682 203.341 104.000 2.100 476.200
8 14 12 27.400 54.200 606.409 189.033 124.000 2.000 607.800
8 14 13 29.200 50.200 706.946 170.898 104.000 2.800 705.600
8 14 14 31.000 46.100 776.277 154.002 134.000 2.900 762.500
8 14 15 32.100 41.900 816.137 140.785 124.000 3.300 770.200
8 14 16 32.600 38.300 842.014 126.490 142.000 2.000 732.100
8 14 17 33.200 36.200 853.179 109.839 133.000 2.700 648.600
8 14 18 33.000 36.400 857.560 89.113 133.000 2.500 529.800
8 14 19 33.000 35.300 861.166 64.817 177.000 2.600 387.300
8 14 20 31.800 38.500 857.935 38.615 149.000 2.300 229.700
8 14 21 29.500 49.100 1050.698 14.322 85.000 2.400 86.800
8 14 22 27.100 57.800 0.000 4.900 72.000 2.500 4.900
8 14 23 25.200 63.800 0.000 0.000 96.000 2.500 0.000
8 14 24 24.100 69.800 0.000 0.000 87.000 2.100 0.000
8 15 1 23.400 74.900 0.000 0.000 88.000 2.200 0.000
8 15 2 23.300 76.600 0.000 0.000 104.000 2.500 0.000
8 15 3 22.600 77.900 0.000 0.000 128.000 2.400 0.000
8 15 4 21.700 80.700 0.000 0.000 110.000 2.300 0.000
8 15 5 20.900 82.700 0.000 0.000 106.000 2.000 0.000
8 15 6 20.400 84.600 0.000 0.000 99.000 1.800 0.000
8 15 7 19.900 87.000 0.000 0.800 95.000 1.400 0.800
8 15 8 19.700 88.300 4.974 43.291 115.000 1.200 44.100
8 15 9 22.100 83.300 84.373 141.330 82.000 0.400 168.000
8 15 10 24.200 72.500 262.919 197.164 227.000 1.200 318.400
8 15 11 26.600 63.700 437.983 208.881 264.000 1.300 466.300
8 15 12 29.600 55.300 584.502 195.654 55.000 1.000 597.400
8 15 13 31.300 47.100 677.791 180.466 148.000 1.300 690.900
8 15 14 32.700 42.400 739.648 165.203 202.000 1.900 742.500
8 15 15 33.200 39.500 785.075 148.400 222.000 2.000 751.100
8 15 16 33.700 36.400 814.529 131.084 281.000 3.100 713.900
8 15 17 33.600 36.600 812.207 115.417 289.000 4.300 625.100
8 15 18 32.800 40.200 787.038 98.155 289.000 4.600 499.300
8 15 19 31.800 44.000 765.533 74.332 306.000 4.900 357.600
8 15 20 30.800 49.000 818.127 39.708 319.000 5.400 218.100
8 15 21 29.400 53.500 1023.864 12.969 312.000 5.500 78.600
8 15 22 27.800 54.700 0.000 3.900 319.000 4.700 3.900
8 15 23 26.500 54.200 0.000 0.000 322.000 4.600 0.000
8 15 24 25.400 56.300 0.000 0.000 327.000 3.800 0.000
8 16 1 23.800 62.300 0.000 0.000 310.000 2.900 0.000
8 16 2 22.500 69.600 0.000 0.000 305.000 2.800 0.000
8 16 3 21.600 74.200 0.000 0.000 308.000 3.000 0.000
8 16 4 21.000 76.300 0.000 0.000 308.000 2.900 0.000
8 16 5 20.300 78.800 0.000 0.000 309.000 2.700 0.000
8 16 6 19.400 82.900 0.000 0.000 294.000 2.600 0.000
8 16 7 19.100 86.200 0.000 0.000 294.000 2.900 0.000
8 16 8 19.400 87.900 0.268 9.957 302.000 3.100 10.000
8 16 9 19.400 87.000 1.601 47.600 303.000 3.600 48.100
8 16 10 19.600 82.500 4.274 113.144 308.000 3.900 115.100
8 16 11 19.800 77.800 6.735 176.964 306.000 4.100 180.900
8 16 12 19.600 75.200 7.146 210.812 298.000 4.100 215.700
8 16 13 20.200 73.200 52.281 321.801 292.000 4.600 361.000
8 16 14 21.400 68.800 415.118 284.522 293.000 4.900 607.100
8 16 15 22.400 63.400 774.428 150.951 306.000 4.800 742.700
8 16 16 23.200 59.100 821.475 129.026 297.000 4.800 713.700
8 16 17 23.200 55.200 800.001 117.296 304.000 4.700 616.100
8 16 18 23.800 52.300 829.909 90.452 304.000 5.800 509.900
8 16 19 23.500 49.300 896.450 64.746 291.000 5.600 392.400
8 16 20 23.200 45.000 930.948 39.237 302.000 5.100 237.800
8 16 21 22.400 42.600 1215.531 14.207 307.000 4.200 86.100
8 16 22 20.700 45.700 0.000 3.100 321.000 3.400 3.100
8 16 23 19.300 52.200 0.000 0.000 297.000 2.900 0.000
8 16 24 18.100 59.800 0.000 0.000 306.000 2.400 0.000
8 17 1 17.000 68.600 0.000 0.000 297.000 2.700 0.000
8 17 2 16.600 74.000 0.000 0.000 304.000 2.900 0.000
8 17 3 16.200 75.600 0.000 0.000 301.000 3.200 0.000
8 17 4 15.600 77.100 0.000 0.000 298.000 3.300 0.000
8 17 5 14.800 79.500 0.000 0.000 298.000 3.100 0.000
8 17 6 14.200 82.500 0.000 0.000 287.000 3.200 0.000
8 17 7 13.300 85.800 0.000 0.900 285.000 3.100 0.900
8 17 8 13.300 87.800 1.618 23.749 283.000 3.200 24.000
8 17 9 14.000 86.400 41.259 129.153 281.000 3.300 141.900
8 17 10 14.900 82.400 287.742 190.490 283.000 3.200 321.200
8 17 11 16.300 77.400 330.591 234.106 287.000 3.300 426.200
8 17 12 17.900 71.800 395.696 255.348 264.000 3.000 524.700
8 17 13 18.600 67.500 112.196 338.359 291.000 3.200 422.100
8 17 14 19.500 62.700 285.340 325.066 329.000 3.200 545.800
8 17 15 20.000 58.600 350.504 300.157 297.000 3.300 566.700
8 17 16 21.500 56.200 497.139 231.988 276.000 3.000 583.900
8 17 17 21.700 52.000 449.556 217.044 317.000 2.900 495.500
8 17 18 22.600 46.900 628.079 132.195 317.000 3.000 446.900
8 17 19 22.500 45.300 750.398 74.883 338.000 3.300 345.700
8 17 20 22.100 46.700 911.682 37.554 315.000 2.700 227.600
8 17 21 20.600 52.800 1303.819 13.942 319.000 2.400 84.500
8 17 22 18.600 64.500 0.000 3.000 322.000 2.400 3.000
8 17 23 16.700 73.300 0.000 0.000 309.000 2.100 0.000
8 17 24 15.600 77.700 0.000 0.000 18.000 2.900 0.000
8 18 1 14.800 79.900 0.000 0.000 59.000 1.900 0.000
8 18 2 14.400 80.800 0.000 0.000 35.000 1.300 0.000
8 18 3 13.600 83.900 0.000 0.000 29.000 0.800 0.000
8 18 4 13.000 88.400 0.000 0.000 39.000 0.900 0.000
8 18 5 12.500 92.200 0.000 0.000 15.000 0.600 0.000
8 18 6 12.000 94.300 0.000 0.000 27.000 0.800 0.000
8 18 7 11.700 94.900 0.000 0.000 16.000 0.800 0.000
8 18 8 12.100 95.300 10.978 51.539 359.000 0.800 53.200
8 18 9 14.400 91.200 186.253 137.030 4.000 0.900 193.900
8 18 10 17.900 75.900 409.146 166.466 22.000 1.100 350.900
8 18 11 19.400 62.100 572.774 168.132 76.000 1.800 499.000
8 18 12 20.700 57.700 690.482 158.726 93.000 2.000 626.400
8 18 13 21.600 54.900 766.170 149.485 57.000 2.300 718.700
8 18 14 22.700 51.800 801.859 144.644 70.000 2.300 762.100
8 18 15 23.600 49.700 823.392 137.010 94.000 2.600 760.100
8 18 16 23.900 46.800 792.237 134.613 57.000 2.000 692.300
8 18 17 24.800 46.300 716.583 136.839 89.000 3.000 577.700
8 18 18 24.100 46.800 768.763 99.410 134.000 2.900 481.200
8 18 19 24.400 46.500 843.876 62.698 92.000 3.900 363.300
8 18 20 23.700 47.700 880.341 35.410 121.000 2.900 214.600
8 18 21 21.900 52.800 0.000 79.300 106.000 2.400 79.300
8 18 22 20.100 61.900 0.000 1.900 120.000 2.100 1.900
8 18 23 18.700 70.900 0.000 0.000 138.000 1.700 0.000
8 18 24 17.400 77.200 0.000 0.000 137.000 2.000 0.000
8 19 1 16.300 82.200 0.000 0.000 134.000 1.600 0.000
8 19 2 15.700 87.100 0.000 0.000 129.000 1.500 0.000
8 19 3 15.100 90.500 0.000 0.000 123.000 1.900 0.000
8 19 4 14.800 93.200 0.000 0.000 151.000 1.200 0.000
8 19 5 14.400 94.700 0.000 0.000 121.000 1.400 0.000
8 19 6 14.100 95.700 0.000 0.000 154.000 1.400 0.000
8 19 7 13.900 97.100 0.000 0.000 152.000 1.900 0.000
8 19 8 13.800 97.200 9.369 48.619 169.000 1.600 50.000
8 19 9 16.100 95.000 162.890 136.560 188.000 1.100 185.700
8 19 10 19.800 78.500 382.269 170.628 185.000 1.900 341.600
8 19 11 22.000 59.400 548.355 174.128 186.000 2.100 489.000
8 19 12 23.000 51.300 674.675 163.052 190.000 2.300 617.700
8 19 13 24.100 48.500 746.405 154.978 157.000 2.400 706.900
8 19 14 24.500 45.600 801.340 144.242 218.000 2.600 758.400
8 19 15 25.200 42.600 838.415 133.520 197.000 2.300 764.800
8 19 16 26.000 41.700 856.312 121.840 351.000 2.600 721.200
8 19 17 26.400 41.000 876.645 105.993 281.000 2.100 641.600
8 19 18 27.000 38.900 891.298 86.675 200.000 3.600 525.300
8 19 19 26.700 38.200 912.079 63.344 277.000 2.500 383.900
8 19 20 26.500 39.700 945.765 37.108 281.000 2.700 224.900
8 19 21 24.700 45.100 0.000 73.000 288.000 1.600 73.000
8 19 22 22.000 55.600 0.000 0.100 357.000 0.900 0.100
8 19 23 20.000 65.600 0.000 0.000 80.000 0.000 0.000
8 19 24 18.700 71.900 0.000 0.000 158.000 0.800 0.000
8 20 1 17.900 77.200 0.000 0.000 174.000 1.500 0.000
8 20 2 19.000 76.700 0.000 0.000 304.000 2.800 0.000
8 20 3 19.700 73.300 0.000 0.000 359.000 2.900 0.000
8 20 4 18.700 76.100 0.000 0.000 16.000 2.500 0.000
8 20 5 18.500 79.900 0.000 0.000 19.000 2.600 0.000
8 20 6 18.100 82.300 0.000 0.000 343.000 2.700 0.000
8 20 7 17.400 86.400 0.000 0.000 343.000 2.400 0.000
8 20 8 17.100 89.400 1.195 18.928 328.000 3.000 19.100
8 20 9 17.500 88.700 4.541 75.947 310.000 3.100 77.300
8 20 10 17.800 85.400 27.966 176.492 318.000 3.100 188.900
8 20 11 18.800 79.500 150.376 259.177 355.000 2.900 345.000
8 20 12 19.300 73.900 137.080 304.903 348.000 2.500 396.800
8 20 13 20.200 70.000 328.476 297.578 18.000 3.200 539.300
8 20 14 21.400 65.200 401.317 284.701 351.000 2.500 590.800
8 20 15 22.900 56.200 791.636 143.696 4.000 1.900 736.700
8 20 16 24.500 48.900 584.279 198.928 66.000 3.100 605.500
8 20 17 23.600 51.300 341.293 242.156 22.000 4.100 449.200
8 20 18 23.100 55.000 66.774 214.545 19.000 4.100 247.100
8 20 19 23.000 54.100 294.991 144.649 34.000 4.700 246.900
8 20 20 22.300 53.900 756.835 39.751 26.000 4.900 186.200
8 20 21 21.100 55.700 0.000 66.400 30.000 4.100 66.400
8 20 22 19.700 55.900 0.000 0.000 16.000 4.400 0.000
8 20 23 18.700 54.100 0.000 0.000 33.000 4.700 0.000
8 20 24 17.600 55.800 0.000 0.000 33.000 4.200 0.000
8 21 1 16.800 59.500 0.000 0.000 31.000 3.000 0.000
8 21 2 16.100 62.800 0.000 0.000 30.000 2.600 0.000
8 21 3 14.600 68.000 0.000 0.000 23.000 1.900 0.000
8 21 4 13.800 73.300 0.000 0.000 21.000 2.000 0.000
8 21 5 12.500 79.400 0.000 0.000 24.000 2.200 0.000
8 21 6 13.400 81.200 0.000 0.000 15.000 1.900 0.000
8 21 7 11.800 83.000 0.000 0.000 10.000 1.600 0.000
8 21 8 11.800 88.800 8.314 44.839 4.000 1.600 46.000
8 21 9 13.800 83.700 153.938 133.601 16.000 1.700 178.900
8 21 10 15.300 75.500 376.491 169.206 344.000 1.100 334.900
8 21 11 17.700 68.000 557.400 169.750 306.000 1.300 485.900
8 21 12 19.700 59.400 683.825 158.791 341.000 1.600 614.800
8 21 13 21.200 53.100 761.935 149.050 9.000 2.200 707.000
8 21 14 22.100 47.900 815.003 139.716 333.000 3.400 758.300
8 21 15 22.400 42.200 848.873 130.752 308.000 2.100 763.300
8 21 16 22.800 37.000 863.597 120.048 326.000 3.100 717.400
8 21 17 23.600 31.600 884.017 105.204 295.000 4.600 637.600
8 21 18 23.200 28.400 904.210 86.279 322.000 2.200 522.900
8 21 19 23.200 29.900 925.618 62.502 321.000 5.200 378.800
8 21 20 22.400 33.900 962.338 35.822 329.000 4.500 217.100
8 21 21 21.200 38.600 0.000 67.100 340.000 3.800 67.100
8 21 22 19.500 44.700 0.000 0.000 341.000 3.200 0.000
8 21 23 19.200 53.100 0.000 0.000 2.000 4.400 0.000
8 21 24 18.100 59.200 0.000 0.000 359.000 3.700 0.000
8 22 1 17.000 62.300 0.000 0.000 355.000 2.900 0.000
8 22 2 15.200 69.300 0.000 0.000 327.000 2.500 0.000
8 22 3 14.200 77.300 0.000 0.000 290.000 2.400 0.000
8 22 4 13.800 79.300 0.000 0.000 284.000 3.000 0.000
8 22 5 13.700 78.100 0.000 0.000 292.000 3.600 0.000
8 22 6 13.000 79.000 0.000 0.000 268.000 3.100 0.000
8 22 7 12.200 82.000 0.000 0.000 276.000 3.100 0.000
8 22 8 12.200 84.600 7.823 42.938 277.000 3.100 44.000
8 22 9 12.900 84.300 147.669 132.100 278.000 4.700 175.000
8 22 10 14.000 81.200 332.844 175.924 279.000 4.200 321.200
8 22 11 15.500 75.900 515.204 180.425 283.000 4.700 470.800
8 22 12 17.100 68.100 350.258 262.586 314.000 5.200 494.900
8 22 13 17.500 60.200 98.430 329.383 294.000 6.000 401.100
8 22 14 18.400 51.200 206.337 336.275 292.000 5.800 492.100
8 22 15 18.200 46.200 194.248 332.029 274.000 5.900 476.000
8 22 16 18.400 47.100 62.549 300.998 277.000 6.200 344.000
8 22 17 18.200 49.300 11.479 205.738 312.000 5.500 212.600
8 22 18 18.200 49.600 147.845 217.409 300.000 7.200 288.100
8 22 19 17.900 49.800 288.416 141.480 292.000 5.400 238.600
8 22 20 17.600 51.500 250.473 79.320 266.000 5.500 125.200
8 22 21 17.300 53.500 0.000 28.300 275.000 5.900 28.300
8 22 22 16.800 55.900 0.000 0.000 295.000 5.600 0.000
8 22 23 16.600 58.200 0.000 0.000 285.000 4.400 0.000
8 22 24 16.200 59.700 0.000 0.000 279.000 4.200 0.000
8 23 1 15.600 61.600 0.000 0.000 277.000 4.800 0.000
8 23 2 15.100 65.100 0.000 0.000 278.000 4.600 0.000
8 23 3 14.800 67.500 0.000 0.000 277.000 4.300 0.000
8 23 4 14.200 69.700 0.000 0.000 284.000 4.200 0.000
8 23 5 13.900 72.200 0.000 0.000 273.000 4.400 0.000
8 23 6 13.700 73.300 0.000 0.000 273.000 4.900 0.000
8 23 7 13.400 74.200 0.000 0.000 274.000 4.300 0.000
8 23 8 13.300 75.700 2.685 25.946 277.000 4.500 26.300
8 23 9 13.600 75.200 87.602 128.882 271.000 5.100 154.000
8 23 10 14.500 74.200 143.268 196.994 281.000 5.200 259.000
8 23 11 14.900 72.300 181.498 252.363 284.000 5.500 354.000
8 23 12 15.000 68.400 120.656 300.212 276.000 5.800 379.800
8 23 13 16.700 62.300 56.056 314.165 278.000 6.300 354.800
8 23 14 16.100 56.200 12.292 262.065 280.000 6.700 271.300
8 23 15 13.700 57.600 5.502 206.544 320.000 5.700 210.600
8 23 16 13.700 67.000 145.994 310.859 307.000 5.700 410.600
8 23 17 12.200 70.800 57.633 257.811 321.000 8.300 292.000
8 23 18 13.700 70.800 341.976 189.130 285.000 4.700 351.000
8 23 19 15.700 65.600 974.758 63.888 300.000 5.300 387.200
8 23 20 15.400 59.500 1005.811 35.359 305.000 4.800 214.300
8 23 21 14.800 62.100 0.000 57.300 302.000 4.500 57.300
8 23 22 12.900 67.100 0.000 0.000 298.000 2.900 0.000
8 23 23 11.600 74.300 0.000 0.000 283.000 2.800 0.000
8 23 24 10.700 82.700 0.000 0.000 272.000 3.100 0.000
8 24 1 10.500 86.400 0.000 0.000 267.000 3.300 0.000
8 24 2 10.700 86.800 0.000 0.000 260.000 2.800 0.000
8 24 3 10.100 88.800 0.000 0.000 263.000 3.000 0.000
8 24 4 10.100 90.400 0.000 0.000 260.000 2.800 0.000
8 24 5 10.000 91.500 0.000 0.000 260.000 2.200 0.000
8 24 6 10.000 93.400 0.000 0.000 269.000 2.600 0.000
8 24 7 10.200 92.400 0.000 0.000 282.000 2.500 0.000
8 24 8 10.300 90.600 7.521 40.039 275.000 2.400 41.000
8 24 9 11.400 89.400 173.830 127.920 271.000 3.300 177.100
8 24 10 12.900 84.200 439.693 153.029 289.000 4.100 341.700
8 24 11 14.700 76.000 625.256 148.449 288.000 5.000 496.300
8 24 12 16.000 66.000 725.067 144.295 293.000 6.100 619.900
8 24 13 17.400 57.400 642.700 186.333 286.000 6.300 649.800
8 24 14 18.200 52.500 419.119 273.647 273.000 5.200 586.900
8 24 15 19.900 47.800 412.160 270.692 300.000 5.800 572.800
8 24 16 18.800 46.200 245.181 295.364 266.000 5.500 461.800
8 24 17 19.000 47.600 119.661 267.966 281.000 5.500 338.400
8 24 18 18.200 49.500 3.314 102.347 275.000 5.700 103.900
8 24 19 17.800 52.300 25.294 128.240 274.000 7.000 136.500
8 24 20 17.800 54.300 757.713 35.539 278.000 5.100 166.300
8 24 21 17.800 55.900 0.000 37.600 289.000 3.900 37.600
8 24 22 17.100 58.000 0.000 0.000 281.000 4.100 0.000
8 24 23 16.100 62.000 0.000 0.000 274.000 3.800 0.000
8 24 24 15.400 66.600 0.000 0.000 267.000 3.600 0.000
8 25 1 14.600 70.800 0.000 0.000 266.000 3.300 0.000
8 25 2 14.000 73.100 0.000 0.000 275.000 3.300 0.000
8 25 3 13.500 75.200 0.000 0.000 274.000 3.400 0.000
8 25 4 12.800 78.600 0.000 0.000 273.000 3.300 0.000
8 25 5 12.200 81.100 0.000 0.000 275.000 3.300 0.000
8 25 6 11.600 83.700 0.000 0.000 271.000 3.300 0.000
8 25 7 11.400 87.200 0.000 0.000 265.000 3.000 0.000
8 25 8 12.100 87.200 0.743 12.908 265.000 2.700 13.000
8 25 9 12.700 83.800 2.267 50.567 273.000 2.700 51.200
8 25 10 13.300 81.000 3.509 95.607 257.000 2.900 97.100
8 25 11 14.100 78.800 7.282 171.676 249.000 3.400 175.700
8 25 12 15.000 74.600 16.619 240.061 261.000 4.000 250.900
8 25 13 15.600 70.500 13.648 255.211 277.000 4.300 265.000
8 25 14 17.000 64.700 103.327 337.184 289.000 4.100 414.000
8 25 15 17.100 59.800 17.471 270.467 275.000 3.900 283.200
8 25 16 18.500 57.200 35.237 277.236 252.000 4.200 301.000
8 25 17 18.400 53.900 80.929 261.344 280.000 4.700 308.600
8 25 18 19.000 50.100 683.506 110.884 304.000 4.700 427.700
8 25 19 19.400 46.700 840.698 57.121 262.000 5.000 327.300
8 25 20 19.100 46.800 928.528 30.673 263.000 3.400 185.900
8 25 21 17.400 53.400 0.000 53.700 273.000 1.900 53.700
8 25 22 14.700 66.400 0.000 0.000 218.000 1.700 0.000
8 25 23 12.800 77.600 0.000 0.000 203.000 1.400 0.000
8 25 24 11.900 83.400 0.000 0.000 253.000 1.500 0.000
8 26 1 11.500 86.700 0.000 0.000 262.000 1.900 0.000
8 26 2 10.600 89.600 0.000 0.000 285.000 1.900 0.000
8 26 3 10.500 88.700 0.000 0.000 334.000 1.900 0.000
8 26 4 12.100 84.600 0.000 0.000 306.000 2.500 0.000
8 26 5 10.800 83.600 0.000 0.000 291.000 2.200 0.000
8 26 6 10.400 85.000 0.000 0.000 310.000 2.000 0.000
8 26 7 10.200 84.800 0.000 0.000 279.000 2.000 0.000
8 26 8 10.700 83.800 0.599 11.228 289.000 2.100 11.300
8 26 9 12.800 82.600 20.178 104.547 294.000 2.100 110.100
8 26 10 14.200 79.300 299.268 175.832 268.000 2.300 302.000
8 26 11 16.600 74.200 555.955 165.340 256.000 2.800 470.500
8 26 12 18.200 65.200 480.061 219.211 263.000 2.700 530.500
8 26 13 19.300 56.200 335.496 287.452 288.000 2.800 526.800
8 26 14 19.300 50.900 521.894 235.021 298.000 3.000 620.900
8 26 15 20.500 47.200 814.660 134.141 268.000 3.300 724.400
8 26 16 21.500 43.500 870.945 116.349 237.000 3.100 699.800
8 26 17 22.100 40.400 886.806 101.491 255.000 2.400 615.100
8 26 18 22.400 39.000 915.312 82.929 284.000 2.300 502.600
8 26 19 21.900 40.300 901.250 56.298 326.000 2.100 341.200
8 26 20 22.400 42.100 719.434 36.058 348.000 0.900 152.400
8 26 21 19.700 46.200 0.000 48.700 72.000 1.100 48.700
8 26 22 17.300 52.800 0.000 0.000 106.000 1.800 0.000
8 26 23 16.300 57.500 0.000 0.000 100.000 1.700 0.000
8 26 24 15.600 59.900 0.000 0.000 105.000 2.200 0.000
8 27 1 14.800 61.500 0.000 0.000 109.000 2.500 0.000
8 27 2 14.500 65.400 0.000 0.000 126.000 2.100 0.000
8 27 3 15.100 72.500 0.000 0.000 121.000 2.100 0.000
8 27 4 15.500 74.600 0.000 0.000 124.000 2.300 0.000
8 27 5 16.100 69.700 0.000 0.000 130.000 2.100 0.000
8 27 6 15.400 69.300 0.000 0.000 125.000 2.500 0.000
8 27 7 14.900 72.300 0.000 0.000 115.000 2.400 0.000
8 27 8 15.200 72.200 3.502 25.995 115.000 2.500 26.400
8 27 9 16.200 69.800 5.307 74.760 119.000 2.300 76.200
8 27 10 17.900 66.200 29.684 167.999 127.000 2.800 180.400
8 27 11 20.200 59.400 100.266 247.144 114.000 3.100 301.800
8 27 12 19.500 57.500 12.394 225.511 139.000 2.900 233.500
8 27 13 21.600 56.800 243.695 309.503 155.000 3.500 482.400
8 27 14 24.800 51.900 718.169 164.546 168.000 3.300 692.600
8 27 15 26.800 48.000 776.474 143.361 162.000 3.700 702.600
8 27 16 27.900 46.300 705.726 152.651 149.000 4.200 622.200
8 27 17 28.600 45.700 345.990 229.083 179.000 3.800 427.800
8 27 18 29.600 43.300 305.956 188.074 216.000 4.100 326.800
8 27 19 29.000 40.200 396.328 117.222 244.000 3.300 240.400
8 27 20 28.100 39.700 858.595 27.295 277.000 2.100 161.400
8 27 21 24.900 48.300 0.000 37.200 313.000 1.500 37.200
8 27 22 22.100 62.100 0.000 0.000 118.000 1.100 0.000
8 27 23 20.100 70.900 0.000 0.000 148.000 2.400 0.000
8 27 24 20.600 75.700 0.000 0.000 131.000 3.000 0.000
8 28 1 20.300 77.500 0.000 0.000 148.000 2.700 0.000
8 28 2 22.000 75.900 0.000 0.000 219.000 4.100 0.000
8 28 3 18.800 83.400 0.000 0.000 300.000 1.300 0.000
8 28 4 18.700 96.300 0.000 0.000 105.000 1.600 0.000
8 28 5 18.200 97.500 0.000 0.000 151.000 2.400 0.000
8 28 6 17.900 98.200 0.000 0.000 229.000 0.800 0.000
8 28 7 17.600 98.800 0.000 0.000 110.000 1.400 0.000
8 28 8 18.000 98.900 0.091 4.090 127.000 2.000 4.100
8 28 9 18.300 98.900 0.332 18.711 113.000 1.600 18.800
8 28 10 18.900 98.300 0.770 43.981 138.000 2.000 44.300
8 28 11 19.200 97.300 2.218 97.099 4.000 1.000 98.300
8 28 12 19.700 95.900 1.417 92.092 167.000 1.500 93.000
8 28 13 19.700 94.900 1.207 93.649 253.000 2.100 94.500
8 28 14 19.200 96.200 0.838 80.987 284.000 3.600 81.600
8 28 15 19.600 97.200 1.617 109.842 21.000 2.800 111.000
8 28 16 19.900 95.200 2.604 128.280 98.000 1.500 130.000
8 28 17 20.100 93.200 3.138 121.213 213.000 1.000 123.000
8 28 18 20.000 93.800 2.693 88.493 266.000 2.400 89.700
8 28 19 19.900 95.800 4.568 78.205 220.000 1.100 79.600
8 28 20 19.800 96.900 14.616 54.299 133.000 1.700 56.500
8 28 21 19.600 97.500 0.000 21.900 163.000 1.700 21.900
8 28 22 19.300 98.600 0.000 0.000 196.000 1.900 0.000
8 28 23 18.800 99.300 0.000 0.000 169.000 1.800 0.000
8 28 24 18.700 99.400 0.000 0.000 185.000 1.600 0.000
8 29 1 18.600 99.400 0.000 0.000 163.000 1.700 0.000
8 29 2 18.700 99.300 0.000 0.000 201.000 1.100 0.000
8 29 3 18.600 99.400 0.000 0.000 208.000 1.500 0.000
8 29 4 18.600 99.400 0.000 0.000 192.000 1.500 0.000
8 29 5 18.500 99.400 0.000 0.000 181.000 1.600 0.000
8 29 6 18.200 99.200 0.000 0.000 217.000 1.800 0.000
8 29 7 18.100 99.200 0.000 0.000 192.000 1.300 0.000
8 29 8 18.000 99.100 0.049 2.895 188.000 1.200 2.900
8 29 9 18.300 98.700 0.563 23.952 191.000 1.000 24.100
8 29 10 18.400 98.200 2.119 71.931 257.000 1.400 72.800
8 29 11 18.500 97.500 2.244 96.994 310.000 1.800 98.200
8 29 12 18.700 95.600 2.006 108.723 273.000 1.200 110.000
8 29 13 18.800 93.600 1.785 113.048 289.000 1.000 114.300
8 29 14 18.400 94.200 1.736 115.538 271.000 1.900 116.800
8 29 15 19.400 93.200 5.345 196.798 219.000 1.700 200.600
8 29 16 19.600 89.500 18.310 245.688 249.000 1.500 257.700
8 29 17 20.500 82.900 152.547 257.288 305.000 1.100 343.400
8 29 18 20.900 78.400 110.245 201.755 214.000 1.300 250.600
8 29 19 20.200 83.100 5.246 82.226 187.000 1.500 83.800
8 29 20 19.700 88.900 62.886 63.683 197.000 1.500 72.800
8 29 21 18.600 92.800 0.000 33.800 127.000 1.100 33.800
8 29 22 17.300 97.600 0.000 0.000 109.000 1.600 0.000
8 29 23 16.700 99.200 0.000 0.000 94.000 1.600 0.000
8 29 24 16.500 98.700 0.000 0.000 118.000 2.100 0.000
8 30 1 15.700 99.200 0.000 0.000 115.000 1.400 0.000
8 30 2 15.100 100.000 0.000 0.000 115.000 1.000 0.000
8 30 3 14.900 99.800 0.000 0.000 135.000 1.200 0.000
8 30 4 15.200 99.600 0.000 0.000 110.000 0.800 0.000
8 30 5 15.100 99.700 0.000 0.000 143.000 1.100 0.000
8 30 6 15.700 99.700 0.000 0.000 120.000 2.300 0.000
8 30 7 15.800 99.500 0.000 0.000 129.000 2.200 0.000
8 30 8 15.800 99.700 0.290 6.770 167.000 1.200 6.800
8 30 9 16.400 99.800 1.803 42.032 182.000 1.500 42.500
8 30 10 17.200 99.300 37.332 168.537 215.000 1.700 183.700
8 30 11 18.300 97.100 310.403 220.791 238.000 2.500 386.400
8 30 12 20.400 82.400 402.918 237.311 273.000 3.900 492.300
8 30 13 20.600 69.200 458.071 243.761 255.000 3.100 563.200
8 30 14 21.600 65.700 725.622 159.851 256.000 3.300 684.200
8 30 15 21.600 63.500 446.572 250.917 256.000 3.500 566.600
8 30 16 22.100 62.700 69.304 288.665 244.000 3.200 333.800
8 30 17 22.000 62.900 7.588 176.055 260.000 3.000 180.300
8 30 18 22.300 64.600 41.188 183.868 221.000 2.700 201.900
8 30 19 23.200 62.500 575.804 86.147 213.000 2.100 255.700
8 30 20 22.100 62.000 652.139 35.571 229.000 1.800 126.400
8 30 21 21.000 70.200 0.000 15.500 196.000 1.800 15.500
8 30 22 18.900 78.400 0.000 0.000 211.000 1.500 0.000
8 30 23 17.500 85.800 0.000 0.000 214.000 1.800 0.000
8 30 24 16.700 90.700 0.000 0.000 244.000 1.800 0.000
8 31 1 15.500 93.100 0.000 0.000 225.000 1.900 0.000
8 31 2 15.000 96.400 0.000 0.000 204.000 2.000 0.000
8 31 3 14.400 97.800 0.000 0.000 215.000 1.400 0.000
8 31 4 14.100 98.000 0.000 0.000 228.000 1.900 0.000
8 31 5 13.700 98.200 0.000 0.000 203.000 1.300 0.000
8 31 6 13.500 97.900 0.000 0.000 198.000 1.500 0.000
8 31 7 13.100 98.000 0.000 0.000 201.000 1.300 0.000
8 31 8 12.800 98.000 4.601 25.543 208.000 1.500 26.000
8 31 9 14.400 96.200 94.656 115.718 227.000 1.100 139.900
8 31 10 16.300 93.500 320.925 164.914 183.000 1.100 294.000
8 31 11 19.400 82.100 516.282 170.482 210.000 1.800 443.900
8 31 12 22.100 66.800 657.423 159.183 196.000 1.700 572.600
8 31 13 23.700 56.200 742.499 148.391 182.000 2.100 663.100
8 31 14 24.200 50.100 781.998 142.102 187.000 2.800 703.800
8 31 15 24.700 47.500 749.892 148.121 189.000 3.200 674.800
8 31 16 24.700 47.600 658.533 163.295 190.000 2.700 589.000
8 31 17 25.000 47.300 676.994 135.179 216.000 2.300 510.500
8 31 18 25.900 43.500 737.758 93.460 163.000 3.000 412.500
8 31 19 25.600 42.700 912.745 52.107 162.000 2.500 315.800
8 31 20 24.100 47.500 1006.766 26.565 163.000 1.900 161.000
8 31 21 21.700 58.500 0.000 29.300 167.000 1.500 29.300
8 31 22 19.300 71.600 0.000 0.000 107.000 1.500 0.000
8 31 23 17.800 81.200 0.000 0.000 112.000 2.200 0.000
8 31 24 17.200 86.300 0.000 0.000 104.000 2.100 0.000
9 1 1 16.700 88.300 0.000 0.000 112.000 2.200 0.000
9 1 2 16.200 91.000 0.000 0.000 115.000 2.500 0.000
9 1 3 15.900 93.700 0.000 0.000 121.000 1.900 0.000
9 1 4 15.500 93.900 0.000 0.000 113.000 1.800 0.000
9 1 5 15.200 94.800 0.000 0.000 113.000 2.200 0.000
9 1 6 15.200 94.900 0.000 0.000 116.000 2.100 0.000
9 1 7 14.900 94.900 0.000 0.000 111.000 2.200 0.000
9 1 8 14.600 95.600 4.197 23.401 103.000 2.500 23.800
9 1 9 16.100 95.100 75.507 112.314 114.000 2.300 131.300
9 1 10 19.000 87.500 271.213 170.685 127.000 2.800 278.700
9 1 11 21.800 73.300 444.524 187.353 116.000 3.500 421.000
9 1 12 24.500 61.600 484.526 210.874 131.000 4.400 513.600
9 1 13 24.900 54.600 454.407 242.406 139.000 4.700 555.500
9 1 14 25.300 51.000 391.739 271.639 141.000 4.900 551.300
9 1 15 26.600 48.500 684.935 167.710 152.000 4.100 645.600
9 1 16 26.800 45.400 652.764 164.010 146.000 4.000 582.800
9 1 17 26.500 44.600 594.914 155.844 166.000 3.700 482.600
9 1 18 27.200 45.600 630.885 113.681 172.000 2.900 383.100
9 1 19 26.000 48.300 486.772 95.306 157.000 2.300 233.200
9 1 20 25.400 54.900 293.183 53.751 143.000 2.000 91.200
9 1 21 24.400 58.800 0.000 4.200 250.000 2.600 4.200
9 1 22 22.200 61.500 0.000 0.000 295.000 4.700 0.000
9 1 23 21.500 67.000 0.000 0.000 305.000 2.700 0.000
9 1 24 21.100 70.300 0.000 0.000 276.000 3.100 0.000
9 2 1 20.100 75.900 0.000 0.000 276.000 2.800 0.000
9 2 2 18.900 85.500 0.000 0.000 307.000 2.700 0.000
9 2 3 18.200 92.400 0.000 0.000 323.000 2.100 0.000
9 2 4 18.100 94.800 0.000 0.000 330.000 1.600 0.000
9 2 5 17.900 95.900 0.000 0.000 269.000 2.000 0.000
9 2 6 17.700 96.200 0.000 0.000 275.000 2.000 0.000
9 2 7 17.400 95.800 0.000 0.000 302.000 1.600 0.000
9 2 8 17.300 96.400 0.136 4.088 296.000 1.300 4.100
9 2 9 17.000 96.900 0.317 16.922 297.000 1.000 17.000
9 2 10 17.400 97.100 0.442 31.826 277.000 1.500 32.000
9 2 11 17.300 96.300 1.559 78.687 283.000 2.200 79.500
9 2 12 17.000 95.500 2.200 111.034 288.000 1.600 112.400
9 2 13 17.300 94.700 3.540 154.876 235.000 1.100 157.300
9 2 14 17.900 91.200 4.612 182.728 229.000 1.500 186.000
9 2 15 18.600 87.300 30.944 280.954 213.000 2.100 302.400
9 2 16 19.200 84.100 46.769 271.726 181.000 2.000 301.500
9 2 17 19.900 81.300 166.249 247.653 166.000 2.800 338.100
9 2 18 21.300 77.100 215.218 187.865 151.000 2.600 278.600
9 2 19 20.900 73.700 458.552 97.202 155.000 2.500 224.500
9 2 20 19.600 78.900 917.973 22.110 155.000 2.300 134.000
9 2 21 18.400 85.900 0.000 22.100 199.000 2.600 22.100
9 2 22 16.900 90.800 0.000 0.000 151.000 2.300 0.000
9 2 23 16.300 95.200 0.000 0.000 154.000 2.200 0.000
9 2 24 16.900 96.400 0.000 0.000 164.000 1.600 0.000
9 3 1 16.900 96.400 0.000 0.000 211.000 2.300 0.000
9 3 2 17.200 94.200 0.000 0.000 198.000 2.400 0.000
9 3 3 17.100 89.200 0.000 0.000 226.000 2.700 0.000
9 3 4 16.400 86.400 0.000 0.000 229.000 2.700 0.000
9 3 5 16.100 87.300 0.000 0.000 223.000 2.100 0.000
9 3 6 15.100 89.600 0.000 0.000 198.000 1.300 0.000
9 3 7 14.600 92.600 0.000 0.000 182.000 1.000 0.000
9 3 8 14.400 93.000 2.882 17.750 192.000 1.600 18.000
9 3 9 15.900 89.600 73.383 108.544 193.000 1.800 126.400
9 3 10 17.600 83.800 322.033 160.131 200.000 1.800 285.800
9 3 11 19.600 76.700 531.581 163.184 171.000 2.600 438.300
9 3 12 21.400 67.200 681.178 149.625 178.000 3.600 569.600
9 3 13 22.600 58.800 760.509 140.996 168.000 5.100 658.500
9 3 14 23.500 53.300 636.127 186.263 192.000 4.700 634.700
9 3 15 23.400 51.100 195.904 309.961 201.000 4.600 444.800
9 3 16 24.500 49.700 233.976 278.416 194.000 5.200 426.200
9 3 17 24.000 49.600 55.977 234.540 192.000 4.600 264.700
9 3 18 24.400 50.700 687.945 99.656 192.000 5.400 385.900
9 3 19 24.600 50.100 872.763 47.409 194.000 4.800 284.700
9 3 20 23.500 51.800 1028.673 23.578 186.000 5.800 142.900
9 3 21 22.400 55.700 0.000 23.800 187.000 2.300 23.800
9 3 22 21.100 60.600 0.000 0.000 156.000 2.200 0.000
9 3 23 20.800 64.600 0.000 0.000 161.000 2.600 0.000
9 3 24 20.300 67.200 0.000 0.000 163.000 2.700 0.000
9 4 1 19.900 70.100 0.000 0.000 174.000 2.300 0.000
9 4 2 19.500 72.200 0.000 0.000 168.000 2.300 0.000
9 4 3 17.600 78.700 0.000 0.000 175.000 2.200 0.000
9 4 4 17.200 86.000 0.000 0.000 171.000 2.300 0.000
9 4 5 17.200 87.300 0.000 0.000 170.000 2.700 0.000
9 4 6 17.200 86.500 0.000 0.000 176.000 2.500 0.000
9 4 7 17.000 85.400 0.000 0.000 150.000 2.700 0.000
9 4 8 16.600 86.400 3.581 18.804 163.000 2.500 19.100
9 4 9 16.600 87.700 72.201 106.628 171.000 2.700 123.900
9 4 10 19.600 81.000 260.194 167.219 181.000 3.000 267.700
9 4 11 22.100 69.400 343.637 206.359 195.000 2.900 382.800
9 4 12 23.900 63.000 402.681 230.517 214.000 3.300 477.100
9 4 13 25.300 57.700 648.884 174.675 230.000 3.800 613.400
9 4 14 26.800 50.100 625.592 188.838 224.000 3.700 627.000
9 4 15 26.600 48.500 542.329 212.120 211.000 4.200 582.800
9 4 16 27.100 49.700 691.585 149.178 201.000 3.900 582.500
9 4 17 27.300 47.200 648.621 137.886 203.000 3.700 483.900
9 4 18 27.600 44.200 412.229 152.771 220.000 3.700 322.000
9 4 19 26.600 47.300 424.465 97.546 159.000 2.700 210.500
9 4 20 25.600 55.200 405.163 41.308 163.000 2.300 85.900
9 4 21 23.500 64.000 0.000 11.200 150.000 2.100 11.200
9 4 22 21.800 73.800 0.000 0.000 150.000 1.900 0.000
9 4 23 21.000 79.800 0.000 0.000 113.000 1.600 0.000
9 4 24 20.500 83.400 0.000 0.000 123.000 2.200 0.000
9 5 1 19.800 86.800 0.000 0.000 107.000 1.300 0.000
9 5 2 19.800 88.200 0.000 0.000 112.000 1.400 0.000
9 5 3 19.700 87.900 0.000 0.000 95.000 2.300 0.000
9 5 4 19.800 88.100 0.000 0.000 121.000 2.200 0.000
9 5 5 20.500 85.200 0.000 0.000 243.000 3.000 0.000
9 5 6 18.500 85.000 0.000 0.000 263.000 5.900 0.000
9 5 7 17.900 89.100 0.000 0.000 292.000 4.100 0.000
9 5 8 17.500 91.900 0.044 1.997 291.000 2.600 2.000
9 5 9 17.500 93.100 0.149 11.065 251.000 2.500 11.100
9 5 10 17.200 95.000 4.081 92.741 239.000 2.100 94.300
9 5 11 17.900 94.100 49.029 218.829 231.000 2.600 243.800
9 5 12 18.400 90.100 6.761 185.489 221.000 2.900 189.600
9 5 13 18.900 87.500 3.782 157.060 233.000 2.800 159.600
9 5 14 18.200 85.800 8.991 228.744 248.000 2.900 235.000
9 5 15 17.100 86.900 10.481 230.587 278.000 4.500 237.700
9 5 16 18.900 85.400 18.694 234.183 279.000 4.600 245.800
9 5 17 20.000 76.600 249.067 230.671 286.000 4.800 362.200
9 5 18 20.500 68.900 388.076 155.166 289.000 4.400 312.300
9 5 19 20.700 65.100 611.458 72.045 282.000 4.100 231.200
9 5 20 20.300 64.400 985.989 20.279 278.000 2.600 122.900
9 5 21 18.100 73.000 0.000 16.000 261.000 2.300 16.000
9 5 22 17.100 84.700 0.000 0.000 255.000 2.600 0.000
9 5 23 16.500 88.700 0.000 0.000 262.000 2.800 0.000
9 5 24 16.800 87.300 0.000 0.000 263.000 2.900 0.000
9 6 1 16.400 83.900 0.000 0.000 298.000 3.100 0.000
9 6 2 15.900 83.900 0.000 0.000 296.000 2.800 0.000
9 6 3 15.600 85.800 0.000 0.000 310.000 2.500 0.000
9 6 4 15.500 86.000 0.000 0.000 303.000 2.900 0.000
9 6 5 15.100 86.600 0.000 0.000 308.000 1.800 0.000
9 6 6 14.200 90.100 0.000 0.000 311.000 2.300 0.000
9 6 7 13.800 93.400 0.000 0.000 301.000 2.200 0.000
9 6 8 13.500 93.600 4.393 18.674 287.000 2.400 19.000
9 6 9 13.300 93.800 72.737 103.101 310.000 1.500 119.900
9 6 10 15.300 90.700 270.872 162.519 293.000 2.400 264.900
9 6 11 17.300 82.400 454.482 178.415 296.000 2.900 408.000
9 6 12 18.900 73.800 523.799 193.207 334.000 2.700 509.500
9 6 13 19.700 65.100 499.885 221.236 286.000 3.000 554.800
9 6 14 20.400 59.100 197.661 311.491 300.000 2.700 448.100
9 6 15 20.700 57.200 156.146 308.099 331.000 2.600 413.300
9 6 16 21.600 54.000 314.457 255.206 299.000 2.400 449.000
9 6 17 21.700 49.500 672.080 129.532 303.000 2.500 480.800
9 6 18 21.900 47.200 721.715 89.764 317.000 2.300 377.900
9 6 19 21.400 48.600 704.250 59.225 337.000 2.700 238.400
9 6 20 20.600 52.900 914.520 17.721 355.000 1.500 107.400
9 6 21 18.100 62.900 0.000 14.000 337.000 1.600 14.000
9 6 22 15.800 77.500 0.000 0.000 82.000 0.700 0.000
9 6 23 14.700 86.300 0.000 0.000 64.000 1.400 0.000
9 6 24 14.300 91.100 0.000 0.000 101.000 1.500 0.000
9 7 1 13.900 93.500 0.000 0.000 89.000 1.700 0.000
9 7 2 13.600 94.900 0.000 0.000 87.000 1.500 0.000
9 7 3 13.300 96.600 0.000 0.000 104.000 1.600 0.000
9 7 4 12.800 97.700 0.000 0.000 98.000 1.400 0.000
9 7 5 12.600 98.400 0.000 0.000 87.000 1.000 0.000
9 7 6 12.300 98.600 0.000 0.000 89.000 1.600 0.000
9 7 7 12.000 98.700 0.000 0.000 81.000 1.800 0.000
9 7 8 11.800 98.700 2.683 13.812 77.000 2.200 14.000
9 7 9 13.300 98.000 54.266 98.593 89.000 1.000 110.900
9 7 10 14.900 96.500 274.158 160.416 90.000 1.400 262.900
9 7 11 17.600 88.100 470.559 173.271 117.000 2.600 409.000
9 7 12 19.400 73.300 611.200 166.371 99.000 3.200 532.800
9 7 13 20.800 62.600 619.675 181.187 93.000 2.900 591.900
9 7 14 20.600 59.700 517.361 221.976 112.000 2.700 577.100
9 7 15 22.000 56.000 421.734 246.555 70.000 2.900 528.600
9 7 16 21.700 52.300 584.770 177.473 84.000 3.700 534.800
9 7 17 22.200 50.100 667.997 129.328 101.000 2.900 474.800
9 7 18 22.800 45.400 847.319 70.261 84.000 3.700 403.700
9 7 19 22.000 43.800 906.880 44.534 83.000 4.000 269.900
9 7 20 20.800 48.200 1088.161 19.784 80.000 3.400 119.900
9 7 21 18.400 58.100 0.000 13.000 77.000 3.100 13.000
9 7 22 16.600 68.500 0.000 0.000 72.000 2.900 0.000
9 7 23 15.900 74.900 0.000 0.000 75.000 3.500 0.000
9 7 24 16.300 77.400 0.000 0.000 89.000 3.100 0.000
9 8 1 15.600 80.600 0.000 0.000 92.000 3.200 0.000
9 8 2 14.500 86.900 0.000 0.000 84.000 3.600 0.000
9 8 3 14.300 90.700 0.000 0.000 88.000 2.800 0.000
9 8 4 13.700 91.900 0.000 0.000 85.000 2.000 0.000
9 8 5 12.900 94.500 0.000 0.000 67.000 2.100 0.000
9 8 6 13.200 97.500 0.000 0.000 76.000 2.200 0.000
9 8 7 13.000 97.700 0.000 0.000 78.000 2.500 0.000
9 8 8 13.000 97.700 2.622 12.828 89.000 3.000 13.000
9 8 9 13.500 98.100 45.288 94.919 111.000 1.800 105.000
9 8 10 15.200 93.800 257.302 160.792 99.000 3.100 255.900
9 8 11 17.800 81.500 457.250 175.077 86.000 4.500 402.200
9 8 12 20.300 69.100 601.339 168.206 109.000 4.100 526.100
9 8 13 21.400 61.800 428.834 240.722 97.000 4.000 523.000
9 8 14 21.600 58.200 264.683 294.879 82.000 4.200 475.300
9 8 15 22.300 55.700 239.401 292.395 79.000 3.700 451.300
9 8 16 22.200 54.400 444.788 217.056 85.000 3.700 486.500
9 8 17 22.600 52.900 769.466 104.807 74.000 3.700 498.500
9 8 18 23.000 49.300 557.030 118.006 118.000 2.800 334.000
9 8 19 22.200 51.700 655.748 62.146 76.000 2.500 221.200
9 8 20 21.500 59.100 850.989 15.288 65.000 1.500 88.400
9 8 21 19.700 65.500 0.000 10.200 87.000 2.900 10.200
9 8 22 17.900 73.600 0.000 0.000 74.000 1.800 0.000
9 8 23 16.700 82.900 0.000 0.000 81.000 2.300 0.000
9 8 24 16.400 87.900 0.000 0.000 84.000 2.400 0.000
9 9 1 15.800 90.800 0.000 0.000 87.000 1.300 0.000
9 9 2 15.000 94.100 0.000 0.000 52.000 1.100 0.000
9 9 3 14.600 96.600 0.000 0.000 36.000 1.700 0.000
9 9 4 14.200 98.000 0.000 0.000 28.000 1.400 0.000
9 9 5 13.800 98.700 0.000 0.000 36.000 1.500 0.000
9 9 6 13.700 99.200 0.000 0.000 7.000 1.500 0.000
9 9 7 13.200 99.200 0.000 0.000 67.000 1.500 0.000
9 9 8 13.100 99.200 1.991 10.778 72.000 1.700 10.900
9 9 9 13.900 98.700 29.705 88.313 72.000 1.100 94.800
9 9 10 16.800 97.700 186.351 165.803 83.000 2.400 233.900
9 9 11 19.500 89.800 385.984 189.726 72.000 2.000 379.800
9 9 12 21.400 77.900 545.324 183.346 97.000 2.600 505.500
9 9 13 22.900 70.700 631.178 175.425 96.000 2.900 588.000
9 9 14 23.800 64.700 722.144 152.627 90.000 2.900 641.400
9 9 15 24.900 58.300 656.915 168.594 102.000 4.100 601.300
9 9 16 25.500 54.000 418.523 222.597 81.000 3.500 473.900
9 9 17 25.600 52.400 574.248 149.893 132.000 3.900 440.500
9 9 18 25.000 51.700 674.572 94.546 80.000 4.100 352.200
9 9 19 24.700 52.500 465.104 82.574 104.000 3.000 192.600
9 9 20 23.300 57.800 924.052 14.570 120.000 2.500 88.300
9 9 21 21.100 67.300 0.000 8.100 100.000 2.400 8.100
9 9 22 19.300 76.900 0.000 0.000 102.000 2.100 0.000
9 9 23 18.600 83.400 0.000 0.000 92.000 3.100 0.000
9 9 24 18.400 85.300 0.000 0.000 99.000 2.800 0.000
9 10 1 18.100 86.500 0.000 0.000 142.000 2.200 0.000
9 10 2 17.500 88.900 0.000 0.000 202.000 1.800 0.000
9 10 3 16.500 92.800 0.000 0.000 350.000 1.900 0.000
9 10 4 17.200 95.900 0.000 0.000 342.000 1.800 0.000
9 10 5 17.200 94.300 0.000 0.000 27.000 1.500 0.000
9 10 6 17.600 93.400 0.000 0.000 10.000 1.300 0.000
9 10 7 17.400 94.400 0.000 0.000 177.000 1.100 0.000
9 10 8 16.900 95.900 0.648 5.963 92.000 1.400 6.000
9 10 9 16.900 96.200 21.663 82.761 132.000 1.300 87.400
9 10 10 18.100 90.500 129.514 165.922 171.000 1.900 212.700
9 10 11 19.800 81.300 264.295 211.490 202.000 1.600 340.500
9 10 12 21.300 74.300 386.378 225.963 191.000 2.100 452.500
9 10 13 22.100 69.500 192.093 293.927 214.000 1.900 418.600
9 10 14 21.900 66.800 101.815 306.883 196.000 2.000 375.300
9 10 15 22.000 66.000 91.228 296.875 190.000 2.800 356.500
9 10 16 21.900 64.700 70.249 265.397 171.000 2.900 307.200
9 10 17 22.300 63.100 109.217 229.144 170.000 2.800 283.800
9 10 18 22.000 63.000 60.866 165.608 171.000 2.700 188.500
9 10 19 21.500 64.100 41.402 97.355 197.000 2.400 106.900
9 10 20 20.500 68.800 89.481 33.411 260.000 1.300 40.000
9 10 21 19.800 78.100 0.000 2.000 268.000 1.700 2.000
9 10 22 19.300 82.100 0.000 0.000 297.000 2.000 0.000
9 10 23 18.000 87.600 0.000 0.000 320.000 3.800 0.000
9 10 24 17.500 93.200 0.000 0.000 100.000 3.200 0.000
9 11 1 16.700 94.100 0.000 0.000 331.000 2.800 0.000
9 11 2 16.000 95.900 0.000 0.000 310.000 2.600 0.000
9 11 3 15.900 95.700 0.000 0.000 26.000 1.200 0.000
9 11 4 16.000 96.900 0.000 0.000 276.000 1.300 0.000
9 11 5 15.700 98.100 0.000 0.000 251.000 2.600 0.000
9 11 6 15.200 98.300 0.000 0.000 260.000 2.300 0.000
9 11 7 14.400 98.000 0.000 0.000 233.000 2.200 0.000
9 11 8 13.600 97.700 1.947 9.897 226.000 1.900 10.000
9 11 9 13.800 97.100 38.952 88.024 228.000 2.500 96.200
9 11 10 14.700 94.800 261.918 155.018 226.000 3.000 248.500
9 11 11 16.600 87.600 486.543 164.221 202.000 3.500 399.600
9 11 12 18.700 78.300 644.732 152.681 192.000 3.200 527.800
9 11 13 20.500 71.100 741.167 140.235 211.000 3.800 617.800
9 11 14 22.100 66.600 745.190 144.013 203.000 4.200 641.100
9 11 15 22.000 62.500 167.867 296.453 211.000 6.300 405.300
9 11 16 21.500 61.500 24.521 232.241 215.000 5.800 246.700
9 11 17 22.000 61.400 173.848 225.786 218.000 6.200 311.800
9 11 18 21.900 60.800 212.705 166.054 226.000 4.700 244.800
9 11 19 21.500 63.300 395.910 85.631 220.000 5.900 174.500
9 11 20 15.300 77.500 590.056 19.498 251.000 6.800 59.300
9 11 21 15.400 94.000 0.000 1.000 240.000 4.000 1.000
9 11 22 15.500 95.500 0.000 0.000 209.000 3.100 0.000
9 11 23 15.200 96.100 0.000 0.000 206.000 3.100 0.000
9 11 24 15.100 94.600 0.000 0.000 219.000 3.300 0.000
9 12 1 14.400 93.700 0.000 0.000 208.000 2.900 0.000
9 12 2 13.900 94.300 0.000 0.000 199.000 2.800 0.000
9 12 3 13.600 89.100 0.000 0.000 201.000 2.400 0.000
9 12 4 13.400 82.800 0.000 0.000 198.000 2.500 0.000
9 12 5 13.000 82.400 0.000 0.000 195.000 2.400 0.000
9 12 6 12.700 83.400 0.000 0.000 201.000 2.700 0.000
9 12 7 12.700 84.400 0.000 0.000 205.000 2.700 0.000
9 12 8 12.900 84.900 0.000 9.000 202.000 2.500 9.000
9 12 9 13.300 83.200 19.316 78.128 155.000 2.300 82.100
9 12 10 14.800 79.500 6.299 105.279 194.000 2.900 107.500
9 12 11 14.900 78.900 19.564 182.521 219.000 3.100 191.900
9 12 12 15.600 81.200 140.071 265.438 208.000 3.000 346.300
9 12 13 17.500 77.600 209.587 287.545 208.000 3.300 421.600
9 12 14 17.700 70.500 5.027 178.372 236.000 3.900 181.700
9 12 15 16.700 70.800 21.198 247.965 237.000 4.400 261.600
9 12 16 20.000 66.900 736.032 128.627 246.000 5.000 558.600
9 12 17 21.000 54.300 853.138 87.173 272.000 4.100 504.400
9 12 18 21.000 47.600 827.554 67.336 259.000 4.500 368.800
9 12 19 20.500 46.800 741.658 47.543 251.000 5.000 209.500
9 12 20 19.600 47.700 1210.643 14.652 243.000 3.900 88.800
9 12 21 17.800 51.500 0.000 4.200 256.000 2.900 4.200
9 12 22 16.100 58.400 0.000 0.000 247.000 2.500 0.000
9 12 23 14.200 65.100 0.000 0.000 213.000 2.000 0.000
9 12 24 13.700 69.800 0.000 0.000 199.000 1.900 0.000
9 13 1 12.800 72.800 0.000 0.000 202.000 1.900 0.000
9 13 2 12.300 75.800 0.000 0.000 185.000 1.600 0.000
9 13 3 13.100 78.800 0.000 0.000 169.000 1.600 0.000
9 13 4 12.100 82.700 0.000 0.000 174.000 1.500 0.000
9 13 5 12.100 85.200 0.000 0.000 177.000 1.700 0.000
9 13 6 11.500 86.200 0.000 0.000 149.000 1.400 0.000
9 13 7 12.200 85.700 0.000 0.000 159.000 2.000 0.000
9 13 8 12.000 84.500 0.000 5.000 167.000 2.100 5.000
9 13 9 12.600 84.000 2.973 41.901 158.000 2.000 42.500
9 13 10 13.300 82.200 5.358 96.834 143.000 2.200 98.700
9 13 11 15.300 76.900 218.244 212.640 141.000 2.400 316.300
9 13 12 17.800 68.700 322.762 236.448 147.000 3.000 421.300
9 13 13 19.700 61.800 298.055 268.082 155.000 3.300 457.300
9 13 14 20.400 56.500 391.773 252.268 173.000 4.000 509.700
9 13 15 21.000 51.300 328.795 261.850 152.000 4.000 471.600
9 13 16 21.000 50.200 21.772 224.101 203.000 3.500 236.700
9 13 17 19.700 55.900 64.069 214.136 146.000 3.900 245.100
9 13 18 18.800 67.100 4.829 94.670 166.000 2.300 96.400
9 13 19 19.900 73.800 96.414 96.837 90.000 1.700 117.300
9 13 20 18.100 75.400 726.207 18.047 101.000 2.300 58.000
9 13 21 16.900 80.000 0.000 2.900 105.000 2.100 2.900
9 13 22 16.900 81.600 0.000 0.000 135.000 2.500 0.000
9 13 23 16.900 78.500 0.000 0.000 154.000 2.200 0.000
9 13 24 16.700 76.400 0.000 0.000 147.000 2.100 0.000
9 14 1 16.100 77.700 0.000 0.000 150.000 2.100 0.000
9 14 2 15.800 80.300 0.000 0.000 154.000 1.200 0.000
9 14 3 14.600 87.600 0.000 0.000 154.000 1.500 0.000
9 14 4 15.100 92.800 0.000 0.000 168.000 2.300 0.000
9 14 5 15.100 91.400 0.000 0.000 141.000 2.800 0.000
9 14 6 14.900 92.300 0.000 0.000 152.000 1.700 0.000
9 14 7 14.600 94.500 0.000 0.000 176.000 2.100 0.000
9 14 8 14.500 95.600 0.000 2.900 163.000 2.400 2.900
9 14 9 14.600 95.700 1.405 28.323 193.000 1.800 28.600
9 14 10 15.300 92.500 6.460 103.678 233.000 2.400 105.900
9 14 11 15.500 87.700 3.846 111.190 247.000 2.500 113.000
9 14 12 15.800 84.700 4.195 140.117 249.000 2.700 142.500
9 14 13 16.000 81.800 94.064 287.237 273.000 3.900 346.500
9 14 14 17.300 75.900 315.869 271.140 281.000 4.100 477.100
9 14 15 18.600 64.400 385.242 244.885 258.000 4.400 488.600
9 14 16 18.800 56.200 357.950 228.559 273.000 4.400 433.700
9 14 17 19.300 54.300 521.947 154.373 264.000 3.900 403.600
9 14 18 19.100 51.300 710.727 81.797 276.000 4.900 332.200
9 14 19 18.700 48.300 791.638 40.751 271.000 4.300 203.900
9 14 20 17.400 52.500 0.000 80.400 298.000 3.200 80.400
9 14 21 15.300 64.900 0.000 1.000 279.000 2.200 1.000
9 14 22 13.400 78.700 0.000 0.000 235.000 1.900 0.000
9 14 23 12.300 86.400 0.000 0.000 213.000 2.000 0.000
9 14 24 11.400 89.500 0.000 0.000 213.000 2.000 0.000
9 15 1 10.800 91.900 0.000 0.000 195.000 2.100 0.000
9 15 2 10.800 92.300 0.000 0.000 182.000 1.900 0.000
9 15 3 11.200 91.900 0.000 0.000 162.000 1.500 0.000
9 15 4 11.700 90.900 0.000 0.000 156.000 2.300 0.000
9 15 5 12.600 85.700 0.000 0.000 159.000 2.800 0.000
9 15 6 13.000 83.200 0.000 0.000 164.000 2.700 0.000
9 15 7 13.400 85.100 0.000 0.000 168.000 2.700 0.000
9 15 8 13.000 89.800 0.000 1.100 168.000 4.200 1.100
9 15 9 13.300 95.500 1.770 31.059 167.000 3.900 31.400
9 15 10 14.300 97.100 7.693 107.888 177.000 3.800 110.500
9 15 11 15.800 96.600 155.119 214.210 183.000 4.200 286.500
9 15 12 19.100 90.000 550.225 174.572 202.000 5.400 484.600
9 15 13 21.700 79.300 211.717 281.241 211.000 5.400 413.600
9 15 14 16.700 83.800 0.721 66.833 270.000 5.000 67.300
9 15 15 16.900 93.900 1.273 85.901 199.000 3.300 86.700
9 15 16 18.900 91.500 142.894 261.308 198.000 3.400 342.400
9 15 17 20.400 85.600 427.473 173.778 215.000 4.400 375.400
9 15 18 21.200 70.500 710.627 80.519 257.000 5.000 326.600
9 15 19 21.500 58.700 964.854 38.115 251.000 3.800 231.000
9 15 20 19.700 62.200 0.000 76.800 214.000 2.600 76.800
9 15 21 17.000 75.900 0.000 0.000 215.000 3.900 0.000
9 15 22 15.800 87.300 0.000 0.000 222.000 2.700 0.000
9 15 23 14.900 90.800 0.000 0.000 248.000 2.700 0.000
9 15 24 15.200 92.200 0.000 0.000 214.000 3.300 0.000
9 16 1 15.500 89.500 0.000 0.000 223.000 3.900 0.000
9 16 2 15.500 81.200 0.000 0.000 243.000 3.600 0.000
9 16 3 16.000 74.400 0.000 0.000 223.000 4.800 0.000
9 16 4 15.800 71.100 0.000 0.000 226.000 5.200 0.000
9 16 5 15.600 67.900 0.000 0.000 243.000 5.500 0.000
9 16 6 15.200 66.800 0.000 0.000 223.000 5.200 0.000
9 16 7 15.100 68.000 0.000 0.000 217.000 4.900 0.000
9 16 8 15.900 68.300 0.000 3.000 223.000 6.100 3.000
9 16 9 15.900 68.100 2.873 38.559 223.000 6.400 39.100
9 16 10 16.100 67.400 16.962 124.916 225.000 7.100 130.600
9 16 11 16.800 64.800 52.125 200.644 235.000 8.100 224.700
9 16 12 16.800 63.500 33.902 230.757 243.000 8.800 249.700
9 16 13 17.700 62.000 82.001 280.737 248.000 10.000 331.600
9 16 14 17.500 60.500 16.396 237.877 250.000 10.100 248.400
9 16 15 18.000 60.300 28.351 250.669 255.000 8.200 268.300
9 16 16 17.500 59.300 3.244 122.177 247.000 7.700 124.000
9 16 17 18.000 56.900 6.119 137.750 249.000 8.400 140.600
9 16 18 18.800 51.400 199.212 154.123 246.000 9.100 221.900
9 16 19 18.200 49.700 362.342 77.011 247.000 5.500 147.200
9 16 20 17.600 52.900 0.000 60.800 258.000 5.000 60.800
9 16 21 13.500 68.100 0.000 0.000 244.000 4.000 0.000
9 16 22 13.200 85.900 0.000 0.000 244.000 6.300 0.000
9 16 23 13.700 81.900 0.000 0.000 246.000 5.600 0.000
9 16 24 13.700 79.700 0.000 0.000 260.000 5.900 0.000
9 17 1 13.500 83.100 0.000 0.000 250.000 5.400 0.000
9 17 2 13.500 85.900 0.000 0.000 249.000 4.700 0.000
9 17 3 13.800 86.200 0.000 0.000 270.000 5.800 0.000
9 17 4 13.800 84.300 0.000 0.000 270.000 5.300 0.000
9 17 5 13.200 84.700 0.000 0.000 257.000 5.300 0.000
9 17 6 12.900 86.900 0.000 0.000 250.000 4.300 0.000
9 17 7 12.600 88.400 0.000 0.000 254.000 4.200 0.000
9 17 8 12.300 89.300 0.000 3.000 242.000 3.600 3.000
9 17 9 13.100 87.400 8.648 60.210 261.000 4.300 61.800
9 17 10 13.900 83.300 146.737 152.376 260.000 6.200 200.900
9 17 11 15.100 79.100 357.897 182.660 273.000 6.100 346.200
9 17 12 16.600 73.800 312.398 231.620 266.000 6.500 404.700
9 17 13 17.200 69.200 204.226 278.234 260.000 6.000 403.900
9 17 14 17.700 65.000 124.027 293.441 261.000 6.100 372.400
9 17 15 17.900 60.900 48.058 265.775 265.000 6.300 295.400
9 17 16 18.000 58.500 43.876 237.297 268.000 6.600 261.700
9 17 17 18.300 56.700 120.705 211.889 263.000 5.400 267.400
9 17 18 18.700 55.000 583.143 98.350 266.000 5.700 293.200
9 17 19 17.900 56.000 870.125 33.064 263.000 5.100 196.200
9 17 20 16.900 60.100 0.000 62.700 255.000 3.800 62.700
9 17 21 15.600 65.500 0.000 0.000 247.000 3.500 0.000
9 17 22 14.600 72.000 0.000 0.000 242.000 3.100 0.000
9 17 23 13.200 78.400 0.000 0.000 243.000 2.900 0.000
9 17 24 13.200 80.900 0.000 0.000 219.000 2.900 0.000
9 18 1 14.000 79.400 0.000 0.000 220.000 2.600 0.000
9 18 2 14.400 77.900 0.000 0.000 215.000 2.800 0.000
9 18 3 14.700 76.700 0.000 0.000 223.000 2.900 0.000
9 18 4 15.400 75.300 0.000 0.000 218.000 3.100 0.000
9 18 5 15.900 74.700 0.000 0.000 214.000 3.600 0.000
9 18 6 15.900 76.700 0.000 0.000 218.000 4.200 0.000
9 18 7 16.000 79.400 0.000 0.000 221.000 4.000 0.000
9 18 8 15.600 83.100 0.000 2.100 227.000 4.100 2.100
9 18 9 15.200 89.300 1.200 23.885 225.000 4.000 24.100
9 18 10 15.500 93.600 2.024 56.240 233.000 3.900 56.900
9 18 11 15.500 95.500 6.312 135.445 234.000 4.300 138.300
9 18 12 16.200 95.500 2.088 96.153 243.000 4.500 97.300
9 18 13 17.500 91.400 4.441 154.989 237.000 4.200 157.700
9 18 14 18.100 86.500 2.662 124.619 246.000 4.600 126.300
9 18 15 18.800 83.300 2.648 120.282 246.000 4.700 121.900
9 18 16 19.200 81.800 5.147 150.267 253.000 4.600 153.100
9 18 17 19.700 80.700 6.326 136.028 238.000 4.400 138.900
9 18 18 19.700 81.000 13.047 116.920 254.000 4.300 121.200
9 18 19 19.900 80.600 340.265 73.829 259.000 4.100 135.500
9 18 20 20.100 78.800 0.000 44.800 238.000 3.200 44.800
9 18 21 20.200 78.000 0.000 0.000 248.000 3.600 0.000
9 18 22 20.000 77.900 0.000 0.000 257.000 3.400 0.000
9 18 23 20.500 75.900 0.000 0.000 266.000 4.300 0.000
9 18 24 20.100 75.100 0.000 0.000 254.000 3.500 0.000
9 19 1 20.200 76.400 0.000 0.000 256.000 4.100 0.000
9 19 2 19.500 78.000 0.000 0.000 256.000 3.500 0.000
9 19 3 18.700 81.600 0.000 0.000 244.000 3.500 0.000
9 19 4 18.900 83.100 0.000 0.000 255.000 3.500 0.000
9 19 5 18.600 83.100 0.000 0.000 258.000 3.200 0.000
9 19 6 18.700 82.900 0.000 0.000 262.000 3.200 0.000
9 19 7 18.500 83.200 0.000 0.000 238.000 2.600 0.000
9 19 8 18.300 84.400 0.000 2.000 212.000 2.700 2.000
9 19 9 18.200 84.700 1.863 28.974 244.000 2.800 29.300
9 19 10 18.600 83.300 5.981 94.376 238.000 3.200 96.300
9 19 11 19.500 79.800 37.330 187.486 249.000 3.400 204.200
9 19 12 20.500 75.400 65.252 242.372 253.000 3.200 277.900
9 19 13 20.400 71.700 13.534 217.307 261.000 4.800 225.500
9 19 14 20.300 70.300 41.836 265.904 253.000 4.000 292.100
9 19 15 21.500 67.500 475.047 210.374 271.000 4.100 498.000
9 19 16 22.800 62.300 813.389 104.140 249.000 3.500 547.200
9 19 17 23.500 59.100 885.557 78.780 262.000 3.700 475.500
9 19 18 24.100 58.200 909.741 57.865 214.000 2.300 350.700
9 19 19 23.500 58.500 942.895 32.604 209.000 2.400 197.600
9 19 20 21.600 65.400 0.000 58.400 183.000 1.800 58.400
9 19 21 19.200 78.100 0.000 0.000 150.000 2.200 0.000
9 19 22 17.700 87.400 0.000 0.000 142.000 2.400 0.000
9 19 23 17.000 91.600 0.000 0.000 147.000 2.400 0.000
9 19 24 16.800 92.800 0.000 0.000 150.000 2.800 0.000
9 20 1 16.500 94.000 0.000 0.000 150.000 2.600 0.000
9 20 2 15.900 95.300 0.000 0.000 148.000 2.300 0.000
9 20 3 15.600 96.300 0.000 0.000 164.000 2.100 0.000
9 20 4 15.700 96.900 0.000 0.000 157.000 2.500 0.000
9 20 5 15.400 96.900 0.000 0.000 190.000 2.100 0.000
9 20 6 14.800 96.800 0.000 0.000 192.000 2.500 0.000
9 20 7 14.400 96.600 0.000 0.000 178.000 2.600 0.000
9 20 8 14.000 96.500 0.000 3.000 187.000 2.300 3.000
9 20 9 14.300 95.300 10.611 58.490 187.000 1.900 60.300
9 20 10 16.400 91.900 161.311 146.031 198.000 1.800 197.200
9 20 11 20.600 78.900 310.746 185.914 205.000 2.800 323.600
9 20 12 23.000 64.000 482.734 185.699 213.000 3.200 446.200
9 20 13 24.300 56.500 369.903 237.457 230.000 3.800 459.500
9 20 14 26.300 53.500 737.307 137.849 211.000 3.600 595.600
9 20 15 27.500 50.200 744.355 131.345 218.000 3.400 577.900
9 20 16 28.300 46.400 778.181 110.317 223.000 3.300 529.700
9 20 17 28.800 43.000 789.657 88.473 206.000 3.600 437.500
9 20 18 29.300 40.100 839.854 57.832 217.000 3.600 323.000
9 20 19 27.700 42.100 942.299 31.416 215.000 2.500 190.400
9 20 20 23.800 53.400 0.000 50.400 193.000 2.100 50.400
9 20 21 22.200 66.000 0.000 0.000 161.000 2.100 0.000
9 20 22 21.000 71.900 0.000 0.000 170.000 2.300 0.000
9 20 23 20.700 75.700 0.000 0.000 182.000 2.600 0.000
9 20 24 20.000 78.500 0.000 0.000 187.000 2.200 0.000
9 21 1 19.100 82.200 0.000 0.000 210.000 2.400 0.000
9 21 2 18.900 82.500 0.000 0.000 213.000 2.200 0.000
9 21 3 17.800 83.500 0.000 0.000 218.000 2.400 0.000
9 21 4 17.500 86.900 0.000 0.000 230.000 1.500 0.000
9 21 5 18.000 87.000 0.000 0.000 199.000 2.200 0.000
9 21 6 17.400 87.000 0.000 0.000 201.000 2.300 0.000
9 21 7 16.500 89.800 0.000 0.000 219.000 2.100 0.000
9 21 8 16.200 91.800 0.000 2.000 186.000 2.400 2.000
9 21 9 17.500 90.400 6.760 50.977 193.000 2.100 52.100
9 21 10 19.400 84.000 32.885 128.918 178.000 1.900 139.200
9 21 11 22.000 74.900 80.212 198.635 175.000 2.800 233.800
9 21 12 24.700 66.200 434.943 196.206 187.000 3.600 428.800
9 21 13 26.300 58.700 619.531 165.366 218.000 4.200 534.100
9 21 14 26.500 54.200 610.199 173.818 257.000 5.900 549.400
9 21 15 25.800 54.500 190.622 271.105 279.000 5.500 384.400
9 21 16 24.300 59.200 101.876 244.888 275.000 4.600 299.200
9 21 17 24.000 62.900 133.008 201.511 261.000 5.300 259.500
9 21 18 23.000 64.400 607.619 87.808 291.000 6.000 275.900
9 21 19 21.200 63.800 241.705 72.038 284.000 6.100 111.300
9 21 20 20.200 58.600 0.000 22.500 281.000 5.400 22.500
9 21 21 19.000 55.000 0.000 0.000 283.000 5.300 0.000
9 21 22 18.000 58.100 0.000 0.000 299.000 5.100 0.000
9 21 23 17.300 63.800 0.000 0.000 296.000 6.400 0.000
9 21 24 16.200 69.100 0.000 0.000 303.000 5.000 0.000
9 22 1 14.700 77.600 0.000 0.000 317.000 5.000 0.000
9 22 2 13.800 85.000 0.000 0.000 311.000 4.800 0.000
9 22 3 13.000 88.100 0.000 0.000 317.000 3.200 0.000
9 22 4 12.700 91.400 0.000 0.000 312.000 1.900 0.000
9 22 5 12.600 94.700 0.000 0.000 288.000 1.600 0.000
9 22 6 12.300 95.900 0.000 0.000 308.000 1.800 0.000
9 22 7 11.900 95.700 0.000 0.000 310.000 1.600 0.000
9 22 8 11.500 95.900 0.000 2.000 308.000 1.600 2.000
9 22 9 11.700 96.000 1.783 26.212 313.000 1.900 26.500
9 22 10 11.900 94.200 5.754 88.927 310.000 2.100 90.700
9 22 11 12.300 89.500 37.459 181.954 337.000 2.100 198.200
9 22 12 13.200 83.000 52.245 231.117 8.000 3.300 258.800
9 22 13 14.200 74.100 190.006 269.386 6.000 3.000 381.500
9 22 14 15.200 62.700 158.133 281.417 359.000 4.000 377.900
9 22 15 14.900 58.400 95.932 269.822 340.000 3.700 326.300
9 22 16 14.800 59.700 43.823 225.494 353.000 3.300 248.600
9 22 17 14.700 59.900 49.356 186.380 348.000 3.400 207.600
9 22 18 14.500 58.200 101.233 139.390 354.000 3.700 170.100
9 22 19 14.300 56.000 234.168 69.635 5.000 3.000 106.200
9 22 20 14.000 57.100 0.000 15.400 357.000 2.700 15.400
9 22 21 13.700 61.500 0.000 0.000 345.000 1.800 0.000
9 22 22 13.600 64.100 0.000 0.000 329.000 2.500 0.000
9 22 23 13.300 62.100 0.000 0.000 353.000 2.500 0.000
9 22 24 12.300 62.700 0.000 0.000 2.000 2.200 0.000
9 23 1 9.900 72.500 0.000 0.000 344.000 1.900 0.000
9 23 2 8.300 85.400 0.000 0.000 323.000 1.900 0.000
9 23 3 7.800 89.900 0.000 0.000 308.000 0.600 0.000
9 23 4 7.200 91.200 0.000 0.000 290.000 1.600 0.000
9 23 5 6.700 93.700 0.000 0.000 292.000 2.000 0.000
9 23 6 6.100 96.000 0.000 0.000 288.000 2.200 0.000
9 23 7 5.900 96.800 0.000 0.000 303.000 1.500 0.000
9 23 8 6.400 96.900 0.000 1.900 299.000 1.800 1.900
9 23 9 6.800 95.200 10.930 54.282 294.000 1.800 56.000
9 23 10 9.500 89.600 188.708 138.725 334.000 2.100 196.000
9 23 11 11.700 80.600 417.204 161.140 313.000 1.900 340.100
9 23 12 13.900 71.400 591.536 153.384 317.000 2.400 463.900
9 23 13 14.900 63.600 693.978 141.995 304.000 1.900 547.900
9 23 14 15.700 56.300 667.648 154.349 335.000 2.100 558.100
9 23 15 16.000 52.600 456.366 208.500 337.000 2.200 474.600
9 23 16 16.300 51.700 302.500 220.875 10.000 2.500 378.600
9 23 17 16.600 52.100 166.210 195.246 338.000 3.500 265.700
9 23 18 16.300 51.500 106.670 136.902 0.000 2.800 168.600
9 23 19 15.600 51.000 264.321 65.490 35.000 2.500 105.100
9 23 20 14.900 53.500 0.000 34.000 40.000 3.000 34.000
9 23 21 13.000 59.200 0.000 0.000 29.000 3.000 0.000
9 23 22 12.200 66.700 0.000 0.000 45.000 3.200 0.000
9 23 23 12.200 70.500 0.000 0.000 44.000 3.200 0.000
9 23 24 11.700 73.500 0.000 0.000 46.000 3.100 0.000
9 24 1 10.900 77.400 0.000 0.000 47.000 3.000 0.000
9 24 2 10.000 82.500 0.000 0.000 48.000 2.700 0.000
9 24 3 10.100 85.600 0.000 0.000 28.000 2.900 0.000
9 24 4 9.300 87.200 0.000 0.000 46.000 3.000 0.000
9 24 5 9.500 87.000 0.000 0.000 65.000 3.100 0.000
9 24 6 9.300 84.800 0.000 0.000 59.000 3.100 0.000
9 24 7 9.100 84.500 0.000 0.000 45.000 3.100 0.000
9 24 8 8.600 84.900 0.000 1.000 55.000 3.300 1.000
9 24 9 9.200 82.700 11.464 53.250 53.000 3.500 55.000
9 24 10 10.400 76.800 204.280 135.741 60.000 5.000 196.800
9 24 11 12.100 69.500 450.592 152.966 67.000 4.900 344.100
9 24 12 14.200 61.500 627.322 143.012 84.000 5.900 469.200
9 24 13 14.600 56.100 737.426 129.411 69.000 6.600 556.900
9 24 14 15.700 50.900 791.570 120.209 66.000 7.200 594.600
9 24 15 16.800 44.200 775.520 119.504 64.000 7.300 567.300
9 24 16 16.900 42.900 859.923 92.399 63.000 7.500 535.700
9 24 17 17.000 45.000 916.325 75.653 59.000 7.600 458.500
9 24 18 16.700 43.000 916.092 52.668 66.000 7.200 319.200
9 24 19 16.000 42.400 1016.126 28.826 73.000 6.800 174.700
9 24 20 14.900 46.600 0.000 36.500 67.000 5.500 36.500
9 24 21 13.700 52.600 0.000 0.000 67.000 4.800 0.000
9 24 22 13.100 57.900 0.000 0.000 67.000 5.200 0.000
9 24 23 12.500 61.000 0.000 0.000 67.000 5.600 0.000
9 24 24 12.100 62.800 0.000 0.000 67.000 5.400 0.000
9 25 1 11.900 63.400 0.000 0.000 72.000 6.000 0.000
9 25 2 11.400 64.100 0.000 0.000 68.000 6.000 0.000
9 25 3 10.900 65.000 0.000 0.000 71.000 6.200 0.000
9 25 4 10.300 66.200 0.000 0.000 77.000 6.000 0.000
9 25 5 9.700 69.200 0.000 0.000 73.000 5.600 0.000
9 25 6 9.400 72.000 0.000 0.000 71.000 5.700 0.000
9 25 7 9.100 73.500 0.000 0.000 71.000 5.000 0.000
9 25 8 8.800 74.700 0.000 0.100 66.000 5.700 0.100
9 25 9 9.000 73.700 9.397 49.608 73.000 5.400 51.000
9 25 10 9.900 69.700 171.233 135.512 76.000 6.000 185.900
9 25 11 11.600 63.400 358.314 168.626 83.000 5.900 318.900
9 25 12 12.800 54.500 389.008 200.271 81.000 7.500 400.600
9 25 13 13.500 48.800 430.454 212.712 71.000 7.800 460.000
9 25 14 14.400 45.900 555.241 184.475 78.000 7.600 514.200
9 25 15 15.900 40.400 507.075 190.998 84.000 7.800 480.900
9 25 16 14.900 39.200 79.011 231.136 78.000 7.200 271.400
9 25 17 14.700 42.600 5.843 119.794 69.000 6.600 122.200
9 25 18 14.900 43.300 8.238 92.454 75.000 7.000 94.800
9 25 19 14.700 44.200 60.214 60.835 81.000 5.400 69.100
9 25 20 14.300 46.600 0.000 10.500 86.000 4.400 10.500
9 25 21 14.000 48.100 0.000 0.000 79.000 4.500 0.000
9 25 22 13.900 49.100 0.000 0.000 80.000 5.300 0.000
9 25 23 13.400 52.300 0.000 0.000 75.000 5.500 0.000
9 25 24 13.200 55.300 0.000 0.000 83.000 5.500 0.000
9 26 1 13.000 56.100 0.000 0.000 78.000 6.000 0.000
9 26 2 12.300 59.400 0.000 0.000 71.000 5.000 0.000
9 26 3 12.500 61.100 0.000 0.000 76.000 5.200 0.000
9 26 4 12.800 59.100 0.000 0.000 89.000 4.900 0.000
9 26 5 12.500 57.900 0.000 0.000 84.000 5.000 0.000
9 26 6 12.000 59.100 0.000 0.000 84.000 4.900 0.000
9 26 7 11.700 61.100 0.000 0.000 84.000 4.600 0.000
9 26 8 11.500 61.700 0.000 0.000 82.000 5.500 0.000
9 26 9 11.200 62.800 0.389 10.944 84.000 5.300 11.000
9 26 10 11.000 64.400 2.758 58.301 72.000 6.500 59.100
9 26 11 10.700 66.700 3.283 90.939 85.000 6.500 92.300
9 26 12 10.500 70.300 4.843 135.430 74.000 7.000 137.900
9 26 13 11.600 69.000 6.397 171.759 81.000 7.000 175.400
9 26 14 13.300 63.600 79.873 267.207 91.000 6.300 314.200
9 26 15 14.600 57.000 118.723 262.004 93.000 7.500 329.200
9 26 16 14.700 52.500 15.041 184.824 90.000 6.200 192.400
9 26 17 15.700 50.000 76.744 183.672 91.000 6.100 214.800
9 26 18 15.700 48.400 17.974 105.294 89.000 6.300 110.300
9 26 19 15.800 49.000 243.559 58.202 96.000 4.000 90.100
9 26 20 15.400 49.700 0.000 18.000 81.000 5.300 18.000
9 26 21 15.300 50.600 0.000 0.000 91.000 5.000 0.000
9 26 22 15.000 51.000 0.000 0.000 84.000 5.400 0.000
9 26 23 14.600 51.100 0.000 0.000 92.000 5.800 0.000
9 26 24 14.100 52.100 0.000 0.000 93.000 5.000 0.000
9 27 1 13.900 53.300 0.000 0.000 83.000 5.000 0.000
9 27 2 13.500 54.100 0.000 0.000 92.000 5.300 0.000
9 27 3 12.600 56.400 0.000 0.000 96.000 4.800 0.000
9 27 4 12.900 57.500 0.000 0.000 92.000 4.800 0.000
9 27 5 11.800 58.400 0.000 0.000 93.000 4.400 0.000
9 27 6 11.300 61.400 0.000 0.000 94.000 4.200 0.000
9 27 7 11.400 63.300 0.000 0.000 85.000 3.900 0.000
9 27 8 11.500 63.100 0.000 0.000 81.000 4.500 0.000
9 27 9 11.000 63.600 4.943 37.313 88.000 4.300 38.000
9 27 10 11.300 64.700 61.915 126.758 92.000 4.400 144.400
9 27 11 12.500 62.600 288.588 176.155 96.000 5.400 294.400
9 27 12 13.800 59.900 516.877 166.625 97.000 5.100 427.600
9 27 13 15.700 58.300 638.854 152.516 78.000 5.300 512.800
9 27 14 16.700 56.200 714.369 136.743 104.000 4.900 553.100
9 27 15 17.900 54.200 756.322 120.975 84.000 4.200 544.700
9 27 16 18.800 53.000 840.383 91.930 72.000 5.000 510.200
9 27 17 19.300 51.900 882.877 70.600 84.000 5.200 423.300
9 27 18 19.200 51.600 904.753 48.675 83.000 4.300 295.000
9 27 19 17.800 52.800 965.103 23.776 82.000 3.400 144.100
9 27 20 16.100 56.000 0.000 23.000 79.000 3.600 23.000
9 27 21 14.400 62.000 0.000 0.000 84.000 2.900 0.000
9 27 22 13.300 68.700 0.000 0.000 75.000 3.100 0.000
9 27 23 12.400 74.000 0.000 0.000 79.000 3.200 0.000
9 27 24 12.000 77.300 0.000 0.000 73.000 2.900 0.000
9 28 1 12.300 75.500 0.000 0.000 85.000 2.900 0.000
9 28 2 12.600 68.400 0.000 0.000 86.000 3.100 0.000
9 28 3 11.700 63.900 0.000 0.000 88.000 3.700 0.000
9 28 4 10.700 65.500 0.000 0.000 88.000 2.700 0.000
9 28 5 10.000 69.500 0.000 0.000 75.000 2.800 0.000
9 28 6 9.300 73.400 0.000 0.000 76.000 2.900 0.000
9 28 7 9.100 75.500 0.000 0.000 67.000 2.700 0.000
9 28 8 9.000 77.200 0.000 0.000 72.000 2.500 0.000
9 28 9 8.500 79.800 8.212 43.696 76.000 2.800 44.800
9 28 10 9.600 77.800 147.910 129.947 79.000 3.200 171.400
9 28 11 11.600 69.900 365.789 161.902 93.000 3.400 310.000
9 28 12 14.600 59.800 551.294 156.745 80.000 3.600 432.300
9 28 13 16.800 51.700 670.407 142.779 88.000 3.500 517.300
9 28 14 18.300 46.300 750.356 126.326 85.000 4.300 559.500
9 28 15 19.000 42.200 777.535 114.975 97.000 3.700 546.100
9 28 16 19.300 40.400 853.879 89.208 80.000 3.200 509.100
9 28 17 19.000 40.100 895.413 69.677 81.000 3.300 421.900
9 28 18 18.500 40.200 922.190 48.477 74.000 3.900 293.800
9 28 19 16.600 42.600 1004.341 23.496 77.000 4.300 142.400
9 28 20 15.000 48.200 0.000 21.100 81.000 3.200 21.100
9 28 21 12.600 58.500 0.000 0.000 60.000 2.600 0.000
9 28 22 11.700 69.900 0.000 0.000 71.000 3.200 0.000
9 28 23 12.500 74.300 0.000 0.000 95.000 3.300 0.000
9 28 24 11.600 76.800 0.000 0.000 94.000 2.900 0.000
9 29 1 10.700 81.400 0.000 0.000 82.000 2.800 0.000
9 29 2 9.900 85.600 0.000 0.000 81.000 3.100 0.000
9 29 3 9.600 88.100 0.000 0.000 84.000 2.300 0.000
9 29 4 8.800 89.900 0.000 0.000 90.000 2.200 0.000
9 29 5 8.700 92.600 0.000 0.000 84.000 2.500 0.000
9 29 6 8.000 94.500 0.000 0.000 77.000 2.600 0.000
9 29 7 7.700 95.700 0.000 0.000 65.000 2.100 0.000
9 29 8 7.200 97.000 0.000 0.000 66.000 1.500 0.000
9 29 9 7.400 98.000 6.828 40.113 83.000 1.800 41.000
9 29 10 9.100 97.000 164.225 127.448 74.000 2.100 172.700
9 29 11 11.600 87.900 403.926 153.434 95.000 2.300 315.000
9 29 12 14.600 73.300 589.088 146.157 106.000 2.900 437.600
9 29 13 15.600 62.600 713.848 130.314 103.000 3.400 525.300
9 29 14 17.100 56.300 399.676 220.395 84.000 3.900 448.900
9 29 15 17.500 53.700 41.551 234.001 104.000 4.300 256.800
9 29 16 16.000 57.000 384.217 190.560 71.000 3.600 377.200
9 29 17 17.200 54.700 857.961 69.971 114.000 3.300 402.200
9 29 18 17.300 47.900 908.639 46.645 107.000 3.100 282.700
9 29 19 15.300 51.400 929.471 20.592 125.000 2.600 124.800
9 29 20 14.500 59.900 0.000 15.500 117.000 2.600 15.500
9 29 21 12.500 69.100 0.000 0.000 106.000 2.000 0.000
9 29 22 11.900 76.100 0.000 0.000 84.000 3.200 0.000
9 29 23 11.100 78.800 0.000 0.000 104.000 2.500 0.000
9 29 24 10.400 82.600 0.000 0.000 77.000 2.600 0.000
9 30 1 9.100 87.500 0.000 0.000 76.000 2.600 0.000
9 30 2 8.500 92.400 0.000 0.000 54.000 3.100 0.000
9 30 3 7.900 94.800 0.000 0.000 65.000 2.500 0.000
9 30 4 8.000 94.800 0.000 0.000 81.000 2.900 0.000
9 30 5 7.600 95.000 0.000 0.000 93.000 3.000 0.000
9 30 6 7.100 95.000 0.000 0.000 93.000 3.000 0.000
9 30 7 6.600 94.600 0.000 0.000 87.000 3.100 0.000
9 30 8 6.100 95.600 0.000 0.000 87.000 3.400 0.000
9 30 9 6.000 97.000 7.005 39.022 102.000 2.900 39.900
9 30 10 7.000 94.900 148.370 125.717 96.000 3.200 165.900
9 30 11 9.300 85.600 384.159 155.126 107.000 3.000 306.900
9 30 12 11.800 71.200 556.901 152.532 122.000 3.800 425.200
9 30 13 13.300 60.900 627.407 151.801 133.000 4.300 495.600
9 30 14 13.000 54.200 387.671 221.423 109.000 4.300 440.900
9 30 15 13.300 50.800 211.960 246.529 80.000 4.600 361.600
9 30 16 12.500 54.100 96.297 220.899 82.000 4.800 267.100
9 30 17 12.400 56.400 152.738 176.792 93.000 4.900 235.000
9 30 18 12.100 55.900 127.483 117.775 77.000 2.900 150.100
9 30 19 11.700 59.000 414.264 40.149 76.000 3.300 84.000
9 30 20 10.600 66.300 0.000 13.000 71.000 3.200 13.000
9 30 21 10.000 74.500 0.000 0.000 72.000 3.100 0.000
9 30 22 10.500 78.200 0.000 0.000 94.000 3.200 0.000
9 30 23 9.100 81.800 0.000 0.000 81.000 3.000 0.000
9 30 24 8.900 86.800 0.000 0.000 82.000 2.400 0.000
10 1 1 8.100 89.200 0.000 0.000 79.000 2.100 0.000
10 1 2 7.300 92.700 0.000 0.000 72.000 2.000 0.000
10 1 3 7.100 97.400 0.000 0.000 73.000 1.800 0.000
10 1 4 6.400 97.600 0.000 0.000 49.000 1.400 0.000
10 1 5 6.100 98.100 0.000 0.000 41.000 1.400 0.000
10 1 6 7.200 97.800 0.000 0.000 64.000 2.200 0.000
10 1 7 7.500 97.400 0.000 0.000 71.000 2.600 0.000
10 1 8 6.900 97.400 0.000 0.000 74.000 2.200 0.000
10 1 9 7.300 97.300 3.086 25.727 76.000 2.200 26.100
10 1 10 9.000 96.600 33.145 110.381 78.000 2.900 119.200
10 1 11 10.100 89.000 247.198 173.554 84.000 3.800 270.000
10 1 12 10.200 82.300 220.638 219.106 66.000 2.900 326.000
10 1 13 10.800 80.800 10.729 187.379 61.000 2.800 193.200
10 1 14 11.400 77.700 5.387 157.080 65.000 2.800 160.100
10 1 15 11.800 74.400 3.509 121.916 68.000 3.000 123.800
10 1 16 11.800 71.900 3.025 99.967 67.000 2.300 101.400
10 1 17 12.000 68.200 5.519 106.331 47.000 2.200 108.400
10 1 18 11.600 65.700 3.644 57.199 27.000 2.100 58.100
10 1 19 11.400 68.200 35.385 41.675 41.000 2.200 45.200
10 1 20 11.200 71.500 0.000 8.100 54.000 2.200 8.100
10 1 21 10.800 73.800 0.000 0.000 55.000 2.100 0.000
10 1 22 10.100 78.200 0.000 0.000 46.000 1.500 0.000
10 1 23 8.100 85.900 0.000 0.000 58.000 1.400 0.000
10 1 24 6.800 93.300 0.000 0.000 34.000 1.700 0.000
10 2 1 6.100 96.500 0.000 0.000 32.000 1.400 0.000
10 2 2 5.500 97.900 0.000 0.000 27.000 1.300 0.000
10 2 3 5.100 98.500 0.000 0.000 106.000 0.700 0.000
10 2 4 4.600 98.500 0.000 0.000 25.000 1.200 0.000
10 2 5 4.400 98.600 0.000 0.000 36.000 1.200 0.000
10 2 6 4.100 99.000 0.000 0.000 23.000 1.400 0.000
10 2 7 4.000 99.100 0.000 0.000 35.000 1.400 0.000
10 2 8 3.700 99.000 0.000 0.000 53.000 1.200 0.000
10 2 9 3.700 99.000 5.977 34.206 17.000 1.300 34.900
10 2 10 6.500 97.800 153.583 121.364 347.000 1.000 161.500
10 2 11 9.900 86.700 417.847 145.739 59.000 1.000 306.700
10 2 12 12.500 69.000 607.282 137.821 54.000 1.700 428.900
10 2 13 14.000 58.200 712.012 127.506 53.000 1.800 510.000
10 2 14 13.900 53.100 622.252 155.501 53.000 1.500 500.800
10 2 15 14.700 49.200 247.212 236.471 174.000 1.000 367.800
10 2 16 15.800 47.300 145.884 217.460 61.000 1.500 285.700
10 2 17 14.300 48.600 314.490 155.610 334.000 2.000 271.600
10 2 18 14.400 51.700 690.908 59.605 2.000 1.500 226.200
10 2 19 13.500 55.600 647.888 25.003 358.000 1.600 85.500
10 2 20 11.500 63.300 0.000 10.300 14.000 1.600 10.300
10 2 21 9.300 75.700 0.000 0.000 344.000 0.700 0.000
10 2 22 7.700 85.500 0.000 0.000 61.000 0.600 0.000
10 2 23 7.000 90.400 0.000 0.000 60.000 0.600 0.000
10 2 24 6.400 93.400 0.000 0.000 180.000 1.000 0.000
10 3 1 5.900 94.900 0.000 0.000 205.000 0.800 0.000
10 3 2 5.400 96.300 0.000 0.000 229.000 0.800 0.000
10 3 3 5.400 96.900 0.000 0.000 192.000 1.300 0.000
10 3 4 4.800 97.000 0.000 0.000 224.000 0.700 0.000
10 3 5 4.400 97.400 0.000 0.000 223.000 0.500 0.000
10 3 6 4.100 98.000 0.000 0.000 292.000 0.900 0.000
10 3 7 3.700 98.300 0.000 0.000 55.000 0.600 0.000
10 3 8 3.300 98.600 0.000 0.000 89.000 0.900 0.000
10 3 9 3.700 98.800 5.740 32.260 153.000 0.800 32.900
10 3 10 5.500 97.300 160.759 119.055 219.000 0.600 160.300
10 3 11 9.200 94.100 452.049 138.007 168.000 0.300 309.900
10 3 12 12.500 78.300 656.037 125.251 161.000 0.800 436.300
10 3 13 13.900 63.500 557.001 166.192 72.000 1.800 462.400
10 3 14 13.900 59.600 174.312 253.953 115.000 1.900 349.700
10 3 15 14.300 58.500 236.140 235.732 136.000 2.400 359.800
10 3 16 15.000 56.900 532.863 149.746 99.000 2.200 395.800
10 3 17 15.800 52.400 775.349 76.091 123.000 2.600 357.300
10 3 18 15.300 50.400 857.345 42.690 130.000 2.500 244.100
10 3 19 13.700 55.800 1083.425 18.662 143.000 2.300 113.100
10 3 20 11.200 67.600 0.000 12.800 136.000 2.300 12.800
10 3 21 9.200 79.700 0.000 0.000 138.000 2.600 0.000
10 3 22 8.600 85.300 0.000 0.000 121.000 2.500 0.000
10 3 23 8.000 87.400 0.000 0.000 129.000 2.600 0.000
10 3 24 7.800 90.200 0.000 0.000 134.000 2.100 0.000
10 4 1 8.300 90.700 0.000 0.000 139.000 2.300 0.000
10 4 2 8.400 88.000 0.000 0.000 136.000 3.100 0.000
10 4 3 8.600 84.600 0.000 0.000 142.000 3.700 0.000
10 4 4 8.300 83.400 0.000 0.000 148.000 3.000 0.000
10 4 5 7.900 83.800 0.000 0.000 145.000 3.500 0.000
10 4 6 8.000 82.600 0.000 0.000 145.000 3.800 0.000
10 4 7 8.000 79.400 0.000 0.000 144.000 4.500 0.000
10 4 8 8.300 75.600 0.000 0.000 147.000 4.700 0.000
10 4 9 8.500 72.300 0.698 10.925 149.000 5.200 11.000
10 4 10 9.000 69.000 1.791 41.049 159.000 5.600 41.500
10 4 11 9.200 68.400 1.138 48.873 149.000 6.100 49.300
10 4 12 7.800 77.900 0.777 50.536 164.000 5.100 50.900
10 4 13 8.500 87.700 1.196 70.270 164.000 5.500 70.900
10 4 14 9.700 85.500 1.065 68.521 169.000 4.600 69.100
10 4 15 9.900 87.700 1.083 66.037 176.000 4.500 66.600
10 4 16 10.700 93.000 1.650 71.348 185.000 3.400 72.100
10 4 17 11.100 94.100 2.688 71.042 169.000 3.800 72.000
10 4 18 12.100 96.000 3.037 48.405 181.000 4.300 49.100
10 4 19 12.500 96.700 78.945 36.907 200.000 4.600 43.300
10 4 20 12.700 95.100 0.000 5.500 223.000 4.700 5.500
10 4 21 11.800 91.800 0.000 0.000 227.000 5.300 0.000
10 4 22 11.500 88.200 0.000 0.000 256.000 4.900 0.000
10 4 23 11.100 80.900 0.000 0.000 250.000 5.900 0.000
10 4 24 10.800 74.400 0.000 0.000 251.000 5.700 0.000
10 5 1 9.500 78.500 0.000 0.000 215.000 5.300 0.000
10 5 2 10.200 82.300 0.000 0.000 222.000 6.300 0.000
10 5 3 10.200 79.800 0.000 0.000 231.000 6.300 0.000
10 5 4 10.200 78.200 0.000 0.000 230.000 7.100 0.000
10 5 5 10.300 77.800 0.000 0.000 234.000 7.100 0.000
10 5 6 10.100 79.000 0.000 0.000 233.000 6.800 0.000
10 5 7 9.900 80.800 0.000 0.000 235.000 6.700 0.000
10 5 8 10.100 81.400 0.000 0.000 225.000 6.400 0.000
10 5 9 10.300 81.100 3.021 21.591 234.000 6.300 21.900
10 5 10 10.800 79.700 18.967 94.615 228.000 6.000 99.300
10 5 11 12.000 76.400 60.567 165.073 255.000 8.000 187.500
10 5 12 12.800 71.800 15.591 171.970 246.000 8.500 179.200
10 5 13 13.300 68.400 10.903 180.820 242.000 8.000 186.500
10 5 14 13.300 67.500 21.335 209.922 248.000 8.600 221.400
10 5 15 13.600 67.400 46.615 222.754 255.000 7.400 246.700
10 5 16 13.000 70.100 54.029 198.201 234.000 6.200 222.500
10 5 17 13.800 70.200 326.124 146.613 238.000 5.400 260.900
10 5 18 13.900 66.900 254.352 98.790 244.000 6.900 155.400
10 5 19 13.200 67.700 792.068 15.238 240.000 6.800 74.500
10 5 20 12.900 70.300 0.000 6.100 255.000 5.600 6.100
10 5 21 12.800 71.300 0.000 0.000 251.000 6.000 0.000
10 5 22 12.200 73.100 0.000 0.000 248.000 5.300 0.000
10 5 23 11.900 78.000 0.000 0.000 252.000 6.000 0.000
10 5 24 11.700 82.100 0.000 0.000 251.000 6.700 0.000
10 6 1 11.500 84.700 0.000 0.000 249.000 6.200 0.000
10 6 2 10.900 88.900 0.000 0.000 249.000 6.100 0.000
10 6 3 10.800 92.700 0.000 0.000 249.000 5.800 0.000
10 6 4 11.200 91.900 0.000 0.000 257.000 6.000 0.000
10 6 5 11.500 88.800 0.000 0.000 259.000 6.500 0.000
10 6 6 11.800 84.600 0.000 0.000 260.000 6.600 0.000
10 6 7 11.600 82.600 0.000 0.000 269.000 7.100 0.000
10 6 8 11.400 84.200 0.000 0.000 272.000 7.000 0.000
10 6 9 11.200 86.000 2.493 18.757 268.000 7.200 19.000
10 6 10 11.500 86.100 6.058 71.833 277.000 7.600 73.300
10 6 11 11.200 86.200 4.231 91.054 275.000 6.500 92.600
10 6 12 12.100 81.900 3.453 103.417 275.000 6.700 105.000
10 6 13 13.000 74.100 2.758 104.078 288.000 7.200 105.500
10 6 14 13.700 69.100 6.555 162.611 293.000 7.200 166.100
10 6 15 14.700 65.300 46.805 220.431 315.000 6.500 244.200
10 6 16 15.400 62.500 188.943 204.461 291.000 7.000 288.300
10 6 17 15.900 60.500 550.410 109.075 305.000 5.800 298.600
10 6 18 15.800 59.000 779.231 45.261 306.000 6.000 213.900
10 6 19 14.700 61.900 1120.859 15.213 304.000 4.800 92.200
10 6 20 13.000 70.300 0.000 5.900 293.000 3.500 5.900
10 6 21 11.700 79.500 0.000 0.000 292.000 3.400 0.000
10 6 22 11.400 84.000 0.000 0.000 290.000 3.400 0.000
10 6 23 11.100 87.900 0.000 0.000 286.000 3.500 0.000
10 6 24 10.800 91.500 0.000 0.000 295.000 3.400 0.000
10 7 1 10.600 92.100 0.000 0.000 297.000 3.200 0.000
10 7 2 10.100 94.400 0.000 0.000 293.000 3.100 0.000
10 7 3 9.700 96.600 0.000 0.000 284.000 3.000 0.000
10 7 4 10.100 98.100 0.000 0.000 297.000 3.200 0.000
10 7 5 10.700 98.800 0.000 0.000 302.000 2.900 0.000
10 7 6 10.900 98.800 0.000 0.000 301.000 2.700 0.000
10 7 7 10.700 98.600 0.000 0.000 297.000 2.800 0.000
10 7 8 10.900 98.600 0.000 0.000 299.000 1.900 0.000
10 7 9 11.000 98.900 0.417 7.361 309.000 1.600 7.400
10 7 10 11.400 99.000 1.859 39.459 280.000 1.500 39.900
10 7 11 12.000 98.800 5.296 100.292 273.000 1.500 102.200
10 7 12 12.700 97.500 3.114 97.189 264.000 1.600 98.600
10 7 13 13.500 95.600 3.056 108.342 258.000 1.700 109.900
10 7 14 13.900 93.600 5.155 144.685 263.000 2.100 147.400
10 7 15 14.200 90.900 2.868 103.360 283.000 2.300 104.800
10 7 16 14.700 88.300 3.145 94.323 285.000 2.400 95.700
10 7 17 14.600 87.400 14.451 123.912 275.000 2.100 128.800
10 7 18 15.100 85.800 10.017 71.794 246.000 1.500 73.900
10 7 19 14.700 86.500 23.114 25.553 177.000 1.800 27.000
10 7 20 14.300 91.400 0.000 0.800 186.000 1.700 0.800
10 7 21 14.000 95.300 0.000 0.000 211.000 1.800 0.000
10 7 22 14.100 96.900 0.000 0.000 220.000 1.800 0.000
10 7 23 14.000 97.400 0.000 0.000 205.000 1.900 0.000
10 7 24 14.100 97.400 0.000 0.000 212.000 1.500 0.000
10 8 1 13.900 98.200 0.000 0.000 205.000 1.800 0.000
10 8 2 14.000 98.900 0.000 0.000 218.000 2.200 0.000
10 8 3 14.000 99.000 0.000 0.000 214.000 2.000 0.000
10 8 4 14.000 99.100 0.000 0.000 218.000 2.000 0.000
10 8 5 14.000 99.100 0.000 0.000 227.000 2.000 0.000
10 8 6 14.000 99.100 0.000 0.000 211.000 2.300 0.000
10 8 7 14.100 98.900 0.000 0.000 220.000 2.100 0.000
10 8 8 14.100 98.700 0.000 0.000 214.000 2.300 0.000
10 8 9 14.200 99.000 0.401 6.865 241.000 2.000 6.900
10 8 10 14.600 99.200 0.947 27.680 266.000 2.000 27.900
10 8 11 14.900 99.200 2.650 70.359 277.000 2.900 71.300
10 8 12 14.800 98.400 4.532 115.570 288.000 3.100 117.600
10 8 13 15.200 94.800 5.915 148.216 278.000 3.000 151.200
10 8 14 15.600 90.300 4.852 138.972 287.000 3.200 141.500
10 8 15 15.500 87.900 2.736 99.842 277.000 2.800 101.200
10 8 16 15.500 87.200 2.298 79.708 255.000 2.600 80.700
10 8 17 15.300 87.800 2.684 66.209 271.000 2.100 67.100
10 8 18 14.400 91.900 4.771 54.026 266.000 2.500 55.000
10 8 19 14.500 95.900 49.780 27.987 252.000 1.500 30.800
10 8 20 13.900 97.000 0.000 1.100 320.000 2.900 1.100
10 8 21 13.700 97.500 0.000 0.000 225.000 1.600 0.000
10 8 22 13.600 97.600 0.000 0.000 275.000 2.500 0.000
10 8 23 13.500 97.600 0.000 0.000 286.000 2.600 0.000
10 8 24 12.900 98.200 0.000 0.000 295.000 2.000 0.000
10 9 1 13.300 98.500 0.000 0.000 277.000 2.100 0.000
10 9 2 13.400 98.600 0.000 0.000 279.000 1.800 0.000
10 9 3 13.400 98.700 0.000 0.000 274.000 2.200 0.000
10 9 4 13.400 98.700 0.000 0.000 282.000 2.600 0.000
10 9 5 13.400 98.500 0.000 0.000 299.000 2.600 0.000
10 9 6 13.500 98.400 0.000 0.000 319.000 2.700 0.000
10 9 7 12.600 97.000 0.000 0.000 323.000 3.400 0.000
10 9 8 12.100 96.500 0.000 0.000 315.000 2.300 0.000
10 9 9 11.800 97.000 4.542 21.620 293.000 2.700 22.000
10 9 10 12.300 96.900 51.547 100.062 273.000 2.900 111.800
10 9 11 12.800 93.500 98.927 162.258 286.000 3.800 196.900
10 9 12 13.300 86.800 56.823 196.543 288.000 4.400 221.700
10 9 13 14.100 78.100 26.851 201.900 297.000 3.800 215.300
10 9 14 14.300 69.200 28.298 210.020 281.000 4.100 224.600
10 9 15 14.900 62.900 10.081 167.758 282.000 4.300 172.700
10 9 16 14.800 60.000 8.827 141.442 300.000 4.800 145.200
10 9 17 14.000 65.900 3.799 77.161 276.000 4.100 78.400
10 9 18 13.900 74.100 12.877 71.149 273.000 5.400 73.700
10 9 19 13.700 76.100 0.000 44.700 267.000 3.900 44.700
10 9 20 13.500 76.800 0.000 0.000 263.000 3.600 0.000
10 9 21 13.400 77.800 0.000 0.000 271.000 3.600 0.000
10 9 22 13.600 79.100 0.000 0.000 270.000 4.100 0.000
10 9 23 13.600 80.000 0.000 0.000 272.000 4.100 0.000
10 9 24 13.400 81.000 0.000 0.000 270.000 4.500 0.000
10 10 1 13.400 82.200 0.000 0.000 271.000 4.700 0.000
10 10 2 13.300 82.800 0.000 0.000 263.000 5.000 0.000
10 10 3 13.400 81.600 0.000 0.000 269.000 5.800 0.000
10 10 4 12.800 83.800 0.000 0.000 269.000 5.300 0.000
10 10 5 12.800 87.600 0.000 0.000 260.000 5.300 0.000
10 10 6 12.500 89.700 0.000 0.000 257.000 5.100 0.000
10 10 7 12.600 92.200 0.000 0.000 279.000 5.100 0.000
10 10 8 12.700 92.500 0.000 0.000 277.000 4.700 0.000
10 10 9 12.400 92.000 3.757 18.603 282.000 4.900 18.900
10 10 10 12.600 91.100 64.812 100.256 286.000 5.100 114.700
10 10 11 13.300 87.400 18.710 132.243 290.000 5.900 138.700
10 10 12 13.700 83.000 2.263 80.210 290.000 5.400 81.200
10 10 13 13.500 82.300 1.948 84.038 291.000 6.600 85.000
10 10 14 14.100 81.700 2.757 102.995 288.000 6.600 104.400
10 10 15 14.100 81.100 2.721 97.282 287.000 6.600 98.600
10 10 16 14.500 82.100 2.256 76.853 286.000 5.700 77.800
10 10 17 14.800 81.700 2.505 61.698 277.000 5.100 62.500
10 10 18 14.600 82.000 4.649 50.207 278.000 4.800 51.100
10 10 19 14.600 82.800 0.000 28.300 273.000 4.900 28.300
10 10 20 14.400 83.800 0.000 0.000 282.000 4.800 0.000
10 10 21 14.100 86.700 0.000 0.000 279.000 4.200 0.000
10 10 22 14.200 87.400 0.000 0.000 278.000 4.800 0.000
10 10 23 14.200 86.600 0.000 0.000 270.000 4.900 0.000
10 10 24 14.300 86.000 0.000 0.000 270.000 4.800 0.000
10 11 1 14.500 85.100 0.000 0.000 269.000 5.000 0.000
10 11 2 14.600 83.600 0.000 0.000 278.000 5.500 0.000
10 11 3 14.400 82.800 0.000 0.000 278.000 5.400 0.000
10 11 4 14.400 81.700 0.000 0.000 288.000 5.500 0.000
10 11 5 14.500 80.300 0.000 0.000 286.000 6.000 0.000
10 11 6 14.300 80.600 0.000 0.000 290.000 6.400 0.000
10 11 7 14.300 81.200 0.000 0.000 291.000 5.700 0.000
10 11 8 14.100 82.100 0.000 0.000 289.000 6.100 0.000
10 11 9 13.900 82.800 2.327 13.827 283.000 6.200 14.000
10 11 10 14.000 82.900 7.650 69.932 287.000 6.200 71.600
10 11 11 14.000 83.700 4.952 91.716 288.000 5.700 93.400
10 11 12 14.400 83.300 5.036 117.524 286.000 5.500 119.700
10 11 13 15.000 79.700 5.550 139.192 291.000 5.700 141.900
10 11 14 15.600 75.900 16.903 189.983 291.000 6.400 198.500
10 11 15 16.200 73.100 52.441 210.904 296.000 5.900 236.000
10 11 16 16.400 70.400 195.605 190.755 288.000 6.100 271.700
10 11 17 16.500 67.700 285.965 136.691 294.000 6.600 226.500
10 11 18 15.900 67.400 235.647 83.957 294.000 6.200 127.800
10 11 19 15.500 69.400 0.000 48.100 292.000 4.700 48.100
10 11 20 15.100 72.000 0.000 0.000 272.000 3.400 0.000
10 11 21 15.000 72.900 0.000 0.000 281.000 3.900 0.000
10 11 22 14.800 70.700 0.000 0.000 298.000 3.400 0.000
10 11 23 14.100 72.400 0.000 0.000 275.000 3.200 0.000
10 11 24 13.100 75.900 0.000 0.000 274.000 3.400 0.000
10 12 1 13.500 76.300 0.000 0.000 280.000 3.400 0.000
10 12 2 13.700 75.800 0.000 0.000 286.000 3.300 0.000
10 12 3 13.500 76.100 0.000 0.000 276.000 3.400 0.000
10 12 4 13.400 76.800 0.000 0.000 295.000 4.900 0.000
10 12 5 12.900 76.500 0.000 0.000 290.000 5.900 0.000
10 12 6 12.800 77.500 0.000 0.000 301.000 4.500 0.000
10 12 7 12.600 78.900 0.000 0.000 305.000 5.500 0.000
10 12 8 12.300 79.300 0.000 0.000 301.000 4.900 0.000
10 12 9 12.400 78.300 0.503 6.065 287.000 4.600 6.100
10 12 10 12.600 77.600 2.334 39.703 279.000 4.600 40.200
10 12 11 12.800 77.600 3.404 75.160 287.000 5.700 76.300
10 12 12 13.200 78.200 3.917 102.628 278.000 5.200 104.300
10 12 13 12.900 81.900 3.535 110.294 276.000 5.300 112.000
10 12 14 12.500 90.300 1.752 80.527 281.000 4.000 81.400
10 12 15 12.900 95.800 1.459 69.810 284.000 4.400 70.500
10 12 16 13.000 96.200 3.403 91.512 266.000 4.200 92.900
10 12 17 13.200 95.600 3.330 68.374 264.000 4.000 69.400
10 12 18 13.300 95.200 6.422 54.743 270.000 3.500 55.900
10 12 19 13.400 96.400 0.000 15.100 275.000 3.300 15.100
10 12 20 13.500 97.400 0.000 0.000 278.000 3.400 0.000
10 12 21 13.400 97.100 0.000 0.000 289.000 3.200 0.000
10 12 22 13.300 96.600 0.000 0.000 298.000 2.500 0.000
10 12 23 13.000 97.000 0.000 0.000 300.000 2.300 0.000
10 12 24 13.100 97.500 0.000 0.000 304.000 2.000 0.000
10 13 1 12.900 97.300 0.000 0.000 334.000 2.100 0.000
10 13 2 13.000 96.300 0.000 0.000 305.000 1.700 0.000
10 13 3 12.700 95.900 0.000 0.000 293.000 1.800 0.000
10 13 4 12.500 96.900 0.000 0.000 292.000 1.700 0.000
10 13 5 12.100 97.900 0.000 0.000 302.000 2.000 0.000
10 13 6 11.100 98.900 0.000 0.000 316.000 2.400 0.000
10 13 7 11.300 99.600 0.000 0.000 329.000 2.100 0.000
10 13 8 11.200 99.600 0.000 0.000 346.000 2.400 0.000
10 13 9 11.200 99.500 0.919 7.640 354.000 2.500 7.700
10 13 10 11.300 99.600 9.905 71.137 355.000 1.700 73.200
10 13 11 11.100 96.400 127.609 154.402 329.000 2.100 196.500
10 13 12 12.200 88.200 341.310 174.913 334.000 2.000 318.800
10 13 13 13.200 76.600 462.709 172.372 318.000 2.400 393.100
10 13 14 13.900 68.100 517.701 165.033 318.000 3.000 420.000
10 13 15 14.400 61.700 560.832 146.650 330.000 2.600 408.500
10 13 16 14.900 57.200 671.539 104.567 328.000 2.600 374.500
10 13 17 14.700 54.200 746.414 68.100 333.000 2.900 293.600
10 13 18 14.500 49.400 790.884 35.975 323.000 2.500 173.700
10 13 19 13.400 53.500 0.000 46.400 317.000 2.500 46.400
10 13 20 10.900 69.900 0.000 0.000 295.000 2.500 0.000
10 13 21 9.800 84.400 0.000 0.000 291.000 2.500 0.000
10 13 22 9.100 88.300 0.000 0.000 331.000 1.600 0.000
10 13 23 8.400 90.300 0.000 0.000 327.000 2.300 0.000
10 13 24 7.800 94.400 0.000 0.000 298.000 1.600 0.000
10 14 1 7.200 97.300 0.000 0.000 287.000 2.100 0.000
10 14 2 6.600 98.600 0.000 0.000 269.000 2.100 0.000
10 14 3 6.300 97.500 0.000 0.000 250.000 2.000 0.000
10 14 4 6.000 96.800 0.000 0.000 257.000 2.300 0.000
10 14 5 6.800 97.000 0.000 0.000 252.000 2.700 0.000
10 14 6 6.900 96.400 0.000 0.000 259.000 2.800 0.000
10 14 7 8.100 96.100 0.000 0.000 292.000 2.300 0.000
10 14 8 8.600 95.300 0.000 0.000 265.000 2.100 0.000
10 14 9 9.400 94.500 0.353 4.579 275.000 2.200 4.600
10 14 10 9.400 95.600 4.652 53.254 283.000 3.100 54.200
10 14 11 10.000 97.200 6.195 97.488 279.000 3.200 99.500
10 14 12 10.600 97.100 5.319 116.386 279.000 3.500 118.600
10 14 13 11.300 96.500 2.638 93.356 279.000 4.200 94.600
10 14 14 11.600 96.300 1.695 77.475 286.000 3.600 78.300
10 14 15 12.300 95.400 2.269 84.754 287.000 4.100 85.800
10 14 16 12.700 94.800 4.380 100.665 278.000 3.300 102.400
10 14 17 12.800 95.300 3.577 68.141 289.000 3.200 69.200
10 14 18 12.800 95.800 7.735 54.199 290.000 3.000 55.500
10 14 19 12.700 96.900 0.000 26.400 314.000 2.800 26.400
10 14 20 12.500 97.800 0.000 0.000 342.000 2.000 0.000
10 14 21 12.000 97.700 0.000 0.000 26.000 2.500 0.000
10 14 22 11.800 97.000 0.000 0.000 337.000 1.700 0.000
10 14 23 11.600 97.500 0.000 0.000 1.000 1.900 0.000
10 14 24 10.600 98.800 0.000 0.000 358.000 1.600 0.000
10 15 1 10.700 99.200 0.000 0.000 334.000 1.000 0.000
10 15 2 9.200 99.100 0.000 0.000 326.000 1.200 0.000
10 15 3 9.200 99.000 0.000 0.000 307.000 1.200 0.000
10 15 4 9.600 98.700 0.000 0.000 295.000 0.800 0.000
10 15 5 10.100 98.700 0.000 0.000 291.000 1.100 0.000
10 15 6 10.300 98.800 0.000 0.000 212.000 2.000 0.000
10 15 7 10.600 98.700 0.000 0.000 298.000 2.100 0.000
10 15 8 10.700 98.900 0.000 0.000 238.000 1.400 0.000
10 15 9 10.900 99.100 0.452 4.975 245.000 1.800 5.000
10 15 10 11.400 99.100 3.860 47.434 274.000 1.900 48.200
10 15 11 11.800 98.300 10.183 109.944 286.000 2.500 113.200
10 15 12 12.200 96.500 6.889 128.069 288.000 2.400 130.900
10 15 13 12.600 93.900 6.898 145.286 315.000 2.300 148.500
10 15 14 13.200 88.900 46.354 209.597 314.000 3.000 231.900
10 15 15 13.800 82.800 304.744 195.653 302.000 3.300 334.400
10 15 16 14.500 74.900 355.949 159.810 305.000 3.100 298.700
10 15 17 14.200 70.600 427.352 109.842 292.000 2.800 233.900
10 15 18 13.300 74.500 760.442 35.712 291.000 3.900 159.200
10 15 19 12.200 82.400 0.000 48.200 296.000 2.900 48.200
10 15 20 10.900 90.600 0.000 0.000 291.000 2.400 0.000
10 15 21 11.900 90.700 0.000 0.000 269.000 2.900 0.000
10 15 22 12.200 86.500 0.000 0.000 286.000 2.700 0.000
10 15 23 12.200 86.600 0.000 0.000 270.000 2.700 0.000
10 15 24 12.200 87.300 0.000 0.000 250.000 3.200 0.000
10 16 1 11.900 88.800 0.000 0.000 276.000 3.700 0.000
10 16 2 11.500 91.900 0.000 0.000 266.000 3.600 0.000
10 16 3 11.400 96.000 0.000 0.000 247.000 3.300 0.000
10 16 4 11.400 98.300 0.000 0.000 250.000 3.000 0.000
10 16 5 11.400 98.100 0.000 0.000 260.000 2.900 0.000
10 16 6 11.300 97.500 0.000 0.000 259.000 2.900 0.000
10 16 7 10.900 96.400 0.000 0.000 251.000 2.800 0.000
10 16 8 10.800 96.300 0.000 0.000 253.000 3.000 0.000
10 16 9 10.800 96.500 0.000 6.100 260.000 3.300 6.100
10 16 10 10.600 96.400 3.078 41.404 251.000 3.200 42.000
10 16 11 10.800 96.800 4.643 82.339 266.000 3.800 83.800
10 16 12 11.300 95.800 3.804 96.257 268.000 4.000 97.800
10 16 13 11.500 94.100 2.288 85.046 267.000 3.700 86.100
10 16 14 12.100 92.300 2.826 97.456 250.000 3.500 98.800
10 16 15 12.800 90.500 3.702 105.236 249.000 3.000 106.900
10 16 16 12.900 87.900 3.791 91.043 269.000 3.500 92.500
10 16 17 13.100 83.000 6.476 86.858 287.000 4.200 88.700
10 16 18 13.100 80.500 81.235 71.980 263.000 3.700 84.700
10 16 19 12.400 82.900 0.000 26.600 262.000 2.700 26.600
10 16 20 12.100 86.500 0.000 0.000 261.000 2.800 0.000
10 16 21 11.600 89.900 0.000 0.000 257.000 2.500 0.000
10 16 22 11.200 93.500 0.000 0.000 245.000 2.500 0.000
10 16 23 11.600 95.200 0.000 0.000 240.000 2.900 0.000
10 16 24 12.100 95.400 0.000 0.000 258.000 3.300 0.000
10 17 1 12.300 95.100 0.000 0.000 285.000 3.000 0.000
10 17 2 12.200 94.400 0.000 0.000 265.000 2.700 0.000
10 17 3 12.000 94.000 0.000 0.000 280.000 3.500 0.000
10 17 4 11.500 91.500 0.000 0.000 275.000 3.300 0.000
10 17 5 11.300 90.500 0.000 0.000 280.000 3.400 0.000
10 17 6 11.200 91.600 0.000 0.000 282.000 3.400 0.000
10 17 7 11.200 91.300 0.000 0.000 279.000 3.300 0.000
10 17 8 10.900 90.600 0.000 0.000 282.000 3.200 0.000
10 17 9 10.800 90.300 0.000 7.100 281.000 3.500 7.100
10 17 10 10.900 89.800 16.370 71.010 287.000 4.300 74.100
10 17 11 11.500 86.900 80.272 142.252 291.000 4.500 167.100
10 17 12 12.000 81.600 38.462 170.701 292.000 4.500 186.100
10 17 13 12.500 74.900 5.630 130.938 298.000 4.800 133.500
10 17 14 12.500 70.700 30.178 194.021 271.000 5.800 208.200
10 17 15 12.800 64.800 181.737 206.452 283.000 6.100 287.100
10 17 16 12.400 60.400 47.358 165.473 295.000 5.800 183.400
10 17 17 12.300 62.600 35.532 117.600 289.000 5.800 127.500
10 17 18 12.000 63.200 299.801 65.183 302.000 5.100 110.400
10 17 19 11.500 63.100 0.000 30.000 302.000 4.400 30.000
10 17 20 11.300 63.700 0.000 0.000 298.000 4.100 0.000
10 17 21 10.900 65.300 0.000 0.000 281.000 2.800 0.000
10 17 22 10.600 69.700 0.000 0.000 260.000 3.100 0.000
10 17 23 10.600 71.600 0.000 0.000 290.000 4.800 0.000
10 17 24 10.100 71.500 0.000 0.000 300.000 4.700 0.000
10 18 1 9.800 72.900 0.000 0.000 304.000 5.800 0.000
10 18 2 8.800 75.800 0.000 0.000 298.000 4.700 0.000
10 18 3 7.900 79.400 0.000 0.000 296.000 4.900 0.000
10 18 4 7.300 82.300 0.000 0.000 310.000 4.200 0.000
10 18 5 6.900 85.000 0.000 0.000 310.000 3.600 0.000
10 18 6 6.000 87.900 0.000 0.000 311.000 3.900 0.000
10 18 7 5.600 89.700 0.000 0.000 303.000 4.000 0.000
10 18 8 5.000 90.200 0.000 0.000 316.000 3.600 0.000
10 18 9 4.200 91.800 0.000 10.000 316.000 3.400 10.000
10 18 10 5.000 91.400 42.157 79.347 327.000 3.200 87.100
10 18 11 6.800 82.100 270.797 134.754 324.000 3.700 217.200
10 18 12 8.300 71.900 464.023 143.178 339.000 4.500 326.500
10 18 13 9.100 64.600 579.953 137.771 349.000 4.000 398.500
10 18 14 10.000 57.800 658.665 124.430 325.000 3.500 430.200
10 18 15 10.700 52.200 711.170 106.484 342.000 3.600 418.000
10 18 16 10.900 48.700 767.511 81.199 338.000 3.400 367.300
10 18 17 10.600 48.400 841.027 51.819 338.000 2.900 281.300
10 18 18 10.400 49.000 936.756 26.862 353.000 2.000 162.800
10 18 19 8.900 53.400 0.000 40.000 338.000 1.800 40.000
10 18 20 6.400 66.000 0.000 0.000 357.000 1.900 0.000
10 18 21 5.000 79.500 0.000 0.000 330.000 1.300 0.000
10 18 22 4.100 86.000 0.000 0.000 317.000 1.000 0.000
10 18 23 3.300 90.700 0.000 0.000 331.000 0.900 0.000
10 18 24 2.800 93.300 0.000 0.000 96.000 0.900 0.000
10 19 1 2.400 95.000 0.000 0.000 149.000 0.900 0.000
10 19 2 2.000 96.200 0.000 0.000 156.000 1.200 0.000
10 19 3 1.500 97.200 0.000 0.000 136.000 1.100 0.000
10 19 4 1.200 98.100 0.000 0.000 149.000 0.900 0.000
10 19 5 0.700 98.100 0.000 0.000 109.000 1.200 0.000
10 19 6 0.700 98.300 0.000 0.000 113.000 1.500 0.000
10 19 7 0.600 98.500 0.000 0.000 115.000 1.400 0.000
10 19 8 0.700 98.400 0.000 0.000 120.000 1.800 0.000
10 19 9 0.600 98.000 0.000 5.000 120.000 2.100 5.000
10 19 10 1.800 97.700 11.276 62.981 110.000 2.000 65.000
10 19 11 4.300 96.500 214.619 137.450 118.000 2.500 201.700
10 19 12 7.300 85.400 383.593 155.583 134.000 2.500 305.100
10 19 13 9.200 70.500 546.433 143.528 107.000 4.500 386.200
10 19 14 10.400 60.000 649.126 125.199 136.000 3.900 422.900
10 19 15 10.800 54.800 760.885 95.546 152.000 4.000 424.500
10 19 16 11.500 51.800 828.972 71.249 139.000 4.400 375.500
10 19 17 11.300 50.300 886.899 47.981 126.000 5.100 284.900
10 19 18 10.500 52.700 987.905 27.225 140.000 4.500 165.000
10 19 19 9.100 58.800 0.000 36.100 129.000 3.600 36.100
10 19 20 7.000 69.700 0.000 0.000 117.000 3.800 0.000
10 19 21 7.400 74.200 0.000 0.000 124.000 4.200 0.000
10 19 22 6.300 76.100 0.000 0.000 123.000 3.400 0.000
10 19 23 5.700 81.900 0.000 0.000 123.000 3.300 0.000
10 19 24 5.500 84.800 0.000 0.000 121.000 2.800 0.000
10 20 1 4.800 88.100 0.000 0.000 120.000 2.800 0.000
10 20 2 4.700 91.900 0.000 0.000 121.000 2.700 0.000
10 20 3 4.500 93.200 0.000 0.000 118.000 2.800 0.000
10 20 4 4.400 92.400 0.000 0.000 118.000 2.600 0.000
10 20 5 3.800 92.400 0.000 0.000 120.000 2.500 0.000
10 20 6 3.800 93.000 0.000 0.000 123.000 3.000 0.000
10 20 7 3.800 92.500 0.000 0.000 120.000 3.000 0.000
10 20 8 3.500 92.200 0.000 0.000 118.000 3.000 0.000
10 20 9 3.500 92.100 0.000 7.000 131.000 2.900 7.000
10 20 10 4.300 90.600 27.521 71.107 121.000 3.100 75.900
10 20 11 6.500 83.500 213.000 135.316 123.000 4.200 198.000
10 20 12 8.600 75.000 357.451 157.860 133.000 4.400 295.300
10 20 13 10.300 67.200 477.361 156.507 115.000 4.300 365.900
10 20 14 12.000 61.100 612.079 132.009 120.000 4.700 409.300
10 20 15 13.400 59.300 609.907 124.778 124.000 4.500 385.000
10 20 16 13.000 59.300 436.396 135.822 127.000 4.900 293.500
10 20 17 13.700 58.500 217.492 119.936 123.000 5.300 176.800
10 20 18 13.600 57.500 284.576 58.705 125.000 5.300 96.800
10 20 19 13.100 59.100 0.000 21.100 126.000 4.500 21.100
10 20 20 12.600 61.700 0.000 0.000 124.000 4.900 0.000
10 20 21 12.200 64.500 0.000 0.000 132.000 3.700 0.000
10 20 22 12.400 65.900 0.000 0.000 133.000 4.000 0.000
10 20 23 12.300 66.200 0.000 0.000 141.000 4.200 0.000
10 20 24 12.100 67.200 0.000 0.000 155.000 3.800 0.000
10 21 1 11.700 70.300 0.000 0.000 157.000 3.400 0.000
10 21 2 10.800 78.700 0.000 0.000 150.000 3.400 0.000
10 21 3 10.200 88.000 0.000 0.000 145.000 3.200 0.000
10 21 4 9.800 91.500 0.000 0.000 143.000 3.400 0.000
10 21 5 9.600 90.800 0.000 0.000 131.000 3.300 0.000
10 21 6 9.200 91.000 0.000 0.000 130.000 3.300 0.000
10 21 7 9.400 88.400 0.000 0.000 133.000 3.600 0.000
10 21 8 9.300 83.500 0.000 0.000 143.000 3.400 0.000
10 21 9 9.300 82.400 0.000 2.900 137.000 3.700 2.900
10 21 10 9.800 80.900 10.037 58.201 146.000 3.700 59.900
10 21 11 11.300 75.500 214.040 132.996 174.000 3.600 194.900
10 21 12 12.300 72.100 120.173 178.127 167.000 3.500 223.700
10 21 13 13.600 71.800 257.355 194.011 172.000 3.900 305.500
10 21 14 15.600 69.400 336.343 187.698 202.000 4.600 338.200
10 21 15 17.000 65.000 477.660 150.297 207.000 5.000 351.400
10 21 16 16.700 64.000 38.201 151.814 206.000 4.500 165.400
10 21 17 16.600 65.200 7.188 80.961 192.000 4.100 82.800
10 21 18 16.300 66.500 13.651 46.848 190.000 3.700 48.600
10 21 19 16.300 66.100 0.000 16.000 222.000 4.200 16.000
10 21 20 15.700 65.300 0.000 0.000 203.000 3.600 0.000
10 21 21 15.200 67.800 0.000 0.000 202.000 2.800 0.000
10 21 22 14.400 71.700 0.000 0.000 201.000 2.500 0.000
10 21 23 13.600 76.700 0.000 0.000 175.000 2.300 0.000
10 21 24 14.000 77.400 0.000 0.000 199.000 2.500 0.000
10 22 1 12.100 78.900 0.000 0.000 173.000 2.500 0.000
10 22 2 10.900 84.900 0.000 0.000 186.000 2.600 0.000
10 22 3 10.600 86.800 0.000 0.000 174.000 2.400 0.000
10 22 4 9.900 88.300 0.000 0.000 171.000 2.500 0.000
10 22 5 9.400 90.800 0.000 0.000 164.000 2.400 0.000
10 22 6 9.500 92.400 0.000 0.000 163.000 2.200 0.000
10 22 7 9.100 94.400 0.000 0.000 152.000 2.100 0.000
10 22 8 9.100 95.600 0.000 0.000 164.000 2.700 0.000
10 22 9 9.900 96.400 0.000 2.000 178.000 1.900 2.000
10 22 10 10.900 95.100 5.814 48.144 168.000 2.300 49.100
10 22 11 12.400 90.000 69.528 129.444 171.000 2.900 149.200
10 22 12 12.900 85.600 31.497 155.721 180.000 2.700 167.500
10 22 13 13.200 88.300 11.111 150.247 175.000 2.800 155.000
10 22 14 14.100 90.300 25.920 179.045 195.000 2.600 190.500
10 22 15 15.000 86.800 56.716 185.640 183.000 2.300 209.200
10 22 16 15.600 84.100 21.779 138.177 180.000 2.500 145.800
10 22 17 15.600 82.300 34.173 105.348 205.000 2.500 113.900
10 22 18 15.300 81.900 174.510 57.462 210.000 2.200 78.900
10 22 19 14.400 85.600 0.000 9.600 178.000 2.000 9.600
10 22 20 12.500 92.000 0.000 0.000 161.000 1.800 0.000
10 22 21 11.800 95.600 0.000 0.000 169.000 1.600 0.000
10 22 22 12.100 96.600 0.000 0.000 161.000 2.200 0.000
10 22 23 11.900 96.900 0.000 0.000 165.000 2.100 0.000
10 22 24 12.000 97.100 0.000 0.000 166.000 2.300 0.000
10 23 1 12.100 97.700 0.000 0.000 175.000 1.800 0.000
10 23 2 12.000 98.300 0.000 0.000 140.000 1.800 0.000
10 23 3 11.600 98.100 0.000 0.000 142.000 2.500 0.000
10 23 4 10.700 97.800 0.000 0.000 141.000 2.900 0.000
10 23 5 10.200 97.800 0.000 0.000 132.000 3.300 0.000
10 23 6 10.200 97.500 0.000 0.000 120.000 3.000 0.000
10 23 7 10.500 97.600 0.000 0.000 117.000 3.600 0.000
10 23 8 10.800 97.700 0.000 0.000 141.000 3.300 0.000
10 23 9 11.200 97.200 0.000 1.900 136.000 3.600 1.900
10 23 10 11.700 96.800 3.064 34.111 133.000 4.300 34.600
10 23 11 13.100 95.500 21.493 110.001 148.000 4.300 116.000
10 23 12 14.000 91.400 6.620 113.759 139.000 4.100 116.200
10 23 13 15.100 86.300 5.867 124.222 153.000 4.300 126.700
10 23 14 15.200 86.400 3.261 96.177 160.000 3.600 97.600
10 23 15 14.800 91.900 3.599 94.825 179.000 4.300 96.300
10 23 16 14.300 96.300 1.945 58.830 151.000 4.900 59.500
10 23 17 14.300 97.100 4.279 61.653 185.000 4.200 62.700
10 23 18 14.200 96.500 27.400 47.982 170.000 3.700 51.200
10 23 19 13.900 96.000 0.000 3.800 164.000 4.600 3.800
10 23 20 13.600 93.200 0.000 0.000 172.000 4.600 0.000
10 23 21 13.400 87.600 0.000 0.000 178.000 4.500 0.000
10 23 22 13.200 83.600 0.000 0.000 187.000 4.100 0.000
10 23 23 12.800 78.700 0.000 0.000 184.000 4.700 0.000
10 23 24 12.900 73.100 0.000 0.000 191.000 5.000 0.000
10 24 1 12.700 70.700 0.000 0.000 195.000 5.000 0.000
10 24 2 12.700 71.300 0.000 0.000 205.000 4.800 0.000
10 24 3 12.300 74.200 0.000 0.000 212.000 5.300 0.000
10 24 4 12.000 77.900 0.000 0.000 215.000 5.300 0.000
10 24 5 12.000 80.000 0.000 0.000 225.000 5.400 0.000
10 24 6 12.200 79.600 0.000 0.000 235.000 4.900 0.000
10 24 7 12.400 77.300 0.000 0.000 224.000 5.400 0.000
10 24 8 12.200 73.500 0.000 0.000 244.000 6.300 0.000
10 24 9 12.000 71.300 0.000 1.000 236.000 6.200 1.000
10 24 10 11.800 70.400 2.891 32.153 244.000 6.300 32.600
10 24 11 11.800 68.300 7.265 87.109 256.000 7.400 89.100
10 24 12 11.500 67.900 4.659 95.507 245.000 7.600 97.200
10 24 13 12.100 67.600 6.845 130.146 252.000 7.300 133.000
10 24 14 11.300 67.200 3.460 97.809 254.000 8.100 99.300
10 24 15 11.600 65.500 6.539 124.256 254.000 7.400 126.900
10 24 16 11.800 61.400 23.547 135.519 251.000 8.100 143.500
10 24 17 11.800 57.200 9.293 80.977 261.000 8.800 83.200
10 24 18 11.500 55.900 176.071 52.465 253.000 8.600 72.200
10 24 19 10.700 58.900 0.000 22.000 244.000 7.200 22.000
10 24 20 10.100 62.700 0.000 0.000 231.000 5.400 0.000
10 24 21 10.100 63.400 0.000 0.000 228.000 5.300 0.000
10 24 22 9.300 63.100 0.000 0.000 217.000 5.600 0.000
10 24 23 8.800 65.400 0.000 0.000 216.000 4.800 0.000
10 24 24 8.200 68.200 0.000 0.000 218.000 4.400 0.000
10 25 1 7.900 71.500 0.000 0.000 221.000 4.600 0.000
10 25 2 8.000 74.300 0.000 0.000 213.000 4.300 0.000
10 25 3 7.600 76.900 0.000 0.000 208.000 3.900 0.000
10 25 4 7.300 78.800 0.000 0.000 195.000 3.700 0.000
10 25 5 6.800 80.700 0.000 0.000 201.000 3.400 0.000
10 25 6 6.700 82.900 0.000 0.000 191.000 3.700 0.000
10 25 7 6.400 83.700 0.000 0.000 191.000 4.800 0.000
10 25 8 6.600 83.700 0.000 0.000 185.000 5.000 0.000
10 25 9 6.900 82.900 0.000 2.000 189.000 4.400 2.000
10 25 10 8.000 80.000 4.892 40.366 203.000 4.500 41.100
10 25 11 8.900 76.000 77.038 123.775 213.000 5.200 144.500
10 25 12 10.500 72.800 340.746 150.112 215.000 5.000 272.200
10 25 13 12.000 67.400 410.771 160.199 213.000 5.700 329.300
10 25 14 12.600 62.700 242.023 193.021 228.000 5.800 296.000
10 25 15 12.900 59.900 72.462 182.600 225.000 6.000 211.500
10 25 16 12.200 59.900 2.421 63.493 224.000 5.300 64.300
10 25 17 12.200 62.400 5.734 68.059 219.000 5.600 69.400
10 25 18 11.600 66.200 276.106 47.311 213.000 6.400 76.800
10 25 19 11.100 72.500 0.000 13.700 204.000 5.800 13.700
10 25 20 11.100 76.700 0.000 0.000 213.000 5.300 0.000
10 25 21 10.200 83.400 0.000 0.000 225.000 5.500 0.000
10 25 22 10.100 91.500 0.000 0.000 232.000 5.800 0.000
10 25 23 10.100 93.600 0.000 0.000 245.000 5.300 0.000
10 25 24 10.000 92.400 0.000 0.000 248.000 5.400 0.000
10 26 1 10.100 90.200 0.000 0.000 241.000 5.500 0.000
10 26 2 10.100 86.200 0.000 0.000 249.000 5.400 0.000
10 26 3 9.700 81.600 0.000 0.000 257.000 6.000 0.000
10 26 3 8.700 80.300 0.000 0.000 245.000 5.400 0.000
10 26 4 7.900 81.800 0.000 0.000 236.000 4.500 0.000
10 26 5 7.100 83.500 0.000 0.000 233.000 5.600 0.000
10 26 6 6.800 85.500 0.000 0.000 222.000 4.500 0.000
10 26 7 6.300 86.200 0.000 0.000 219.000 4.500 0.000
10 26 8 5.900 85.300 0.000 3.000 201.000 3.800 3.000
10 26 9 5.800 85.300 19.089 56.229 193.000 4.000 59.000
10 26 10 7.600 82.200 296.306 115.171 214.000 5.100 193.400
10 26 11 9.000 73.300 478.716 126.461 226.000 7.200 295.500
10 26 12 9.100 66.400 53.511 180.856 219.000 7.800 202.600
10 26 13 7.400 71.300 12.506 151.246 219.000 6.800 156.500
10 26 14 5.200 82.600 7.775 127.542 226.000 8.400 130.600
10 26 15 4.200 91.100 24.764 132.276 206.000 7.200 140.400
10 26 16 5.600 96.200 10.130 78.885 219.000 7.100 81.200
10 26 17 8.700 95.600 7.833 33.004 248.000 8.800 33.800
10 26 18 9.300 90.700 0.000 7.900 250.000 9.200 7.900
10 26 19 9.600 85.400 0.000 0.000 260.000 9.200 0.000
10 26 20 9.700 80.900 0.000 0.000 253.000 10.100 0.000
10 26 21 9.700 77.200 0.000 0.000 254.000 9.400 0.000
10 26 22 9.500 76.000 0.000 0.000 250.000 9.400 0.000
10 26 23 9.100 75.800 0.000 0.000 262.000 10.900 0.000
10 26 24 8.800 74.000 0.000 0.000 254.000 10.200 0.000
10 27 1 8.100 73.300 0.000 0.000 260.000 9.400 0.000
10 27 2 7.700 72.400 0.000 0.000 250.000 8.800 0.000
10 27 3 7.300 70.700 0.000 0.000 245.000 8.000 0.000
10 27 4 7.000 70.100 0.000 0.000 234.000 7.000 0.000
10 27 5 6.500 72.800 0.000 0.000 237.000 6.200 0.000
10 27 6 5.600 82.000 0.000 0.000 214.000 5.200 0.000
10 27 7 5.900 88.000 0.000 0.000 213.000 5.200 0.000
10 27 8 6.300 85.500 0.000 0.100 214.000 6.000 0.100
10 27 9 6.000 87.100 0.602 13.416 212.000 5.200 13.500
10 27 10 6.200 92.000 1.575 39.892 208.000 5.500 40.300
10 27 11 6.600 93.100 7.358 111.140 214.000 5.500 113.700
10 27 12 7.500 91.300 7.479 128.700 225.000 5.500 131.700
10 27 13 8.400 89.000 4.585 108.199 227.000 5.000 110.100
10 27 14 9.700 84.900 1.871 65.074 234.000 4.800 65.800
10 27 15 9.900 80.400 1.715 51.847 256.000 5.500 52.400
10 27 16 8.800 83.900 7.180 70.797 270.000 5.100 72.400
10 27 17 8.600 89.900 8.671 32.164 270.000 4.500 33.000
10 27 18 8.700 90.500 0.000 6.700 277.000 5.500 6.700
10 27 19 8.900 89.400 0.000 0.000 273.000 5.500 0.000
10 27 20 8.800 89.100 0.000 0.000 257.000 5.000 0.000
10 27 21 8.400 88.200 0.000 0.000 270.000 6.000 0.000
10 27 22 7.800 87.300 0.000 0.000 263.000 5.500 0.000
10 27 23 7.800 87.400 0.000 0.000 261.000 6.600 0.000
10 27 24 8.300 86.200 0.000 0.000 263.000 6.600 0.000
10 28 1 8.600 84.400 0.000 0.000 266.000 7.000 0.000
10 28 2 8.700 82.900 0.000 0.000 263.000 6.600 0.000
10 28 3 8.800 81.300 0.000 0.000 263.000 7.400 0.000
10 28 4 8.800 79.900 0.000 0.000 264.000 8.100 0.000
10 28 5 8.300 80.000 0.000 0.000 259.000 7.400 0.000
10 28 6 7.900 81.100 0.000 0.000 260.000 6.900 0.000
10 28 7 7.800 81.800 0.000 0.000 250.000 7.600 0.000
10 28 8 7.700 81.900 0.000 0.900 259.000 6.400 0.900
10 28 9 7.800 81.600 5.134 37.404 252.000 6.000 38.100
10 28 10 8.800 78.800 36.408 108.150 252.000 6.200 117.400
10 28 11 8.800 75.900 10.233 118.692 234.000 5.200 122.200
10 28 12 8.600 78.600 8.206 130.252 226.000 4.400 133.500
10 28 13 8.400 86.400 2.551 80.056 218.000 5.200 81.100
10 28 14 8.100 93.400 2.017 66.628 199.000 4.900 67.400
10 28 15 8.500 96.600 1.820 52.522 225.000 4.900 53.100
10 28 16 9.300 97.400 4.890 58.734 246.000 4.500 59.800
10 28 17 10.000 96.300 798.615 19.010 230.000 5.200 92.000
10 28 18 9.900 94.800 0.000 18.400 245.000 5.200 18.400
10 28 19 10.200 94.300 0.000 0.000 242.000 5.700 0.000
10 28 20 10.000 92.000 0.000 0.000 254.000 6.700 0.000
10 28 21 9.800 89.700 0.000 0.000 251.000 5.300 0.000
10 28 22 10.000 89.000 0.000 0.000 258.000 6.100 0.000
10 28 23 10.100 87.500 0.000 0.000 264.000 6.300 0.000
10 28 24 9.700 86.200 0.000 0.000 254.000 6.100 0.000
10 29 1 9.500 86.400 0.000 0.000 249.000 5.900 0.000
10 29 2 9.000 87.500 0.000 0.000 240.000 6.000 0.000
10 29 3 8.200 89.400 0.000 0.000 231.000 5.300 0.000
10 29 4 7.600 91.300 0.000 0.000 235.000 5.100 0.000
10 29 5 7.500 91.800 0.000 0.000 227.000 4.900 0.000
10 29 6 7.100 91.500 0.000 0.000 236.000 4.500 0.000
10 29 7 7.100 92.200 0.000 0.000 223.000 4.700 0.000
10 29 8 7.000 92.000 0.000 0.000 227.000 4.300 0.000
10 29 9 7.500 90.600 5.993 38.916 226.000 4.500 39.700
10 29 10 8.900 87.800 56.631 111.693 218.000 4.100 125.800
10 29 11 10.600 83.400 245.284 153.267 226.000 3.900 236.100
10 29 12 12.500 76.400 483.941 139.288 213.000 4.300 328.300
10 29 13 14.000 69.000 681.317 105.384 223.000 4.500 380.700
10 29 14 14.800 65.500 578.567 117.281 224.000 4.000 335.600
10 29 15 14.100 67.600 223.542 143.524 213.000 4.200 213.300
10 29 16 14.600 68.500 605.700 63.342 217.000 4.600 192.300
10 29 17 13.700 68.900 1005.931 17.177 204.000 3.500 104.100
10 29 18 11.900 77.100 0.000 10.100 172.000 2.100 10.100
10 29 19 10.700 86.900 0.000 0.000 165.000 2.700 0.000
10 29 20 10.600 89.600 0.000 0.000 164.000 2.500 0.000
10 29 21 10.000 89.500 0.000 0.000 157.000 2.800 0.000
10 29 22 9.600 90.200 0.000 0.000 148.000 2.200 0.000
10 29 23 8.700 91.300 0.000 0.000 136.000 2.700 0.000
10 29 24 9.300 92.400 0.000 0.000 141.000 3.200 0.000
10 30 1 9.900 89.400 0.000 0.000 161.000 2.900 0.000
10 30 2 10.100 86.200 0.000 0.000 167.000 2.900 0.000
10 30 3 9.300 86.900 0.000 0.000 154.000 3.400 0.000
10 30 4 10.000 86.800 0.000 0.000 172.000 2.700 0.000
10 30 5 10.400 85.800 0.000 0.000 182.000 2.600 0.000
10 30 6 10.200 90.800 0.000 0.000 162.000 3.100 0.000
10 30 7 10.100 96.100 0.000 0.000 143.000 3.600 0.000
10 30 8 10.200 96.300 0.000 0.000 179.000 4.800 0.000
10 30 9 11.000 96.300 4.368 32.149 214.000 5.900 32.700
10 30 10 11.800 92.100 25.879 99.281 262.000 7.300 105.600
10 30 11 11.300 89.400 1.497 50.002 250.000 8.500 50.500
10 30 12 10.400 92.400 2.805 79.019 252.000 9.000 80.100
10 30 13 10.100 91.200 4.665 105.039 268.000 8.500 106.900
10 30 14 9.900 89.600 5.460 105.868 282.000 6.700 107.900
10 30 15 11.600 83.400 411.794 119.797 260.000 9.000 246.200
10 30 16 11.400 74.100 444.381 78.039 270.000 9.100 170.400
10 30 17 11.300 71.600 335.733 34.436 260.000 7.500 61.800
10 30 18 11.300 70.100 0.000 11.700 251.000 7.000 11.700
10 30 19 11.000 68.900 0.000 0.000 250.000 6.200 0.000
10 30 20 10.900 69.700 0.000 0.000 247.000 5.900 0.000
10 30 21 10.500 71.000 0.000 0.000 250.000 5.900 0.000
10 30 22 10.000 73.400 0.000 0.000 257.000 5.100 0.000
10 30 23 9.500 76.400 0.000 0.000 253.000 5.200 0.000
10 30 24 8.900 79.200 0.000 0.000 261.000 4.500 0.000
10 31 1 8.500 80.800 0.000 0.000 262.000 4.000 0.000
10 31 2 7.600 82.300 0.000 0.000 220.000 2.600 0.000
10 31 3 6.300 86.000 0.000 0.000 226.000 2.600 0.000
10 31 4 5.700 90.400 0.000 0.000 232.000 2.900 0.000
10 31 5 5.300 91.400 0.000 0.000 228.000 2.900 0.000
10 31 6 4.800 92.000 0.000 0.000 238.000 2.500 0.000
10 31 7 4.000 94.400 0.000 0.000 220.000 1.900 0.000
10 31 8 3.700 96.000 0.000 0.000 187.000 1.900 0.000
10 31 9 4.000 96.800 5.367 34.249 194.000 1.800 34.900
10 31 10 6.300 94.300 33.319 100.827 198.000 1.400 108.800
10 31 11 7.800 86.900 166.492 154.361 169.000 1.600 208.900
10 31 12 10.600 76.900 410.889 148.666 158.000 1.700 304.900
10 31 13 12.300 69.200 592.205 119.974 176.000 2.400 353.100
10 31 14 13.100 64.600 545.687 120.175 162.000 3.000 320.400
10 31 15 12.500 63.500 238.767 137.729 156.000 3.300 209.800
10 31 16 12.200 66.400 74.896 93.407 142.000 2.900 108.600
10 31 17 11.600 68.900 442.156 28.895 128.000 2.800 62.800
10 31 18 10.200 73.700 0.000 9.000 120.000 2.700 9.000
10 31 19 9.800 79.000 0.000 0.000 128.000 2.800 0.000
10 31 20 9.400 81.600 0.000 0.000 127.000 2.400 0.000
10 31 21 8.900 84.700 0.000 0.000 128.000 2.900 0.000
10 31 22 8.900 85.800 0.000 0.000 139.000 2.100 0.000
10 31 23 8.700 85.000 0.000 0.000 133.000 2.200 0.000
10 31 24 8.700 83.800 0.000 0.000 143.000 2.500 0.000
11 1 1 8.600 82.100 0.000 0.000 135.000 2.800 0.000
11 1 2 8.500 81.100 0.000 0.000 165.000 2.700 0.000
11 1 3 8.200 81.500 0.000 0.000 155.000 2.500 0.000
11 1 4 7.800 82.500 0.000 0.000 168.000 2.100 0.000
11 1 5 7.000 84.900 0.000 0.000 178.000 2.400 0.000
11 1 6 6.000 88.500 0.000 0.000 169.000 2.300 0.000
11 1 7 5.400 92.000 0.000 0.000 158.000 2.300 0.000
11 1 8 5.000 94.700 0.000 0.000 185.000 2.100 0.000
11 1 9 5.800 94.700 5.126 32.202 153.000 2.100 32.800
11 1 10 8.300 93.100 62.396 106.274 139.000 1.900 120.900
11 1 11 10.700 86.000 211.691 149.516 160.000 2.000 217.800
11 1 12 13.100 76.400 335.478 158.753 166.000 2.700 284.600
11 1 13 14.700 71.100 560.379 124.585 172.000 2.700 342.300
11 1 14 15.700 69.800 240.023 165.060 164.000 2.400 251.900
11 1 15 16.100 68.100 273.924 132.299 164.000 3.400 213.600
11 1 16 15.200 67.300 55.825 88.750 146.000 3.300 99.800
11 1 17 14.500 72.200 10.782 25.224 138.000 2.900 26.000
11 1 18 13.600 80.300 0.000 3.000 140.000 2.800 3.000
11 1 19 13.000 88.200 0.000 0.000 166.000 2.700 0.000
11 1 20 12.700 93.200 0.000 0.000 164.000 2.800 0.000
11 1 21 12.700 95.100 0.000 0.000 173.000 3.500 0.000
11 1 22 13.000 95.900 0.000 0.000 181.000 3.400 0.000
11 1 23 13.300 97.400 0.000 0.000 201.000 3.900 0.000
11 1 24 13.400 98.300 0.000 0.000 182.000 3.000 0.000
11 2 1 13.100 98.300 0.000 0.000 191.000 2.600 0.000
11 2 2 13.000 98.300 0.000 0.000 248.000 2.100 0.000
11 2 3 12.500 98.300 0.000 0.000 263.000 2.400 0.000
11 2 4 12.000 98.400 0.000 0.000 255.000 1.500 0.000
11 2 5 11.700 98.700 0.000 0.000 207.000 1.400 0.000
11 2 6 11.500 98.900 0.000 0.000 212.000 1.800 0.000
11 2 7 11.300 98.900 0.000 0.000 238.000 1.700 0.000
11 2 8 11.200 98.500 0.000 0.000 230.000 1.900 0.000
11 2 9 11.000 98.400 0.873 12.902 190.000 1.800 13.000
11 2 10 11.400 98.500 1.568 35.340 203.000 1.500 35.700
11 2 11 11.900 97.300 1.806 52.427 199.000 2.000 53.000
11 2 12 12.400 96.300 3.207 81.113 217.000 1.800 82.300
11 2 13 12.800 94.500 7.662 124.162 221.000 2.400 127.100
11 2 14 13.000 89.900 23.836 143.497 235.000 2.700 152.000
11 2 15 12.900 87.100 31.199 121.995 224.000 2.500 131.100
11 2 16 12.900 86.300 173.910 90.917 235.000 2.800 124.500
11 2 17 12.400 86.700 348.645 28.140 242.000 1.800 51.600
11 2 18 11.000 90.700 0.000 3.400 216.000 2.000 3.400
11 2 19 10.400 95.700 0.000 0.000 194.000 2.000 0.000
11 2 20 10.200 97.400 0.000 0.000 161.000 2.000 0.000
11 2 21 9.700 97.100 0.000 0.000 199.000 1.700 0.000
11 2 22 9.400 97.600 0.000 0.000 195.000 1.500 0.000
11 2 23 9.200 97.800 0.000 0.000 188.000 1.600 0.000
11 2 24 9.200 97.700 0.000 0.000 162.000 1.600 0.000
11 3 1 9.000 98.000 0.000 0.000 169.000 1.700 0.000
11 3 2 8.800 98.100 0.000 0.000 191.000 1.500 0.000
11 3 3 9.200 98.200 0.000 0.000 257.000 1.900 0.000
11 3 4 9.200 98.300 0.000 0.000 243.000 2.200 0.000
11 3 5 9.000 98.300 0.000 0.000 255.000 2.500 0.000
11 3 6 9.500 97.300 0.000 0.000 280.000 3.400 0.000
11 3 7 9.500 95.900 0.000 0.000 277.000 3.400 0.000
11 3 8 9.400 94.300 0.000 0.000 260.000 3.100 0.000
11 3 9 9.600 93.200 3.540 24.720 269.000 3.600 25.100
11 3 10 10.100 91.600 11.891 80.427 262.000 4.100 83.100
11 3 11 10.400 88.400 8.350 103.589 272.000 4.400 106.200
11 3 12 11.100 83.400 121.838 172.723 268.000 4.900 217.200
11 3 13 12.300 73.800 457.227 140.291 275.000 6.000 313.300
11 3 14 11.800 66.500 293.241 154.655 272.000 5.600 257.800
11 3 15 11.900 65.100 297.607 125.709 269.000 4.700 211.100
11 3 16 12.300 63.100 623.178 54.725 270.000 4.000 172.100
11 3 17 12.000 61.800 1115.605 13.827 233.000 3.700 83.800
11 3 18 10.900 66.000 0.000 6.000 224.000 2.600 6.000
11 3 19 10.300 72.800 0.000 0.000 210.000 3.000 0.000
11 3 20 10.400 76.200 0.000 0.000 218.000 3.200 0.000
11 3 21 10.300 76.400 0.000 0.000 215.000 3.300 0.000
11 3 22 10.300 75.800 0.000 0.000 217.000 3.600 0.000
11 3 23 9.900 76.500 0.000 0.000 203.000 3.900 0.000
11 3 24 9.900 77.700 0.000 0.000 205.000 3.300 0.000
11 4 1 10.300 77.900 0.000 0.000 216.000 3.300 0.000
11 4 2 10.500 77.900 0.000 0.000 224.000 3.400 0.000
11 4 3 10.200 79.300 0.000 0.000 215.000 3.200 0.000
11 4 4 9.500 82.200 0.000 0.000 215.000 2.800 0.000
11 4 5 9.100 84.500 0.000 0.000 201.000 3.000 0.000
11 4 6 8.300 87.300 0.000 0.000 204.000 2.900 0.000
11 4 7 8.600 89.100 0.000 0.000 205.000 2.800 0.000
11 4 8 9.100 87.800 0.000 0.000 205.000 3.000 0.000
11 4 9 9.600 86.600 1.751 16.720 208.000 2.600 16.900
11 4 10 10.500 85.600 6.437 67.484 207.000 2.400 68.900
11 4 11 11.700 82.100 10.631 107.728 206.000 2.700 111.000
11 4 12 12.900 77.100 333.626 152.966 199.000 3.400 273.100
11 4 13 14.000 72.900 552.825 121.470 198.000 3.500 327.900
11 4 14 15.500 69.400 587.569 106.923 198.000 3.900 310.700
11 4 15 14.900 68.800 328.057 120.454 204.000 3.400 213.000
11 4 16 14.500 71.100 701.124 46.517 193.000 2.500 175.300
11 4 17 13.800 73.300 1076.618 12.392 212.000 2.700 75.100
11 4 18 12.000 78.300 0.000 2.100 183.000 2.500 2.100
11 4 19 10.200 86.900 0.000 0.000 174.000 2.300 0.000
11 4 20 9.300 93.200 0.000 0.000 175.000 2.300 0.000
11 4 21 8.700 95.500 0.000 0.000 172.000 2.200 0.000
11 4 22 7.900 97.000 0.000 0.000 166.000 2.100 0.000
11 4 23 7.800 97.800 0.000 0.000 163.000 2.300 0.000
11 4 24 7.600 97.800 0.000 0.000 165.000 2.400 0.000
11 5 1 7.300 98.100 0.000 0.000 158.000 2.500 0.000
11 5 2 7.100 94.800 0.000 0.000 148.000 2.600 0.000
11 5 3 7.200 92.400 0.000 0.000 136.000 3.000 0.000
11 5 4 6.800 93.800 0.000 0.000 161.000 2.700 0.000
11 5 5 6.600 94.300 0.000 0.000 155.000 2.500 0.000
11 5 6 6.600 93.800 0.000 0.000 164.000 2.700 0.000
11 5 7 6.200 93.500 0.000 0.000 168.000 2.500 0.000
11 5 8 5.800 93.500 0.000 0.000 159.000 2.200 0.000
11 5 9 6.200 92.400 5.299 27.580 170.000 2.500 28.100
11 5 10 7.800 88.400 107.869 101.581 171.000 2.600 124.800
11 5 11 10.000 79.500 383.017 122.584 197.000 2.300 238.600
11 5 12 12.700 70.000 553.971 115.447 195.000 3.000 312.200
11 5 13 14.300 62.100 679.420 97.239 185.000 3.600 347.600
11 5 14 15.600 56.300 805.007 71.025 200.000 3.300 346.300
11 5 15 16.700 53.900 785.679 59.787 196.000 3.100 277.700
11 5 16 17.300 52.600 754.060 41.051 185.000 2.600 176.100
11 5 17 16.200 53.100 725.407 19.629 198.000 3.400 58.700
11 5 18 13.000 59.000 0.000 2.000 189.000 2.900 2.000
11 5 19 10.800 66.200 0.000 0.000 161.000 3.000 0.000
11 5 20 9.600 70.100 0.000 0.000 166.000 2.900 0.000
11 5 21 8.500 75.100 0.000 0.000 152.000 2.700 0.000
11 5 22 7.700 80.400 0.000 0.000 152.000 2.700 0.000
11 5 23 7.500 81.900 0.000 0.000 139.000 3.000 0.000
11 5 24 6.500 83.000 0.000 0.000 140.000 2.500 0.000
11 6 1 6.300 84.500 0.000 0.000 121.000 2.400 0.000
11 6 2 6.200 90.100 0.000 0.000 124.000 2.900 0.000
11 6 3 5.400 96.500 0.000 0.000 127.000 2.800 0.000
11 6 4 5.200 97.500 0.000 0.000 121.000 2.900 0.000
11 6 5 5.300 98.200 0.000 0.000 119.000 2.800 0.000
11 6 6 5.300 98.200 0.000 0.000 120.000 2.800 0.000
11 6 7 5.000 97.400 0.000 0.000 127.000 3.100 0.000
11 6 8 4.700 95.500 0.000 0.000 133.000 3.200 0.000
11 6 9 6.000 95.600 5.416 26.593 122.000 2.900 27.100
11 6 10 8.000 92.200 119.534 99.732 126.000 3.500 124.900
11 6 11 10.500 79.900 377.165 121.471 133.000 3.600 233.900
11 6 12 11.900 68.600 576.693 110.081 117.000 4.100 312.100
11 6 13 13.300 61.700 699.748 92.547 122.000 4.500 347.000
11 6 14 14.000 56.600 783.761 73.044 117.000 4.500 337.300
11 6 15 14.900 53.300 808.456 56.343 125.000 4.100 276.800
11 6 16 14.500 53.100 871.417 32.451 129.000 3.400 184.600
11 6 17 13.300 57.900 0.000 70.000 120.000 2.500 70.000
11 6 18 11.200 67.400 0.000 1.000 113.000 3.000 1.000
11 6 19 10.300 75.800 0.000 0.000 121.000 2.300 0.000
11 6 20 8.600 82.200 0.000 0.000 111.000 1.700 0.000
11 6 21 7.900 88.300 0.000 0.000 109.000 2.200 0.000
11 6 22 7.800 91.500 0.000 0.000 113.000 2.500 0.000
11 6 23 7.200 93.600 0.000 0.000 114.000 3.100 0.000
11 6 24 6.800 94.900 0.000 0.000 123.000 3.100 0.000
11 7 1 6.900 94.600 0.000 0.000 131.000 3.000 0.000
11 7 2 6.400 93.700 0.000 0.000 131.000 3.400 0.000
11 7 3 6.500 94.300 0.000 0.000 133.000 3.400 0.000
11 7 4 6.100 94.400 0.000 0.000 140.000 2.900 0.000
11 7 5 5.500 93.800 0.000 0.000 131.000 2.700 0.000
11 7 6 5.300 94.900 0.000 0.000 119.000 2.800 0.000
11 7 7 5.000 96.000 0.000 0.000 121.000 2.600 0.000
11 7 8 4.800 96.300 0.000 0.000 128.000 2.500 0.000
11 7 9 5.100 96.300 4.725 23.679 142.000 2.600 24.100
11 7 10 6.700 96.000 123.647 97.642 142.000 2.900 123.100
11 7 11 8.500 91.100 411.339 115.244 143.000 3.300 235.900
11 7 12 10.400 81.100 620.837 101.203 158.000 3.300 315.700
11 7 13 11.500 73.800 764.300 80.837 170.000 3.900 355.100
11 7 14 12.400 69.400 868.780 62.076 167.000 3.900 350.900
11 7 15 12.700 65.500 886.030 49.051 159.000 3.800 286.600
11 7 16 12.700 64.600 922.369 31.020 167.000 3.300 188.000
11 7 17 11.700 68.400 0.000 69.200 162.000 2.000 69.200
11 7 18 9.400 78.700 0.000 1.000 142.000 1.900 1.000
11 7 19 8.200 88.400 0.000 0.000 140.000 2.000 0.000
11 7 20 7.000 92.700 0.000 0.000 151.000 1.800 0.000
11 7 21 6.200 95.800 0.000 0.000 139.000 1.800 0.000
11 7 22 5.100 97.400 0.000 0.000 122.000 1.900 0.000
11 7 23 5.300 98.300 0.000 0.000 135.000 1.700 0.000
11 7 24 4.900 97.900 0.000 0.000 136.000 2.200 0.000
11 8 1 4.600 97.500 0.000 0.000 158.000 2.000 0.000
11 8 2 4.100 94.900 0.000 0.000 136.000 1.900 0.000
11 8 3 3.700 94.200 0.000 0.000 131.000 1.400 0.000
11 8 4 3.200 96.300 0.000 0.000 119.000 1.400 0.000
11 8 5 2.800 95.500 0.000 0.000 124.000 1.900 0.000
11 8 6 2.900 94.900 0.000 0.000 125.000 2.100 0.000
11 8 7 2.000 95.900 0.000 0.000 116.000 1.800 0.000
11 8 8 1.900 96.700 0.000 0.000 123.000 1.800 0.000
11 8 9 2.000 95.800 4.012 20.760 149.000 1.900 21.100
11 8 10 4.300 92.800 92.005 94.382 149.000 1.600 112.900
11 8 11 5.400 88.600 318.260 124.646 203.000 1.700 216.500
11 8 12 6.500 83.900 289.551 150.737 231.000 1.400 249.400
11 8 13 7.100 82.100 88.075 165.611 199.000 1.800 196.800
11 8 14 7.100 81.700 27.005 134.648 187.000 1.800 143.500
11 8 15 7.500 81.000 10.914 92.923 182.000 1.800 95.800
11 8 16 7.800 80.000 52.685 74.161 201.000 2.100 82.900
11 8 17 7.500 79.800 0.000 41.300 209.000 1.900 41.300
11 8 18 6.100 83.400 0.000 0.000 214.000 1.400 0.000
11 8 19 4.900 88.500 0.000 0.000 180.000 1.100 0.000
11 8 20 4.400 91.900 0.000 0.000 178.000 0.900 0.000
11 8 21 4.200 95.000 0.000 0.000 172.000 0.700 0.000
11 8 22 3.500 96.900 0.000 0.000 206.000 0.900 0.000
11 8 23 3.300 96.700 0.000 0.000 222.000 1.400 0.000
11 8 24 3.600 96.000 0.000 0.000 168.000 1.300 0.000
11 9 1 2.300 95.400 0.000 0.000 168.000 1.300 0.000
11 9 2 2.700 96.700 0.000 0.000 164.000 1.700 0.000
11 9 3 2.700 98.700 0.000 0.000 182.000 1.500 0.000
11 9 4 2.300 99.000 0.000 0.000 199.000 2.000 0.000
11 9 5 2.500 99.000 0.000 0.000 163.000 1.600 0.000
11 9 6 2.200 99.100 0.000 0.000 147.000 1.400 0.000
11 9 7 2.300 99.200 0.000 0.000 138.000 1.200 0.000
11 9 8 2.800 99.200 0.000 0.000 137.000 0.800 0.000
11 9 9 3.200 99.100 1.721 12.962 131.000 1.100 13.100
11 9 10 3.700 99.000 20.272 77.413 160.000 1.100 81.400
11 9 11 5.200 98.700 68.110 130.260 159.000 0.700 149.600
11 9 12 6.300 96.900 7.932 110.134 128.000 0.800 112.800
11 9 13 7.400 93.200 21.488 138.791 140.000 1.800 146.300
11 9 14 7.500 89.200 55.296 145.326 203.000 1.500 163.200
11 9 15 7.800 87.200 8.625 86.765 182.000 1.200 89.000
11 9 16 8.300 85.200 1.377 23.377 204.000 1.400 23.600
11 9 17 8.200 84.100 0.000 18.300 167.000 1.200 18.300
11 9 18 8.000 86.200 0.000 0.000 168.000 1.000 0.000
11 9 19 8.000 87.700 0.000 0.000 227.000 1.200 0.000
11 9 20 7.800 89.200 0.000 0.000 298.000 1.000 0.000
11 9 21 7.600 91.500 0.000 0.000 177.000 0.700 0.000
11 9 22 7.700 92.400 0.000 0.000 201.000 0.700 0.000
11 9 23 7.800 92.300 0.000 0.000 233.000 1.200 0.000
11 9 24 7.900 92.100 0.000 0.000 227.000 0.700 0.000
11 10 1 7.800 93.600 0.000 0.000 252.000 0.900 0.000
11 10 2 7.700 95.900 0.000 0.000 253.000 1.000 0.000
11 10 3 7.400 97.800 0.000 0.000 234.000 1.000 0.000
11 10 4 7.500 98.800 0.000 0.000 227.000 1.300 0.000
11 10 5 7.400 98.600 0.000 0.000 214.000 0.800 0.000
11 10 6 7.400 98.700 0.000 0.000 88.000 0.300 0.000
11 10 7 7.500 98.900 0.000 0.000 190.000 0.900 0.000
11 10 8 7.500 98.900 0.000 0.000 184.000 1.300 0.000
11 10 9 7.700 98.700 0.391 5.870 208.000 1.200 5.900
11 10 10 8.000 98.400 1.084 24.692 200.000 1.300 24.900
11 10 11 8.400 98.100 3.827 66.931 192.000 1.700 68.000
11 10 12 8.600 98.500 7.961 108.761 233.000 2.100 111.400
11 10 13 9.200 99.300 9.009 116.693 255.000 2.100 119.800
11 10 14 9.700 98.800 1.839 53.214 266.000 2.200 53.800
11 10 15 10.300 96.600 2.877 53.067 276.000 2.400 53.800
11 10 16 10.600 91.100 11.524 56.185 254.000 2.600 58.000
11 10 17 10.100 87.000 0.000 33.900 242.000 2.400 33.900
11 10 18 9.000 88.500 0.000 0.000 235.000 2.300 0.000
11 10 19 8.400 92.300 0.000 0.000 216.000 1.900 0.000
11 10 20 8.500 94.000 0.000 0.000 219.000 1.300 0.000
11 10 21 8.100 92.500 0.000 0.000 215.000 1.500 0.000
11 10 22 6.100 94.200 0.000 0.000 167.000 1.200 0.000
11 10 23 5.800 97.200 0.000 0.000 159.000 1.200 0.000
11 10 24 5.100 97.600 0.000 0.000 156.000 1.500 0.000
11 11 1 4.300 98.400 0.000 0.000 152.000 2.000 0.000
11 11 2 4.800 98.900 0.000 0.000 148.000 1.800 0.000
11 11 3 4.800 99.100 0.000 0.000 161.000 1.600 0.000
11 11 4 4.300 99.200 0.000 0.000 161.000 1.500 0.000
11 11 5 4.100 99.300 0.000 0.000 158.000 1.800 0.000
11 11 6 3.800 99.200 0.000 0.000 155.000 2.100 0.000
11 11 7 4.100 99.400 0.000 0.000 162.000 2.400 0.000
11 11 8 4.800 99.100 0.000 0.000 173.000 1.800 0.000
11 11 9 5.100 98.200 0.891 8.336 176.000 1.700 8.400
11 11 10 5.500 98.300 0.839 21.243 199.000 2.100 21.400
11 11 11 6.600 98.200 0.719 28.802 224.000 2.300 29.000
11 11 12 7.700 97.300 2.986 69.324 234.000 3.000 70.300
11 11 13 8.400 97.200 6.512 105.084 248.000 2.300 107.300
11 11 14 8.800 97.900 2.478 60.821 234.000 2.200 61.600
11 11 15 9.600 97.900 75.219 116.048 231.000 2.700 134.900
11 11 16 10.500 95.100 79.121 71.355 240.000 2.800 83.500
11 11 17 10.500 91.700 0.000 27.600 228.000 2.800 27.600
11 11 18 10.500 90.800 0.000 0.000 253.000 2.700 0.000
11 11 19 10.400 90.300 0.000 0.000 233.000 2.500 0.000
11 11 20 10.200 90.400 0.000 0.000 236.000 2.000 0.000
11 11 21 9.800 92.900 0.000 0.000 230.000 2.400 0.000
11 11 22 9.800 94.900 0.000 0.000 219.000 1.600 0.000
11 11 23 8.800 95.600 0.000 0.000 190.000 1.900 0.000
11 11 24 7.300 97.500 0.000 0.000 209.000 1.500 0.000
11 12 1 6.100 98.900 0.000 0.000 211.000 2.000 0.000
11 12 2 5.500 98.400 0.000 0.000 195.000 1.700 0.000
11 12 3 5.100 97.700 0.000 0.000 189.000 2.100 0.000
11 12 4 4.800 96.700 0.000 0.000 191.000 2.000 0.000
11 12 5 4.800 95.700 0.000 0.000 169.000 1.800 0.000
11 12 6 4.800 95.400 0.000 0.000 153.000 2.200 0.000
11 12 7 4.900 95.500 0.000 0.000 161.000 2.300 0.000
11 12 8 4.600 95.800 0.000 0.000 156.000 2.100 0.000
11 12 9 4.800 95.300 3.658 15.754 154.000 2.200 16.000
11 12 10 5.500 93.900 33.462 77.668 150.000 2.000 83.800
11 12 11 7.000 90.400 137.931 128.620 161.000 2.700 165.900
11 12 12 8.500 86.900 236.238 148.347 166.000 3.100 224.500
11 12 13 10.800 82.000 341.407 142.413 171.000 3.900 257.100
11 12 14 11.700 77.200 45.662 136.643 173.000 3.300 150.800
11 12 15 11.900 74.700 183.728 116.312 163.000 3.300 161.600
11 12 16 12.100 73.600 530.663 50.624 169.000 3.100 130.000
11 12 17 11.400 75.000 0.000 38.100 168.000 2.800 38.100
11 12 18 9.700 79.500 0.000 0.000 172.000 2.700 0.000
11 12 19 9.300 83.800 0.000 0.000 165.000 3.100 0.000
11 12 20 9.500 85.100 0.000 0.000 163.000 3.300 0.000
11 12 21 9.900 85.900 0.000 0.000 188.000 3.300 0.000
11 12 22 9.400 85.400 0.000 0.000 175.000 2.700 0.000
11 12 23 8.300 85.000 0.000 0.000 182.000 2.200 0.000
11 12 24 7.700 83.900 0.000 0.000 177.000 2.500 0.000
11 13 1 7.600 82.500 0.000 0.000 190.000 2.800 0.000
11 13 2 6.600 87.800 0.000 0.000 173.000 2.400 0.000
11 13 3 6.500 93.700 0.000 0.000 176.000 2.700 0.000
11 13 4 6.800 93.700 0.000 0.000 187.000 2.800 0.000
11 13 5 6.400 93.500 0.000 0.000 195.000 2.800 0.000
11 13 6 5.600 93.400 0.000 0.000 191.000 2.400 0.000
11 13 7 5.600 92.600 0.000 0.000 202.000 2.500 0.000
11 13 8 6.700 92.400 0.000 0.000 192.000 2.700 0.000
11 13 9 8.500 86.100 2.195 11.662 215.000 2.800 11.800
11 13 10 9.100 79.000 47.732 79.263 201.000 3.100 87.800
11 13 11 11.100 74.500 201.493 124.635 206.000 4.200 178.200
11 13 12 13.200 68.100 258.493 144.318 208.000 4.200 226.500
11 13 13 15.100 62.900 280.735 148.118 226.000 4.200 241.200
11 13 14 16.200 59.700 189.355 144.091 239.000 4.800 202.000
11 13 15 16.000 58.700 267.975 109.330 236.000 4.700 174.300
11 13 16 15.800 59.700 140.708 69.391 215.000 4.200 89.900
11 13 17 14.700 63.300 0.000 30.300 206.000 3.400 30.300
11 13 18 13.700 68.200 0.000 0.000 217.000 3.900 0.000
11 13 19 12.700 72.800 0.000 0.000 213.000 3.300 0.000
11 13 20 12.900 75.300 0.000 0.000 219.000 3.700 0.000
11 13 21 13.200 75.000 0.000 0.000 216.000 3.600 0.000
11 13 22 13.300 74.800 0.000 0.000 221.000 4.000 0.000
11 13 23 13.500 74.500 0.000 0.000 225.000 3.200 0.000
11 13 24 13.000 75.300 0.000 0.000 232.000 3.300 0.000
11 14 1 12.600 77.100 0.000 0.000 218.000 3.400 0.000
11 14 2 12.100 79.900 0.000 0.000 226.000 2.900 0.000
11 14 3 11.400 83.900 0.000 0.000 211.000 2.200 0.000
11 14 4 11.500 86.200 0.000 0.000 215.000 2.300 0.000
11 14 5 10.700 88.700 0.000 0.000 217.000 2.100 0.000
11 14 6 10.300 93.000 0.000 0.000 137.000 1.400 0.000
11 14 7 10.200 95.500 0.000 0.000 207.000 1.700 0.000
11 14 8 9.800 96.100 0.000 0.000 214.000 0.700 0.000
11 14 9 9.700 97.200 0.055 1.797 77.000 1.500 1.800
11 14 10 10.300 96.700 1.531 26.633 126.000 1.600 26.900
11 14 11 10.900 92.000 11.628 93.560 96.000 1.100 96.600
11 14 12 11.500 85.900 30.705 131.472 91.000 2.200 141.100
11 14 13 12.100 80.500 34.163 139.219 124.000 2.900 150.400
11 14 14 12.300 76.400 20.693 119.357 142.000 2.300 125.600
11 14 15 12.200 77.500 2.294 44.453 64.000 2.200 45.000
11 14 16 11.800 80.100 2.244 26.181 84.000 2.700 26.500
11 14 17 11.200 81.400 0.000 14.000 77.000 2.500 14.000
11 14 18 10.900 84.100 0.000 0.000 56.000 3.200 0.000
11 14 19 10.300 88.900 0.000 0.000 38.000 4.100 0.000
11 14 20 9.300 95.600 0.000 0.000 60.000 3.700 0.000
11 14 21 9.000 97.900 0.000 0.000 327.000 3.600 0.000
11 14 22 8.800 96.700 0.000 0.000 191.000 4.400 0.000
11 14 23 8.600 96.400 0.000 0.000 5.000 3.400 0.000
11 14 24 7.900 96.200 0.000 0.000 18.000 5.400 0.000
11 15 1 7.200 94.800 0.000 0.000 39.000 5.500 0.000
11 15 2 6.900 92.600 0.000 0.000 47.000 5.200 0.000
11 15 3 6.700 91.500 0.000 0.000 52.000 5.600 0.000
11 15 4 6.100 92.500 0.000 0.000 64.000 5.100 0.000
11 15 5 6.100 92.300 0.000 0.000 61.000 4.800 0.000
11 15 6 5.900 92.200 0.000 0.000 49.000 4.900 0.000
11 15 7 5.700 93.400 0.000 0.000 62.000 5.300 0.000
11 15 8 5.700 93.300 0.000 0.000 68.000 4.900 0.000
11 15 9 5.600 92.600 0.249 3.686 82.000 6.100 3.700
11 15 10 5.500 92.300 0.454 14.223 91.000 5.800 14.300
11 15 11 5.300 92.300 1.973 44.493 94.000 4.300 45.000
11 15 12 5.200 92.300 2.490 60.030 84.000 5.400 60.800
11 15 13 5.300 92.600 2.623 64.352 93.000 6.000 65.200
11 15 14 5.400 92.400 4.145 74.266 90.000 5.800 75.500
11 15 15 5.400 92.000 4.059 57.948 97.000 6.000 58.900
11 15 16 5.700 92.200 6.291 42.229 97.000 5.800 43.100
11 15 17 5.700 91.800 0.000 11.500 110.000 4.700 11.500
11 15 18 5.600 92.600 0.000 0.000 95.000 5.100 0.000
11 15 19 5.500 93.900 0.000 0.000 96.000 4.900 0.000
11 15 20 5.300 94.000 0.000 0.000 94.000 5.000 0.000
11 15 21 5.300 93.800 0.000 0.000 100.000 4.700 0.000
11 15 22 5.200 93.800 0.000 0.000 102.000 4.400 0.000
11 15 23 5.200 94.200 0.000 0.000 104.000 3.700 0.000
11 15 24 5.200 94.800 0.000 0.000 119.000 2.800 0.000
11 16 1 5.200 95.600 0.000 0.000 114.000 3.600 0.000
11 16 2 5.200 97.700 0.000 0.000 117.000 3.200 0.000
11 16 3 5.400 99.300 0.000 0.000 135.000 3.100 0.000
11 16 4 5.500 99.100 0.000 0.000 130.000 2.600 0.000
11 16 5 5.800 99.200 0.000 0.000 131.000 1.800 0.000
11 16 6 6.100 99.200 0.000 0.000 146.000 2.100 0.000
11 16 7 6.500 99.300 0.000 0.000 156.000 2.000 0.000
11 16 8 6.700 99.500 0.000 0.000 140.000 1.500 0.000
11 16 9 6.800 99.700 0.000 6.500 159.000 1.600 6.500
11 16 10 6.900 99.900 2.347 31.310 168.000 1.100 31.700
11 16 11 7.600 100.000 9.672 87.154 239.000 1.100 89.600
11 16 12 8.200 100.000 20.045 120.185 216.000 1.500 126.300
11 16 13 9.000 99.100 38.769 138.033 225.000 1.500 150.400
11 16 14 9.500 96.700 10.249 102.490 271.000 1.600 105.500
11 16 15 9.500 95.200 2.713 46.773 258.000 2.700 47.400
11 16 16 8.800 96.700 1.264 18.730 264.000 3.300 18.900
11 16 17 7.800 98.600 0.000 9.600 310.000 3.700 9.600
11 16 18 6.900 98.500 0.000 0.000 306.000 3.700 0.000
11 16 19 6.400 97.800 0.000 0.000 312.000 2.800 0.000
11 16 20 5.800 97.600 0.000 0.000 326.000 3.400 0.000
11 16 21 5.600 98.000 0.000 0.000 331.000 3.100 0.000
11 16 22 5.700 98.100 0.000 0.000 312.000 3.100 0.000
11 16 23 5.600 98.300 0.000 0.000 311.000 2.700 0.000
11 16 24 5.600 98.600 0.000 0.000 303.000 2.400 0.000
11 17 1 5.500 98.100 0.000 0.000 304.000 2.700 0.000
11 17 2 5.200 95.700 0.000 0.000 305.000 3.300 0.000
11 17 3 4.800 94.000 0.000 0.000 287.000 1.800 0.000
11 17 4 4.000 95.600 0.000 0.000 255.000 2.400 0.000
11 17 5 3.700 97.400 0.000 0.000 234.000 2.600 0.000
11 17 6 3.500 97.700 0.000 0.000 245.000 2.900 0.000
11 17 7 3.300 97.600 0.000 0.000 238.000 3.100 0.000
11 17 8 3.500 97.200 0.000 0.000 257.000 3.100 0.000
11 17 9 3.900 95.200 0.000 9.000 267.000 2.900 9.000
11 17 10 3.800 93.700 6.025 48.525 285.000 3.900 49.500
11 17 11 3.700 94.900 2.367 47.111 318.000 4.600 47.700
11 17 12 3.800 96.100 2.758 61.470 319.000 4.200 62.300
11 17 13 4.400 94.200 10.857 111.281 316.000 3.100 114.700
11 17 14 5.400 89.300 8.245 96.210 301.000 3.700 98.600
11 17 15 5.500 86.000 7.828 74.421 286.000 3.500 76.200
11 17 16 5.500 84.900 117.258 62.580 306.000 3.900 78.000
11 17 17 4.700 85.800 0.000 25.500 304.000 4.100 25.500
11 17 18 3.100 90.000 0.000 0.000 275.000 4.000 0.000
11 17 19 3.000 91.600 0.000 0.000 293.000 4.400 0.000
11 17 20 2.600 91.900 0.000 0.000 280.000 3.900 0.000
11 17 21 2.300 92.900 0.000 0.000 287.000 3.600 0.000
11 17 22 2.100 93.200 0.000 0.000 288.000 3.900 0.000
11 17 23 1.900 94.300 0.000 0.000 279.000 3.800 0.000
11 17 24 1.800 95.300 0.000 0.000 278.000 3.800 0.000
11 18 1 1.700 95.500 0.000 0.000 266.000 4.000 0.000
11 18 2 1.500 94.900 0.000 0.000 256.000 3.500 0.000
11 18 3 1.600 93.400 0.000 0.000 263.000 4.400 0.000
11 18 4 1.600 90.800 0.000 0.000 266.000 4.400 0.000
11 18 5 2.000 89.800 0.000 0.000 260.000 4.400 0.000
11 18 6 2.800 90.400 0.000 0.000 251.000 4.600 0.000
11 18 7 3.000 90.600 0.000 0.000 254.000 4.800 0.000
11 18 8 2.800 91.200 0.000 0.000 254.000 4.300 0.000
11 18 9 2.700 91.700 0.000 8.000 257.000 4.300 8.000
11 18 10 3.000 91.600 13.294 58.002 254.000 4.300 60.100
11 18 11 3.900 89.400 37.899 105.629 253.000 5.700 114.900
11 18 12 5.000 85.500 41.968 129.840 254.000 5.300 142.300
11 18 13 5.600 83.200 75.799 144.525 258.000 6.000 168.100
11 18 14 5.900 82.600 99.549 135.322 250.000 5.800 163.800
11 18 15 6.100 82.000 192.475 105.539 253.000 5.800 148.600
11 18 16 6.300 81.600 276.858 57.602 242.000 5.100 93.100
11 18 17 5.900 82.000 0.000 33.400 232.000 4.300 33.400
11 18 18 5.500 83.200 0.000 0.000 243.000 4.400 0.000
11 18 19 5.000 85.700 0.000 0.000 234.000 4.600 0.000
11 18 20 4.400 88.100 0.000 0.000 216.000 5.100 0.000
11 18 21 4.200 89.100 0.000 0.000 221.000 4.300 0.000
11 18 22 4.300 88.300 0.000 0.000 213.000 4.100 0.000
11 18 23 4.400 86.400 0.000 0.000 219.000 3.400 0.000
11 18 24 4.100 85.300 0.000 0.000 214.000 3.900 0.000
11 19 1 3.700 85.100 0.000 0.000 216.000 4.800 0.000
11 19 2 3.200 87.500 0.000 0.000 212.000 4.600 0.000
11 19 3 3.000 90.100 0.000 0.000 221.000 4.600 0.000
11 19 4 2.300 92.100 0.000 0.000 213.000 4.900 0.000
11 19 5 2.500 94.600 0.000 0.000 222.000 4.700 0.000
11 19 6 2.500 95.100 0.000 0.000 222.000 3.500 0.000
11 19 7 2.500 95.000 0.000 0.000 219.000 3.200 0.000
11 19 8 2.300 94.900 0.000 0.000 217.000 3.200 0.000
11 19 9 1.900 95.200 0.000 7.000 195.000 2.900 7.000
11 19 10 1.900 93.700 34.952 65.726 195.000 3.100 71.100
11 19 11 2.600 89.900 284.757 107.494 203.000 4.200 176.000
11 19 12 4.100 83.400 496.962 104.434 198.000 4.200 250.000
11 19 13 4.700 76.200 673.317 83.169 187.000 4.500 290.000
11 19 14 5.500 71.800 758.198 65.274 180.000 4.700 279.400
11 19 15 5.500 70.200 491.610 79.103 177.000 3.800 187.400
11 19 16 5.000 72.100 32.211 52.872 163.000 3.900 56.900
11 19 17 3.700 81.700 0.000 8.100 189.000 4.500 8.100
11 19 18 3.600 91.200 0.000 0.000 180.000 3.100 0.000
11 19 19 3.800 92.300 0.000 0.000 163.000 3.300 0.000
11 19 20 4.000 90.700 0.000 0.000 174.000 3.300 0.000
11 19 21 4.100 90.200 0.000 0.000 163.000 3.300 0.000
11 19 22 4.000 90.800 0.000 0.000 160.000 2.700 0.000
11 19 23 4.000 89.000 0.000 0.000 159.000 3.200 0.000
11 19 24 4.000 85.100 0.000 0.000 178.000 3.200 0.000
11 20 1 4.100 81.500 0.000 0.000 167.000 3.400 0.000
11 20 2 4.100 78.400 0.000 0.000 166.000 3.400 0.000
11 20 3 2.700 83.100 0.000 0.000 184.000 3.900 0.000
11 20 4 2.100 92.400 0.000 0.000 175.000 2.900 0.000
11 20 5 1.900 95.600 0.000 0.000 184.000 2.800 0.000
11 20 6 1.600 96.600 0.000 0.000 181.000 3.600 0.000
11 20 7 1.700 97.300 0.000 0.000 181.000 3.300 0.000
11 20 8 2.100 97.300 0.000 0.000 181.000 3.300 0.000
11 20 9 2.300 96.900 0.000 3.800 177.000 3.200 3.800
11 20 10 2.900 95.600 2.182 27.273 195.000 2.800 27.600
11 20 11 3.200 93.600 7.893 77.732 220.000 4.000 79.600
11 20 12 3.300 92.000 2.211 52.961 249.000 4.000 53.600
11 20 13 3.200 91.400 0.637 30.007 270.000 4.000 30.200
11 20 14 2.700 92.700 1.138 36.783 267.000 4.500 37.100
11 20 15 2.500 94.600 2.802 44.692 280.000 4.900 45.300
11 20 16 3.200 93.600 50.879 54.594 278.000 4.800 60.800
11 20 17 3.200 90.200 0.000 12.400 271.000 5.000 12.400
11 20 18 2.900 88.600 0.000 0.000 275.000 6.000 0.000
11 20 19 2.700 89.200 0.000 0.000 269.000 5.300 0.000
11 20 20 1.700 89.200 0.000 0.000 272.000 4.500 0.000
11 20 21 1.100 90.000 0.000 0.000 258.000 4.100 0.000
11 20 22 0.700 91.500 0.000 0.000 261.000 4.100 0.000
11 20 23 0.600 91.900 0.000 0.000 270.000 3.900 0.000
11 20 24 0.300 92.500 0.000 0.000 259.000 3.100 0.000
11 21 1 -0.100 93.800 0.000 0.000 264.000 2.600 0.000
11 21 2 -0.600 96.400 0.000 0.000 268.000 2.700 0.000
11 21 3 -0.900 98.700 0.000 0.000 249.000 2.600 0.000
11 21 4 -1.300 99.100 0.000 0.000 243.000 2.200 0.000
11 21 5 -1.200 99.100 0.000 0.000 248.000 1.900 0.000
11 21 6 -1.600 98.900 0.000 0.000 271.000 2.300 0.000
11 21 7 -2.000 98.900 0.000 0.000 257.000 1.600 0.000
11 21 8 -2.100 98.900 0.000 0.000 287.000 2.900 0.000
11 21 9 -2.200 98.100 0.000 6.100 260.000 2.200 6.100
11 21 10 -1.800 97.700 29.508 60.995 248.000 2.300 65.300
11 21 11 -1.000 96.200 247.149 106.879 273.000 2.300 164.400
11 21 12 0.000 91.300 491.049 102.639 288.000 2.500 242.700
11 21 13 1.400 84.400 682.558 79.983 285.000 2.400 284.600
11 21 14 2.100 78.900 777.623 61.441 284.000 3.000 275.600
11 21 15 2.300 77.900 830.739 43.129 304.000 4.200 220.700
11 21 16 2.300 77.800 915.303 21.658 308.000 3.200 130.600
11 21 17 1.600 80.000 0.000 31.100 298.000 2.900 31.100
11 21 18 0.500 87.200 0.000 0.000 261.000 2.200 0.000
11 21 19 -0.200 93.800 0.000 0.000 267.000 2.400 0.000
11 21 20 -0.500 96.300 0.000 0.000 269.000 2.300 0.000
11 21 21 -0.400 95.800 0.000 0.000 256.000 2.600 0.000
11 21 22 -0.600 96.000 0.000 0.000 266.000 2.600 0.000
11 21 23 -0.700 96.400 0.000 0.000 272.000 2.000 0.000
11 21 24 -0.600 96.000 0.000 0.000 283.000 2.600 0.000
11 22 1 -1.600 95.700 0.000 0.000 275.000 2.100 0.000
11 22 2 -1.800 96.600 0.000 0.000 284.000 2.000 0.000
11 22 3 -2.500 98.300 0.000 0.000 259.000 1.700 0.000
11 22 4 -3.200 98.000 0.000 0.000 250.000 1.200 0.000
11 22 5 -3.600 97.700 0.000 0.000 252.000 1.400 0.000
11 22 6 -3.600 98.400 0.000 0.000 213.000 1.700 0.000
11 22 7 -3.300 98.000 0.000 0.000 223.000 1.500 0.000
11 22 8 -2.700 97.500 0.000 0.000 249.000 1.700 0.000
11 22 9 -2.700 97.000 0.000 6.000 214.000 1.500 6.000
11 22 10 -2.800 96.400 17.116 54.668 194.000 1.700 57.100
11 22 11 -1.400 95.100 186.867 108.419 203.000 2.100 151.200
11 22 12 0.200 89.800 467.442 104.507 214.000 1.800 236.100
11 22 13 1.600 82.100 655.155 83.027 200.000 2.100 277.100
11 22 14 2.600 76.900 769.759 61.685 202.000 2.400 271.100
11 22 15 3.000 75.200 835.649 42.172 217.000 2.500 218.200
11 22 16 2.800 74.800 914.479 21.149 215.000 3.000 127.400
11 22 17 1.900 77.500 0.000 27.300 203.000 2.500 27.300
11 22 18 0.800 83.100 0.000 0.000 202.000 2.600 0.000
11 22 19 -0.300 88.800 0.000 0.000 182.000 2.100 0.000
11 22 20 -0.500 92.900 0.000 0.000 179.000 2.000 0.000
11 22 21 -0.600 93.700 0.000 0.000 196.000 2.300 0.000
11 22 22 -0.900 93.200 0.000 0.000 201.000 2.300 0.000
11 22 23 -1.000 93.400 0.000 0.000 179.000 2.300 0.000
11 22 24 -1.400 93.700 0.000 0.000 197.000 2.100 0.000
11 23 1 -2.400 94.400 0.000 0.000 185.000 1.800 0.000
11 23 2 -2.400 95.800 0.000 0.000 168.000 2.000 0.000
11 23 3 -2.900 96.500 0.000 0.000 175.000 1.900 0.000
11 23 4 -3.100 96.400 0.000 0.000 184.000 2.000 0.000
11 23 5 -3.400 96.500 0.000 0.000 165.000 2.300 0.000
11 23 6 -3.700 95.900 0.000 0.000 171.000 2.200 0.000
11 23 7 -3.700 95.600 0.000 0.000 168.000 2.000 0.000
11 23 8 -3.800 95.400 0.000 0.000 177.000 2.200 0.000
11 23 9 -4.100 95.100 0.000 2.800 163.000 2.100 2.800
11 23 10 -3.700 94.200 9.420 47.497 159.000 2.100 48.800
11 23 11 -3.400 92.300 195.571 106.354 165.000 2.300 150.400
11 23 12 -2.200 87.500 455.112 104.825 174.000 2.800 231.300
11 23 13 -0.200 80.000 525.438 100.668 158.000 3.100 254.500
11 23 14 0.200 73.800 673.028 73.082 155.000 3.900 254.000
11 23 15 1.100 68.600 680.315 55.728 155.000 3.300 197.000
11 23 16 0.600 66.100 807.803 23.940 145.000 3.600 115.600
11 23 17 -0.400 68.700 0.000 26.500 142.000 2.800 26.500
11 23 18 -1.200 73.200 0.000 0.000 134.000 2.900 0.000
11 23 19 -1.600 76.500 0.000 0.000 127.000 3.600 0.000
11 23 20 -2.000 79.300 0.000 0.000 139.000 2.800 0.000
11 23 21 -2.300 81.000 0.000 0.000 128.000 3.300 0.000
11 23 22 -2.700 81.300 0.000 0.000 136.000 3.400 0.000
11 23 23 -3.100 81.000 0.000 0.000 134.000 3.600 0.000
11 23 24 -3.300 80.200 0.000 0.000 139.000 3.500 0.000
11 24 1 -2.900 79.100 0.000 0.000 138.000 3.900 0.000
11 24 2 -2.300 78.100 0.000 0.000 144.000 4.500 0.000
11 24 3 -1.800 77.100 0.000 0.000 145.000 3.800 0.000
11 24 4 -2.200 81.500 0.000 0.000 158.000 3.100 0.000
11 24 5 -2.400 90.300 0.000 0.000 137.000 2.700 0.000
11 24 6 -2.200 94.100 0.000 0.000 146.000 3.200 0.000
11 24 7 -1.900 95.300 0.000 0.000 155.000 2.700 0.000
11 24 8 -1.400 96.400 0.000 0.000 165.000 2.900 0.000
11 24 9 -1.000 96.300 0.000 3.900 175.000 2.500 3.900
11 24 10 -0.300 94.900 6.766 42.289 177.000 2.100 43.200
11 24 11 0.500 92.400 7.111 70.724 189.000 2.700 72.300
11 24 12 1.800 88.300 3.713 64.981 221.000 2.700 66.000
11 24 13 2.900 84.100 40.034 126.114 213.000 2.600 137.700
11 24 14 2.800 82.500 421.940 104.300 218.000 3.100 216.400
11 24 15 3.500 82.100 743.667 48.911 197.000 2.300 201.200
11 24 16 3.200 81.800 650.553 31.375 199.000 2.900 103.500
11 24 17 2.800 83.900 0.000 14.100 181.000 2.300 14.100
11 24 18 2.400 87.700 0.000 0.000 167.000 1.700 0.000
11 24 19 2.200 91.000 0.000 0.000 147.000 2.000 0.000
11 24 20 2.700 90.700 0.000 0.000 136.000 3.300 0.000
11 24 21 2.400 89.200 0.000 0.000 140.000 2.900 0.000
11 24 22 2.100 90.000 0.000 0.000 141.000 3.000 0.000
11 24 23 1.900 90.700 0.000 0.000 137.000 2.400 0.000
11 24 24 1.900 91.000 0.000 0.000 131.000 2.100 0.000
11 25 1 1.800 92.000 0.000 0.000 139.000 2.800 0.000
11 25 2 0.900 92.600 0.000 0.000 95.000 1.600 0.000
11 25 3 1.100 94.100 0.000 0.000 116.000 2.700 0.000
11 25 4 1.400 95.200 0.000 0.000 131.000 2.100 0.000
11 25 5 1.400 94.500 0.000 0.000 105.000 1.500 0.000
11 25 6 1.300 93.900 0.000 0.000 109.000 2.100 0.000
11 25 7 1.400 94.000 0.000 0.000 113.000 2.600 0.000
11 25 8 1.500 93.800 0.000 0.000 110.000 2.200 0.000
11 25 9 1.400 93.200 0.000 0.900 121.000 2.600 0.900
11 25 10 1.700 92.600 2.353 24.792 114.000 2.100 25.100
11 25 11 2.400 90.900 6.563 67.769 120.000 2.100 69.200
11 25 12 3.100 86.600 29.849 113.613 119.000 2.400 121.700
11 25 13 3.600 82.500 311.780 125.480 60.000 1.100 214.700
11 25 14 4.900 78.500 275.017 118.565 37.000 1.900 190.800
11 25 15 4.700 77.600 248.042 92.891 44.000 1.900 143.000
11 25 16 4.900 79.600 184.153 51.441 63.000 1.800 71.400
11 25 17 4.300 80.900 0.000 14.500 36.000 2.900 14.500
11 25 18 3.900 82.700 0.000 0.000 58.000 2.900 0.000
11 25 19 3.500 83.900 0.000 0.000 47.000 2.200 0.000
11 25 20 3.600 84.500 0.000 0.000 57.000 2.800 0.000
11 25 21 3.500 85.200 0.000 0.000 52.000 2.100 0.000
11 25 22 3.300 85.400 0.000 0.000 40.000 2.600 0.000
11 25 23 2.600 85.800 0.000 0.000 17.000 3.300 0.000
11 25 24 1.900 87.200 0.000 0.000 42.000 3.500 0.000
11 26 1 0.800 89.600 0.000 0.000 29.000 3.600 0.000
11 26 2 0.700 91.900 0.000 0.000 27.000 2.000 0.000
11 26 3 1.100 92.100 0.000 0.000 352.000 3.000 0.000
11 26 4 1.100 91.000 0.000 0.000 349.000 3.700 0.000
11 26 5 1.000 89.700 0.000 0.000 348.000 3.200 0.000
11 26 6 0.200 91.200 0.000 0.000 354.000 3.500 0.000
11 26 7 0.000 93.800 0.000 0.000 6.000 3.300 0.000
11 26 8 -0.400 93.800 0.000 0.000 344.000 2.900 0.000
11 26 9 -0.200 94.000 0.000 3.000 343.000 3.100 3.000
11 26 10 0.500 93.600 5.783 37.562 332.000 2.800 38.300
11 26 11 1.200 92.600 13.186 78.971 319.000 3.100 81.800
11 26 12 1.900 93.900 6.174 81.248 322.000 3.500 82.900
11 26 13 2.900 95.100 21.224 112.893 325.000 3.700 118.900
11 26 14 3.900 93.600 18.696 101.544 339.000 3.500 106.400
11 26 15 4.500 92.000 3.937 48.615 338.000 3.100 49.400
11 26 16 4.800 90.200 90.980 50.054 321.000 4.100 59.700
11 26 17 4.300 88.500 0.000 16.900 320.000 4.000 16.900
11 26 18 3.800 89.700 0.000 0.000 311.000 3.400 0.000
11 26 19 3.900 90.300 0.000 0.000 309.000 4.000 0.000
11 26 20 3.900 89.600 0.000 0.000 319.000 3.700 0.000
11 26 21 3.800 89.700 0.000 0.000 305.000 4.100 0.000
11 26 22 3.800 90.600 0.000 0.000 311.000 3.500 0.000
11 26 23 3.900 91.300 0.000 0.000 310.000 3.400 0.000
11 26 24 3.700 91.700 0.000 0.000 284.000 3.300 0.000
11 27 1 3.600 92.900 0.000 0.000 286.000 2.600 0.000
11 27 2 3.300 93.000 0.000 0.000 277.000 3.300 0.000
11 27 3 3.400 92.200 0.000 0.000 274.000 2.900 0.000
11 27 4 3.500 91.900 0.000 0.000 274.000 3.000 0.000
11 27 5 3.400 91.800 0.000 0.000 271.000 3.100 0.000
11 27 6 3.200 91.700 0.000 0.000 274.000 3.200 0.000
11 27 7 2.900 91.800 0.000 0.000 271.000 2.700 0.000
11 27 8 2.800 90.400 0.000 0.000 254.000 2.400 0.000
11 27 9 2.600 88.200 0.000 2.000 242.000 2.200 2.000
11 27 10 2.100 88.200 13.961 46.167 211.000 2.600 47.900
11 27 11 2.700 86.400 199.624 99.737 202.000 2.800 141.900
11 27 12 4.000 79.100 372.912 109.611 215.000 3.700 208.200
11 27 13 4.900 71.600 527.258 96.280 217.000 3.400 243.900
11 27 14 5.100 67.500 554.971 84.903 205.000 3.500 227.500
11 27 15 5.100 66.600 550.112 65.511 221.000 4.600 173.800
11 27 16 4.500 67.500 707.079 26.620 208.000 4.700 100.000
11 27 17 3.700 69.700 0.000 19.200 194.000 4.200 19.200
11 27 18 2.800 73.800 0.000 0.000 187.000 3.600 0.000
11 27 19 2.600 76.800 0.000 0.000 182.000 3.400 0.000
11 27 20 2.900 77.400 0.000 0.000 183.000 3.500 0.000
11 27 21 3.100 77.500 0.000 0.000 189.000 3.900 0.000
11 27 22 3.700 76.900 0.000 0.000 202.000 4.200 0.000
11 27 23 3.700 76.600 0.000 0.000 201.000 4.200 0.000
11 27 24 4.000 76.500 0.000 0.000 205.000 3.600 0.000
11 28 1 4.200 76.300 0.000 0.000 206.000 3.700 0.000
11 28 2 4.300 76.000 0.000 0.000 205.000 4.300 0.000
11 28 3 4.400 76.200 0.000 0.000 209.000 3.800 0.000
11 28 4 4.600 78.600 0.000 0.000 206.000 4.000 0.000
11 28 5 4.700 80.500 0.000 0.000 214.000 3.900 0.000
11 28 6 4.900 81.200 0.000 0.000 204.000 3.900 0.000
11 28 7 5.200 81.900 0.000 0.000 204.000 3.500 0.000
11 28 8 5.200 82.700 0.000 0.000 202.000 3.500 0.000
11 28 9 5.300 83.400 0.000 1.000 201.000 3.500 1.000
11 28 10 5.300 82.700 1.865 20.375 199.000 3.800 20.600
11 28 11 5.800 81.100 1.105 27.070 203.000 4.200 27.300
11 28 12 6.300 79.700 3.302 58.437 205.000 4.000 59.300
11 28 13 6.600 79.000 4.911 75.339 214.000 3.600 76.700
11 28 14 6.800 79.000 3.369 57.443 197.000 3.400 58.300
11 28 15 7.000 80.700 5.277 54.774 195.000 3.600 55.800
11 28 16 6.900 80.800 12.755 37.203 197.000 3.500 38.500
11 28 17 6.800 79.400 0.000 8.700 201.000 3.000 8.700
11 28 18 6.600 80.700 0.000 0.000 183.000 2.700 0.000
11 28 19 6.500 81.800 0.000 0.000 181.000 3.000 0.000
11 28 20 6.400 82.100 0.000 0.000 183.000 2.700 0.000
11 28 21 6.300 83.300 0.000 0.000 181.000 3.100 0.000
11 28 22 6.200 84.100 0.000 0.000 190.000 2.700 0.000
11 28 23 6.300 84.500 0.000 0.000 190.000 2.900 0.000
11 28 24 6.000 86.800 0.000 0.000 190.000 2.500 0.000
11 29 1 5.300 92.300 0.000 0.000 201.000 2.200 0.000
11 29 2 5.200 97.100 0.000 0.000 202.000 2.400 0.000
11 29 3 5.200 98.700 0.000 0.000 202.000 2.400 0.000
11 29 4 5.400 99.200 0.000 0.000 214.000 2.100 0.000
11 29 5 5.600 99.200 0.000 0.000 213.000 1.800 0.000
11 29 6 5.900 99.300 0.000 0.000 232.000 2.000 0.000
11 29 7 6.000 99.300 0.000 0.000 234.000 1.400 0.000
11 29 8 6.000 99.100 0.000 0.000 217.000 1.600 0.000
11 29 9 6.000 99.100 0.000 0.000 200.000 2.100 0.000
11 29 10 6.100 98.900 2.498 22.907 200.000 1.700 23.200
11 29 11 6.200 98.500 20.135 81.077 194.000 1.900 85.200
11 29 12 6.500 98.300 4.681 68.591 218.000 2.000 69.800
11 29 13 6.700 98.500 2.130 49.416 194.000 2.200 50.000
11 29 14 7.000 98.400 1.332 35.965 194.000 1.800 36.300
11 29 15 7.200 98.100 4.763 51.485 181.000 2.100 52.400
11 29 16 7.200 97.900 73.485 46.377 181.000 2.000 53.700
11 29 17 6.800 97.200 0.000 2.200 164.000 1.700 2.200
11 29 18 6.800 97.100 0.000 0.000 158.000 2.200 0.000
11 29 19 7.000 97.500 0.000 0.000 167.000 2.800 0.000
11 29 20 7.000 97.300 0.000 0.000 157.000 2.700 0.000
11 29 21 6.700 97.200 0.000 0.000 146.000 2.900 0.000
11 29 22 6.700 97.600 0.000 0.000 159.000 2.800 0.000
11 29 23 7.000 97.600 0.000 0.000 145.000 3.100 0.000
11 29 24 6.800 97.000 0.000 0.000 152.000 3.300 0.000
11 30 1 6.600 96.600 0.000 0.000 155.000 2.900 0.000
11 30 2 5.800 96.700 0.000 0.000 151.000 2.600 0.000
11 30 3 5.600 97.200 0.000 0.000 151.000 2.800 0.000
11 30 4 5.300 97.500 0.000 0.000 150.000 3.100 0.000
11 30 5 5.500 97.100 0.000 0.000 152.000 2.900 0.000
11 30 6 5.700 96.000 0.000 0.000 160.000 3.300 0.000
11 30 7 5.800 94.700 0.000 0.000 164.000 2.800 0.000
11 30 8 5.500 94.400 0.000 0.000 155.000 3.200 0.000
11 30 9 4.900 95.900 0.000 0.000 164.000 3.100 0.000
11 30 10 5.300 96.900 2.140 20.655 163.000 3.300 20.900
11 30 11 6.200 94.100 6.858 63.717 172.000 3.000 65.100
11 30 12 7.300 89.200 68.475 118.119 191.000 2.800 135.600
11 30 13 8.400 83.700 156.951 129.985 204.000 3.200 172.600
11 30 14 9.100 80.000 210.865 117.243 208.000 3.100 169.800
11 30 15 8.700 80.100 121.378 90.939 204.000 2.700 114.000
11 30 16 8.500 83.000 87.734 46.121 198.000 2.400 54.700
11 30 17 8.200 85.900 0.000 9.400 184.000 2.400 9.400
11 30 18 7.900 88.300 0.000 0.000 192.000 2.000 0.000
11 30 19 7.700 91.700 0.000 0.000 211.000 2.600 0.000
11 30 20 7.500 95.400 0.000 0.000 227.000 2.400 0.000
11 30 21 7.500 96.700 0.000 0.000 215.000 2.400 0.000
11 30 22 7.300 96.800 0.000 0.000 217.000 2.300 0.000
11 30 23 7.300 97.300 0.000 0.000 218.000 2.300 0.000
11 30 24 7.000 97.200 0.000 0.000 241.000 2.700 0.000
12 1 1 6.800 96.700 0.000 0.000 260.000 2.700 0.000
12 1 2 6.500 89.500 0.000 0.000 285.000 3.300 0.000
12 1 3 5.200 89.800 0.000 0.000 284.000 2.800 0.000
12 1 4 4.300 90.800 0.000 0.000 270.000 2.800 0.000
12 1 5 3.500 91.200 0.000 0.000 271.000 2.800 0.000
12 1 6 2.300 92.900 0.000 0.000 246.000 2.400 0.000
12 1 7 1.700 96.100 0.000 0.000 228.000 2.700 0.000
12 1 8 2.600 97.200 0.000 0.000 223.000 2.400 0.000
12 1 9 3.200 96.400 0.000 0.000 230.000 2.000 0.000
12 1 10 3.700 94.800 2.713 22.598 240.000 2.500 22.900
12 1 11 4.600 92.300 18.018 77.320 209.000 1.500 80.900
12 1 12 4.900 88.700 35.745 108.676 200.000 2.100 117.700
12 1 13 5.400 84.000 153.389 128.850 187.000 3.000 170.100
12 1 14 5.800 81.400 274.697 111.773 232.000 2.800 179.600
12 1 15 6.700 78.900 395.601 76.248 221.000 3.200 150.600
12 1 16 6.400 76.900 660.761 26.846 194.000 3.000 90.300
12 1 17 5.200 80.500 0.000 16.700 172.000 2.200 16.700
12 1 18 4.100 86.000 0.000 0.000 181.000 2.300 0.000
12 1 19 3.400 90.500 0.000 0.000 163.000 2.100 0.000
12 1 20 2.800 93.600 0.000 0.000 166.000 2.400 0.000
12 1 21 1.800 94.900 0.000 0.000 169.000 2.400 0.000
12 1 22 1.900 95.600 0.000 0.000 161.000 2.900 0.000
12 1 23 1.200 94.900 0.000 0.000 161.000 2.600 0.000
12 1 24 1.000 94.200 0.000 0.000 153.000 2.900 0.000
12 2 1 0.700 93.100 0.000 0.000 151.000 2.800 0.000
12 2 2 -0.200 92.600 0.000 0.000 145.000 2.200 0.000
12 2 3 0.000 94.300 0.000 0.000 143.000 2.200 0.000
12 2 4 0.100 95.100 0.000 0.000 156.000 3.100 0.000
12 2 5 0.000 94.400 0.000 0.000 143.000 2.700 0.000
12 2 6 -0.100 94.500 0.000 0.000 139.000 3.000 0.000
12 2 7 0.000 95.400 0.000 0.000 143.000 2.800 0.000
12 2 8 -0.100 96.300 0.000 0.000 140.000 2.600 0.000
12 2 9 0.100 97.100 0.000 0.000 146.000 2.900 0.000
12 2 10 0.500 97.400 3.414 24.630 145.000 2.400 25.000
12 2 11 1.300 96.600 4.689 52.082 143.000 2.600 53.000
12 2 12 2.400 96.000 3.547 57.914 153.000 3.300 58.800
12 2 13 3.200 94.500 5.400 75.961 148.000 3.700 77.400
12 2 14 3.700 92.500 5.932 73.049 150.000 3.400 74.500
12 2 15 4.900 89.600 298.889 82.699 144.000 3.400 138.300
12 2 16 4.600 87.900 911.338 17.266 146.000 2.900 103.300
12 2 17 3.700 90.100 0.000 17.000 150.000 3.400 17.000
12 2 18 3.000 93.800 0.000 0.000 144.000 3.100 0.000
12 2 19 2.500 96.400 0.000 0.000 135.000 2.900 0.000
12 2 20 2.300 97.200 0.000 0.000 141.000 2.800 0.000
12 2 21 2.000 97.300 0.000 0.000 138.000 3.000 0.000
12 2 22 1.400 97.600 0.000 0.000 130.000 3.200 0.000
12 2 23 1.200 97.500 0.000 0.000 135.000 2.700 0.000
12 2 24 0.500 97.400 0.000 0.000 117.000 2.300 0.000
12 3 1 0.200 97.700 0.000 0.000 111.000 2.500 0.000
12 3 2 0.600 98.600 0.000 0.000 114.000 2.900 0.000
12 3 3 1.000 99.400 0.000 0.000 110.000 2.300 0.000
12 3 4 1.300 99.400 0.000 0.000 112.000 2.000 0.000
12 3 5 1.500 99.500 0.000 0.000 125.000 1.900 0.000
12 3 6 1.500 99.600 0.000 0.000 117.000 2.000 0.000
12 3 7 1.500 99.600 0.000 0.000 120.000 2.000 0.000
12 3 8 1.600 99.600 0.000 0.000 117.000 1.800 0.000
12 3 9 1.800 99.800 0.000 0.000 125.000 2.000 0.000
12 3 10 2.000 100.000 0.989 12.996 128.000 1.900 13.100
12 3 11 2.700 100.000 3.102 41.901 127.000 1.900 42.500
12 3 12 3.300 99.600 8.442 82.913 119.000 2.500 85.000
12 3 13 3.900 98.100 71.168 122.706 132.000 2.500 141.500
12 3 14 4.300 95.400 49.031 108.604 116.000 2.500 120.500
12 3 15 4.900 91.500 40.314 80.573 120.000 2.700 88.000
12 3 16 4.700 90.800 53.733 42.008 124.000 2.700 47.000
12 3 17 4.300 94.100 0.000 3.100 119.000 2.600 3.100
12 3 18 3.900 96.800 0.000 0.000 122.000 2.600 0.000
12 3 19 3.800 97.400 0.000 0.000 113.000 2.400 0.000
12 3 20 3.600 97.600 0.000 0.000 127.000 2.700 0.000
12 3 21 3.300 97.900 0.000 0.000 132.000 2.600 0.000
12 3 22 3.200 97.600 0.000 0.000 124.000 2.500 0.000
12 3 23 2.900 97.200 0.000 0.000 120.000 2.100 0.000
12 3 24 2.900 96.200 0.000 0.000 120.000 2.400 0.000
12 4 1 2.700 95.000 0.000 0.000 146.000 2.500 0.000
12 4 2 2.000 93.900 0.000 0.000 138.000 2.600 0.000
12 4 3 1.700 93.700 0.000 0.000 135.000 2.600 0.000
12 4 4 1.500 94.700 0.000 0.000 110.000 2.500 0.000
12 4 5 0.800 95.800 0.000 0.000 120.000 2.600 0.000
12 4 6 0.900 96.700 0.000 0.000 130.000 2.700 0.000
12 4 7 1.000 96.900 0.000 0.000 133.000 2.800 0.000
12 4 8 1.200 96.300 0.000 0.000 130.000 2.300 0.000
12 4 9 1.200 95.400 0.000 0.000 143.000 2.500 0.000
12 4 10 1.300 94.500 2.434 19.751 121.000 2.000 20.000
12 4 11 2.200 92.800 23.403 77.246 130.000 2.200 81.700
12 4 12 3.100 89.500 164.614 117.125 122.000 2.800 157.400
12 4 13 3.700 86.700 105.119 124.877 143.000 3.200 152.400
12 4 14 4.300 85.200 39.829 105.115 133.000 3.200 114.700
12 4 15 4.200 85.400 131.417 87.609 132.000 3.500 111.600
12 4 16 3.700 87.400 4.696 24.370 125.000 3.800 24.800
12 4 17 3.900 89.200 0.000 3.100 134.000 3.400 3.100
12 4 18 4.400 89.100 0.000 0.000 129.000 2.300 0.000
12 4 19 4.500 88.800 0.000 0.000 127.000 2.600 0.000
12 4 20 4.400 89.600 0.000 0.000 105.000 2.800 0.000
12 4 21 3.200 90.600 0.000 0.000 84.000 2.900 0.000
12 4 22 2.400 92.400 0.000 0.000 90.000 3.100 0.000
12 4 23 2.300 93.900 0.000 0.000 89.000 2.600 0.000
12 4 24 2.400 94.400 0.000 0.000 101.000 2.100 0.000
12 5 1 2.400 94.200 0.000 0.000 81.000 2.200 0.000
12 5 2 2.500 93.700 0.000 0.000 88.000 1.600 0.000
12 5 3 2.700 93.700 0.000 0.000 80.000 2.300 0.000
12 5 4 2.900 94.200 0.000 0.000 97.000 1.700 0.000
12 5 5 3.100 94.600 0.000 0.000 93.000 1.900 0.000
12 5 6 3.400 94.900 0.000 0.000 100.000 2.400 0.000
12 5 7 3.500 95.900 0.000 0.000 104.000 1.600 0.000
12 5 8 3.700 97.900 0.000 0.000 90.000 1.600 0.000
12 5 9 3.800 99.000 0.000 0.000 87.000 2.100 0.000
12 5 10 4.100 99.100 0.475 8.553 84.000 1.700 8.600
12 5 11 4.300 98.800 1.226 25.770 70.000 1.700 26.000
12 5 12 4.300 98.700 1.081 31.238 132.000 1.600 31.500
12 5 13 4.400 98.800 1.001 32.240 169.000 1.300 32.500
12 5 14 4.300 98.300 1.266 33.298 258.000 1.300 33.600
12 5 15 4.100 98.400 4.365 46.510 271.000 1.100 47.300
12 5 16 4.100 98.800 1.837 15.134 250.000 1.100 15.300
12 5 17 4.100 99.200 0.000 3.300 236.000 1.800 3.300
12 5 18 3.900 98.800 0.000 0.000 239.000 2.600 0.000
12 5 19 3.700 96.800 0.000 0.000 254.000 2.200 0.000
12 5 20 3.500 94.400 0.000 0.000 233.000 2.100 0.000
12 5 21 3.200 92.900 0.000 0.000 218.000 2.600 0.000
12 5 22 2.700 92.100 0.000 0.000 238.000 2.500 0.000
12 5 23 2.100 92.700 0.000 0.000 224.000 2.500 0.000
12 5 24 1.900 94.100 0.000 0.000 228.000 2.600 0.000
12 6 1 1.900 94.600 0.000 0.000 227.000 2.300 0.000
12 6 2 2.200 95.400 0.000 0.000 210.000 1.700 0.000
12 6 3 2.400 96.200 0.000 0.000 200.000 2.200 0.000
12 6 4 2.600 96.200 0.000 0.000 205.000 2.100 0.000
12 6 5 2.600 96.000 0.000 0.000 176.000 2.400 0.000
12 6 6 2.500 95.800 0.000 0.000 154.000 2.700 0.000
12 6 7 2.100 95.800 0.000 0.000 151.000 2.900 0.000
12 6 8 1.100 96.700 0.000 0.000 144.000 2.500 0.000
12 6 9 0.700 98.400 0.000 0.000 149.000 2.900 0.000
12 6 10 0.600 98.900 1.542 14.950 136.000 3.300 15.100
12 6 11 1.500 97.400 5.309 52.416 133.000 3.400 53.400
12 6 12 2.600 94.800 27.496 99.800 139.000 3.900 106.400
12 6 13 4.100 89.600 80.583 121.035 149.000 3.600 141.800
12 6 14 4.200 85.700 13.663 88.061 146.000 3.900 91.300
12 6 15 4.400 85.000 71.886 83.590 140.000 3.600 96.500
12 6 16 4.300 85.800 132.270 42.809 133.000 3.400 54.600
12 6 17 4.400 87.800 0.000 3.100 141.000 3.300 3.100
12 6 18 4.500 88.700 0.000 0.000 148.000 3.400 0.000
12 6 19 4.400 88.900 0.000 0.000 149.000 3.200 0.000
12 6 20 4.500 89.000 0.000 0.000 160.000 3.000 0.000
12 6 21 4.600 88.600 0.000 0.000 162.000 2.600 0.000
12 6 22 4.800 87.600 0.000 0.000 164.000 2.800 0.000
12 6 23 4.500 87.500 0.000 0.000 165.000 2.800 0.000
12 6 24 4.100 88.800 0.000 0.000 176.000 2.400 0.000
12 7 1 3.300 91.900 0.000 0.000 162.000 3.100 0.000
12 7 2 3.900 91.700 0.000 0.000 149.000 2.900 0.000
12 7 3 3.800 89.400 0.000 0.000 154.000 2.700 0.000
12 7 4 3.400 90.600 0.000 0.000 164.000 2.900 0.000
12 7 5 4.000 91.300 0.000 0.000 167.000 2.800 0.000
12 7 6 4.400 91.100 0.000 0.000 161.000 2.700 0.000
12 7 7 4.700 90.600 0.000 0.000 171.000 2.800 0.000
12 7 8 5.600 91.000 0.000 0.000 177.000 2.400 0.000
12 7 9 5.900 93.000 0.000 0.000 176.000 2.700 0.000
12 7 10 6.500 93.800 0.878 11.017 187.000 3.000 11.100
12 7 11 7.200 93.300 7.238 58.876 191.000 2.900 60.200
12 7 12 7.800 93.200 10.688 84.258 208.000 3.300 86.800
12 7 13 8.800 90.800 40.479 112.046 210.000 3.200 122.400
12 7 14 9.300 87.600 102.807 112.291 214.000 3.200 136.500
12 7 15 10.000 86.000 95.808 84.718 224.000 2.900 101.800
12 7 16 10.100 85.100 274.629 39.992 210.000 2.100 64.200
12 7 17 8.700 86.900 0.000 11.700 199.000 2.700 11.700
12 7 18 8.200 90.300 0.000 0.000 170.000 2.300 0.000
12 7 19 8.500 91.400 0.000 0.000 182.000 2.000 0.000
12 7 20 7.500 91.800 0.000 0.000 174.000 2.200 0.000
12 7 21 6.500 93.000 0.000 0.000 162.000 2.800 0.000
12 7 22 5.900 94.400 0.000 0.000 158.000 2.700 0.000
12 7 23 5.800 94.900 0.000 0.000 161.000 2.700 0.000
12 7 24 5.900 94.100 0.000 0.000 166.000 2.800 0.000
12 8 1 6.300 92.500 0.000 0.000 158.000 2.900 0.000
12 8 2 6.800 94.000 0.000 0.000 153.000 3.000 0.000
12 8 3 7.100 96.300 0.000 0.000 150.000 3.000 0.000
12 8 4 7.000 96.100 0.000 0.000 147.000 3.900 0.000
12 8 5 7.400 97.200 0.000 0.000 169.000 4.200 0.000
12 8 6 8.200 98.800 0.000 0.000 186.000 4.300 0.000
12 8 7 9.000 98.800 0.000 0.000 222.000 4.600 0.000
12 8 8 9.200 98.400 0.000 0.000 209.000 4.200 0.000
12 8 9 9.400 98.100 0.000 0.000 226.000 4.200 0.000
12 8 10 9.500 97.400 4.726 24.664 222.000 4.500 25.100
12 8 11 10.200 96.400 104.884 86.252 235.000 3.700 105.200
12 8 12 11.700 94.400 328.859 102.444 236.000 3.800 180.000
12 8 13 12.700 86.900 527.808 87.822 236.000 4.400 221.900
12 8 14 13.600 78.000 360.824 98.665 232.000 4.300 183.100
12 8 15 12.700 77.200 53.384 80.144 217.000 4.000 89.600
12 8 16 12.900 79.800 246.819 40.359 231.000 3.600 61.900
12 8 17 12.200 82.700 0.000 2.300 208.000 2.500 2.300
12 8 18 11.900 87.600 0.000 0.000 198.000 3.100 0.000
12 8 19 12.400 90.400 0.000 0.000 211.000 3.000 0.000
12 8 20 12.200 94.400 0.000 0.000 233.000 2.600 0.000
12 8 21 12.500 98.500 0.000 0.000 225.000 3.400 0.000
12 8 22 12.600 98.900 0.000 0.000 220.000 3.400 0.000
12 8 23 12.500 98.700 0.000 0.000 222.000 3.800 0.000
12 8 24 12.400 98.400 0.000 0.000 223.000 3.500 0.000
12 9 1 11.900 98.400 0.000 0.000 210.000 3.300 0.000
12 9 2 11.600 98.300 0.000 0.000 222.000 3.200 0.000
12 9 3 11.400 98.500 0.000 0.000 233.000 3.300 0.000
12 9 4 11.500 98.900 0.000 0.000 227.000 3.000 0.000
12 9 5 11.500 99.100 0.000 0.000 232.000 3.000 0.000
12 9 6 11.500 99.400 0.000 0.000 223.000 3.000 0.000
12 9 7 11.300 99.200 0.000 0.000 215.000 3.200 0.000
12 9 8 11.100 98.800 0.000 0.000 219.000 2.700 0.000
12 9 9 10.900 98.600 0.000 0.000 225.000 2.900 0.000
12 9 10 10.900 98.200 0.937 10.816 217.000 2.800 10.900
12 9 11 11.200 97.600 2.924 37.678 226.000 2.900 38.200
12 9 12 11.500 98.000 4.202 59.017 233.000 2.700 60.000
12 9 13 11.800 98.600 4.773 67.795 232.000 2.800 69.000
12 9 14 11.900 98.800 5.343 66.057 224.000 2.400 67.300
12 9 15 11.900 99.000 14.896 66.477 214.000 2.300 69.100
12 9 16 11.700 98.900 240.625 40.178 205.000 2.000 61.000
12 9 17 11.600 98.800 0.000 8.900 219.000 1.900 8.900
12 9 18 11.100 98.800 0.000 0.000 181.000 1.600 0.000
12 9 19 11.000 98.700 0.000 0.000 163.000 2.500 0.000
12 9 20 10.800 99.000 0.000 0.000 174.000 2.400 0.000
12 9 21 10.800 98.800 0.000 0.000 170.000 2.700 0.000
12 9 22 10.700 98.100 0.000 0.000 164.000 2.600 0.000
12 9 23 11.000 97.800 0.000 0.000 181.000 2.100 0.000
12 9 24 10.900 98.000 0.000 0.000 182.000 2.100 0.000
12 10 1 10.700 97.700 0.000 0.000 205.000 2.500 0.000
12 10 2 10.500 97.400 0.000 0.000 205.000 2.400 0.000
12 10 3 10.400 97.300 0.000 0.000 216.000 1.900 0.000
12 10 4 10.100 97.000 0.000 0.000 216.000 2.600 0.000
12 10 5 10.100 96.700 0.000 0.000 212.000 2.700 0.000
12 10 6 10.200 96.300 0.000 0.000 228.000 3.200 0.000
12 10 7 10.400 95.600 0.000 0.000 234.000 3.400 0.000
12 10 8 9.900 95.400 0.000 0.000 237.000 3.600 0.000
12 10 9 10.000 95.500 0.000 0.000 231.000 3.100 0.000
12 10 10 10.300 94.600 0.599 8.447 228.000 2.900 8.500
12 10 11 10.600 93.200 12.214 64.244 228.000 3.100 66.400
12 10 12 11.200 92.200 10.660 82.226 232.000 3.500 84.700
12 10 13 11.700 91.500 7.861 82.728 235.000 3.700 84.700
12 10 14 12.200 90.100 14.099 86.537 236.000 3.100 89.800
12 10 15 12.400 89.000 13.547 65.027 234.000 2.900 67.400
12 10 16 12.200 89.100 18.389 33.620 218.000 2.900 35.200
12 10 17 11.800 90.800 0.000 3.100 226.000 3.300 3.100
12 10 18 11.500 93.000 0.000 0.000 222.000 3.300 0.000
12 10 19 11.400 94.200 0.000 0.000 237.000 3.200 0.000
12 10 20 11.300 94.600 0.000 0.000 239.000 3.000 0.000
12 10 21 11.200 94.400 0.000 0.000 219.000 3.700 0.000
12 10 22 11.200 94.500 0.000 0.000 238.000 3.700 0.000
12 10 23 11.000 95.400 0.000 0.000 227.000 3.900 0.000
12 10 24 10.800 96.500 0.000 0.000 237.000 3.900 0.000
12 11 1 10.900 96.900 0.000 0.000 233.000 4.000 0.000
12 11 2 10.700 96.500 0.000 0.000 230.000 4.000 0.000
12 11 3 10.500 95.900 0.000 0.000 235.000 4.100 0.000
12 11 4 10.100 95.900 0.000 0.000 236.000 3.800 0.000
12 11 5 10.200 95.300 0.000 0.000 261.000 4.000 0.000
12 11 6 10.600 91.600 0.000 0.000 247.000 3.700 0.000
12 11 7 10.600 87.000 0.000 0.000 252.000 3.800 0.000
12 11 8 10.500 83.400 0.000 0.000 256.000 3.900 0.000
12 11 9 10.500 80.100 0.000 0.000 252.000 3.800 0.000
12 11 10 9.700 80.600 4.404 22.123 245.000 3.400 22.500
12 11 11 9.900 81.800 33.225 74.600 239.000 4.000 80.400
12 11 12 10.800 79.600 65.260 106.462 254.000 4.600 121.500
12 11 13 10.900 76.900 116.097 119.638 260.000 5.200 148.600
12 11 14 10.900 75.300 47.110 102.848 274.000 5.200 113.700
12 11 15 10.600 76.100 116.664 83.653 251.000 4.600 104.000
12 11 16 10.600 77.400 233.500 39.853 251.000 4.800 59.800
12 11 17 10.300 77.600 0.000 6.800 226.000 4.900 6.800
12 11 18 9.700 78.600 0.000 0.000 241.000 3.600 0.000
12 11 19 8.900 81.200 0.000 0.000 264.000 3.600 0.000
12 11 20 8.600 82.300 0.000 0.000 253.000 3.900 0.000
12 11 21 8.100 82.000 0.000 0.000 249.000 3.100 0.000
12 11 22 6.700 85.700 0.000 0.000 233.000 3.000 0.000
12 11 23 6.300 91.100 0.000 0.000 244.000 2.800 0.000
12 11 24 6.200 93.000 0.000 0.000 233.000 2.700 0.000
12 12 1 5.700 93.500 0.000 0.000 243.000 2.300 0.000
12 12 2 5.000 94.700 0.000 0.000 248.000 2.700 0.000
12 12 3 4.600 96.000 0.000 0.000 246.000 2.600 0.000
12 12 4 4.200 97.200 0.000 0.000 261.000 2.700 0.000
12 12 5 3.600 97.800 0.000 0.000 247.000 3.100 0.000
12 12 6 3.500 98.000 0.000 0.000 249.000 2.900 0.000
12 12 7 3.000 98.400 0.000 0.000 256.000 1.900 0.000
12 12 8 2.200 99.100 0.000 0.000 209.000 1.600 0.000
12 12 9 2.300 99.400 0.000 0.000 219.000 2.700 0.000
12 12 10 3.000 98.800 1.813 13.948 237.000 2.400 14.100
12 12 11 3.700 97.400 15.078 65.395 229.000 1.500 68.000
12 12 12 4.400 96.400 73.211 106.844 212.000 1.000 123.600
12 12 13 4.800 96.400 486.488 90.858 187.000 1.400 211.600
12 12 14 6.600 91.900 522.613 80.017 209.000 1.000 199.900
12 12 15 7.700 84.600 477.382 64.353 180.000 1.200 147.300
12 12 16 6.800 83.900 869.271 16.356 122.000 1.200 90.300
12 12 17 5.300 89.400 0.000 13.100 118.000 1.700 13.100
12 12 18 4.400 95.100 0.000 0.000 122.000 1.900 0.000
12 12 19 5.100 97.900 0.000 0.000 131.000 2.000 0.000
12 12 20 5.400 98.600 0.000 0.000 194.000 2.100 0.000
12 12 21 5.400 98.900 0.000 0.000 118.000 2.200 0.000
12 12 22 5.600 98.700 0.000 0.000 121.000 2.100 0.000
12 12 23 5.200 98.000 0.000 0.000 120.000 1.800 0.000
12 12 24 5.300 97.300 0.000 0.000 162.000 1.500 0.000
12 13 1 5.500 97.500 0.000 0.000 169.000 1.800 0.000
12 13 2 5.600 97.600 0.000 0.000 199.000 1.300 0.000
12 13 3 5.700 97.300 0.000 0.000 207.000 1.700 0.000
12 13 4 5.500 97.200 0.000 0.000 231.000 1.800 0.000
12 13 5 5.500 97.900 0.000 0.000 261.000 1.600 0.000
12 13 6 5.500 98.800 0.000 0.000 221.000 1.700 0.000
12 13 7 5.300 99.200 0.000 0.000 204.000 1.600 0.000
12 13 8 5.200 99.600 0.000 0.000 206.000 2.200 0.000
12 13 9 4.800 99.900 0.000 0.000 204.000 2.700 0.000
12 13 10 4.600 100.000 0.954 9.922 195.000 2.600 10.000
12 13 11 4.600 99.800 4.553 44.921 218.000 2.700 45.700
12 13 12 5.300 98.600 5.292 64.297 215.000 2.700 65.500
12 13 13 6.200 96.700 3.992 60.814 247.000 2.800 61.800
12 13 14 6.900 93.900 3.277 51.051 223.000 3.200 51.800
12 13 15 8.200 90.600 159.873 83.205 225.000 3.300 110.900
12 13 16 8.600 88.200 243.164 39.372 244.000 3.400 60.000
12 13 17 8.800 87.100 0.000 3.900 242.000 3.500 3.900
12 13 18 8.600 88.200 0.000 0.000 242.000 3.400 0.000
12 13 19 8.700 89.500 0.000 0.000 248.000 3.400 0.000
12 13 20 8.900 89.700 0.000 0.000 252.000 3.700 0.000
12 13 21 8.900 89.000 0.000 0.000 268.000 3.800 0.000
12 13 22 8.200 89.700 0.000 0.000 267.000 3.500 0.000
12 13 23 7.400 92.400 0.000 0.000 282.000 2.700 0.000
12 13 24 7.300 93.600 0.000 0.000 284.000 2.700 0.000
12 14 1 7.400 91.700 0.000 0.000 274.000 2.900 0.000
12 14 2 7.200 88.900 0.000 0.000 252.000 2.600 0.000
12 14 3 7.100 87.300 0.000 0.000 262.000 2.600 0.000
12 14 4 6.800 86.900 0.000 0.000 259.000 2.700 0.000
12 14 5 6.400 87.500 0.000 0.000 261.000 3.400 0.000
12 14 6 5.600 88.700 0.000 0.000 264.000 4.100 0.000
12 14 7 5.600 88.300 0.000 0.000 269.000 3.900 0.000
12 14 8 5.600 87.400 0.000 0.000 250.000 3.800 0.000
12 14 9 5.700 87.900 0.000 0.000 237.000 3.400 0.000
12 14 10 5.700 88.900 1.982 13.941 243.000 3.300 14.100
12 14 11 5.200 91.100 33.863 72.661 223.000 3.100 78.400
12 14 12 4.500 93.600 258.452 103.959 209.000 3.800 162.400
12 14 13 4.600 94.800 364.226 103.590 220.000 3.800 193.200
12 14 14 5.600 92.700 399.906 92.479 218.000 3.700 183.600
12 14 15 6.400 87.600 231.515 80.785 235.000 5.000 120.800
12 14 16 6.100 83.800 18.552 33.228 230.000 4.300 34.800
12 14 17 5.900 83.000 0.000 2.000 197.000 3.700 2.000
12 14 18 5.600 83.600 0.000 0.000 211.000 3.800 0.000
12 14 19 5.100 86.300 0.000 0.000 195.000 3.400 0.000
12 14 20 5.100 89.200 0.000 0.000 206.000 3.800 0.000
12 14 21 6.200 89.500 0.000 0.000 203.000 4.500 0.000
12 14 22 6.200 89.200 0.000 0.000 212.000 4.000 0.000
12 14 23 6.400 88.900 0.000 0.000 219.000 3.400 0.000
12 14 24 6.600 87.900 0.000 0.000 213.000 3.600 0.000
12 15 1 6.600 87.100 0.000 0.000 224.000 3.800 0.000
12 15 2 6.600 85.500 0.000 0.000 221.000 3.300 0.000
12 15 3 6.500 84.500 0.000 0.000 226.000 3.500 0.000
12 15 4 6.400 85.000 0.000 0.000 235.000 3.700 0.000
12 15 5 6.400 85.500 0.000 0.000 224.000 3.400 0.000
12 15 6 6.500 85.300 0.000 0.000 196.000 3.700 0.000
12 15 7 6.300 84.900 0.000 0.000 192.000 3.700 0.000
12 15 8 6.100 85.000 0.000 0.000 192.000 3.600 0.000
12 15 9 5.700 86.400 0.000 0.000 202.000 3.900 0.000
12 15 10 5.200 87.800 3.792 18.803 178.000 3.700 19.100
12 15 11 5.200 88.000 67.577 77.945 173.000 3.100 89.300
12 15 12 5.900 86.100 255.456 103.640 174.000 3.800 161.100
12 15 13 7.200 80.800 425.132 96.784 173.000 3.000 201.000
12 15 14 7.900 75.000 443.177 87.874 185.000 3.800 188.600
12 15 15 8.300 71.400 498.624 62.249 179.000 4.100 148.300
12 15 16 7.500 71.000 887.115 15.920 173.000 3.200 91.100
12 15 17 6.500 73.500 0.000 12.900 183.000 2.700 12.900
12 15 18 5.300 76.600 0.000 0.000 167.000 2.200 0.000
12 15 19 4.300 79.600 0.000 0.000 167.000 2.700 0.000
12 15 20 3.500 83.600 0.000 0.000 158.000 2.900 0.000
12 15 21 3.300 86.400 0.000 0.000 158.000 2.700 0.000
12 15 22 3.900 87.700 0.000 0.000 170.000 2.700 0.000
12 15 23 3.300 88.300 0.000 0.000 171.000 3.000 0.000
12 15 24 2.600 88.200 0.000 0.000 160.000 3.300 0.000
12 16 1 2.600 88.100 0.000 0.000 153.000 2.900 0.000
12 16 2 2.400 90.900 0.000 0.000 157.000 3.100 0.000
12 16 3 2.200 93.400 0.000 0.000 161.000 2.700 0.000
12 16 4 2.100 93.400 0.000 0.000 137.000 1.100 0.000
12 16 5 1.800 94.300 0.000 0.000 147.000 2.600 0.000
12 16 6 2.100 93.700 0.000 0.000 153.000 2.600 0.000
12 16 7 1.700 92.900 0.000 0.000 146.000 2.700 0.000
12 16 8 1.500 94.100 0.000 0.000 150.000 2.600 0.000
12 16 9 1.300 95.500 0.000 0.000 147.000 2.400 0.000
12 16 10 1.300 96.400 5.283 21.694 143.000 2.200 22.100
12 16 11 2.000 96.900 101.872 79.618 128.000 2.000 96.600
12 16 12 3.900 90.800 290.776 100.605 150.000 2.100 165.700
12 16 13 4.900 82.800 412.543 97.884 58.000 2.700 198.700
12 16 14 6.000 78.800 441.892 87.862 104.000 2.000 188.100
12 16 15 6.000 77.300 459.151 65.423 116.000 2.000 144.600
12 16 16 5.800 78.300 902.269 15.702 117.000 2.500 92.300
12 16 17 4.400 82.900 0.000 17.000 113.000 2.700 17.000
12 16 18 4.000 87.900 0.000 0.000 132.000 2.700 0.000
12 16 19 3.700 88.900 0.000 0.000 131.000 3.000 0.000
12 16 20 2.500 91.000 0.000 0.000 98.000 1.800 0.000
12 16 21 2.100 94.300 0.000 0.000 93.000 1.800 0.000
12 16 22 2.000 96.200 0.000 0.000 113.000 2.200 0.000
12 16 23 1.500 97.400 0.000 0.000 114.000 2.600 0.000
12 16 24 0.800 98.100 0.000 0.000 112.000 2.300 0.000
12 17 1 0.400 97.900 0.000 0.000 132.000 2.300 0.000
12 17 2 -0.200 98.100 0.000 0.000 116.000 2.700 0.000
12 17 3 -0.600 98.400 0.000 0.000 103.000 2.300 0.000
12 17 4 -0.700 98.400 0.000 0.000 126.000 1.900 0.000
12 17 5 -1.100 98.500 0.000 0.000 138.000 2.100 0.000
12 17 6 -1.400 98.400 0.000 0.000 127.000 2.100 0.000
12 17 7 -1.300 98.500 0.000 0.000 145.000 2.000 0.000
12 17 8 -1.500 98.500 0.000 0.000 133.000 2.900 0.000
12 17 9 -1.800 98.600 0.000 0.000 128.000 2.400 0.000
12 17 10 -1.700 98.500 3.519 17.435 164.000 1.600 17.700
12 17 11 -0.700 97.500 66.942 76.722 162.000 2.000 87.800
12 17 12 0.700 93.900 261.204 102.371 208.000 2.100 160.600
12 17 13 1.800 88.100 418.361 97.026 244.000 2.000 199.000
12 17 14 3.200 83.100 438.928 88.071 220.000 2.000 187.500
12 17 15 4.200 79.600 510.598 61.253 227.000 2.500 149.300
12 17 16 4.200 79.600 887.621 16.002 216.000 2.200 91.600
12 17 17 3.600 83.300 0.000 12.800 214.000 2.100 12.800
12 17 18 3.000 87.500 0.000 0.000 215.000 2.200 0.000
12 17 19 3.000 90.800 0.000 0.000 229.000 2.700 0.000
12 17 20 3.300 92.000 0.000 0.000 233.000 3.000 0.000
12 17 21 3.700 91.600 0.000 0.000 224.000 1.900 0.000
12 17 22 4.100 92.300 0.000 0.000 219.000 2.300 0.000
12 17 23 5.100 92.400 0.000 0.000 218.000 2.800 0.000
12 17 24 5.600 90.700 0.000 0.000 226.000 2.100 0.000
12 18 1 4.700 90.800 0.000 0.000 212.000 2.300 0.000
12 18 2 4.300 90.000 0.000 0.000 182.000 2.000 0.000
12 18 3 4.600 89.100 0.000 0.000 179.000 2.100 0.000
12 18 4 4.500 89.500 0.000 0.000 172.000 2.500 0.000
12 18 5 4.100 90.000 0.000 0.000 173.000 2.300 0.000
12 18 6 4.500 88.900 0.000 0.000 179.000 2.700 0.000
12 18 7 4.800 86.000 0.000 0.000 182.000 2.400 0.000
12 18 8 5.400 85.000 0.000 0.000 194.000 2.500 0.000
12 18 9 5.600 84.900 0.000 0.000 186.000 1.800 0.000
12 18 10 6.000 84.900 1.434 10.994 188.000 2.200 11.100
12 18 11 6.900 83.900 8.734 55.764 199.000 2.800 57.200
12 18 12 8.400 81.600 135.649 106.971 184.000 3.000 137.100
12 18 13 10.000 77.300 264.427 111.480 201.000 3.200 175.800
12 18 14 10.000 74.300 395.362 92.412 210.000 3.300 181.900
12 18 15 10.400 73.600 449.046 66.310 201.000 3.800 143.800
12 18 16 10.200 74.000 912.361 15.730 204.000 3.500 93.800
12 18 17 9.200 76.700 0.000 12.900 190.000 3.200 12.900
12 18 18 7.600 80.500 0.000 0.000 170.000 2.800 0.000
12 18 19 7.600 83.000 0.000 0.000 161.000 3.300 0.000
12 18 20 6.700 84.100 0.000 0.000 165.000 3.000 0.000
12 18 21 6.000 85.800 0.000 0.000 173.000 2.700 0.000
12 18 22 5.600 87.000 0.000 0.000 159.000 2.700 0.000
12 18 23 5.300 87.500 0.000 0.000 165.000 3.500 0.000
12 18 24 4.800 88.000 0.000 0.000 167.000 3.100 0.000
12 19 1 5.000 88.600 0.000 0.000 168.000 2.800 0.000
12 19 2 5.300 90.400 0.000 0.000 172.000 2.900 0.000
12 19 3 5.100 92.100 0.000 0.000 163.000 3.100 0.000
12 19 4 4.800 91.200 0.000 0.000 162.000 3.600 0.000
12 19 5 4.100 91.600 0.000 0.000 172.000 3.400 0.000
12 19 6 4.100 92.500 0.000 0.000 165.000 3.900 0.000
12 19 7 4.600 91.200 0.000 0.000 186.000 3.500 0.000
12 19 8 4.500 90.300 0.000 0.000 189.000 3.200 0.000
12 19 9 4.600 89.500 0.000 0.000 184.000 3.600 0.000
12 19 10 5.400 88.100 0.808 8.141 182.000 4.100 8.200
12 19 11 7.100 83.800 4.683 43.535 189.000 3.500 44.300
12 19 12 7.800 79.600 4.805 59.736 190.000 3.800 60.800
12 19 13 8.200 77.300 5.129 67.654 191.000 3.400 68.900
12 19 14 8.300 75.800 2.554 44.722 195.000 4.000 45.300
12 19 15 8.500 76.300 4.774 46.475 189.000 3.700 47.300
12 19 16 8.900 76.400 32.362 36.714 201.000 3.900 39.500
12 19 17 8.900 77.000 0.000 8.400 200.000 3.300 8.400
12 19 18 8.900 79.600 0.000 0.000 200.000 3.200 0.000
12 19 19 9.000 80.900 0.000 0.000 209.000 3.200 0.000
12 19 20 9.100 81.500 0.000 0.000 199.000 2.900 0.000
12 19 21 9.400 81.600 0.000 0.000 206.000 2.800 0.000
12 19 22 9.400 81.300 0.000 0.000 206.000 2.400 0.000
12 19 23 9.500 82.600 0.000 0.000 221.000 2.800 0.000
12 19 24 9.200 84.700 0.000 0.000 223.000 2.700 0.000
12 20 1 8.500 88.300 0.000 0.000 216.000 2.500 0.000
12 20 2 8.100 91.900 0.000 0.000 218.000 2.200 0.000
12 20 3 8.000 93.100 0.000 0.000 227.000 2.000 0.000
12 20 4 8.000 94.100 0.000 0.000 232.000 2.100 0.000
12 20 5 8.000 95.100 0.000 0.000 248.000 1.900 0.000
12 20 6 8.100 95.700 0.000 0.000 271.000 1.800 0.000
12 20 7 8.100 95.200 0.000 0.000 297.000 2.500 0.000
12 20 8 7.500 94.500 0.000 0.000 310.000 2.100 0.000
12 20 9 6.500 95.700 0.000 0.000 282.000 1.500 0.000
12 20 10 6.500 98.000 0.446 5.968 243.000 1.300 6.000
12 20 11 6.700 98.200 5.348 46.231 254.000 1.300 47.100
12 20 12 7.500 96.800 72.566 103.173 277.000 1.300 119.200
12 20 13 8.200 93.600 108.834 116.294 316.000 1.100 142.700
12 20 14 8.800 88.500 230.073 106.019 93.000 0.700 158.100
12 20 15 8.700 85.800 414.661 69.280 358.000 0.500 141.100
12 20 16 8.400 85.800 813.089 18.469 166.000 0.800 89.000
12 20 17 6.500 90.300 0.000 14.700 116.000 1.100 14.700
12 20 18 4.600 96.400 0.000 0.000 82.000 2.100 0.000
12 20 19 5.000 98.600 0.000 0.000 99.000 2.300 0.000
12 20 20 5.100 99.200 0.000 0.000 70.000 1.800 0.000
12 20 21 5.000 99.600 0.000 0.000 87.000 2.400 0.000
12 20 22 5.200 99.700 0.000 0.000 96.000 1.600 0.000
12 20 23 5.300 99.600 0.000 0.000 85.000 2.500 0.000
12 20 24 5.700 99.600 0.000 0.000 107.000 2.100 0.000
12 21 1 5.900 100.000 0.000 0.000 88.000 3.000 0.000
12 21 2 6.200 100.000 0.000 0.000 93.000 3.200 0.000
12 21 3 6.500 99.900 0.000 0.000 98.000 2.900 0.000
12 21 4 6.700 99.800 0.000 0.000 98.000 2.800 0.000
12 21 5 6.700 99.800 0.000 0.000 97.000 3.200 0.000
12 21 6 6.900 99.900 0.000 0.000 99.000 3.400 0.000
12 21 7 6.900 100.000 0.000 0.000 107.000 3.600 0.000
12 21 8 6.900 100.000 0.000 0.000 103.000 3.300 0.000
12 21 9 6.800 99.800 0.000 0.000 95.000 3.900 0.000
12 21 10 6.500 99.700 0.204 3.986 98.000 4.800 4.000
12 21 11 6.500 99.700 0.703 16.886 92.000 5.400 17.000
12 21 12 6.400 99.300 1.428 32.685 96.000 5.200 33.000
12 21 13 6.500 99.000 2.312 45.639 102.000 5.100 46.200
12 21 14 6.700 98.400 3.947 55.506 101.000 4.900 56.400
12 21 15 6.700 97.100 50.566 78.316 93.000 3.900 87.100
12 21 16 6.700 95.400 308.199 38.827 100.000 4.900 65.800
12 21 17 6.700 94.800 0.000 10.900 99.000 5.300 10.900
12 21 18 6.700 95.600 0.000 0.000 99.000 5.200 0.000
12 21 19 6.600 96.100 0.000 0.000 91.000 5.100 0.000
12 21 20 6.500 96.600 0.000 0.000 96.000 4.600 0.000
12 21 21 6.300 97.400 0.000 0.000 94.000 5.600 0.000
12 21 22 5.700 98.300 0.000 0.000 86.000 5.300 0.000
12 21 23 5.300 99.200 0.000 0.000 92.000 4.500 0.000
12 21 24 5.100 99.400 0.000 0.000 91.000 4.800 0.000
12 22 1 4.800 99.300 0.000 0.000 83.000 4.600 0.000
12 22 2 4.800 98.700 0.000 0.000 101.000 4.800 0.000
12 22 3 4.500 98.200 0.000 0.000 103.000 4.600 0.000
12 22 4 4.400 98.300 0.000 0.000 99.000 4.200 0.000
12 22 5 4.100 98.300 0.000 0.000 90.000 4.500 0.000
12 22 6 3.600 98.900 0.000 0.000 92.000 4.400 0.000
12 22 7 3.500 99.300 0.000 0.000 88.000 4.500 0.000
12 22 8 3.300 99.300 0.000 0.000 88.000 4.800 0.000
12 22 9 3.200 99.500 0.000 0.000 92.000 4.600 0.000
12 22 10 3.300 99.200 0.313 4.878 99.000 5.000 4.900
12 22 11 3.500 98.800 1.643 25.635 91.000 5.100 25.900
12 22 12 3.500 98.700 1.329 31.507 87.000 5.000 31.800
12 22 13 3.300 98.000 1.311 34.482 89.000 4.600 34.800
12 22 14 3.000 97.500 1.331 32.498 89.000 5.100 32.800
12 22 15 2.700 97.400 1.516 26.636 90.000 4.800 26.900
12 22 16 2.500 97.200 1.933 15.229 91.000 5.200 15.400
12 22 17 2.300 97.300 0.000 1.900 82.000 4.500 1.900
12 22 18 2.000 97.700 0.000 0.000 82.000 4.600 0.000
12 22 19 1.900 98.000 0.000 0.000 91.000 4.900 0.000
12 22 20 1.800 97.700 0.000 0.000 91.000 5.500 0.000
12 22 21 1.400 97.300 0.000 0.000 69.000 6.000 0.000
12 22 22 1.200 97.600 0.000 0.000 70.000 6.000 0.000
12 22 23 1.300 98.000 0.000 0.000 78.000 5.600 0.000
12 22 24 1.200 97.400 0.000 0.000 75.000 5.700 0.000
12 23 1 1.200 96.900 0.000 0.000 79.000 5.400 0.000
12 23 2 0.900 97.400 0.000 0.000 71.000 6.000 0.000
12 23 3 1.100 97.800 0.000 0.000 68.000 5.300 0.000
12 23 4 1.300 96.900 0.000 0.000 75.000 6.100 0.000
12 23 5 1.400 95.900 0.000 0.000 74.000 5.600 0.000
12 23 6 1.500 94.400 0.000 0.000 86.000 6.000 0.000
12 23 7 1.800 91.200 0.000 0.000 89.000 5.400 0.000
12 23 8 2.000 88.600 0.000 0.000 82.000 5.500 0.000
12 23 9 2.100 86.400 0.000 0.000 74.000 5.200 0.000
12 23 10 2.100 84.500 0.671 7.054 75.000 5.800 7.100
12 23 11 2.200 83.200 3.301 36.069 73.000 6.000 36.600
12 23 12 2.200 80.800 2.355 41.782 75.000 5.700 42.300
12 23 13 2.300 78.000 2.056 43.101 72.000 5.800 43.600
12 23 14 2.400 75.500 1.922 39.063 83.000 6.000 39.500
12 23 15 2.600 72.200 2.722 35.723 82.000 5.700 36.200
12 23 16 3.000 69.400 5.508 25.807 74.000 6.000 26.300
12 23 17 3.100 67.600 0.000 2.000 87.000 5.700 2.000
12 23 18 3.300 66.600 0.000 0.000 83.000 4.900 0.000
12 23 19 3.500 64.700 0.000 0.000 80.000 5.500 0.000
12 23 20 3.400 62.400 0.000 0.000 80.000 4.500 0.000
12 23 21 2.300 65.000 0.000 0.000 71.000 3.400 0.000
12 23 22 3.000 68.300 0.000 0.000 54.000 4.100 0.000
12 23 23 2.500 71.900 0.000 0.000 51.000 4.900 0.000
12 23 24 2.000 78.000 0.000 0.000 59.000 4.400 0.000
12 24 1 1.400 82.100 0.000 0.000 46.000 4.800 0.000
12 24 2 0.900 84.000 0.000 0.000 60.000 4.300 0.000
12 24 3 0.500 84.600 0.000 0.000 60.000 5.500 0.000
12 24 4 0.000 85.000 0.000 0.000 63.000 4.300 0.000
12 24 5 -0.800 83.500 0.000 0.000 70.000 4.700 0.000
12 24 6 -1.200 81.500 0.000 0.000 63.000 5.100 0.000
12 24 7 -1.400 81.500 0.000 0.000 66.000 5.000 0.000
12 24 8 -0.900 80.300 0.000 0.000 65.000 4.400 0.000
12 24 9 -0.900 77.900 0.000 0.000 71.000 5.100 0.000
12 24 10 -1.200 77.400 3.090 14.888 57.000 5.100 15.100
12 24 11 -1.700 78.200 45.844 71.545 72.000 5.400 78.900
12 24 12 -1.600 76.000 214.713 103.881 73.000 5.500 151.100
12 24 13 -1.300 71.100 366.275 102.312 75.000 5.100 191.300
12 24 14 -1.200 68.900 579.415 73.507 51.000 5.200 205.600
12 24 15 -1.600 69.500 827.782 36.509 46.000 5.600 182.200
12 24 16 -2.300 70.800 948.675 16.978 57.000 5.300 102.900
12 24 17 -3.200 72.700 0.000 15.300 62.000 5.500 15.300
12 24 18 -3.600 75.000 0.000 0.000 61.000 4.900 0.000
12 24 19 -4.100 75.800 0.000 0.000 65.000 4.700 0.000
12 24 20 -4.400 76.400 0.000 0.000 72.000 4.300 0.000
12 24 21 -4.500 76.300 0.000 0.000 75.000 5.100 0.000
12 24 22 -5.000 76.100 0.000 0.000 83.000 4.300 0.000
12 24 23 -5.500 78.100 0.000 0.000 81.000 4.600 0.000
12 24 24 -5.800 81.000 0.000 0.000 76.000 4.500 0.000
12 25 1 -6.400 83.200 0.000 0.000 82.000 4.500 0.000
12 25 2 -6.700 85.200 0.000 0.000 74.000 4.300 0.000
12 25 3 -6.900 86.200 0.000 0.000 74.000 4.000 0.000
12 25 4 -7.200 87.200 0.000 0.000 86.000 3.700 0.000
12 25 5 -7.000 88.400 0.000 0.000 87.000 3.300 0.000
12 25 6 -7.400 88.200 0.000 0.000 85.000 4.200 0.000
12 25 7 -7.800 88.700 0.000 0.000 77.000 4.400 0.000
12 25 8 -8.000 90.000 0.000 0.000 81.000 4.000 0.000
12 25 9 -8.100 90.300 0.000 0.000 73.000 3.800 0.000
12 25 10 -8.300 90.200 3.519 15.760 89.000 3.500 16.000
12 25 11 -7.800 89.300 95.228 76.343 82.000 3.900 91.600
12 25 12 -6.600 84.000 380.839 91.314 107.000 3.800 175.100
12 25 13 -5.500 78.400 429.937 95.769 98.000 3.000 200.400
12 25 14 -4.800 74.500 578.834 73.820 68.000 3.100 206.200
12 25 15 -4.000 71.900 791.146 39.355 56.000 3.400 179.400
12 25 16 -3.700 71.500 837.052 18.735 81.000 2.300 95.600
12 25 17 -4.500 72.800 0.000 13.900 57.000 3.100 13.900
12 25 18 -5.100 76.000 0.000 0.000 98.000 2.400 0.000
12 25 19 -5.500 77.100 0.000 0.000 88.000 2.700 0.000
12 25 20 -5.700 77.900 0.000 0.000 82.000 3.200 0.000
12 25 21 -5.800 80.200 0.000 0.000 80.000 2.700 0.000
12 25 22 -6.400 82.700 0.000 0.000 99.000 2.600 0.000
12 25 23 -6.600 85.800 0.000 0.000 86.000 2.100 0.000
12 25 24 -7.000 87.800 0.000 0.000 71.000 2.300 0.000
12 26 1 -7.300 89.400 0.000 0.000 77.000 2.300 0.000
12 26 2 -7.300 89.400 0.000 0.000 95.000 2.000 0.000
12 26 3 -7.700 89.000 0.000 0.000 106.000 1.500 0.000
12 26 4 -7.900 90.300 0.000 0.000 98.000 1.600 0.000
12 26 5 -7.400 91.200 0.000 0.000 115.000 1.100 0.000
12 26 6 -7.100 90.900 0.000 0.000 175.000 1.300 0.000
12 26 7 -7.300 90.500 0.000 0.000 108.000 1.000 0.000
12 26 8 -7.700 91.100 0.000 0.000 153.000 0.700 0.000
12 26 9 -7.400 92.000 0.000 0.000 227.000 1.000 0.000
12 26 10 -7.500 92.400 1.712 10.984 264.000 1.100 11.100
12 26 11 -6.100 90.500 53.047 72.606 299.000 1.500 81.100
12 26 12 -4.500 84.300 303.632 98.134 293.000 1.200 165.000
12 26 13 -2.800 76.500 427.278 96.286 278.000 1.500 200.500
12 26 14 -1.200 67.300 588.378 73.036 283.000 1.200 208.100
12 26 15 -0.500 62.200 687.973 48.034 7.000 2.000 170.600
12 26 16 -0.600 66.900 419.114 37.136 355.000 1.500 76.200
12 26 17 -0.500 81.000 0.000 5.900 335.000 1.700 5.900
12 26 18 -0.700 92.300 0.000 0.000 269.000 1.300 0.000
12 26 19 -0.700 94.000 0.000 0.000 285.000 1.800 0.000
12 26 20 -0.800 95.000 0.000 0.000 292.000 1.200 0.000
12 26 21 -0.800 96.700 0.000 0.000 292.000 2.000 0.000
12 26 22 -0.700 97.200 0.000 0.000 274.000 1.600 0.000
12 26 23 -0.600 97.700 0.000 0.000 278.000 1.800 0.000
12 26 24 -0.600 98.500 0.000 0.000 278.000 1.800 0.000
12 27 1 -0.600 98.700 0.000 0.000 270.000 1.900 0.000
12 27 2 -0.500 98.800 0.000 0.000 270.000 1.900 0.000
12 27 3 -0.600 99.000 0.000 0.000 280.000 2.300 0.000
12 27 4 -0.600 98.700 0.000 0.000 272.000 2.600 0.000
12 27 5 -0.500 98.600 0.000 0.000 273.000 2.500 0.000
12 27 6 -0.400 98.600 0.000 0.000 244.000 2.600 0.000
12 27 7 -0.400 98.800 0.000 0.000 256.000 3.100 0.000
12 27 8 -0.400 99.000 0.000 0.000 265.000 3.000 0.000
12 27 9 -0.200 99.100 0.000 0.000 274.000 3.500 0.000
12 27 10 -0.400 99.100 0.350 4.976 254.000 4.300 5.000
12 27 11 -0.500 99.200 3.146 35.096 276.000 4.200 35.600
12 27 12 -0.500 99.400 4.934 60.312 242.000 4.200 61.400
12 27 13 -0.500 99.500 3.279 54.698 268.000 5.500 55.500
12 27 14 -0.500 99.500 4.016 56.974 263.000 4.700 57.900
12 27 15 -0.100 99.700 4.444 46.603 260.000 5.100 47.400
12 27 16 0.500 99.900 3.101 20.606 288.000 4.900 20.900
12 27 17 0.800 99.800 0.000 4.000 279.000 4.100 4.000
12 27 18 1.700 99.700 0.000 0.000 278.000 4.500 0.000
12 27 19 2.600 99.300 0.000 0.000 286.000 4.600 0.000
12 27 20 3.300 98.900 0.000 0.000 282.000 4.700 0.000
12 27 21 4.300 98.200 0.000 0.000 291.000 4.100 0.000
12 27 22 4.100 97.400 0.000 0.000 306.000 3.900 0.000
12 27 23 3.100 97.200 0.000 0.000 310.000 3.800 0.000
12 27 24 2.100 97.500 0.000 0.000 304.000 3.300 0.000
12 28 1 1.600 97.000 0.000 0.000 303.000 3.700 0.000
12 28 2 0.900 96.300 0.000 0.000 292.000 3.600 0.000
12 28 3 0.600 96.100 0.000 0.000 291.000 3.500 0.000
12 28 4 0.300 95.200 0.000 0.000 292.000 3.600 0.000
12 28 5 0.300 94.000 0.000 0.000 301.000 4.200 0.000
12 28 6 0.100 93.000 0.000 0.000 301.000 4.000 0.000
12 28 7 -0.200 93.600 0.000 0.000 308.000 3.700 0.000
12 28 8 -0.500 95.100 0.000 0.000 300.000 3.300 0.000
12 28 9 -1.200 96.100 0.000 0.000 304.000 3.100 0.000
12 28 10 -1.200 96.500 4.009 16.630 290.000 2.900 16.900
12 28 11 -0.200 94.300 101.789 76.681 313.000 3.200 93.000
12 28 12 0.900 88.800 375.691 92.257 306.000 3.100 175.300
12 28 13 1.800 83.400 539.391 83.952 285.000 3.200 216.300
12 28 14 2.700 79.300 693.449 61.869 295.000 3.400 222.500
12 28 15 3.300 75.700 773.983 41.563 289.000 4.100 181.500
12 28 16 3.100 75.300 858.081 18.957 278.000 3.300 101.600
12 28 17 2.000 80.300 0.000 16.500 267.000 2.700 16.500
12 28 18 0.700 87.600 0.000 0.000 262.000 3.100 0.000
12 28 19 0.500 92.200 0.000 0.000 277.000 3.500 0.000
12 28 20 0.100 94.100 0.000 0.000 263.000 3.400 0.000
12 28 21 0.200 95.700 0.000 0.000 255.000 3.500 0.000
12 28 22 0.100 96.900 0.000 0.000 255.000 3.600 0.000
12 28 23 -0.400 97.400 0.000 0.000 264.000 3.900 0.000
12 28 24 -1.000 97.700 0.000 0.000 243.000 3.800 0.000
12 29 1 -0.700 97.800 0.000 0.000 267.000 4.400 0.000
12 29 2 0.000 98.200 0.000 0.000 260.000 4.600 0.000
12 29 3 0.500 98.400 0.000 0.000 273.000 4.000 0.000
12 29 4 1.100 98.100 0.000 0.000 267.000 4.500 0.000
12 29 5 1.500 98.000 0.000 0.000 281.000 5.200 0.000
12 29 6 1.900 97.900 0.000 0.000 274.000 5.100 0.000
12 29 7 2.100 97.300 0.000 0.000 278.000 5.300 0.000
12 29 8 2.400 96.300 0.000 0.000 278.000 4.600 0.000
12 29 9 2.500 95.200 0.000 0.000 269.000 4.100 0.000
12 29 10 2.400 95.000 1.729 10.984 268.000 4.100 11.100
12 29 11 2.600 94.500 11.704 58.120 272.000 3.800 60.000
12 29 12 3.200 92.700 40.144 97.302 274.000 4.500 106.200
12 29 13 3.700 90.600 110.357 118.220 275.000 4.800 145.400
12 29 14 4.500 88.200 202.386 110.670 277.000 5.300 157.800
12 29 15 4.500 87.300 23.638 74.391 274.000 4.400 78.700
12 29 16 4.300 89.500 4.546 25.754 278.000 4.600 26.200
12 29 17 4.200 92.700 0.000 3.900 284.000 4.600 3.900
12 29 18 4.300 94.100 0.000 0.000 282.000 5.000 0.000
12 29 19 4.200 93.200 0.000 0.000 281.000 4.600 0.000
12 29 20 4.300 92.500 0.000 0.000 298.000 4.200 0.000
12 29 21 3.800 92.900 0.000 0.000 307.000 4.100 0.000
12 29 22 2.500 92.100 0.000 0.000 350.000 3.200 0.000
12 29 23 2.600 89.600 0.000 0.000 321.000 3.500 0.000
12 29 24 2.000 85.000 0.000 0.000 334.000 4.500 0.000
12 30 1 1.300 77.300 0.000 0.000 331.000 3.800 0.000
12 30 2 0.600 75.100 0.000 0.000 318.000 3.900 0.000
12 30 3 0.100 77.800 0.000 0.000 300.000 4.300 0.000
12 30 4 -0.400 78.400 0.000 0.000 285.000 4.200 0.000
12 30 5 -0.600 77.700 0.000 0.000 290.000 4.200 0.000
12 30 6 -0.400 74.600 0.000 0.000 297.000 4.900 0.000
12 30 7 0.000 76.600 0.000 0.000 294.000 5.100 0.000
12 30 8 -0.100 82.500 0.000 0.000 298.000 5.200 0.000
12 30 9 0.100 84.800 0.000 0.000 287.000 4.900 0.000
12 30 10 -0.200 85.600 4.329 17.308 285.000 5.600 17.600
12 30 11 0.200 84.600 99.170 76.930 287.000 5.600 92.900
12 30 12 0.900 80.600 332.017 96.766 299.000 5.900 170.600
12 30 13 1.400 76.700 488.422 90.691 306.000 6.300 211.500
12 30 14 2.000 73.000 599.434 73.293 309.000 6.200 213.700
12 30 15 2.300 69.000 661.009 52.018 317.000 6.400 173.600
12 30 16 2.300 67.000 589.183 31.754 316.000 6.400 90.600
12 30 17 2.000 66.300 0.000 8.900 301.000 5.800 8.900
12 30 18 1.400 67.900 0.000 0.000 304.000 4.700 0.000
12 30 19 0.600 73.000 0.000 0.000 308.000 5.300 0.000
12 30 20 0.200 77.400 0.000 0.000 295.000 5.300 0.000
12 30 21 -0.100 79.400 0.000 0.000 292.000 5.000 0.000
12 30 22 -0.300 83.700 0.000 0.000 293.000 5.400 0.000
12 30 23 -0.700 87.000 0.000 0.000 290.000 4.700 0.000
12 30 24 -1.100 87.900 0.000 0.000 295.000 4.400 0.000
12 31 1 -1.400 88.100 0.000 0.000 287.000 4.400 0.000
12 31 2 -1.600 85.500 0.000 0.000 278.000 3.900 0.000
12 31 3 -1.600 82.300 0.000 0.000 277.000 4.300 0.000
12 31 4 -1.700 80.500 0.000 0.000 281.000 3.800 0.000
12 31 5 -2.300 80.300 0.000 0.000 269.000 3.600 0.000
12 31 6 -2.300 80.100 0.000 0.000 270.000 3.300 0.000
12 31 7 -2.400 79.200 0.000 0.000 248.000 3.500 0.000
12 31 8 -1.600 78.900 0.000 0.000 251.000 3.400 0.000
12 31 9 -0.600 81.700 0.000 0.000 252.000 4.200 0.000
12 31 10 -0.400 90.000 0.516 6.065 233.000 3.800 6.100
12 31 11 0.100 96.300 1.005 20.138 244.000 3.600 20.300
12 31 12 0.700 97.500 4.386 57.621 253.000 4.000 58.600
12 31 13 1.100 98.100 6.403 76.909 264.000 4.800 78.500
12 31 14 1.800 98.200 5.775 69.639 275.000 4.900 71.000
12 31 15 2.400 97.600 6.472 57.698 278.000 5.300 58.900
12 31 16 2.900 97.200 1.837 17.113 287.000 5.000 17.300
12 31 17 3.100 97.000 0.000 4.200 290.000 4.500 4.200
12 31 18 3.000 96.300 0.000 0.000 285.000 3.600 0.000
12 31 19 2.900 96.100 0.000 0.000 277.000 3.600 0.000
12 31 20 2.800 95.600 0.000 0.000 264.000 2.800 0.000
12 31 21 3.100 96.400 0.000 0.000 273.000 3.100 0.000
12 31 22 3.100 98.000 0.000 0.000 269.000 3.300 0.000
12 31 23 3.200 97.500 0.000 0.000 257.000 3.600 0.000
12 31 24 3.400 97.300 0.000 0.000 250.000 4.000 0.000
1 1 1 3.800 97.500 0.000 0.000 261.000 4.100 0.000
