#1 double tab1(8760,9)
# BuildingSystems ASCII/CSV weather table generated by hostrada4py
# LOCATION,HOSTRADA,52.521918,13.413215,15.000000,0.0
# Modelica reader: BuildingSystems.Climate.WeatherData.BaseClasses.WeatherDataFileASCII
# tabNam=tab1
# timeFac=0.000277777777778
# deltaTime=1800
# columns={5,6,3,8,9,4,7}
# scaleFac={1,1,1,1,1,0.01,1}
# columnNames=Time_h,Time_s,TAirRef_degC,RelHum_pct,GlobalHorizontalRadiation_W_m2,DiffuseHorizontalRadiation_W_m2,CloudCover_okta,WindSpeed_m_s,WindDirection_deg
1,3600,2.7,81.4,0,0,0,5.3,215
2,7200,2.9,81,0,0,0,6.4,214
3,10800,2.7,80.2,0,0,0,6.2,215
4,14400,3.1,79.5,0,0,0,5.7,217
5,18000,3.4,78.5,0,0,0,6.4,223
6,21600,3.8,78.2,0,0,0,6.7,223
7,25200,4.2,78.2,0,0,0,6.4,213
8,28800,4.6,77.7,0,0,0,6.4,214
9,32400,4.8,77.1,7.5,7.44798,0,7,221
10,36000,5.4,76.9,54.3,53.0812,0,6.6,224
11,39600,6.2,75.9,93.7,89.2397,0,7.2,222
12,43200,6.6,74.2,75.4,73.9532,0,7.8,222
13,46800,7.1,72.5,79.7,77.8839,0,8.4,224
14,50400,7.1,71.2,51,50.1171,0,7.6,217
15,54000,7.1,70.3,14.9,14.7638,0,7.2,224
16,57600,7.2,68.6,3.6,3.6,0,7.2,220
17,61200,7.2,66.3,0,0,0,7.6,219
18,64800,7.1,64.5,0,0,0,8.8,222
19,68400,7.2,64.1,0,0,0,8.7,232
20,72000,7.2,65.5,0,0,0,8.3,229
21,75600,7.7,67,0,0,0,8.9,224
22,79200,8,65.8,0,0,0,8.7,228
23,82800,8.1,63.6,0,0,0,8.8,222
24,86400,8.3,64.2,0,0,0,8,224
25,90000,8.5,67.1,0,0,0,8.1,230
26,93600,8.1,71.1,0,0,0,7.7,232
27,97200,7.7,75.3,0,0,0,7.2,241
28,100800,6.3,83.8,0,0,0,5.9,254
29,104400,6.3,91.2,0,0,0,5.4,242
30,108000,6.6,88.6,0,0,0,6.5,250
31,111600,5.5,83.4,0,0,0,8.9,261
32,115200,3.9,79.3,0,0,0,6.4,286
33,118800,3.3,79.2,17.7,17.4125,0,5.7,284
34,122400,3.4,81.2,75.8,70.2724,0,4.9,273
35,126000,3.9,81.6,104.1,96.6507,0,5.2,262
36,129600,3.9,81.2,177.7,117.3,0,5.2,263
37,133200,4.7,79.7,197.8,93.5707,0,5.5,259
38,136800,4.8,77.2,111.8,90.9733,0,4.8,268
39,140400,4.9,76.3,39.8,38.5289,0,4.5,267
40,144000,4.7,76.2,3.7,3.7,0,4.2,267
41,147600,4,77.5,0,0,0,3.4,286
42,151200,3.9,78.4,0,0,0,3.7,274
43,154800,3.9,78.7,0,0,0,3.6,263
44,158400,3.7,80.9,0,0,0,4.3,260
45,162000,3.1,82.4,0,0,0,4.5,265
46,165600,2.9,83.2,0,0,0,4.9,264
47,169200,2.5,84.6,0,0,0,5.2,268
48,172800,2.9,85.2,0,0,0,5,267
49,176400,3,85,0,0,0,5.7,267
50,180000,3.1,84.4,0,0,0,5,266
51,183600,3,82.5,0,0,0,5.2,270
52,187200,2.8,81.1,0,0,0,5.4,259
53,190800,2.8,81.1,0,0,0,5.2,270
54,194400,2.9,79.3,0,0,0,5.5,262
55,198000,3,78.2,0,0,0,5.8,254
56,201600,2.5,81.1,0,0,0,5.3,253
57,205200,2.6,83,4.5,4.4816,0,6.3,259
58,208800,2.7,81.1,60.5,58.7092,0,6.5,251
59,212400,3,77.7,76.4,74.6499,0,7.5,257
60,216000,3.3,74,63,62.0022,0,8,251
61,219600,3.4,70.7,64.2,63.1119,0,8.3,251
62,223200,3.8,67.6,53.9,52.9352,0,8.9,257
63,226800,1.1,78.3,17.4,17.222,0,8.4,263
64,230400,1,91.8,4.1,4.1,0,7.1,272
65,234000,0.7,88.9,0,0,0,7.6,281
66,237600,0.7,84.5,0,0,0,7,282
67,241200,0,81.2,0,0,0,6.2,272
68,244800,-0.3,81.5,0,0,0,5.8,270
69,248400,-0.2,84.7,0,0,0,6.3,272
70,252000,-0.4,86.3,0,0,0,6,262
71,255600,-0.4,86.7,0,0,0,6.4,270
72,259200,-0.3,86.9,0,0,0,6.7,273
73,262800,0,85.2,0,0,0,7.2,291
74,266400,0.3,82.4,0,0,0,6,280
75,270000,0.2,82,0,0,0,5.7,282
76,273600,0.4,82.1,0,0,0,5.6,291
77,277200,0.3,80.6,0,0,0,5.2,285
78,280800,0.2,80.6,0,0,0,4.8,289
79,284400,0.2,80.7,0,0,0,4.6,267
80,288000,-0.1,80.7,0,0,0,3.9,283
81,291600,0.2,81.5,6,5.96765,0,3.4,285
82,295200,0.1,83.1,39.2,38.6098,0,3.9,280
83,298800,0.1,84.7,70.2,68.827,0,3.6,268
84,302400,0,85,79.3,77.7259,0,3.7,249
85,306000,0.3,84.4,124.2,110.758,0,3.1,236
86,309600,0.6,83.8,111.9,92.649,0,2.7,217
87,313200,0.8,82.9,56.9,50.5906,0,2.8,212
88,316800,0.9,82.3,21.6,21.6,0,2.3,196
89,320400,0.8,82.2,0,0,0,2.8,201
90,324000,0.8,82.5,0,0,0,3,199
91,327600,0.9,83.5,0,0,0,3.2,200
92,331200,0.9,84.3,0,0,0,2.9,200
93,334800,0.9,84.5,0,0,0,2.5,209
94,338400,0.6,84,0,0,0,2.9,217
95,342000,0.2,84.2,0,0,0,2.8,197
96,345600,0.1,84.9,0,0,0,2.4,199
97,349200,0.2,86.3,0,0,0,2.3,197
98,352800,0.1,87.6,0,0,0,2.2,187
99,356400,-0.3,87.9,0,0,0,1.9,169
100,360000,-1.2,88.7,0,0,0,1.9,152
101,363600,-1.7,90,0,0,0,1.9,145
102,367200,-1.8,90.8,0,0,0,2.1,130
103,370800,-1.7,90.7,0,0,0,2.7,141
104,374400,-1.7,90.5,0,0,0,2.9,142
105,378000,-1.6,89.3,5.8,5.77015,0,2.8,142
106,381600,-1.1,87,36.5,35.9921,0,2.5,109
107,385200,-0.7,84.1,88.3,85.2524,0,3.3,123
108,388800,0.1,80.9,77.5,76.011,0,3.4,134
109,392400,0.2,78,37.3,36.9389,0,4.3,127
110,396000,0.7,75.1,31.7,31.3741,0,4.6,127
111,399600,0.9,72.7,17.2,17.0337,0,4.7,127
112,403200,0.4,76.3,1.9,1.9,0,5,126
113,406800,-0.4,85.9,0,0,0,4.8,117
114,410400,-0.2,92.3,0,0,0,5.2,117
115,414000,-0.1,93.8,0,0,0,5.8,121
116,417600,0.3,94.1,0,0,0,5.6,128
117,421200,0.6,94.6,0,0,0,5.3,126
118,424800,0.9,95.8,0,0,0,4.5,120
119,428400,1,96.7,0,0,0,4.3,134
120,432000,1.2,97.1,0,0,0,4,150
121,435600,1.7,97.6,0,0,0,3.1,155
122,439200,2.6,98.3,0,0,0,2.9,173
123,442800,3.5,98.6,0,0,0,2.5,179
124,446400,4.6,98.7,0,0,0,2.5,178
125,450000,6.4,98.1,0,0,0,3.3,194
126,453600,6.9,97.5,0,0,0,3.4,191
127,457200,7.6,96.4,0,0,0,3.9,194
128,460800,8.1,94.2,0,0,0,3.3,203
129,464400,8.3,93.1,6.2,6.16638,0,3.7,194
130,468000,8.6,92.2,21.5,21.3252,0,3.3,202
131,471600,9.6,87.7,59.2,58.2373,0,4.8,205
132,475200,9.7,82.4,56.5,55.7146,0,3.6,193
133,478800,10.1,78,37.4,37.0402,0,4.9,191
134,482400,10.1,75,31.3,30.9862,0,4.8,200
135,486000,10,75.3,21.5,21.246,0,3.8,165
136,489600,11.5,70.8,6.5,6.5,0,4.7,186
137,493200,11,66.8,0,0,0,4.1,175
138,496800,9.6,70.3,0,0,0,4.1,155
139,500400,10.5,71.2,0,0,0,3.9,165
140,504000,11.6,66.3,0,0,0,4.7,177
141,507600,12.9,62.9,0,0,0,7.4,216
142,511200,12.4,63.6,0,0,0,6.1,233
143,514800,11.5,62.4,0,0,0,6.4,258
144,518400,10.3,62.6,0,0,0,4.6,223
145,522000,9.9,61.8,0,0,0,5.3,231
146,525600,9.2,60,0,0,0,5.1,220
147,529200,8.3,64.4,0,0,0,3.3,211
148,532800,8.3,67.9,0,0,0,4.2,212
149,536400,8.3,66.4,0,0,0,5.1,208
150,540000,8.2,65.1,0,0,0,5.5,212
151,543600,7.8,65.4,0,0,0,4.1,204
152,547200,7.8,63.9,0,0,0,4.9,200
153,550800,7.4,64.2,22,21.5834,0,4.9,208
154,554400,7.7,65,94.5,80.2698,0,6.4,217
155,558000,7.8,63.9,76.7,75.0332,0,6.1,230
156,561600,8.6,59.4,127.4,115.864,0,6.3,232
157,565200,7.8,56.1,78,76.4444,0,6.8,243
158,568800,7.6,57,24.6,24.4087,0,6.8,230
159,572400,7.6,57.6,26.6,26.2202,0,5.9,231
160,576000,7.1,58.6,13.3,13.3,0,5.3,212
161,579600,7.1,59.8,0,0,0,6,223
162,583200,5.9,66.5,0,0,0,4.8,221
163,586800,3.1,81.2,0,0,0,6.4,260
164,590400,3,88.7,0,0,0,5.4,236
165,594000,2.5,87,0,0,0,4.5,221
166,597600,2.8,86.3,0,0,0,3.6,205
167,601200,3,86,0,0,0,5.7,227
168,604800,2.3,88,0,0,0,4.9,222
169,608400,1.8,91,0,0,0,5.1,215
170,612000,1.7,92.1,0,0,0,4.4,224
171,615600,1.8,92.4,0,0,0,4,217
172,619200,1.1,92.6,0,0,0,3.4,199
173,622800,1.9,91.9,0,0,0,4.4,210
174,626400,2.1,90.4,0,0,0,4.6,224
175,630000,1.9,89.2,0,0,0,4.7,229
176,633600,1.5,88.9,0,0,0,4.6,221
177,637200,1.3,89.1,14.7,14.5172,0,4.6,229
178,640800,2.2,86.5,96.8,81.4013,0,4.8,220
179,644400,3.1,82,196.7,90.3306,0,4.8,222
180,648000,4.2,77.5,193.9,118.959,0,5.4,245
181,651600,4.4,72.7,94.6,91.5977,0,5.9,247
182,655200,4.4,70.1,52.6,51.7367,0,6,254
183,658800,4.3,69,72.6,58.3963,0,4.8,233
184,662400,3.6,69.6,29.5,29.5,0,4.2,218
185,666000,2.9,71.2,0,0,0,4.7,232
186,669600,2,73.5,0,0,0,3.8,219
187,673200,1.5,77.5,0,0,0,3.1,211
188,676800,1.1,81.9,0,0,0,3.4,201
189,680400,0.6,85.2,0,0,0,2.8,192
190,684000,0.3,86.8,0,0,0,1.9,159
191,687600,0.9,88,0,0,0,2.4,147
192,691200,0.5,87.9,0,0,0,2.9,130
193,694800,1.6,85.7,0,0,0,2.4,124
194,698400,1.9,83.9,0,0,0,2.6,130
195,702000,1.6,88,0,0,0,1.9,109
196,705600,1.4,93.9,0,0,0,2.1,71
197,709200,1.5,95.8,0,0,0,2.4,87
198,712800,1.7,95.4,0,0,0,2.8,100
199,716400,1.6,95.5,0,0,0,3.2,83
200,720000,1.7,96,0,0,0,2.7,95
201,723600,1.4,95.8,5.3,5.27668,0,1.3,18
202,727200,1.5,96.1,51.8,50.8132,0,1.8,319
203,730800,1.6,95.6,75.8,74.2373,0,2.7,4
204,734400,1.6,94.3,45.1,44.612,0,2.7,45
205,738000,1.8,93.7,39.2,38.8162,0,2.5,81
206,741600,1.7,94.5,34.5,34.1336,0,3.1,62
207,745200,1.6,94.8,24.5,24.1927,0,3.1,31
208,748800,1.1,95,11.6,11.6,0,3.4,19
209,752400,1,95.3,0,0,0,4.2,351
210,756000,0.9,95.2,0,0,0,5.4,339
211,759600,1.3,94.3,0,0,0,6.5,329
212,763200,1.1,94.3,0,0,0,6.3,325
213,766800,1.1,94.2,0,0,0,6.7,311
214,770400,1.3,93,0,0,0,5.7,300
215,774000,1.2,93.5,0,0,0,5.2,280
216,777600,1.2,94.3,0,0,0,5.8,281
217,781200,1.5,94.7,0,0,0,6,274
218,784800,1.6,94.7,0,0,0,6.3,280
219,788400,1.7,94.2,0,0,0,6.7,273
220,792000,1.8,93.7,0,0,0,6.3,272
221,795600,1.9,93,0,0,0,6.6,281
222,799200,1.8,92.2,0,0,0,6.6,272
223,802800,1.9,91.7,0,0,0,5.3,271
224,806400,1.8,91.6,0,0,0,5.1,243
225,810000,1.9,90.7,11.3,11.1961,0,4.7,250
226,813600,1.7,91.3,49.6,48.7047,0,5.2,242
227,817200,1.5,93.1,40.6,40.162,0,4.9,251
228,820800,1.3,93.9,41,40.6004,0,4.6,250
229,824400,1.1,95.3,60.9,59.9833,0,4.3,254
230,828000,1.4,96,43.8,43.2176,0,4.7,261
231,831600,1.1,96.1,25.6,25.2725,0,4.4,265
232,835200,1.1,96.3,4.6,4.6,0,4.7,277
233,838800,1.1,96.3,0,0,0,4.6,272
234,842400,1.8,95.6,0,0,0,5.4,286
235,846000,1.7,94.9,0,0,0,4.3,281
236,849600,2,94.3,0,0,0,5.1,286
237,853200,1.8,93.1,0,0,0,4.8,282
238,856800,1.5,92.9,0,0,0,5,271
239,860400,1.6,91.8,0,0,0,6.2,282
240,864000,1.4,91,0,0,0,5.2,278
241,867600,1.2,90.7,0,0,0,5.4,283
242,871200,1,89.7,0,0,0,5.7,292
243,874800,1,89,0,0,0,6.1,288
244,878400,0.9,88.1,0,0,0,5.6,287
245,882000,1,86.5,0,0,0,6.4,289
246,885600,0.9,85.8,0,0,0,7.1,291
247,889200,0.6,87.2,0,0,0,6.9,280
248,892800,0.6,84.6,0,0,0,7.7,290
249,896400,0.4,80.9,8.5,8.44242,0,7.6,281
250,900000,0.2,80.5,70.2,67.4508,0,8.2,290
251,903600,0.5,79.5,115.2,105.773,0,8.5,288
252,907200,0.7,78.4,121.6,113.719,0,8.6,288
253,910800,0.6,77.9,60.1,59.2168,0,8.7,289
254,914400,0.9,76.3,66.4,65.0755,0,9.5,290
255,918000,1.1,74.7,68,60.0407,0,8.2,290
256,921600,1.3,74.1,10.4,10.4,0,9.1,298
257,925200,1.4,73.5,0,0,0,8.3,298
258,928800,1.3,74.6,0,0,0,8.4,299
259,932400,0.9,78.7,0,0,0,7.6,299
260,936000,0.9,82.7,0,0,0,6.7,298
261,939600,0.8,85.2,0,0,0,5.5,291
262,943200,1.1,84.7,0,0,0,5.2,291
263,946800,1.8,78.6,0,0,0,7.2,317
264,950400,1.7,74.8,0,0,0,6.3,319
265,954000,1.7,75.5,0,0,0,5.9,316
266,957600,1.5,76.9,0,0,0,5.1,317
267,961200,1.6,77.6,0,0,0,5.6,316
268,964800,1.4,77.7,0,0,0,5.3,317
269,968400,1.3,78,0,0,0,5.3,326
270,972000,1.1,77.9,0,0,0,6.2,321
271,975600,1,76.7,0,0,0,5.4,318
272,979200,0.7,76.2,0,0,0,5.7,317
273,982800,0.4,76.7,10.2,10.1189,0,5.7,318
274,986400,0.5,75.7,50.8,49.8821,0,4.9,330
275,990000,0.9,73.7,125.7,111.684,0,4.8,322
276,993600,1.5,71.8,209.4,118.758,0,4.2,307
277,997200,1.8,70.8,186.3,122.565,0,5.3,316
278,1000800,2,71.5,117,101.031,0,4.1,314
279,1004400,2.1,73.5,45.4,44.3354,0,4.3,312
280,1008000,1.7,74,20.1,20.1,0,4.1,323
281,1011600,1.9,74.1,0,0,0,3.5,325
282,1015200,1.7,74.1,0,0,0,3.9,331
283,1018800,1.7,72.5,0,0,0,3.9,349
284,1022400,1.1,72.6,0,0,0,3.7,21
285,1026000,0.6,73.7,0,0,0,3.9,39
286,1029600,0.2,73.8,0,0,0,2.4,8
287,1033200,-0.1,73.7,0,0,0,1.9,3
288,1036800,-0.2,73.9,0,0,0,2.1,15
289,1040400,-0.2,74.4,0,0,0,0.9,340
290,1044000,-0.2,74.2,0,0,0,1.7,84
291,1047600,-0.2,74.2,0,0,0,1,214
292,1051200,-1,76.6,0,0,0,1.5,220
293,1054800,-1.9,80.9,0,0,0,1.6,240
294,1058400,-2.4,84.2,0,0,0,2.2,271
295,1062000,-3.1,86.5,0,0,0,1.4,260
296,1065600,-3.4,88.8,0,0,0,1.3,299
297,1069200,-3.1,89.1,21.6,21.2447,0,1.5,277
298,1072800,-1.2,86.1,110.4,87.3033,0,2.1,260
299,1076400,-0.2,80.2,210.8,90.5753,0,3,264
300,1080000,0.5,74.5,255.4,82.5566,0,3.3,231
301,1083600,0.8,71.3,257.4,69.6099,0,5.1,218
302,1087200,1.4,68.9,225.2,46.4032,0,4.5,232
303,1090800,1.3,67.9,121.7,45.9878,0,3.6,224
304,1094400,1.1,69.2,37.1,37.1,0,3.5,250
305,1098000,0.4,73.1,0,0,0,2.7,273
306,1101600,0.5,76.1,0,0,0,2.5,207
307,1105200,0.5,76.7,0,0,0,2.6,220
308,1108800,0.4,77.7,0,0,0,2.2,207
309,1112400,0.5,78.8,0,0,0,2.7,217
310,1116000,0.2,79.7,0,0,0,3,213
311,1119600,0,80.6,0,0,0,3,204
312,1123200,-0.2,81.4,0,0,0,3,221
313,1126800,-0.9,82.5,0,0,0,3.1,234
314,1130400,-1.1,83.9,0,0,0,2.8,223
315,1134000,-1.8,85.1,0,0,0,2.3,264
316,1137600,-1.4,85.9,0,0,0,2.4,201
317,1141200,-1,84,0,0,0,3,214
318,1144800,-1.3,82.2,0,0,0,3,233
319,1148400,-1.1,82.2,0,0,0,3.2,221
320,1152000,-1.3,81.9,0,0,0,3.1,237
321,1155600,-1.1,81.1,13.9,13.7563,0,2.9,236
322,1159200,-0.4,77.5,56.3,55.2002,0,3.8,226
323,1162800,0,73.5,98,94.3002,0,3.9,235
324,1166400,1,68.6,113.2,108.34,0,3.5,236
325,1170000,1.8,63.4,89.4,87.4135,0,3.6,231
326,1173600,2.4,60.1,53.4,52.583,0,3.3,244
327,1177200,2.7,57.6,24.9,24.6188,0,3.4,236
328,1180800,2.8,57.9,9.2,9.2,0,3.5,232
329,1184400,3.1,59.6,0,0,0,3.4,245
330,1188000,2.9,66.3,0,0,0,6,285
331,1191600,1.8,82.8,0,0,0,4.3,262
332,1195200,2.1,93.9,0,0,0,4.5,263
333,1198800,2.4,94.9,0,0,0,4.6,269
334,1202400,2.5,96.2,0,0,0,5.1,275
335,1206000,2.6,96.9,0,0,0,4.4,278
336,1209600,2.7,97.5,0,0,0,4.7,263
337,1213200,2.9,98.1,0,0,0,4.6,280
338,1216800,3.1,98.5,0,0,0,4.6,297
339,1220400,3.4,98.5,0,0,0,4.4,281
340,1224000,3.6,98.4,0,0,0,4,275
341,1227600,4.1,97.9,0,0,0,4.4,285
342,1231200,4.5,97.3,0,0,0,4,294
343,1234800,4.7,97.1,0,0,0,3.7,301
344,1238400,4.9,96.9,0,0,0,3.1,290
345,1242000,5.1,96.3,13.7,13.5639,0,3.5,304
346,1245600,5.6,95.5,55.6,54.5416,0,3.1,311
347,1249200,5.8,94.7,57.5,56.6649,0,3.6,315
348,1252800,5.9,93.4,62.5,61.6169,0,4,319
349,1256400,6.1,91.7,63.5,62.5582,0,4,308
350,1260000,6.1,90,46.3,45.695,0,3.6,328
351,1263600,6.1,88.5,29.6,29.2122,0,3.2,343
352,1267200,6,88.1,9,9,0,2.8,320
353,1270800,5.7,88.9,0,0,0,2.1,348
354,1274400,5.6,88.7,0,0,0,2.4,340
355,1278000,5.4,88.6,0,0,0,2,347
356,1281600,5.4,89.5,0,0,0,1.9,322
357,1285200,5.1,90.4,0,0,0,2.3,297
358,1288800,4.8,91.7,0,0,0,2.6,273
359,1292400,4.6,92.9,0,0,0,2.1,334
360,1296000,4.5,93.7,0,0,0,1.5,293
361,1299600,4.4,93.7,0,0,0,1.8,309
362,1303200,4.3,93.5,0,0,0,2.2,282
363,1306800,4.3,94,0,0,0,1.7,285
364,1310400,4.2,93.9,0,0,0,2.4,279
365,1314000,4,93.3,0,0,0,2.9,267
366,1317600,3.9,93.4,0,0,0,2.6,258
367,1321200,3.5,93.7,0,0,0,3.2,271
368,1324800,3.3,94.5,0,0,0,3.1,253
369,1328400,3.3,95.3,8.9,8.844,0,3.9,252
370,1332000,3.4,95.2,41.4,40.8211,0,3.6,254
371,1335600,3.1,95.3,47.3,46.7412,0,3.8,264
372,1339200,3.1,94.4,52.8,52.1766,0,4.1,257
373,1342800,3.4,93.5,49.1,48.5436,0,3.6,253
374,1346400,3.6,92.8,36.5,36.1297,0,3.2,250
375,1350000,3.4,90.7,26.2,25.9035,0,3.8,247
376,1353600,3.3,89.7,7.6,7.6,0,3.7,251
377,1357200,3.3,89.5,0,0,0,3.1,227
378,1360800,3.4,88.7,0,0,0,3.5,231
379,1364400,3.4,88.9,0,0,0,3.9,223
380,1368000,3.2,89.4,0,0,0,3.9,226
381,1371600,3,89.9,0,0,0,3.6,225
382,1375200,2.9,90.4,0,0,0,3.4,235
383,1378800,2.7,90.8,0,0,0,2.9,242
384,1382400,2.4,91.5,0,0,0,3.1,244
385,1386000,2.3,93.4,0,0,0,3.1,233
386,1389600,2,95.5,0,0,0,3.3,217
387,1393200,1.8,96.7,0,0,0,2.9,228
388,1396800,1.4,97.9,0,0,0,3.1,230
389,1400400,1.2,98.9,0,0,0,3.1,244
390,1404000,1.1,99.3,0,0,0,2,232
391,1407600,0.9,99.5,0,0,0,2.5,233
392,1411200,0.7,99.7,0,0,0,2.7,231
393,1414800,0.7,99.8,10.8,10.7197,0,2.4,240
394,1418400,0.6,99.9,48.1,47.3295,0,3.1,237
395,1422000,0.8,99.9,66.3,65.2146,0,2.4,250
396,1425600,0.9,99.9,75.7,74.4327,0,2,235
397,1429200,1.4,98.1,93.5,91.3809,0,2,260
398,1432800,1.4,95.4,111.5,102.136,0,2.2,233
399,1436400,1.5,93.9,87.9,72.2901,0,2.2,205
400,1440000,1.3,93.9,27.4,27.4,0,2.6,227
401,1443600,0.9,94.8,0,0,0,2.6,210
402,1447200,0.8,96.7,0,0,0,2.6,226
403,1450800,0.5,98.6,0,0,0,1.9,219
404,1454400,0.4,98.7,0,0,0,2.2,308
405,1458000,0.2,98.4,0,0,0,1.7,236
406,1461600,0.1,98.6,0,0,0,2,255
407,1465200,-0.2,98.8,0,0,0,2.5,244
408,1468800,-0.5,98.6,0,0,0,2.3,212
409,1472400,-0.8,98.9,0,0,0,1.8,269
410,1476000,-1,99,0,0,0,1,72
411,1479600,-1.1,98.6,0,0,0,2.3,304
412,1483200,-1.1,98.4,0,0,0,2.2,254
413,1486800,-1.4,98.4,0,0,0,2.4,268
414,1490400,-1.5,98.4,0,0,0,1.4,287
415,1494000,-1.7,98.3,0,0,0,1.3,233
416,1497600,-1.8,98.5,0,0,0,1.1,211
417,1501200,-1.9,98.7,15.2,15.0451,0,1.5,211
418,1504800,-1.9,98.7,67.2,65.5385,0,1.3,234
419,1508400,-2,98.6,98.6,95.3797,0,1.3,180
420,1512000,-1.3,98.6,137.5,126.634,0,1.2,257
421,1515600,-1,98.7,136.6,124.764,0,1.2,47
422,1519200,-0.6,98.5,94,90.2794,0,1.7,111
423,1522800,-0.5,98.2,64.6,61.5105,0,1.3,122
424,1526400,-0.7,98.6,24.1,24.1,0,1.3,76
425,1530000,-0.8,99.2,0,0,0,1.2,65
426,1533600,-0.9,99.2,0,0,0,0.9,84
427,1537200,-1,98.9,0,0,0,0.7,36
428,1540800,-1,98.4,0,0,0,0.5,54
429,1544400,-0.9,98.2,0,0,0,1.5,71
430,1548000,-1.1,98.2,0,0,0,1.5,89
431,1551600,-1.6,97.9,0,0,0,1.1,80
432,1555200,-1.8,97.4,0,0,0,1.2,79
433,1558800,-2.1,96.9,0,0,0,1.5,69
434,1562400,-2.3,96.5,0,0,0,1.6,92
435,1566000,-2.4,96.5,0,0,0,1.6,79
436,1569600,-2.4,96.5,0,0,0,1.7,71
437,1573200,-2.4,96.6,0,0,0,2,67
438,1576800,-2.3,97,0,0,0,1.6,87
439,1580400,-2.5,96.5,0,0,0,1.4,105
440,1584000,-2.5,95.9,0,0,0,1.2,93
441,1587600,-2.7,95,26,25.5589,0,1.6,83
442,1591200,-1.6,94.1,118.4,94.7349,0,2.1,83
443,1594800,-0.4,93.1,212.6,107.803,0,2.4,109
444,1598400,1.8,88.1,258,102.337,0,2.3,102
445,1602000,4.7,79.9,276.2,75.4132,0,2.6,98
446,1605600,6.3,73.4,233.9,60.995,0,2.6,102
447,1609200,6.9,69.7,155.3,39.6379,0,3,92
448,1612800,6.2,70.5,63.8,63.8,0,2.9,94
449,1616400,4.7,77.2,0,0,0,2.7,74
450,1620000,3.6,84.1,0,0,0,2.7,89
451,1623600,3.2,86.9,0,0,0,3.2,94
452,1627200,2.8,87.7,0,0,0,2.7,102
453,1630800,2.6,88,0,0,0,2.7,91
454,1634400,2.5,88.5,0,0,0,3,85
455,1638000,2.4,89.2,0,0,0,2.6,92
456,1641600,2.3,89.3,0,0,0,2.2,102
457,1645200,2.4,90.3,0,0,0,2.7,92
458,1648800,2,91.7,0,0,0,1.5,95
459,1652400,1.8,93.1,0,0,0,1.9,100
460,1656000,1.9,94,0,0,0,2.2,112
461,1659600,2.1,93.9,0,0,0,2.8,110
462,1663200,2.6,91.9,0,0,0,3.2,108
463,1666800,2.4,90.3,0,0,0,2.1,124
464,1670400,1.5,91.9,0,0,0,2.1,104
465,1674000,1.6,92.4,28.7,28.1772,0,2,109
466,1677600,3,90.9,121.3,96.2689,0,2,103
467,1681200,5.2,82.8,213.7,110.294,0,2.3,132
468,1684800,6,74.6,259.3,105.184,0,2.3,132
469,1688400,6.8,70.7,276.1,79.7425,0,2.4,136
470,1692000,7.1,68.1,216.6,81.7662,0,2.7,137
471,1695600,7.3,67.9,132.2,65.1927,0,2.5,150
472,1699200,7.7,67,33,33,0,2.5,168
473,1702800,6.5,68.7,0,0,0,2.2,223
474,1706400,5.7,73.7,0,0,0,2.6,230
475,1710000,4.6,78.7,0,0,0,2.2,246
476,1713600,3.2,84.3,0,0,0,2.4,281
477,1717200,1.8,88.7,0,0,0,2.3,288
478,1720800,1.4,92.1,0,0,0,2.6,283
479,1724400,1,94.3,0,0,0,2.5,295
480,1728000,1.2,95.7,0,0,0,2.7,288
481,1731600,1.2,96.6,0,0,0,3.3,286
482,1735200,0.9,96.4,0,0,0,4,272
483,1738800,0.8,95.8,0,0,0,3.1,286
484,1742400,0.7,95.1,0,0,0,3,274
485,1746000,0.6,94.5,0,0,0,3.1,270
486,1749600,0.3,92.7,0,0,0,3.2,255
487,1753200,-0.1,90.9,0,0,0,3.3,298
488,1756800,-0.5,90.7,0,0,0,2.4,289
489,1760400,-0.7,90.8,21.5,21.2147,0,2.5,266
490,1764000,-0.9,90.3,55.7,54.7269,0,2.2,250
491,1767600,-0.8,90.3,88.3,86.4069,0,1.5,266
492,1771200,-0.7,90.1,76.2,74.9745,0,1.4,240
493,1774800,-0.5,89.3,51.9,51.3163,0,1.3,234
494,1778400,-0.6,89.2,47.8,47.2126,0,1.8,196
495,1782000,-0.5,89.5,42.1,41.4217,0,2.1,158
496,1785600,-0.6,90.7,18.1,17.7787,0,2.4,152
497,1789200,-0.8,92.2,0,0,0,2.5,182
498,1792800,-0.5,93.3,0,0,0,2.4,176
499,1796400,-0.6,93.6,0,0,0,2.8,167
500,1800000,-0.7,93.9,0,0,0,2.1,181
501,1803600,-0.7,94.3,0,0,0,2.1,204
502,1807200,-1,95,0,0,0,2.2,185
503,1810800,-1.3,96.1,0,0,0,2.6,168
504,1814400,-1.4,96.5,0,0,0,2.1,170
505,1818000,-1.6,97.3,0,0,0,1.4,178
506,1821600,-1.6,97.9,0,0,0,1.3,149
507,1825200,-1.6,98.3,0,0,0,1.2,114
508,1828800,-1.9,97.8,0,0,0,1.7,146
509,1832400,-1.8,97.7,0,0,0,1.9,106
510,1836000,-1.7,98,0,0,0,2.2,113
511,1839600,-1.7,97.8,0,0,0,2,107
512,1843200,-1.9,97.7,0,0,0,2.5,108
513,1846800,-1.8,97.6,15,14.865,0,2.4,111
514,1850400,-1.6,97.7,75.8,73.5518,0,2.4,105
515,1854000,-1.1,97.1,192.1,128.331,0,2.4,99
516,1857600,0.3,93.6,230.9,134.861,0,2.1,94
517,1861200,2,84.6,213.1,137.564,0,2.4,94
518,1864800,2.9,77.5,161.1,121.134,0,2.9,98
519,1868400,3.5,74.6,91.3,79.3886,0,3.4,106
520,1872000,3.3,73.4,35.7,30.5543,0,3.4,116
521,1875600,2.7,75.1,0,0,0,3.5,109
522,1879200,2.6,77.6,0,0,0,3.7,113
523,1882800,2.6,78.9,0,0,0,3.8,108
524,1886400,2.7,79.5,0,0,0,4.1,116
525,1890000,2.8,80.9,0,0,0,4.4,127
526,1893600,2.6,82.8,0,0,0,4.5,128
527,1897200,2,84.4,0,0,0,3.8,120
528,1900800,1.5,85.2,0,0,0,4,124
529,1904400,1,85.3,0,0,0,3.6,136
530,1908000,0.8,85.3,0,0,0,4.2,136
531,1911600,0.5,85.6,0,0,0,4.1,129
532,1915200,0.6,85.9,0,0,0,4.2,128
533,1918800,0.7,85.6,0,0,0,4.2,134
534,1922400,1,85.1,0,0,0,4.5,135
535,1926000,1.6,83,0,0,0,5.2,135
536,1929600,1.9,80.1,0,0,0,4.2,134
537,1933200,1.5,83.4,5.3,5.28362,0,4.4,145
538,1936800,1.4,90.6,25.1,24.9086,0,3.7,159
539,1940400,1.9,93.5,26,25.845,0,3.5,188
540,1944000,2.7,94.5,28.7,28.5304,0,4.1,220
541,1947600,3.3,95.4,56.1,55.4356,0,4.3,243
542,1951200,4.3,94.7,48.4,47.8166,0,5.4,260
543,1954800,4.7,93,27.3,27.028,0,4.8,263
544,1958400,5.1,91,16,15.7488,0,4.6,252
545,1962000,5.1,89,1,1,0,4.8,241
546,1965600,4.9,89,0,0,0,4.4,234
547,1969200,5.1,88.3,0,0,0,4.1,223
548,1972800,5.1,85.8,0,0,0,4.6,230
549,1976400,5,84.4,0,0,0,4.6,215
550,1980000,4.9,82.6,0,0,0,3.9,226
551,1983600,4.8,79.8,0,0,0,3.6,226
552,1987200,4.6,79.2,0,0,0,3.5,212
553,1990800,4.1,80.3,0,0,0,3.1,192
554,1994400,3.8,81.4,0,0,0,2.9,176
555,1998000,3.7,82.3,0,0,0,2.7,185
556,2001600,3.1,82.5,0,0,0,2.5,190
557,2005200,3.3,82.5,0,0,0,3,200
558,2008800,3.8,83.7,0,0,0,2.9,209
559,2012400,4.1,86.2,0,0,0,2.8,197
560,2016000,4.5,86.6,0,0,0,3.5,210
561,2019600,4.1,86.1,36.7,35.9117,0,3.2,196
562,2023200,5,83.7,140.4,102.02,0,4.2,209
563,2026800,6.5,78.7,217.8,121.144,0,4.5,206
564,2030400,6.9,76.2,201.9,150.535,0,4.5,176
565,2034000,7.7,73.9,255.9,116.753,0,5.1,196
566,2037600,7.9,72.2,203.8,109.986,0,4.6,185
567,2041200,8.2,72.7,88.1,79.7983,0,4.7,185
568,2044800,8.3,73.3,36.1,31.4627,0,4.5,164
569,2048400,8.3,74.5,1,1,0,4.2,164
570,2052000,8,78.3,0,0,0,4.4,189
571,2055600,7.8,84.4,0,0,0,3.5,178
572,2059200,7.9,87.1,0,0,0,3.6,191
573,2062800,8,87.6,0,0,0,4,194
574,2066400,7.8,89.3,0,0,0,3.3,203
575,2070000,7.8,89.8,0,0,0,3.5,211
576,2073600,7.8,88.8,0,0,0,3.3,212
577,2077200,7.9,88.8,0,0,0,3.6,214
578,2080800,7.8,89.2,0,0,0,3.1,196
579,2084400,7.9,87.7,0,0,0,2.7,195
580,2088000,7.6,87.4,0,0,0,2.5,174
581,2091600,7.7,88.1,0,0,0,2.5,154
582,2095200,7.9,87.7,0,0,0,2.5,160
583,2098800,8.3,86.1,0,0,0,2.7,164
584,2102400,8.4,84.7,0,0,0,2.9,163
585,2106000,9.5,80.9,4.5,4.48886,0,3.7,181
586,2109600,9.9,77.6,24.5,24.3235,0,4.4,185
587,2113200,10.9,74.8,61.9,61.0445,0,4.1,187
588,2116800,11.4,70.1,78.8,77.5526,0,4.2,176
589,2120400,12.2,64,126.2,120.718,0,4.7,182
590,2124000,13.8,55.6,184.5,123.724,0,4.5,202
591,2127600,14.4,51.8,62,60.5506,0,5.2,225
592,2131200,14.5,52.3,16,15.773,0,4.3,213
593,2134800,14.3,52.6,1.1,1.1,0,3.6,221
594,2138400,14.1,53.3,0,0,0,3.1,222
595,2142000,12.9,57.8,0,0,0,2.3,247
596,2145600,11.5,70.2,0,0,0,3.9,291
597,2149200,10.5,82.6,0,0,0,4.4,310
598,2152800,9.5,86.8,0,0,0,3.3,317
599,2156400,8.7,86.8,0,0,0,2.4,333
600,2160000,8.1,88,0,0,0,1.2,52
601,2163600,7.8,92.7,0,0,0,2.3,75
602,2167200,7.7,95.7,0,0,0,1.9,59
603,2170800,7.9,96,0,0,0,2.5,49
604,2174400,7.8,94.3,0,0,0,1.8,51
605,2178000,7.4,91,0,0,0,3.1,112
606,2181600,7.1,88.8,0,0,0,2.5,114
607,2185200,6.4,89.4,0,0,0,2.8,123
608,2188800,6,90.9,0,0,0,2.5,120
609,2192400,6.1,90.7,26.7,26.3189,0,3,144
610,2196000,7,88,97.9,91.8452,0,2.7,179
611,2199600,9,83.1,89.3,87.5415,0,3.8,212
612,2203200,9.6,79.9,154.6,141.363,0,4.1,224
613,2206800,10.5,78.4,193.4,151.325,0,3.7,228
614,2210400,10.6,76.2,122.6,114.116,0,3.5,224
615,2214000,9.7,75.7,56.5,55.4137,0,4.9,263
616,2217600,8.7,81.5,12.4,12.2713,0,3,251
617,2221200,8.7,86.1,0.9,0.9,0,3.5,247
618,2224800,7.8,87,0,0,0,4.4,250
619,2228400,6.8,89,0,0,0,5.3,276
620,2232000,6,89.8,0,0,0,3.2,270
621,2235600,5.7,90.5,0,0,0,2.7,236
622,2239200,5.1,90.8,0,0,0,1,242
623,2242800,4.3,92.9,0,0,0,1.9,163
624,2246400,4.2,95,0,0,0,2.3,129
625,2250000,4.4,93.9,0,0,0,2.7,149
626,2253600,4.6,90.6,0,0,0,2.6,148
627,2257200,4.9,86.2,0,0,0,2.9,131
628,2260800,5.3,82.7,0,0,0,3.4,131
629,2264400,5.7,79.6,0,0,0,3.6,137
630,2268000,5.9,76.6,0,0,0,4.2,151
631,2271600,6.5,74.2,0,0,0,4.6,145
632,2275200,6.2,76.9,0,0,0,3.8,156
633,2278800,6.1,84,29.8,29.3388,0,4,148
634,2282400,7.1,88.3,78.7,76.6726,0,4.3,150
635,2286000,9.1,84.4,121.5,115.838,0,4.8,163
636,2289600,10.6,76.6,152.1,140.526,0,6,198
637,2293200,11.2,72.5,86.7,85.1957,0,5.1,193
638,2296800,11.5,71,60.8,59.9365,0,4.2,188
639,2300400,11,74.3,23.1,22.9225,0,3.6,178
640,2304000,10.9,78.3,25.8,25.2626,0,3.4,152
641,2307600,11.2,78.1,1,1,0,3.4,178
642,2311200,11,78.4,0,0,0,3.4,165
643,2314800,10.4,81.6,0,0,0,2,208
644,2318400,10.3,86.5,0,0,0,2.6,193
645,2322000,9.7,89.9,0,0,0,2.7,146
646,2325600,10,88.6,0,0,0,2.9,177
647,2329200,9.8,87,0,0,0,2.8,190
648,2332800,8.9,88.5,0,0,0,2.6,163
649,2336400,9,89.8,0,0,0,3.2,161
650,2340000,8.8,87.3,0,0,0,2.8,163
651,2343600,8.3,84.3,0,0,0,2.6,171
652,2347200,7.5,85.2,0,0,0,2.3,166
653,2350800,7.4,86,0,0,0,2.7,162
654,2354400,6.9,86.2,0,0,0,3.1,162
655,2358000,7,85.5,0,0,0,2.5,166
656,2361600,6.6,85.9,0,0,0,2.1,162
657,2365200,6.9,87.1,17.3,17.149,0,2,194
658,2368800,7.3,85.6,39.1,38.6726,0,1.3,173
659,2372400,7.8,83.3,61.8,60.9813,0,2,165
660,2376000,8.3,82.1,113.4,110.642,0,1.2,201
661,2379600,8.9,80.3,112.4,109.574,0,2.3,228
662,2383200,8.5,79.9,47.6,47.0791,0,1.9,206
663,2386800,7.8,86.4,56.4,55.3658,0,1.5,229
664,2390400,7.7,93.3,32,30.9551,0,1.5,160
665,2394000,7.6,95.5,2.2,2.2,0,1.7,206
666,2397600,7.5,96.7,0,0,0,2,164
667,2401200,7.5,97.2,0,0,0,2.2,208
668,2404800,7.4,97,0,0,0,1.9,205
669,2408400,7.4,96.9,0,0,0,2,197
670,2412000,7.1,96.9,0,0,0,2.2,174
671,2415600,6.7,96.1,0,0,0,2,183
672,2419200,6.2,95.7,0,0,0,2.3,187
673,2422800,5.8,95.8,0,0,0,2.8,196
674,2426400,5.5,95,0,0,0,3.3,194
675,2430000,5.4,94.5,0,0,0,2.9,192
676,2433600,5.5,94.4,0,0,0,2.8,177
677,2437200,5.6,94.3,0,0,0,2.5,162
678,2440800,5.7,93.9,0,0,0,1.9,179
679,2444400,6.3,91.4,0,0,0,2.9,189
680,2448000,6.8,88,0,0,0,3.6,189
681,2451600,7.3,85.7,23.1,22.8385,0,3.9,191
682,2455200,7.8,84.1,91.3,87.8166,0,3.7,190
683,2458800,8.6,81.7,91.5,89.7298,0,4.4,202
684,2462400,8.1,84.3,58.3,57.6513,0,4.5,213
685,2466000,9.4,86.1,125.9,121.494,0,5,222
686,2469600,10.7,76.7,189.7,133.936,0,6,236
687,2473200,10.3,68.2,106.2,92.8955,0,6,242
688,2476800,9.8,66.1,30.4,29.6776,0,6.9,254
689,2480400,8.8,67.8,1,1,0,7.1,261
690,2484000,8.5,70.4,0,0,0,5.5,236
691,2487600,7.8,72.5,0,0,0,5.1,237
692,2491200,8.1,74.6,0,0,0,4.5,219
693,2494800,8.1,74.8,0,0,0,4.5,220
694,2498400,8,74.7,0,0,0,4.5,233
695,2502000,8,75.8,0,0,0,3.8,224
696,2505600,8,77.1,0,0,0,4.1,220
697,2509200,7.6,78.7,0,0,0,3.6,214
698,2512800,6.4,81.7,0,0,0,2.6,203
699,2516400,5.3,86,0,0,0,2.9,201
700,2520000,5.1,88,0,0,0,3,214
701,2523600,4.5,87.7,0,0,0,2.5,208
702,2527200,4,88.3,0,0,0,2.6,192
703,2530800,3.7,89.5,0,0,0,2.3,173
704,2534400,3.7,89.9,0,0,0,2.8,173
705,2538000,4.6,87.9,22.3,22.0633,0,2.7,179
706,2541600,5.5,83.6,114.3,104.238,0,2.4,189
707,2545200,6.2,80.7,192.9,147.159,0,2.1,195
708,2548800,7.2,78.4,209.3,162.948,0,2.9,177
709,2552400,7.5,76.8,172.6,152.416,0,2.6,171
710,2556000,8.3,75.9,167.2,136.973,0,2.7,190
711,2559600,8.7,72.6,127.3,98.7388,0,2.1,186
712,2563200,8.6,71.4,38.7,36.9109,0,1.8,189
713,2566800,8.1,73.2,1.6,1.6,0,2.1,169
714,2570400,8.1,74.5,0,0,0,2.1,202
715,2574000,7.7,77.1,0,0,0,1.8,209
716,2577600,7.8,79.5,0,0,0,1.7,230
717,2581200,7.9,79.6,0,0,0,1.7,229
718,2584800,7.6,82.5,0,0,0,2.3,265
719,2588400,7.1,87.2,0,0,0,2.3,273
720,2592000,6.4,90,0,0,0,4,303
721,2595600,5.6,91.2,0,0,0,5.4,324
722,2599200,4.5,91.9,0,0,0,3.9,324
723,2602800,4.5,92.6,0,0,0,3.5,306
724,2606400,4.6,93.7,0,0,0,4.2,279
725,2610000,4.5,93.8,0,0,0,4.7,291
726,2613600,5,93.3,0,0,0,4.6,282
727,2617200,4.7,90.2,0,0,0,5.7,290
728,2620800,4.2,88.4,0,0,0,4.9,282
729,2624400,4,90,28.9,28.5137,0,4.9,283
730,2628000,4,88.3,103.3,97.6882,0,5.1,279
731,2631600,4.5,85.8,130,123.636,0,5.1,277
732,2635200,4.9,82.1,186.6,160.636,0,5.8,277
733,2638800,5.8,75.2,191.5,159.941,0,6.4,272
734,2642400,6.6,69.6,175.7,139.865,0,5.8,269
735,2646000,6.5,65.6,131,100.926,0,6,266
736,2649600,6.4,63.1,70.4,45.1722,0,5.5,263
737,2653200,6.1,63.3,2.1,2.1,0,5.6,266
738,2656800,5.9,66.1,0,0,0,5.1,269
739,2660400,5.8,69.4,0,0,0,4.8,272
740,2664000,5.3,72.6,0,0,0,4.7,271
741,2667600,5,75.7,0,0,0,4.1,272
742,2671200,5.1,76.2,0,0,0,3.7,287
743,2674800,4.5,77,0,0,0,3.6,271
744,2678400,4.2,79.5,0,0,0,3.5,272
745,2682000,3.1,84.6,0,0,0,3.1,276
746,2685600,2.5,85.6,0,0,0,3.4,275
747,2689200,1.7,87.9,0,0,0,2.8,283
748,2692800,1.2,90.5,0,0,0,2.6,286
749,2696400,1,92.5,0,0,0,2.2,272
750,2700000,1.1,94.1,0,0,0,2,237
751,2703600,2.1,94.2,0,0,0,2,283
752,2707200,2.3,93,0,0,0,2.1,286
753,2710800,2.7,91.7,10.1,10.0541,0,2.2,298
754,2714400,3.3,89.4,69.6,68.336,0,1.9,281
755,2718000,3.8,87,132.2,125.656,0,1.6,256
756,2721600,4.5,84,171.1,154.981,0,2.3,274
757,2725200,5.1,80.7,162.1,148.852,0,2.6,290
758,2728800,5.2,78.8,140.5,129.018,0,2.6,282
759,2732400,5.3,78.3,72,70.3478,0,2.6,273
760,2736000,5,79.6,21.9,21.6021,0,2.2,267
761,2739600,4.9,81.2,2,2,0,2,281
762,2743200,4.5,83,0,0,0,2.3,287
763,2746800,4.4,85,0,0,0,1.9,316
764,2750400,4.3,85.8,0,0,0,1.7,313
765,2754000,4.5,85.6,0,0,0,1.9,298
766,2757600,4.4,84.9,0,0,0,1.7,270
767,2761200,4.2,82.7,0,0,0,1.9,237
768,2764800,3.6,80.6,0,0,0,1.7,300
769,2768400,3.5,75.7,0,0,0,2.2,279
770,2772000,2.7,73.3,0,0,0,1.7,268
771,2775600,2.6,76.4,0,0,0,1.7,272
772,2779200,2.8,76.3,0,0,0,1.5,300
773,2782800,2.5,77.8,0,0,0,1.6,280
774,2786400,2.5,82.1,0,0,0,1.4,283
775,2790000,2.5,85,0,0,0,1.2,259
776,2793600,2.5,87.3,1,1,0,1.7,274
777,2797200,2.6,88.5,23.3,23.0628,0,1.6,291
778,2800800,3.1,87.8,92.2,89.3692,0,1.3,257
779,2804400,3.8,85.2,145.4,135.383,0,1.3,285
780,2808000,4.5,80.9,159.5,148.782,0,1.2,301
781,2811600,4.9,76.7,119.4,116.459,0,1.3,222
782,2815200,4.8,75.2,86,84.4291,0,1.6,296
783,2818800,4.8,75.8,40.5,40.0222,0,2,256
784,2822400,4.6,77.3,38,36.9924,0,2.4,288
785,2826000,4.3,79.3,2,2,0,1.7,13
786,2829600,4.2,79.7,0,0,0,1.1,27
787,2833200,3.9,79.6,0,0,0,0.8,356
788,2836800,3.3,81.8,0,0,0,1.1,21
789,2840400,3.1,84.3,0,0,0,1.1,0
790,2844000,2.5,85,0,0,0,0.6,359
791,2847600,2.1,86.1,0,0,0,1.3,21
792,2851200,2.4,86.5,0,0,0,0.8,28
793,2854800,1.6,89.5,0,0,0,0.7,311
794,2858400,1.3,94,0,0,0,0.9,1
795,2862000,0.2,96.1,0,0,0,1.2,32
796,2865600,-0.1,96.9,0,0,0,1.5,202
797,2869200,-0.8,97,0,0,0,1.1,172
798,2872800,-1.8,97.4,0,0,0,0.8,189
799,2876400,-1,97.5,0,0,0,0.8,146
800,2880000,-2.4,97.3,3,3,0,0.7,171
801,2883600,-0.4,96.5,61.4,58.6799,0,0.8,185
802,2887200,2,95.7,183.7,115.511,0,1.5,192
803,2890800,3.6,90.3,284.1,111.06,0,1.9,160
804,2894400,5,80.3,290.1,142.744,0,2.4,153
805,2898000,5,74.2,237.7,166.03,0,2.3,147
806,2901600,5.7,66.5,267.2,105.286,0,2.3,133
807,2905200,6.2,59.3,214.2,59.8309,0,2.7,175
808,2908800,5.8,57.2,129.3,21.3345,0,2.6,150
809,2912400,4.7,59,23,23,0,2.1,157
810,2916000,3.3,67.1,0,0,0,1.6,150
811,2919600,2.5,75.4,0,0,0,2,135
812,2923200,2.1,79.7,0,0,0,1.3,169
813,2926800,1.5,83.6,0,0,0,1.4,166
814,2930400,1.1,86.3,0,0,0,1.6,159
815,2934000,0.5,87.8,0,0,0,1.2,171
816,2937600,0.2,89.9,0,0,0,1.7,155
817,2941200,0,89.9,0,0,0,1.6,175
818,2944800,-0.2,88.9,0,0,0,1.8,160
819,2948400,-0.8,90.6,0,0,0,1.2,170
820,2952000,-0.9,92.2,0,0,0,1.1,150
821,2955600,-1.1,92.7,0,0,0,1.2,148
822,2959200,-0.9,92.8,0,0,0,1.5,170
823,2962800,-1.1,92.4,0,0,0,1.4,170
824,2966400,-1.3,92.6,2.7,2.7,0,1.8,162
825,2970000,-0.7,92.1,64.3,61.2393,0,1.8,183
826,2973600,0.6,89.5,190.4,115.819,0,2.3,207
827,2977200,1.9,84.3,297.1,104.122,0,2,215
828,2980800,3.4,78.5,359.7,84.9125,0,2.3,226
829,2984400,4.8,73,374.4,69.5914,0,2.3,218
830,2988000,5.8,68.1,331.9,58.532,0,1.9,207
831,2991600,6.2,64.7,252.5,41.8651,0,2,204
832,2995200,6.2,64.1,142.6,23.529,0,1.9,179
833,2998800,5,68.7,21.1,21.1,0,1.6,171
834,3002400,3.6,76,0,0,0,1.3,178
835,3006000,3,80.7,0,0,0,1.6,212
836,3009600,2.6,83,0,0,0,1.5,213
837,3013200,2.1,84,0,0,0,1.7,200
838,3016800,1.6,85.3,0,0,0,1.9,187
839,3020400,1.1,86.9,0,0,0,0.7,220
840,3024000,0.6,87,0,0,0,1.6,205
841,3027600,0.4,88.5,0,0,0,1.7,236
842,3031200,-0.1,90.5,0,0,0,1.7,204
843,3034800,0,90.4,0,0,0,2.7,213
844,3038400,-0.2,89.8,0,0,0,1.8,232
845,3042000,-0.3,89.6,0,0,0,2,230
846,3045600,-0.4,89.8,0,0,0,1.9,230
847,3049200,-0.2,90.3,0,0,0,1.9,219
848,3052800,0.8,89.9,1,1,0,1.6,263
849,3056400,1.5,88.3,29.9,29.5411,0,2.1,247
850,3060000,2.2,88.1,68,66.8749,0,2.6,257
851,3063600,3.1,88,55.1,54.5182,0,3,260
852,3067200,3.4,86.2,80.3,79.177,0,3.6,272
853,3070800,3.8,86,81.2,80.0319,0,4,283
854,3074400,3.6,89.5,60.3,59.5629,0,4.3,280
855,3078000,4.2,92.8,44.7,44.1534,0,3.9,275
856,3081600,4.2,93.3,22.9,22.624,0,4,272
857,3085200,4.3,93.2,4,4,0,3.7,274
858,3088800,4.6,93,0,0,0,3.2,266
859,3092400,4.7,92.5,0,0,0,2.7,275
860,3096000,4.9,91.5,0,0,0,2.8,271
861,3099600,4.9,90.8,0,0,0,2.4,262
862,3103200,4.9,90.4,0,0,0,2.2,266
863,3106800,4.7,90.6,0,0,0,2.7,270
864,3110400,4.5,91.4,0,0,0,2.3,270
865,3114000,4.2,91.8,0,0,0,2.7,273
866,3117600,4.2,92.4,0,0,0,2.8,296
867,3121200,4.1,93.4,0,0,0,2.5,314
868,3124800,3.8,94.7,0,0,0,2.2,317
869,3128400,3.8,95.9,0,0,0,2.6,336
870,3132000,3.8,96.7,0,0,0,1.9,324
871,3135600,3.8,96.5,0,0,0,2.3,325
872,3139200,3.7,95.9,0.9,0.9,0,1.5,314
873,3142800,3.7,96.4,17.1,16.9858,0,2.2,327
874,3146400,3.9,96.7,64.3,63.3114,0,2.5,309
875,3150000,4.4,95.3,88.8,87.3102,0,2.8,327
876,3153600,4.4,93.5,104.6,102.719,0,2.7,1
877,3157200,5,90.5,94.3,92.7456,0,2,17
878,3160800,5.9,85,144,134.521,0,2.2,6
879,3164400,6,80.9,135.6,113.157,0,3.1,18
880,3168000,5.8,79.6,75.1,60.4216,0,3.1,22
881,3171600,5.6,79.7,8.6,8.6,0,2.9,38
882,3175200,5.3,83.1,0,0,0,3.6,39
883,3178800,5,86.8,0,0,0,4.5,49
884,3182400,5,86.8,0,0,0,3.7,59
885,3186000,4.8,84.8,0,0,0,3.8,73
886,3189600,4.6,81.8,0,0,0,4.9,88
887,3193200,4.2,80,0,0,0,4.3,102
888,3196800,4.1,79.9,0,0,0,3.4,69
889,3200400,3.1,82,0,0,0,3.6,70
890,3204000,3.1,84.1,0,0,0,3.9,69
891,3207600,2.8,84.9,0,0,0,3.6,63
892,3211200,2.1,88.3,0,0,0,3.4,49
893,3214800,3.1,89.2,0,0,0,4.6,60
894,3218400,3.4,85.4,0,0,0,5,70
895,3222000,3.4,81.8,0,0,0,4.7,61
896,3225600,3,81.8,1.1,1.1,0,5.2,85
897,3229200,2.5,83.8,29,28.6805,0,5.2,93
898,3232800,2.2,84.3,61.6,60.7084,0,4.9,88
899,3236400,2,85.6,66.5,65.6763,0,4.5,80
900,3240000,2.3,85.2,106.6,104.672,0,4.5,66
901,3243600,3.2,80.7,224,177.803,0,4.4,85
902,3247200,3.8,75.8,192.9,155.633,0,4.7,88
903,3250800,3.8,74,76.7,75.1402,0,5.1,79
904,3254400,3.7,74.9,87.2,62.2164,0,4.9,70
905,3258000,3.7,76,10.4,10.4,0,5.1,92
906,3261600,3.3,77.8,0,0,0,4.5,84
907,3265200,3.3,80.5,0,0,0,5.1,96
908,3268800,3.1,82.7,0,0,0,5,88
909,3272400,3.4,79.5,0,0,0,5.7,99
910,3276000,2.7,72.5,0,0,0,5.9,97
911,3279600,2.5,68.7,0,0,0,5.7,90
912,3283200,2.1,69.2,0,0,0,5.3,88
913,3286800,1.6,71.2,0,0,0,5.6,88
914,3290400,1.5,72.7,0,0,0,5,94
915,3294000,1.5,73.3,0,0,0,5.1,92
916,3297600,1.6,73.1,0,0,0,4.8,85
917,3301200,1.7,72.7,0,0,0,4.9,97
918,3304800,1.7,72.1,0,0,0,4.7,102
919,3308400,1.6,72.4,0,0,0,4.3,95
920,3312000,1.6,73.3,1.9,1.9,0,4.6,99
921,3315600,1.7,73.6,44.4,43.6711,0,4.3,101
922,3319200,2.2,72.8,138.1,124.265,0,4.6,104
923,3322800,3.2,70.2,267.5,149.78,0,4.8,104
924,3326400,4.4,65.8,351,114.929,0,4.6,96
925,3330000,5.2,62.4,368.9,91.4014,0,4.7,94
926,3333600,5.6,61.1,335.2,71.6652,0,4.4,91
927,3337200,5.5,61.2,258.7,49.7298,0,4.5,89
928,3340800,5,62.8,139.4,28.3713,0,4.2,73
929,3344400,4.2,66,23.5,23.5,0,3.8,87
930,3348000,3.2,70.1,0,0,0,3,89
931,3351600,2.5,74,0,0,0,3.1,89
932,3355200,2,76.4,0,0,0,3.6,82
933,3358800,1.5,79,0,0,0,3.6,90
934,3362400,1,81.1,0,0,0,3.5,90
935,3366000,0.5,83,0,0,0,3.7,95
936,3369600,0.3,84.7,0,0,0,3.1,89
937,3373200,-0.1,85.3,0,0,0,2.6,97
938,3376800,-0.6,86.3,0,0,0,3.2,70
939,3380400,-0.6,87,0,0,0,3,75
940,3384000,-0.8,87,0,0,0,3.4,79
941,3387600,-0.8,87.3,0,0,0,3.6,80
942,3391200,-0.6,87.1,0,0,0,4,79
943,3394800,-1.1,87.2,0,0,0,2.7,78
944,3398400,-1.2,88.1,5.9,5.9,0,2.9,67
945,3402000,-0.6,87.5,79.3,74.2312,0,3.1,70
946,3405600,0.6,84.6,206,127.267,0,3.1,71
947,3409200,1.7,79.5,307.7,122.354,0,3.5,80
948,3412800,3.1,73.9,370.6,102.291,0,2.8,61
949,3416400,4.3,69.2,389,80.9501,0,3.5,50
950,3420000,4.9,65.9,350.4,66.4783,0,3.5,41
951,3423600,4.8,65,270.5,47.7453,0,4,46
952,3427200,4.1,67.1,161.6,26.664,0,4.3,56
953,3430800,3.3,71.5,35.9,35.9,0,3.7,59
954,3434400,2.7,76.1,0,0,0,3.4,49
955,3438000,2.4,78.9,0,0,0,2.9,50
956,3441600,2.3,80.2,0,0,0,3,47
957,3445200,2.2,80.6,0,0,0,2.4,44
958,3448800,2.4,80.8,0,0,0,2.9,62
959,3452400,2,81,0,0,0,2.9,74
960,3456000,1.5,82.4,0,0,0,3.2,72
961,3459600,1.6,83.3,0,0,0,2.6,74
962,3463200,1.3,82.9,0,0,0,3,65
963,3466800,1,82.5,0,0,0,3.8,60
964,3470400,0.9,82.2,0,0,0,3.8,73
965,3474000,0.5,82.1,0,0,0,3.4,71
966,3477600,0.6,81.6,0,0,0,3.1,82
967,3481200,0.3,81.4,0,0,0,3.9,80
968,3484800,0.1,81.7,4.7,4.67821,0,4.1,84
969,3488400,0.2,81.8,64.4,62.6988,0,4.3,84
970,3492000,0.7,81.2,99.4,96.907,0,4.1,84
971,3495600,1.2,79.4,102.1,100.239,0,4.5,94
972,3499200,2.2,76.1,227,186.749,0,4.4,69
973,3502800,2.7,73.3,216.5,182.322,0,4.5,71
974,3506400,3.3,71.6,233.8,159.719,0,4.5,80
975,3510000,3.4,70.1,216.9,96.7388,0,5.3,86
976,3513600,3.1,70.5,153.4,28.1298,0,4.6,82
977,3517200,2.7,72.1,35.2,35.2,0,4.7,73
978,3520800,2.1,73.7,0,0,0,5.9,82
979,3524400,1.1,74.5,0,0,0,5.8,81
980,3528000,0.6,74.8,0,0,0,5.4,91
981,3531600,0.6,74.9,0,0,0,4.9,88
982,3535200,0.5,74.7,0,0,0,4.9,90
983,3538800,0.1,74.7,0,0,0,4.8,88
984,3542400,-0.2,74.4,0,0,0,5.1,80
985,3546000,-0.5,73.2,0,0,0,5.6,90
986,3549600,-1,72.5,0,0,0,5.6,88
987,3553200,-1.4,73.1,0,0,0,5.3,89
988,3556800,-1.5,73.5,0,0,0,5.1,90
989,3560400,-1.9,74.3,0,0,0,5.2,90
990,3564000,-2.1,75.3,0,0,0,6,91
991,3567600,-2.4,75.9,0,0,0,5.7,90
992,3571200,-2.6,76.7,12.7,12.5408,0,4.8,92
993,3574800,-2.1,76,99.7,86.8161,0,5.5,92
994,3578400,-0.7,72,225,124.866,0,5.9,99
995,3582000,0.6,65.1,325.4,117.388,0,6.6,100
996,3585600,2.3,56.8,384.6,101.116,0,6.7,100
997,3589200,3.6,50.2,394.8,86.3261,0,5.7,98
998,3592800,4.7,45,351.5,74.2156,0,6.3,91
999,3596400,5,41.4,261.3,61.5376,0,6.6,91
1000,3600000,3.8,42.9,139.2,44.0861,0,6.2,90
1001,3603600,3.4,46.2,11.4,11.4,0,6.4,91
1002,3607200,2.7,48.4,0,0,0,5.4,100
1003,3610800,2.2,51.2,0,0,0,5.1,99
1004,3614400,1.6,54.8,0,0,0,5.4,99
1005,3618000,0.8,60.4,0,0,0,5,99
1006,3621600,0.4,65.5,0,0,0,4.7,98
1007,3625200,-0.3,68.4,0,0,0,5.5,93
1008,3628800,-0.8,71.1,0,0,0,4.9,92
1009,3632400,-1.3,73.6,0,0,0,4.6,99
1010,3636000,-1.8,75,0,0,0,5,91
1011,3639600,-2.4,76.1,0,0,0,4.7,101
1012,3643200,-3,77.7,0,0,0,4.8,91
1013,3646800,-3.6,79.7,0,0,0,4.8,90
1014,3650400,-4.1,81.8,0,0,0,4.7,85
1015,3654000,-4.5,83.5,0,0,0,5.1,89
1016,3657600,-4.4,84,8.2,8.13363,0,5.1,94
1017,3661200,-3.8,83.3,57.3,56.208,0,5.4,88
1018,3664800,-3.6,81.5,125.7,119.205,0,5.6,91
1019,3668400,-2.8,79.3,217.9,176.179,0,5.2,88
1020,3672000,-1.9,75.7,335.2,153.049,0,5.4,76
1021,3675600,-0.9,71.7,377.9,106.055,0,5.5,79
1022,3679200,-0.2,69.4,345.8,83.6357,0,5.1,81
1023,3682800,-0.4,68.6,261.1,67.0468,0,5.1,74
1024,3686400,-0.6,69.7,136.8,52.1247,0,4.8,89
1025,3690000,-0.7,71.2,29.7,29.7,0,3.9,85
1026,3693600,-0.7,72.5,0,0,0,4,81
1027,3697200,-0.6,73.4,0,0,0,4.2,88
1028,3700800,-0.3,73.8,0,0,0,3.5,94
1029,3704400,-0.1,74.2,0,0,0,3.1,95
1030,3708000,0,74.9,0,0,0,3.3,74
1031,3711600,-0.7,79.8,0,0,0,2.9,75
1032,3715200,-0.7,84.5,0,0,0,3.3,72
1033,3718800,-0.9,84.2,0,0,0,2.5,76
1034,3722400,-0.8,82.2,0,0,0,2.6,69
1035,3726000,-1,83.6,0,0,0,2.6,85
1036,3729600,-1,87.3,0,0,0,2.7,41
1037,3733200,-1,88.1,0,0,0,2.5,59
1038,3736800,-1,88.3,0,0,0,2.3,30
1039,3740400,-1.2,89.5,0,0,0,2,6
1040,3744000,-1.2,90.5,5.7,5.66898,0,1.8,22
1041,3747600,-1.1,89.2,36.1,35.6776,0,2.2,0
1042,3751200,-0.9,88.1,55.3,54.6521,0,2.3,10
1043,3754800,-0.8,87.7,43.5,43.176,0,2.7,22
1044,3758400,-0.7,87.2,72,71.1862,0,2.2,4
1045,3762000,-0.6,87.3,66,65.3057,0,1.8,10
1046,3765600,-0.5,87.8,54.7,54.1616,0,2,355
1047,3769200,-0.5,88.8,36,35.6965,0,2.8,325
1048,3772800,-0.4,90.1,22.9,22.6903,0,3.2,354
1049,3776400,-0.3,91.3,7.3,7.3,0,2.7,298
1050,3780000,-0.3,92.7,0,0,0,2.9,325
1051,3783600,-0.3,93.2,0,0,0,2.4,162
1052,3787200,-0.2,92.7,0,0,0,5.9,8
1053,3790800,0,93.2,0,0,0,2.5,330
1054,3794400,0,93.7,0,0,0,2.9,341
1055,3798000,-0.1,94.2,0,0,0,2.6,331
1056,3801600,-0.1,94.3,0,0,0,2.9,349
1057,3805200,0.1,94.8,0,0,0,3.5,358
1058,3808800,0,94.2,0,0,0,3.6,15
1059,3812400,0,92.9,0,0,0,3.1,13
1060,3816000,0,92.9,0,0,0,3.1,352
1061,3819600,-0.1,92,0,0,0,3.3,343
1062,3823200,-0.1,90.8,0,0,0,3,342
1063,3826800,-0.1,90,0,0,0,3,353
1064,3830400,0.1,89.5,11.1,10.9905,0,3.1,2
1065,3834000,-0.5,88.9,99.8,90.2329,0,2.2,346
1066,3837600,1,86.3,199.4,146.722,0,3.8,350
1067,3841200,1.7,81.8,209,177.987,0,3.3,359
1068,3844800,1.7,80.7,147.3,143.269,0,3.2,11
1069,3848400,1.8,81.9,129.2,126.535,0,3.3,351
1070,3852000,1.9,81.3,112.3,110.054,0,3,354
1071,3855600,2,78.7,78.1,76.6976,0,2.8,359
1072,3859200,1.9,78.5,48.2,47.2986,0,3.2,346
1073,3862800,0.9,84.1,16.4,16.4,0,3.6,351
1074,3866400,0.9,88.2,0,0,0,2.8,338
1075,3870000,1,86.6,0,0,0,2.5,2
1076,3873600,0.8,83.7,0,0,0,1.4,34
1077,3877200,0.7,84.1,0,0,0,1.7,352
1078,3880800,0.7,85.8,0,0,0,2.3,308
1079,3884400,0.8,84.6,0,0,0,2.1,305
1080,3888000,0.4,84.2,0,0,0,1.9,309
1081,3891600,0.4,85.2,0,0,0,1.5,275
1082,3895200,0.1,85.5,0,0,0,1.5,320
1083,3898800,0.1,86.1,0,0,0,1.3,222
1084,3902400,-0.3,86.4,0,0,0,1.6,274
1085,3906000,-0.2,86.6,0,0,0,1.1,210
1086,3909600,-0.1,87.3,0,0,0,1.4,209
1087,3913200,-0.2,88.3,0,0,0,1.4,274
1088,3916800,-0.2,88.3,8,7.94681,0,2,234
1089,3920400,-0.5,89.1,65.5,64.164,0,1.4,249
1090,3924000,-0.7,87.5,117.5,113.659,0,1.8,214
1091,3927600,-0.5,83.2,170.8,160.027,0,1.4,285
1092,3931200,-0.3,78.3,303.9,189.503,0,2.7,323
1093,3934800,0.3,72.3,227.3,193.502,0,2,276
1094,3938400,0.3,68.7,161.4,151.543,0,2.1,308
1095,3942000,0.4,67.8,79.7,78.2655,0,2.7,308
1096,3945600,0.1,69.4,84.4,76.0413,0,2.3,307
1097,3949200,-0.7,70.3,56.3,56.3,0,2.3,324
1098,3952800,-1,71.8,0,0,0,2.1,340
1099,3956400,-1,74.9,0,0,0,1.4,317
1100,3960000,-2.2,77.7,0,0,0,2.2,327
1101,3963600,-2.9,82.4,0,0,0,0.4,126
1102,3967200,-3.3,87,0,0,0,0,260
1103,3970800,-2.3,87,0,0,0,1.1,258
1104,3974400,-2,83.8,0,0,0,1.6,280
1105,3978000,-1.8,82.2,0,0,0,1.7,318
1106,3981600,-1.3,80.7,0,0,0,2,229
1107,3985200,-1.2,80,0,0,0,1.7,229
1108,3988800,-1.3,81,0,0,0,1.5,245
1109,3992400,-1.7,82.6,0,0,0,1.4,224
1110,3996000,-1.2,82.8,0,0,0,1.8,240
1111,3999600,-1.3,83.7,0,0,0,1.2,145
1112,4003200,-1.4,85.9,12.1,11.9859,0,1.3,137
1113,4006800,-0.8,84.1,102.7,93.6561,0,1.8,86
1114,4010400,-0.6,80.6,168,146.756,0,2.8,82
1115,4014000,-0.5,79.8,122.1,119.633,0,3,95
1116,4017600,-0.2,78.4,144.8,141.296,0,3,81
1117,4021200,-0.5,76.7,111.4,109.496,0,3.4,58
1118,4024800,-0.4,75.9,190.1,168.864,0,3.9,63
1119,4028400,-0.2,69.8,278.4,74.1058,0,4,58
1120,4032000,0.4,60.3,183.6,34.1383,0,2.6,80
1121,4035600,-0.6,57.7,59.1,59.1,0,2.9,59
1122,4039200,-1.6,61,0,0,0,2,74
1123,4042800,-2.2,65,0,0,0,1.1,92
1124,4046400,-3.5,71.1,0,0,0,1.2,79
1125,4050000,-4.3,77.3,0,0,0,1.3,49
1126,4053600,-4.4,81,0,0,0,1.5,49
1127,4057200,-4.9,83.3,0,0,0,1.5,62
1128,4060800,-4.9,85.3,0,0,0,1,55
1129,4064400,-4.9,88,0,0,0,0.8,32
1130,4068000,-5.4,90.9,0,0,0,1.1,23
1131,4071600,-5.7,92.2,0,0,0,1,22
1132,4075200,-6.1,91.6,0,0,0,0.8,24
1133,4078800,-6.3,91.1,0,0,0,0.7,12
1134,4082400,-6.5,90.8,0,0,0,0.6,175
1135,4086000,-7.4,90,0,0,0,0.8,163
1136,4089600,-6.7,90.2,22,21.6451,0,0.5,194
1137,4093200,-5.8,90.3,147.3,103.023,0,0.4,273
1138,4096800,-2,85.6,275.2,117.37,0,0.6,341
1139,4100400,-0.4,74.1,369.8,111.914,0,1,47
1140,4104000,0.6,63.7,385.4,137.003,0,1,96
1141,4107600,-0.1,59.9,182.9,172.543,0,2.2,14
1142,4111200,0.1,57.7,86.7,85.4216,0,1.8,51
1143,4114800,0.2,55.7,182.1,140.794,0,1.4,85
1144,4118400,0.4,54.1,117.7,85.6775,0,1.3,309
1145,4122000,0.3,53.1,37.4,37.4,0,1.6,31
1146,4125600,-0.3,55.9,0,0,0,1,91
1147,4129200,-1.4,61.6,0,0,0,1,53
1148,4132800,-2.2,68.4,0,0,0,0.9,174
1149,4136400,-3.6,74.2,0,0,0,0.9,277
1150,4140000,-4.1,78.5,0,0,0,1.2,316
1151,4143600,-4.6,82.3,0,0,0,1,331
1152,4147200,-4.6,85.5,0,0,0,1.1,332
1153,4150800,-5.5,85.6,0,0,0,0.8,351
1154,4154400,-5.8,85.5,0,0,0,1.2,212
1155,4158000,-6.7,87.7,0,0,0,1.1,189
1156,4161600,-6.5,87.8,0,0,0,1.8,238
1157,4165200,-7.3,88,0,0,0,2.4,80
1158,4168800,-7.5,88.6,0,0,0,1.8,21
1159,4172400,-7.9,88.5,0,0,0,1.8,294
1160,4176000,-7.5,88.8,24.7,24.2779,0,2,289
1161,4179600,-4.7,88.2,140.8,107.102,0,1.5,256
1162,4183200,-2.3,75.1,256.9,137.884,0,2.7,279
1163,4186800,-0.5,58.7,345.3,141.516,0,2.4,296
1164,4190400,0.4,50.5,393.7,135.361,0,2.8,302
1165,4194000,0.8,46,378.9,141.98,0,2.9,301
1166,4197600,1,41.9,341.1,123.627,0,3.2,289
1167,4201200,1.3,38.7,301,66.1301,0,3,316
1168,4204800,1.5,38.6,188,39.5846,0,2.6,285
1169,4208400,1,41.1,60.8,60.8,0,2.1,290
1170,4212000,-0.4,47.3,0,0,0,1.5,278
1171,4215600,-1.5,54.3,0,0,0,1.7,285
1172,4219200,-1.5,59,0,0,0,2.1,239
1173,4222800,-2.1,63.9,0,0,0,1.9,232
1174,4226400,-2.8,68.4,0,0,0,2.5,247
1175,4230000,-4,72.3,0,0,0,1.5,227
1176,4233600,-4.4,76.7,0,0,0,1,144
1177,4237200,-5.1,80.4,0,0,0,0.6,187
1178,4240800,-6,82.4,0,0,0,1.1,244
1179,4244400,-5.8,81.8,0,0,0,0.6,112
1180,4248000,-6.1,82.1,0,0,0,1,154
1181,4251600,-6.5,83.2,0,0,0,0.9,113
1182,4255200,-6.2,83.5,0,0,0,1.1,152
1183,4258800,-7.2,83.9,0,0,0,0.8,264
1184,4262400,-7,84.4,29.7,29.1228,0,0.9,177
1185,4266000,-4.7,80.8,152.1,108.634,0,1,133
1186,4269600,-0.2,66.1,291.5,114.73,0,2.1,130
1187,4273200,1.5,52.8,401.3,95.8004,0,2.7,144
1188,4276800,2.3,49.4,458.2,87.5892,0,3.1,144
1189,4280400,3,47.7,429.9,101.044,0,2.5,160
1190,4284000,3.5,44.9,379,94.3121,0,2.7,121
1191,4287600,3.9,42.6,339.3,55.9845,0,3.2,122
1192,4291200,3.8,41.8,230.7,38.0655,0,3.5,107
1193,4294800,3.2,43.6,82.9,13.6785,0,3,107
1194,4298400,1.7,48.8,0,0,0,3.1,106
1195,4302000,0.7,55.9,0,0,0,3.1,91
1196,4305600,0.4,62.1,0,0,0,2.9,106
1197,4309200,0.3,65.3,0,0,0,2.9,116
1198,4312800,0.1,66.9,0,0,0,3.2,107
1199,4316400,-0.2,68.6,0,0,0,3,116
1200,4320000,-0.9,70.5,0,0,0,3.1,106
1201,4323600,-1,71.2,0,0,0,2.9,107
1202,4327200,-1.3,71.1,0,0,0,3.1,114
1203,4330800,-1.9,72.1,0,0,0,3.5,114
1204,4334400,-2.1,73,0,0,0,3.1,118
1205,4338000,-2.9,74.6,0,0,0,2.8,115
1206,4341600,-3.6,76.4,0,0,0,2.8,110
1207,4345200,-4.2,78,0,0,0,3.2,107
1208,4348800,-4.2,78.1,30.1,29.5379,0,3.5,116
1209,4352400,-2.7,73.4,149.1,112.17,0,3.2,115
1210,4356000,-0.2,64.4,282.2,129.255,0,4.1,125
1211,4359600,0.8,56.1,376.5,124.63,0,4.8,155
1212,4363200,2.1,49.9,412.3,130.246,0,4.3,134
1213,4366800,2.8,46.1,399.1,135.183,0,5,129
1214,4370400,4,43.6,350.6,126.839,0,4.3,137
1215,4374000,4.5,42.4,312.6,67.4137,0,4.7,127
1216,4377600,4.7,42.9,207.6,36.694,0,4.3,126
1217,4381200,4.4,44.5,77,12.705,0,4.1,143
1218,4384800,4.3,47.8,0,0,0,4,123
1219,4388400,4.4,50.9,0,0,0,3.5,125
1220,4392000,4.3,52.4,0,0,0,4,124
1221,4395600,3.9,54.3,0,0,0,3.7,130
1222,4399200,3.8,55.9,0,0,0,3.5,142
1223,4402800,3.4,58,0,0,0,3.4,141
1224,4406400,3.4,60.8,0,0,0,3,139
1225,4410000,3.2,63.4,0,0,0,3.2,128
1226,4413600,3.2,66,0,0,0,2.9,124
1227,4417200,3.3,68.2,0,0,0,2.8,139
1228,4420800,3,70.2,0,0,0,2.5,156
1229,4424400,3,72.2,0,0,0,2.7,136
1230,4428000,2.5,74.6,0,0,0,3,133
1231,4431600,2,77.5,0,0,0,2.2,155
1232,4435200,2.8,78.4,11.4,11.3234,0,2.5,130
1233,4438800,3.6,77,94.1,90.4902,0,2.6,134
1234,4442400,4.2,76.7,142.6,135.885,0,2.2,132
1235,4446000,4.8,76.5,189.2,176.17,0,2.7,134
1236,4449600,5.7,75.2,204.6,190.49,0,2.7,127
1237,4453200,6.6,74.3,190.2,179.857,0,2.7,139
1238,4456800,7.5,73.8,228.3,188.799,0,2.7,136
1239,4460400,8.7,71.9,213.2,147.943,0,2.9,141
1240,4464000,9.6,70.1,171,71.6168,0,3.3,120
1241,4467600,7.8,75.1,85.6,14.124,0,3.4,137
1242,4471200,6.9,81.6,1.2,1.2,0,3.8,121
1243,4474800,5.8,83.6,0,0,0,3.7,114
1244,4478400,5.1,82.8,0,0,0,3.6,119
1245,4482000,4.6,79.9,0,0,0,3.7,126
1246,4485600,4.1,80.2,0,0,0,3.7,140
1247,4489200,3.6,82,0,0,0,3.2,139
1248,4492800,3.3,83,0,0,0,2.8,128
1249,4496400,3,83,0,0,0,3.5,137
1250,4500000,2.9,82.4,0,0,0,3.6,136
1251,4503600,3,81.4,0,0,0,4,132
1252,4507200,2.9,81.2,0,0,0,4.2,125
1253,4510800,2.7,80.6,0,0,0,3.9,134
1254,4514400,2.6,78.6,0,0,0,3.8,134
1255,4518000,2.6,76.7,0,0,0,3.7,128
1256,4521600,2.6,74.6,31.7,31.1359,0,4,126
1257,4525200,3.8,69.7,156.4,117.399,0,4.4,127
1258,4528800,5.8,62.3,289.2,135.276,0,4.8,135
1259,4532400,7.8,55.6,391.2,123.489,0,4.5,144
1260,4536000,9.1,50.8,449.9,108.434,0,4.8,141
1261,4539600,10.3,47.6,457.7,95.8709,0,4.8,141
1262,4543200,11.4,44.3,422,78.9191,0,4.5,146
1263,4546800,11.7,42,348.7,58.3596,0,5.2,143
1264,4550400,11.5,42.2,203.5,47.3479,0,3.9,143
1265,4554000,11.2,43.8,54,26.7586,0,3.8,138
1266,4557600,9.7,47.1,0,0,0,3.4,126
1267,4561200,8.7,50.6,0,0,0,4.1,138
1268,4564800,7.7,52.7,0,0,0,3.5,153
1269,4568400,6.9,55.7,0,0,0,3.4,148
1270,4572000,6,58.7,0,0,0,2.7,146
1271,4575600,5.5,61,0,0,0,2.5,153
1272,4579200,5.2,63.4,0,0,0,2.3,164
1273,4582800,5.2,65.8,0,0,0,1.7,167
1274,4586400,5.4,68.2,0,0,0,1.6,179
1275,4590000,6,70.7,0,0,0,1.5,186
1276,4593600,6.5,73.2,0,0,0,1.5,185
1277,4597200,7.4,74.8,0,0,0,2.7,230
1278,4600800,7.6,76.3,0,0,0,2.8,240
1279,4604400,7.9,78.6,0,0,0,2.4,241
1280,4608000,9,81.1,6.4,6.37807,0,3.1,263
1281,4611600,9.9,83.1,63.1,62.0837,0,3.8,275
1282,4615200,10,85,104.7,102.728,0,3.5,283
1283,4618800,10.8,84.4,139.5,136.477,0,4.5,279
1284,4622400,11.3,80.5,236.5,209.97,0,5,280
1285,4626000,11.1,77.7,156.2,152.366,0,5.5,281
1286,4629600,11,75.8,151.7,146.922,0,4.1,271
1287,4633200,11.4,73,229.3,149.64,0,3.5,266
1288,4636800,11.7,70.4,187.6,67.5996,0,2.9,281
1289,4640400,11.8,68.3,44,34.3655,0,3.6,285
1290,4644000,9.9,70.9,1,1,0,1.7,279
1291,4647600,7.9,79,0,0,0,2,276
1292,4651200,5.5,87,0,0,0,1.1,179
1293,4654800,5.4,92.3,0,0,0,1.1,188
1294,4658400,4.9,94.7,0,0,0,1.1,172
1295,4662000,3.7,96.4,0,0,0,1.5,183
1296,4665600,3.5,97.3,0,0,0,1.2,196
1297,4669200,2.4,96.5,0,0,0,1.4,182
1298,4672800,2.3,96,0,0,0,1.6,167
1299,4676400,2.6,95.8,0,0,0,1.7,176
1300,4680000,1.9,95.8,0,0,0,1.4,166
1301,4683600,2.3,96,0,0,0,1.7,141
1302,4687200,2.2,95.5,0,0,0,1.3,132
1303,4690800,3.1,95.2,0,0,0,2,134
1304,4694400,2.9,95.1,39.5,38.693,0,2,148
1305,4698000,4.6,93.5,149.7,122.255,0,2.4,125
1306,4701600,7.2,88.2,219.8,173.254,0,2.9,154
1307,4705200,9.9,78.6,367.4,158.822,0,2.8,165
1308,4708800,13.3,65.7,459,112.431,0,3.8,186
1309,4712400,14.7,56.2,466.1,99.9158,0,4.7,194
1310,4716000,15.3,52,427.1,84.1517,0,5.1,183
1311,4719600,15.4,50.9,347.1,63.6919,0,4.8,191
1312,4723200,15.4,51.4,197.3,64.1601,0,4.5,181
1313,4726800,14.6,52.5,94.4,15.576,0,3.2,174
1314,4730400,14.1,53.7,2.7,2.7,0,2.7,164
1315,4734000,13.8,54.8,0,0,0,2.9,166
1316,4737600,13.6,57.1,0,0,0,3,149
1317,4741200,13.2,60.7,0,0,0,3,169
1318,4744800,12.9,63.2,0,0,0,3,174
1319,4748400,12.5,65.3,0,0,0,3.4,187
1320,4752000,12,67.8,0,0,0,3.2,194
1321,4755600,11.5,69.2,0,0,0,2.9,195
1322,4759200,11.1,71.4,0,0,0,3.6,196
1323,4762800,10.2,76.7,0,0,0,2.6,203
1324,4766400,9.9,82,0,0,0,2.7,198
1325,4770000,9.4,87.3,0,0,0,2.6,204
1326,4773600,9.1,93.1,0,0,0,2.7,217
1327,4777200,9,95.8,0,0,0,2.6,228
1328,4780800,8.8,96.6,21.3,21.0778,0,2.3,224
1329,4784400,9,97.1,116.5,109.136,0,2.4,228
1330,4788000,9.4,97.2,138.3,133.745,0,2.5,241
1331,4791600,9.8,96.4,168.3,162.383,0,2.1,254
1332,4795200,10.9,92.4,264.9,222.985,0,2.5,259
1333,4798800,12.1,83.2,254.8,217.935,0,2.4,259
1334,4802400,12.9,70.7,248.1,199.956,0,2.5,259
1335,4806000,13.2,63.4,247.8,148.988,0,1.9,173
1336,4809600,12.8,63.8,162.1,98.0879,0,1.5,171
1337,4813200,12.1,69.1,86.5,15.4303,0,1.7,171
1338,4816800,10.9,76.4,3.2,3.2,0,1.9,153
1339,4820400,9.1,85.1,0,0,0,2.2,116
1340,4824000,8.9,91.4,0,0,0,2,134
1341,4827600,8.6,94.3,0,0,0,1.2,116
1342,4831200,8.6,95.7,0,0,0,2.2,110
1343,4834800,7.9,95.5,0,0,0,1.4,127
1344,4838400,7.6,96.6,0,0,0,1.9,99
1345,4842000,7.7,96.6,0,0,0,2.2,118
1346,4845600,6.7,96.1,0,0,0,1.9,87
1347,4849200,7.1,96.2,0,0,0,2.2,98
1348,4852800,6.8,96.3,0,0,0,2.5,115
1349,4856400,6.6,95.9,0,0,0,1.9,117
1350,4860000,6.7,95.7,0,0,0,2.2,121
1351,4863600,6.6,96.2,0,0,0,2,108
1352,4867200,6.6,96.8,8.9,8.86282,0,2.4,110
1353,4870800,6.7,97,48.6,48.0351,0,2.6,116
1354,4874400,7.1,97.3,112.4,110.23,0,2.7,102
1355,4878000,7.2,96.8,139.9,137.054,0,2,127
1356,4881600,7.6,95.2,148.5,145.534,0,2.4,124
1357,4885200,8.1,93,157.5,153.888,0,1.9,149
1358,4888800,9.4,90,114.9,112.904,0,1.8,112
1359,4892400,9.2,88.8,106.8,104.63,0,2.6,125
1360,4896000,8.7,91.4,41.1,40.6182,0,2.4,128
1361,4899600,8.9,93.9,10.7,10.615,0,2.1,194
1362,4903200,8.2,94.8,1,1,0,3.9,272
1363,4906800,8,96,0,0,0,3.3,296
1364,4910400,7.7,95.5,0,0,0,4.2,293
1365,4914000,7.8,95.7,0,0,0,3.4,292
1366,4917600,8,96.4,0,0,0,2.9,299
1367,4921200,8,95.9,0,0,0,3.8,280
1368,4924800,8,95.5,0,0,0,3.1,275
1369,4928400,7.6,95.3,0,0,0,2,276
1370,4932000,7.7,95.7,0,0,0,2.5,261
1371,4935600,7.5,95.9,0,0,0,2.3,269
1372,4939200,7.4,95.4,0,0,0,1.6,236
1373,4942800,7.1,94.8,0,0,0,2.1,231
1374,4946400,6.9,93.3,0,0,0,1.8,227
1375,4950000,6.5,92.3,0,0,0,1.2,193
1376,4953600,5.8,93.7,27.9,27.5493,0,1.2,151
1377,4957200,6.3,92.9,107.9,103.672,0,2.2,158
1378,4960800,7.7,84.8,246.9,180.456,0,2.7,170
1379,4964400,9.1,73.4,402.9,145.095,0,3.2,183
1380,4968000,10.2,63.6,456.1,133.484,0,4.2,203
1381,4971600,10.5,57.6,408.1,170.487,0,4.6,211
1382,4975200,10,57.7,261.7,205.517,0,4.8,211
1383,4978800,8.7,63.6,200.8,164.251,0,4.3,235
1384,4982400,7.8,70.5,140.7,109.997,0,3.6,224
1385,4986000,7.6,73.3,66.9,40.8543,0,2.7,223
1386,4989600,7.4,75.4,1,1,0,2.5,240
1387,4993200,7.4,78.4,0,0,0,2.2,218
1388,4996800,7.3,80.6,0,0,0,1.4,217
1389,5000400,7.2,83,0,0,0,2.1,245
1390,5004000,7,84.9,0,0,0,1.7,250
1391,5007600,6.5,87.9,0,0,0,1.8,243
1392,5011200,6.3,90.8,0,0,0,1.9,218
1393,5014800,5.8,91.6,0,0,0,1.9,237
1394,5018400,5.2,92.8,0,0,0,1.7,252
1395,5022000,5.1,93.1,0,0,0,2,266
1396,5025600,4.2,93.1,0,0,0,1,251
1397,5029200,3.5,94.6,0,0,0,2.2,289
1398,5032800,2.9,95.8,0,0,0,1.8,271
1399,5036400,2.3,96,0,0,0,2.3,286
1400,5040000,2.4,96.8,34.5,33.9845,0,2.7,286
1401,5043600,3.2,96.8,132.5,121.558,0,2.5,264
1402,5047200,3.6,96.7,214.1,180.984,0,3.1,292
1403,5050800,5.1,93.3,275.9,218.292,0,3.2,285
1404,5054400,5,89.6,238.4,216.445,0,4.3,279
1405,5058000,4.7,89.7,218.5,203.471,0,3.7,286
1406,5061600,5,88.9,135.3,132.586,0,4.2,304
1407,5065200,5.6,85.8,141.8,135.624,0,3.8,283
1408,5068800,5.2,86.2,61.6,60.5635,0,4.4,302
1409,5072400,4.5,89.8,35.5,34.3997,0,5.1,297
1410,5076000,4.8,92.2,2.4,2.4,0,4.2,288
1411,5079600,5.2,94.3,0,0,0,4,320
1412,5083200,5.3,94.5,0,0,0,3.8,295
1413,5086800,5.2,93.6,0,0,0,4.6,3
1414,5090400,5,92.4,0,0,0,4.2,339
1415,5094000,4.5,91.7,0,0,0,5.7,359
1416,5097600,4.2,91.9,0,0,0,4.5,10
1417,5101200,4.2,90,0,0,0,4.3,9
1418,5104800,4.2,88.4,0,0,0,4.4,15
1419,5108400,4.2,85.9,0,0,0,4.4,11
1420,5112000,4.2,85,0,0,0,2.9,352
1421,5115600,4.2,86.9,0,0,0,3.3,320
1422,5119200,4.1,89.3,0,0,0,2.6,320
1423,5122800,3.9,90.4,0,0,0,2.9,315
1424,5126400,4,91.2,22.4,22.1908,0,2.8,304
1425,5130000,4.1,90.6,75,73.7358,0,3.3,280
1426,5133600,4.4,90.1,105.4,103.575,0,4,292
1427,5137200,4.6,89.5,111.3,109.58,0,3.5,309
1428,5140800,5,85.5,118.8,116.972,0,4.5,308
1429,5144400,5.7,80.8,103,101.605,0,4.1,308
1430,5148000,6.7,75,165.7,160.212,0,4.2,308
1431,5151600,7.1,67.6,286.2,142.375,0,4.3,296
1432,5155200,7.3,62.9,239,54.6183,0,5,314
1433,5158800,6.9,63.3,119,19.635,0,4.6,301
1434,5162400,5.6,67.5,8,8,0,4,329
1435,5166000,4.1,74.4,0,0,0,2.5,291
1436,5169600,3.7,80,0,0,0,3.1,289
1437,5173200,3.4,82.4,0,0,0,2.9,275
1438,5176800,2.6,85.5,0,0,0,2.6,272
1439,5180400,3.1,86.7,0,0,0,3.2,316
1440,5184000,2.5,88.2,0,0,0,3.8,328
1441,5187600,2.3,90.5,0,0,0,3.9,339
1442,5191200,2.3,90.4,0,0,0,2,322
1443,5194800,2.5,90.7,0,0,0,2.9,298
1444,5198400,2.6,91.2,0,0,0,4.3,301
1445,5202000,3.1,90.7,0,0,0,3.6,292
1446,5205600,3.2,89.6,0,0,0,3.5,268
1447,5209200,2.9,89,0,0,0,3.7,275
1448,5212800,2.8,89.4,24.7,24.4549,0,3.6,301
1449,5216400,2.7,89.5,104.1,101.211,0,4,282
1450,5220000,3,87.6,216.7,185.274,0,4.6,282
1451,5223600,4.1,83,345.7,208.082,0,4.3,284
1452,5227200,4.9,78.2,466.2,143.174,0,4.2,272
1453,5230800,6.1,73.3,505.1,102.587,0,4.8,274
1454,5234400,8,68.3,467.6,86.2927,0,5.4,284
1455,5238000,8.1,65.8,272.6,156.84,0,5.4,270
1456,5241600,8.4,64.8,75.4,73.9069,0,4.5,283
1457,5245200,8,65.8,45,42.6,0,4.5,320
1458,5248800,8.1,67.7,3,3,0,4.1,300
1459,5252400,7.9,68,0,0,0,3.8,285
1460,5256000,8,68.4,0,0,0,3.9,275
1461,5259600,7.8,68.9,0,0,0,3.3,267
1462,5263200,7.8,69.3,0,0,0,3.6,269
1463,5266800,7.5,70.1,0,0,0,3.2,269
1464,5270400,7.3,71.1,0,0,0,3,265
1465,5274000,7.4,70.8,0,0,0,3.4,273
1466,5277600,7.1,70.8,0,0,0,3.2,268
1467,5281200,7.1,71.1,0,0,0,3.2,273
1468,5284800,7,70.6,0,0,0,3.2,260
1469,5288400,6.7,71.4,0,0,0,3.2,265
1470,5292000,5.6,73.3,0,0,0,2.7,257
1471,5295600,4.5,75.7,1,1,0,2.9,248
1472,5299200,4.3,77.1,57.3,55.8567,0,3,240
1473,5302800,5.5,74.3,201.3,139.648,0,3.5,276
1474,5306400,6.9,69,339.6,147.597,0,5.3,294
1475,5310000,8.2,63.5,442.8,133.345,0,6.3,298
1476,5313600,8.7,56.9,504,115.776,0,5.9,283
1477,5317200,9.2,51.5,513.2,102.072,0,5.1,273
1478,5320800,10.2,47.9,475.6,86.1946,0,6,280
1479,5324400,10.4,45.5,395.7,67.1022,0,5.1,252
1480,5328000,10.3,44.3,265.4,47.0795,0,4.9,260
1481,5331600,9.9,41.9,126,20.79,0,4.6,260
1482,5335200,8.4,43.3,10,10,0,3.6,269
1483,5338800,7.6,47.4,0,0,0,2.6,280
1484,5342400,6.6,50.5,0,0,0,2.2,245
1485,5346000,5.8,55.5,0,0,0,2.3,247
1486,5349600,5,59.6,0,0,0,2.6,256
1487,5353200,4.3,62.7,0,0,0,2.3,266
1488,5356800,3.9,65.2,0,0,0,2,267
1489,5360400,3,69.9,0,0,0,1.6,249
1490,5364000,2.8,74.6,0,0,0,1.4,223
1491,5367600,2.2,76.6,0,0,0,1.9,233
1492,5371200,1.9,78.2,0,0,0,1.6,233
1493,5374800,1.2,79.3,0,0,0,2,235
1494,5378400,1.4,79.2,0,0,0,2.3,233
1495,5382000,1.4,77.1,1.7,1.7,0,3.1,234
1496,5385600,2.2,75.5,50.3,49.3531,0,2.3,236
1497,5389200,3.8,71.8,198.3,143.943,0,2,240
1498,5392800,6.9,63.6,336.1,156.937,0,2.8,278
1499,5396400,8.8,54.1,426.2,155.859,0,4.2,285
1500,5400000,10,46.2,495.2,128.992,0,4.9,267
1501,5403600,11.1,42.2,520.6,102.037,0,4.7,274
1502,5407200,11.7,38.2,491.1,84.0205,0,5.2,242
1503,5410800,12.7,33.8,412.2,68.013,0,5,269
1504,5414400,12.7,33.4,282.8,46.6621,0,4.5,267
1505,5418000,12.5,34,131.7,21.7305,0,4.2,254
1506,5421600,10.7,35.7,11.1,11.1,0,3.5,262
1507,5425200,9.2,39.2,0,0,0,2.1,263
1508,5428800,8.9,42.5,0,0,0,2.5,242
1509,5432400,7.6,46.7,0,0,0,2.6,236
1510,5436000,6.9,51.6,0,0,0,2.6,249
1511,5439600,6.4,55.3,0,0,0,2,268
1512,5443200,5.4,59.1,0,0,0,2.4,230
1513,5446800,3.9,64.7,0,0,0,2,243
1514,5450400,4.1,67.9,0,0,0,2.4,225
1515,5454000,3.6,69,0,0,0,2.3,233
1516,5457600,3.2,71.5,0,0,0,2.7,229
1517,5461200,2.9,73.8,0,0,0,3.2,226
1518,5464800,2.8,73.8,0,0,0,2.7,222
1519,5468400,2.5,73.4,3,3,0,2.3,212
1520,5472000,3.7,70.9,72,68.8198,0,3.3,220
1521,5475600,6.2,64.4,224,139.442,0,3,240
1522,5479200,9.6,53.8,359.1,142.864,0,3.7,234
1523,5482800,12.5,43.2,464.4,126.222,0,3.8,232
1524,5486400,14.5,33.3,525.9,110.195,0,5.4,255
1525,5490000,16,25.9,538.4,97.0566,0,5.6,245
1526,5493600,17.2,22.2,493.4,85.7821,0,5,259
1527,5497200,17.7,20.8,402.9,69.7474,0,5.7,265
1528,5500800,17.9,21.1,289.1,47.7015,0,5,256
1529,5504400,17.6,23.4,144.6,23.859,0,3.8,242
1530,5508000,15.7,28.1,13,13,0,3.3,217
1531,5511600,13.9,33.2,0,0,0,2.6,225
1532,5515200,12.7,37.1,0,0,0,2.5,224
1533,5518800,11.4,41,0,0,0,2,218
1534,5522400,10.5,44.9,0,0,0,2.3,224
1535,5526000,8.9,48.2,0,0,0,1.3,206
1536,5529600,7.4,52,0,0,0,1.4,203
1537,5533200,6.5,55.7,0,0,0,1.7,160
1538,5536800,5.2,58.8,0,0,0,1.8,174
1539,5540400,4.9,61.4,0,0,0,1.8,177
1540,5544000,5.5,60.4,0,0,0,1.9,190
1541,5547600,5.5,59.2,0,0,0,2,180
1542,5551200,5,60.8,0,0,0,1.8,181
1543,5554800,4.8,64,4,4,0,1.8,189
1544,5558400,5.8,64.4,75.7,72.1172,0,1.3,183
1545,5562000,8.4,59.2,227.1,142.633,0,2.3,222
1546,5565600,11.1,52.8,363.4,145.491,0,2.3,233
1547,5569200,13.5,45.3,470.3,127.214,0,2.4,214
1548,5572800,15.1,38.9,539.6,106.184,0,2.9,180
1549,5576400,16.6,33.9,553,95.1816,0,3.9,224
1550,5580000,17.5,30.5,515.4,85.1166,0,3.7,237
1551,5583600,17.9,29,429,70.785,0,3.7,222
1552,5587200,18.1,27.8,300.3,49.5495,0,3.6,203
1553,5590800,17.8,27.7,148.7,24.5355,0,3.4,215
1554,5594400,16.2,31.2,14,14,0,2.2,224
1555,5598000,15.2,36.9,0,0,0,1.7,187
1556,5601600,14,41.8,0,0,0,1.9,207
1557,5605200,12.8,46.3,0,0,0,1.8,218
1558,5608800,11.4,50.3,0,0,0,1.1,212
1559,5612400,9.6,55.5,0,0,0,1.2,179
1560,5616000,9.4,59.3,0,0,0,1.2,182
1561,5619600,8.5,62.3,0,0,0,1.2,172
1562,5623200,8.1,64.1,0,0,0,1.7,181
1563,5626800,6.4,67,0,0,0,1,132
1564,5630400,5.4,72.7,0,0,0,1.1,149
1565,5634000,6,73.4,0,0,0,1.1,178
1566,5637600,5.6,72.3,0,0,0,1,169
1567,5641200,3.5,75.3,3.7,3.7,0,1,342
1568,5644800,5.7,76,47.2,46.4444,0,1,169
1569,5648400,8.7,68.8,171.5,148.559,0,1.5,157
1570,5652000,13,55.9,345.1,167.861,0,1.6,173
1571,5655600,15.2,45.5,464.4,139.121,0,2.5,191
1572,5659200,17.5,39,533.3,115.114,0,2.6,203
1573,5662800,18.8,33.7,552,98.1688,0,2.9,167
1574,5666400,19.6,30.6,516.8,85.8531,0,2.6,154
1575,5670000,19.5,29.2,429.4,70.851,0,2.8,172
1576,5673600,19.3,28.1,301.3,49.7145,0,2.4,136
1577,5677200,19.2,28.2,160,26.4,0,1.8,125
1578,5680800,17.3,29.9,26,26,0,2,124
1579,5684400,15.4,32.8,0,0,0,1.7,125
1580,5688000,11.2,41.3,0,0,0,1.4,102
1581,5691600,11.7,48.2,0,0,0,1,169
1582,5695200,9.7,51.7,0,0,0,1.4,102
1583,5698800,9.9,56.4,0,0,0,1.2,113
1584,5702400,8.5,59.4,0,0,0,1,119
1585,5706000,7.4,63.9,0,0,0,1.5,84
1586,5709600,7.3,66.2,0,0,0,1.2,67
1587,5713200,6.7,67.9,0,0,0,1.2,63
1588,5716800,6.5,69.2,0,0,0,1,56
1589,5720400,6.1,70.5,0,0,0,0.5,298
1590,5724000,6.2,70.9,0,0,0,0.8,80
1591,5727600,5.3,71.6,5,5,0,1.4,92
1592,5731200,7.1,69.8,82.2,77.9901,0,1.3,78
1593,5734800,10.7,62.9,228.5,150.957,0,3.1,73
1594,5738400,13.3,53.4,364.4,157.652,0,3.7,90
1595,5742000,15.5,44.3,470.1,140.26,0,4,92
1596,5745600,16.7,39.2,541.3,114.523,0,3.2,101
1597,5749200,17.4,36.3,560.5,98.1926,0,4,65
1598,5752800,17.7,34,523.2,86.786,0,3.5,51
1599,5756400,18.1,33,432.7,71.4243,0,3.7,62
1600,5760000,17.8,32.9,302.6,50.0134,0,4.8,52
1601,5763600,17.4,32.5,161.7,26.6805,0,4.3,76
1602,5767200,15.3,35.8,28,28,0,3,69
1603,5770800,13.8,41.6,0,0,0,2.8,63
1604,5774400,12.8,46.5,0,0,0,3.3,59
1605,5778000,13,49.8,0,0,0,4.2,69
1606,5781600,12.3,51,0,0,0,4.1,71
1607,5785200,11.8,52.9,0,0,0,3.8,80
1608,5788800,10.8,55.4,0,0,0,3.4,80
1609,5792400,10.4,57.8,0,0,0,2.6,70
1610,5796000,9.1,60.8,0,0,0,1.9,69
1611,5799600,8.1,65.3,0,0,0,3,65
1612,5803200,7.7,68.3,0,0,0,1.9,60
1613,5806800,7.5,69.2,0,0,0,2.8,70
1614,5810400,6.6,70.9,0,0,0,2.8,72
1615,5814000,6.3,72.7,7,6.95106,0,2.1,71
1616,5817600,7,72.1,86.7,81.8202,0,2.6,81
1617,5821200,8.9,67.4,234.2,153.051,0,2.4,71
1618,5824800,11,60.2,369.4,159.622,0,2.6,77
1619,5828400,12.5,54,477.6,139.693,0,2.4,89
1620,5832000,14.3,48.6,549,114.179,0,1.9,54
1621,5835600,15.7,44.5,565,99.524,0,2.4,52
1622,5839200,16.3,41.1,528.1,87.7088,0,1.7,75
1623,5842800,16.8,39.3,439,72.4393,0,2.5,103
1624,5846400,17.1,40.2,311.1,51.3315,0,2.7,106
1625,5850000,16.7,42.2,169.7,28.0005,0,1.7,106
1626,5853600,15.2,45.8,30.9,30.9,0,1.4,87
1627,5857200,12.2,53.9,0,0,0,1.4,68
1628,5860800,11.7,61.4,0,0,0,0.7,33
1629,5864400,10.7,65.8,0,0,0,0.5,5
1630,5868000,10,71.1,0,0,0,0.7,12
1631,5871600,8.6,76.1,0,0,0,0.8,349
1632,5875200,8.7,78.7,0,0,0,0.6,73
1633,5878800,7.4,80.2,0,0,0,0.9,306
1634,5882400,7.2,82.2,0,0,0,0.9,270
1635,5886000,6,84.5,0,0,0,0.6,283
1636,5889600,5.7,87.3,0,0,0,0.8,283
1637,5893200,5.7,88,0,0,0,0.8,302
1638,5896800,5.2,87.8,0,0,0,1.3,306
1639,5900400,5.2,86.9,5.9,5.86521,0,0.9,295
1640,5904000,5.6,85.6,89.2,84.1964,0,1,296
1641,5907600,9.4,77.8,236.1,156.617,0,0.7,3
1642,5911200,12.5,65.7,370.7,164.86,0,1.4,319
1643,5914800,14.6,56.1,478.2,145.611,0,2.2,310
1644,5918400,16.1,49.3,547.2,120.488,0,2.4,298
1645,5922000,16.5,42.7,564.1,102.964,0,2.9,318
1646,5925600,16.9,36.8,527.5,89.0866,0,3.7,308
1647,5929200,17.3,34.3,437.2,73.0582,0,4.2,316
1648,5932800,17.1,33.8,311.1,51.6993,0,4.4,288
1649,5936400,16.6,35.6,171.9,28.3635,0,3.5,263
1650,5940000,15,40.3,32.4,32.4,0,3.3,284
1651,5943600,12.9,47.7,0,0,0,2.9,290
1652,5947200,12,54.5,0,0,0,2.4,278
1653,5950800,10.8,60.7,0,0,0,3.4,300
1654,5954400,10.9,66.6,0,0,0,3.8,315
1655,5958000,9,71.6,0,0,0,2.4,318
1656,5961600,8.2,78.3,0,0,0,1.5,298
1657,5965200,7.2,82.4,0,0,0,2.3,284
1658,5968800,6.4,85.1,0,0,0,1.7,299
1659,5972400,5.8,87.8,0,0,0,2.2,269
1660,5976000,5.8,90.7,0,0,0,2.5,279
1661,5979600,5.2,93.1,0,0,0,2.2,306
1662,5983200,4.9,93.4,0,0,0,1.7,331
1663,5986800,4.9,93.3,2,1.99601,0,0.8,239
1664,5990400,4.5,92.8,25.4,25.2057,0,1.3,317
1665,5994000,4.2,92.7,58.7,58.0571,0,1.3,61
1666,5997600,4.3,92,124.9,122.666,0,0.7,209
1667,6001200,3.8,91.2,168.7,165.042,0,2,242
1668,6004800,3.5,91.1,222.8,213.041,0,1.9,235
1669,6008400,4.1,89.7,277.8,246.088,0,1.5,229
1670,6012000,4.9,86.6,275,231.503,0,1.6,243
1671,6015600,5.5,83.7,301.3,179.37,0,1.6,165
1672,6019200,6.8,80.2,251,99.2187,0,1.1,99
1673,6022800,7,78.1,125.7,54.5009,0,1,74
1674,6026400,6.3,79.5,20,20,0,1.2,51
1675,6030000,5.5,83.2,0,0,0,1,51
1676,6033600,4.9,86.6,0,0,0,0.9,55
1677,6037200,3.8,89.8,0,0,0,1.1,103
1678,6040800,3.6,92,0,0,0,1.1,122
1679,6044400,2.7,92.6,0,0,0,1.4,2
1680,6048000,4.3,91.9,0,0,0,0.5,269
1681,6051600,4.6,90.9,0,0,0,1.3,170
1682,6055200,4.5,91.4,0,0,0,0.8,164
1683,6058800,4.8,91.7,0,0,0,1.2,203
1684,6062400,5.3,92.1,0,0,0,1.7,236
1685,6066000,5.3,92.8,0,0,0,1.2,278
1686,6069600,5.4,92.4,0,0,0,2.1,268
1687,6073200,5.5,91.8,3,2.99179,0,2.1,266
1688,6076800,5.8,90.2,48.7,48.0051,0,2.7,283
1689,6080400,6,87.6,146.9,139.469,0,2.9,289
1690,6084000,6.6,82.6,261.9,215.453,0,3.1,274
1691,6087600,7.4,74.7,181,176.46,0,2.8,294
1692,6091200,7,69.1,102.9,101.676,0,1.5,264
1693,6094800,8,64.9,152.2,149.477,0,2.1,256
1694,6098400,7.4,62.3,215.7,203.179,0,2,299
1695,6102000,7.7,62.6,146.1,142.093,0,2.5,315
1696,6105600,7.9,62.4,66.9,65.9208,0,2,284
1697,6109200,7.4,62.7,34.6,34.0993,0,2.7,285
1698,6112800,7,65.3,12.4,12.4,0,2.1,306
1699,6116400,6.9,66.8,0,0,0,2.6,333
1700,6120000,6.8,65.5,0,0,0,2.8,342
1701,6123600,6.3,67.2,0,0,0,1.2,356
1702,6127200,5.7,75.8,0,0,0,2,193
1703,6130800,5,86.4,0,0,0,2,157
1704,6134400,4.8,91.2,0,0,0,1.9,195
1705,6138000,4.5,92.7,0,0,0,1.3,208
1706,6141600,4.1,92.2,0,0,0,1.7,242
1707,6145200,4.1,91.4,0,0,0,1.2,241
1708,6148800,3.5,93.4,0,0,0,0.7,315
1709,6152400,3.2,95.7,0,0,0,0.9,216
1710,6156000,3.1,96.3,0,0,0,1.6,264
1711,6159600,2.4,96.5,7.9,7.8476,0,1.1,273
1712,6163200,2.7,97.2,77.1,75.2102,0,0.9,318
1713,6166800,4.7,90.7,191,165.105,0,1.3,6
1714,6170400,5.7,79.1,262.3,217.604,0,2.4,349
1715,6174000,6.9,68.2,334.9,252.954,0,3.7,2
1716,6177600,7.6,59.4,345.4,268.199,0,3.2,16
1717,6181200,7.6,55.1,329.3,263.173,0,3.3,8
1718,6184800,8.1,52.9,242.9,220.944,0,4.4,329
1719,6188400,8.4,50.9,207.2,186.091,0,3.9,332
1720,6192000,8.6,50.2,140.2,128.939,0,4.4,311
1721,6195600,8.3,52.5,54,52.688,0,4.3,318
1722,6199200,7.6,55.5,5.8,5.8,0,4.4,309
1723,6202800,6.2,59.2,0,0,0,2.7,300
1724,6206400,6.2,62.4,0,0,0,1.9,276
1725,6210000,5.5,65.7,0,0,0,1.8,251
1726,6213600,4.6,70.4,0,0,0,2.3,277
1727,6217200,4.7,72.6,0,0,0,2.4,283
1728,6220800,4.8,72.8,0,0,0,1.5,231
1729,6224400,4.6,72.7,0,0,0,2,275
1730,6228000,4.8,72.3,0,0,0,2.3,253
1731,6231600,4.8,72.1,0,0,0,1.8,252
1732,6235200,4.3,74.6,0,0,0,1.5,204
1733,6238800,4.1,77,0,0,0,1.3,261
1734,6242400,4.2,77.2,0,0,0,1,300
1735,6246000,4.4,76.3,7.8,7.75268,0,1.3,238
1736,6249600,4.5,76,63.9,62.7657,0,1.3,279
1737,6253200,5.2,74.7,155.9,147.115,0,1.2,318
1738,6256800,5.6,71.6,253.1,217.03,0,1.1,18
1739,6260400,6.7,67.8,328.3,255.86,0,1.7,243
1740,6264000,7.6,63.7,396.6,261.662,0,1.9,237
1741,6267600,8.4,57,352.3,265.758,0,2.1,242
1742,6271200,9,51.9,187.8,181.903,0,2.4,306
1743,6274800,8.3,54.5,97.4,95.9505,0,3,307
1744,6278400,8.3,55.9,82.7,81.2504,0,3.1,341
1745,6282000,8.1,53.1,88.7,75.9886,0,3.4,321
1746,6285600,8,51.1,23.2,23.2,0,2.5,309
1747,6289200,7,53.7,0,0,0,2.8,329
1748,6292800,6.4,64.5,0,0,0,2.8,59
1749,6296400,6.2,73.3,0,0,0,3.1,60
1750,6300000,5.9,75.2,0,0,0,2.9,77
1751,6303600,5.7,76.4,0,0,0,3.2,38
1752,6307200,4.9,77.7,0,0,0,2.1,33
1753,6310800,4.5,79.6,0,0,0,3.5,30
1754,6314400,4.5,81.4,0,0,0,3.1,20
1755,6318000,4.1,83.6,0,0,0,3.3,30
1756,6321600,3.8,85.8,0,0,0,2.9,26
1757,6325200,3.6,87.3,0,0,0,3,44
1758,6328800,3.3,88.7,0,0,0,3.1,36
1759,6332400,3.5,89.8,5,4.98189,0,3,43
1760,6336000,3.8,90,44,43.4757,0,3.7,51
1761,6339600,3.8,90.6,79.6,78.4931,0,3.7,61
1762,6343200,4.1,90.8,87.1,86.066,0,3.4,49
1763,6346800,4.4,89.6,130.3,128.284,0,4,76
1764,6350400,5.2,85,237.1,225.656,0,3.1,45
1765,6354000,6.6,78.6,388.3,261.356,0,2.8,85
1766,6357600,7.2,73.7,367.2,232.721,0,3.3,62
1767,6361200,8.1,67.2,245.6,201.759,0,2.5,46
1768,6364800,8.6,61.3,200.4,146.229,0,4.2,76
1769,6368400,8,61.3,149.5,53.8912,0,4.6,42
1770,6372000,7,66.3,31.6,31.6,0,3.9,42
1771,6375600,5.5,72.5,0,0,0,3.1,28
1772,6379200,4.5,77,0,0,0,2.9,20
1773,6382800,4.3,79.8,0,0,0,2.9,29
1774,6386400,3.5,82.4,0,0,0,2,32
1775,6390000,3.1,84.4,0,0,0,0.7,21
1776,6393600,2.4,86.6,0,0,0,1.1,26
1777,6397200,2.5,88.3,0,0,0,1,346
1778,6400800,1.8,89.5,0,0,0,1.2,358
1779,6404400,0.6,92.2,0,0,0,1.7,352
1780,6408000,1.6,93.5,0,0,0,1.1,27
1781,6411600,0.4,93.4,0,0,0,1.6,12
1782,6415200,0.7,93.7,0,0,0,1.8,342
1783,6418800,-0.2,93.5,19.7,19.437,0,0.9,352
1784,6422400,2.8,92,113.9,104.874,0,0.7,311
1785,6426000,4.7,87.5,255.1,174.731,0,1.4,348
1786,6429600,6,80.2,423.6,155.146,0,2.3,329
1787,6433200,7.6,70.4,475.8,186.661,0,3.1,310
1788,6436800,8.3,60,493.5,205.511,0,3.4,315
1789,6440400,8.8,49.8,596.4,108.904,0,3.6,293
1790,6444000,9.5,43,578.6,95.469,0,4.3,303
1791,6447600,9.5,38.5,486.6,80.289,0,4.9,317
1792,6451200,9.8,38.2,361.6,59.664,0,5.2,310
1793,6454800,9.9,39.3,211.3,34.8645,0,5.6,316
1794,6458400,9.3,43.7,48.9,48.9,0,5.1,312
1795,6462000,9.4,52.4,0,0,0,5.3,329
1796,6465600,9.3,56.3,0,0,0,3.9,304
1797,6469200,9,59,0,0,0,5.2,302
1798,6472800,8.5,63.1,0,0,0,4,296
1799,6476400,8.4,68.8,0,0,0,5.3,302
1800,6480000,8.1,73.4,0,0,0,4.7,314
1801,6483600,5.8,78.1,0,0,0,6.5,25
1802,6487200,5.2,74.7,0,0,0,6.9,40
1803,6490800,4,65,0,0,0,5.5,36
1804,6494400,3.3,61.7,0,0,0,4.9,22
1805,6498000,2.1,66.5,0,0,0,3.5,19
1806,6501600,1.8,74.4,0,0,0,3.4,17
1807,6505200,1.7,77.7,24.6,24.2146,0,3.6,17
1808,6508800,2.8,75.2,150,118.96,0,4,18
1809,6512400,4.2,67.1,306.7,150.384,0,4.4,39
1810,6516000,5,57,421.9,163.323,0,6,48
1811,6519600,5.2,49.7,510,160.348,0,5,49
1812,6523200,5.8,44,603.6,116.212,0,5.3,13
1813,6526800,6.7,38.1,614.5,105.568,0,4.3,48
1814,6530400,6.6,32.3,542,103.442,0,4.7,65
1815,6534000,6.3,30.5,466.9,80.2541,0,4.3,27
1816,6537600,6.1,31.4,364.1,60.0765,0,4.9,7
1817,6541200,6.2,30.3,218.7,36.0855,0,4.9,13
1818,6544800,5.3,30.7,55,55,0,4.1,10
1819,6548400,3.5,34.6,0,0,0,3,38
1820,6552000,3,39.5,0,0,0,2.7,36
1821,6555600,2.7,44.1,0,0,0,2.2,63
1822,6559200,2.1,49.3,0,0,0,1.6,77
1823,6562800,1.5,54.2,0,0,0,1.1,102
1824,6566400,1,57.8,0,0,0,1.2,200
1825,6570000,0.7,60.7,0,0,0,1.7,216
1826,6573600,-0.3,64.2,0,0,0,1.2,208
1827,6577200,-0.5,66.4,0,0,0,1.2,225
1828,6580800,-0.3,65.3,0,0,0,1.4,237
1829,6584400,-0.8,66,0,0,0,1.4,220
1830,6588000,-0.3,65.8,0,0,0,1.8,237
1831,6591600,-0.3,63.4,28.3,27.819,0,1.8,233
1832,6595200,1.8,59.8,156.5,121.921,0,2.3,256
1833,6598800,4.9,51.5,316.7,148.32,0,2.9,264
1834,6602400,6.7,42,455.8,137.5,0,3.5,259
1835,6606000,7.2,35.4,563.3,120.195,0,3.7,267
1836,6609600,7.7,30.8,627.9,109.249,0,3.3,280
1837,6613200,8.5,26.5,638.4,105.371,0,3.1,250
1838,6616800,9.5,24.1,598.3,98.7195,0,2.8,242
1839,6620400,9.9,22.4,508.9,83.9685,0,2.9,261
1840,6624000,10.1,21.7,381.7,62.9805,0,2.4,285
1841,6627600,9.8,23.3,225.3,37.1745,0,2.9,281
1842,6631200,8.4,27.1,57.1,57.1,0,2.7,293
1843,6634800,7,31.3,0,0,0,1.9,288
1844,6638400,6.9,33,0,0,0,0.8,236
1845,6642000,5.6,36.8,0,0,0,1.3,197
1846,6645600,3.8,43.2,0,0,0,1.4,195
1847,6649200,3.9,46.1,0,0,0,1.4,206
1848,6652800,3,47.3,0,0,0,1,204
1849,6656400,1.9,49.8,0,0,0,1.1,156
1850,6660000,1.2,52.7,0,0,0,1.3,166
1851,6663600,1,56.3,0,0,0,1.2,151
1852,6667200,0.2,59.3,0,0,0,1,102
1853,6670800,0.1,61.3,0,0,0,1.1,103
1854,6674400,-0.3,64.6,0,0,0,1.3,95
1855,6678000,0.1,67.2,30,29.4886,0,1.1,100
1856,6681600,2.5,61.8,161.4,124.766,0,1.5,158
1857,6685200,5.3,50.9,324.1,148.29,0,1.7,126
1858,6688800,7.4,43.1,466.1,134.273,0,2.1,199
1859,6692400,9.6,37.8,573.5,118.083,0,2.3,194
1860,6696000,11.3,32.8,638.8,108.905,0,2.5,205
1861,6699600,12.1,29.1,648.9,107.068,0,2.7,205
1862,6703200,13.6,27.1,609.7,100.601,0,2.6,159
1863,6706800,13.8,26,520.2,85.833,0,2.5,175
1864,6710400,14.5,24.3,389.6,64.284,0,2.7,175
1865,6714000,14.5,24.3,232,38.28,0,2.5,145
1866,6717600,14,26.6,62.3,62.3,0,2.1,195
1867,6721200,12,29.8,0,0,0,1.3,173
1868,6724800,10.9,34.2,0,0,0,1.5,166
1869,6728400,9.8,38.6,0,0,0,2.1,150
1870,6732000,8.6,43.2,0,0,0,1.7,142
1871,6735600,7.6,47.3,0,0,0,1.1,144
1872,6739200,7.6,49.6,0,0,0,1.3,139
1873,6742800,4.6,56.1,0,0,0,1.4,151
1874,6746400,3.8,65.3,0,0,0,1,151
1875,6750000,3.1,69.2,0,0,0,1.1,137
1876,6753600,2.7,71.9,0,0,0,1.3,137
1877,6757200,2.4,74.1,0,0,0,0.9,132
1878,6760800,1.8,76.3,0,0,0,1.3,131
1879,6764400,2.1,75.6,31.9,31.3512,0,1.2,136
1880,6768000,5.4,67.2,163.6,127.593,0,1.4,165
1881,6771600,8.2,56.2,322.6,155.705,0,1.9,198
1882,6775200,11.1,47.1,461.6,144.97,0,2.1,203
1883,6778800,13.9,39.6,568.4,126.651,0,2.3,218
1884,6782400,15.8,34,635.2,112.292,0,2.3,205
1885,6786000,17,30,647.7,106.996,0,2.8,230
1886,6789600,17.3,27.9,605.7,99.9405,0,2.9,274
1887,6793200,18.1,26.1,517,85.305,0,2.5,231
1888,6796800,18.3,25.2,386.9,63.8385,0,2.2,217
1889,6800400,18.5,25.8,231.6,38.214,0,1.3,345
1890,6804000,17.2,28,65.1,65.1,0,1.4,24
1891,6807600,15,33.3,0,0,0,1.4,226
1892,6811200,12.5,40.1,0,0,0,0.9,196
1893,6814800,11.7,45.2,0,0,0,0.9,249
1894,6818400,10.6,49.7,0,0,0,0.9,182
1895,6822000,9.2,54.5,0,0,0,0.9,184
1896,6825600,7.8,59.7,0,0,0,1.3,88
1897,6829200,6.8,64.5,0,0,0,1.2,125
1898,6832800,6.5,67.2,0,0,0,0.9,176
1899,6836400,6,69.7,0,0,0,0.8,119
1900,6840000,5.5,71.6,0,0,0,1.2,145
1901,6843600,4.8,74.6,0,0,0,1.1,107
1902,6847200,3.8,78.3,0,0,0,0.9,98
1903,6850800,4.7,78,31.7,31.1844,0,1.1,106
1904,6854400,7.5,72.5,160.1,129.879,0,1.1,124
1905,6858000,11.5,60.1,316.1,166.552,0,1.2,110
1906,6861600,14.4,46.2,455.4,157.402,0,1.7,92
1907,6865200,16.5,37.3,562.8,136.498,0,3.1,119
1908,6868800,17.7,30.9,627.5,118.877,0,3.9,109
1909,6872400,18.6,28.2,639.1,108.504,0,4.1,84
1910,6876000,18.3,28,597.9,98.7017,0,4.2,119
1911,6879600,18.6,28.4,509.1,84.0015,0,4,101
1912,6883200,18.4,29.2,381.7,62.9805,0,5.3,74
1913,6886800,18,30.8,226.3,37.3395,0,5.3,79
1914,6890400,16.9,34.1,71.2,71.2,0,4.5,89
1915,6894000,15.6,36.1,0,0,0,4.3,88
1916,6897600,14.8,37.8,0,0,0,3.9,89
1917,6901200,14,39.7,0,0,0,3.9,89
1918,6904800,13.6,41.5,0,0,0,4.4,100
1919,6908400,13.1,43.3,0,0,0,4.5,99
1920,6912000,12.5,44.9,0,0,0,4.3,100
1921,6915600,12,46,0,0,0,4.3,90
1922,6919200,11.4,47,0,0,0,4.8,91
1923,6922800,10.4,49.1,0,0,0,4.9,89
1924,6926400,9.5,53,0,0,0,5.8,89
1925,6930000,8.7,58.5,0,0,0,5.7,81
1926,6933600,8.2,63.8,0,0,0,5.9,84
1927,6937200,7.4,66.7,34.6,34.014,0,6.1,90
1928,6940800,8.5,64.7,168.2,133.132,0,6.2,81
1929,6944400,10,58.2,324.2,166.218,0,6,89
1930,6948000,11.7,52.5,464.3,155.297,0,7.2,75
1931,6951600,12.6,48.5,572.2,134.258,0,7.5,81
1932,6955200,13.9,45.2,639.1,116.833,0,7.6,98
1933,6958800,15.1,41.9,648.8,108.787,0,7.4,81
1934,6962400,15.4,39.4,605.9,99.9735,0,7.4,71
1935,6966000,15.2,38.9,518.4,85.536,0,7.9,71
1936,6969600,14.7,37.6,390.4,64.416,0,7.9,80
1937,6973200,13.9,36.1,235.4,38.841,0,7.5,80
1938,6976800,12.8,37.2,76.8,76.8,0,7.3,80
1939,6980400,11.8,39.7,0,0,0,6.3,81
1940,6984000,10.9,43.2,0,0,0,5.9,81
1941,6987600,10.5,47.7,0,0,0,5.4,81
1942,6991200,10.4,51.5,0,0,0,6,90
1943,6994800,10.2,53.8,0,0,0,5.4,93
1944,6998400,10,54.8,0,0,0,4.9,93
1945,7002000,9.3,55.4,0,0,0,4.9,91
1946,7005600,8.7,56.5,0,0,0,4.7,85
1947,7009200,8.2,58.1,0,0,0,5.2,89
1948,7012800,8.3,58.4,0,0,0,5.6,91
1949,7016400,7.7,58.5,0,0,0,5.3,84
1950,7020000,7,60.2,0,0,0,5.3,91
1951,7023600,7,61.2,28.4,28.0226,0,5.1,92
1952,7027200,7.5,60.6,164.5,135.091,0,5.5,83
1953,7030800,9.1,57,319.5,175.128,0,6.1,90
1954,7034400,11.3,51.9,438.8,185.666,0,6,96
1955,7038000,11.2,50.6,437.2,255.521,0,4.8,81
1956,7041600,11.7,51.6,439.7,278.479,0,5.4,102
1957,7045200,13,51.4,514.4,213.971,0,5.5,97
1958,7048800,13.6,50.7,398.7,248.029,0,4.7,80
1959,7052400,14.2,50.1,279.2,220.763,0,4.3,109
1960,7056000,14.4,50.3,245.5,157.191,0,3.9,87
1961,7059600,14.1,52.4,160.3,84.4248,0,4.8,70
1962,7063200,13.8,55.5,53.8,53.8,0,5,93
1963,7066800,13.1,58.5,0,0,0,3.3,90
1964,7070400,12.5,61.4,0,0,0,2.2,87
1965,7074000,11.6,64.5,0,0,0,1.9,86
1966,7077600,10.9,68.9,0,0,0,2.3,80
1967,7081200,11.4,70.7,0,0,0,2.1,95
1968,7084800,11,70.8,0,0,0,2,88
1969,7088400,10.1,73.6,0,0,0,1.7,89
1970,7092000,9.6,77.9,0,0,0,2.1,84
1971,7095600,9.7,81.1,0,0,0,1.3,119
1972,7099200,9.3,83.5,0,0,0,1.8,85
1973,7102800,9.4,85.5,0,0,0,1.2,46
1974,7106400,9.6,84.9,0,0,0,1.7,73
1975,7110000,9.5,84.3,12.8,12.7266,0,1.7,79
1976,7113600,9.9,82.5,52.5,51.8906,0,1.4,59
1977,7117200,10.6,79.3,107.8,106.02,0,1.9,76
1978,7120800,11,76.3,177.1,172.84,0,1.8,104
1979,7124400,12.1,71.5,282.8,257.963,0,1.9,117
1980,7128000,13.3,65.5,517.1,229.95,0,1.3,28
1981,7131600,15.1,58,602,138.748,0,1.4,98
1982,7135200,14.7,53.5,387.2,256.503,0,1.7,333
1983,7138800,15.2,53.7,348.8,204.938,0,2.5,309
1984,7142400,14.9,54.5,236.4,163.639,0,3,293
1985,7146000,14.8,55.7,121.7,99.1247,0,1.9,330
1986,7149600,14.3,58.6,43.2,29.9299,0,2.4,340
1987,7153200,13.6,61.8,0,0,0,2.3,33
1988,7156800,13,64.7,0,0,0,1.9,62
1989,7160400,11.9,69.2,0,0,0,2.6,97
1990,7164000,10.9,75.1,0,0,0,1.8,136
1991,7167600,9.3,82,0,0,0,1.3,106
1992,7171200,8.5,86.5,0,0,0,1.7,148
1993,7174800,8.2,88,0,0,0,1.2,23
1994,7178400,8.3,89.5,0,0,0,0.6,229
1995,7182000,9.2,87.4,0,0,0,1.4,180
1996,7185600,7.7,87.7,0,0,0,1,95
1997,7189200,7.7,91,0,0,0,1.4,87
1998,7192800,7.3,92.4,0,0,0,0.7,269
1999,7196400,6.8,94.2,34.2,33.6967,0,1.3,155
2000,7200000,9.3,90.9,167.6,139.897,0,2.3,280
2001,7203600,10.9,81.5,294.4,197.409,0,3.4,300
2002,7207200,12,72,456.1,182.048,0,3.8,291
2003,7210800,13.5,63.6,579,144.94,0,4.1,313
2004,7214400,14.4,57.9,641,126.759,0,4.4,291
2005,7218000,14.6,55.6,541.2,199.796,0,4,265
2006,7221600,13.3,58.5,288.2,254.704,0,5,290
2007,7225200,12.5,62.9,347.3,209.595,0,5.4,289
2008,7228800,11,65.8,343.3,87.0877,0,5.7,297
2009,7232400,8.8,71.5,230.7,38.9304,0,4.7,277
2010,7236000,7.6,78,68.8,11.695,0,4.5,283
2011,7239600,7.9,80.7,0,0,0,4.1,283
2012,7243200,8,81.3,0,0,0,4.7,305
2013,7246800,8.2,82.1,0,0,0,3.6,291
2014,7250400,8.1,82,0,0,0,2.8,270
2015,7254000,8.1,81.9,0,0,0,2.1,252
2016,7257600,8.2,82.5,0,0,0,1.9,235
2017,7261200,7.9,83.5,0,0,0,2.2,223
2018,7264800,7.8,84.3,0,0,0,2.1,243
2019,7268400,7.9,84.2,0,0,0,2.3,234
2020,7272000,8.1,83.1,0,0,0,2,263
2021,7275600,8.5,82.4,0,0,0,2.4,255
2022,7279200,7.9,87.3,0,0,0,2.7,266
2023,7282800,7.8,93.8,7.3,7.27795,0,2.7,256
2024,7286400,8.1,95.8,26.5,26.3507,0,3.2,269
2025,7290000,8.2,95.7,78.2,77.2875,0,4.9,313
2026,7293600,8.5,92.7,156.4,153.445,0,4.4,307
2027,7297200,7.7,92,132.3,130.423,0,3.7,324
2028,7300800,8.5,86.5,148.9,146.63,0,5,305
2029,7304400,9.2,78.4,130.4,128.625,0,4.1,312
2030,7308000,9.5,75.7,107.8,106.475,0,4.6,301
2031,7311600,9.9,74.3,98.4,97.0923,0,5.2,311
2032,7315200,10.4,72.8,115.1,112.652,0,4.1,301
2033,7318800,11,70.3,116.9,100.883,0,2.9,303
2034,7322400,11.1,68.3,40.5,30.8417,0,3.1,292
2035,7326000,10.6,69,0,0,0,2.6,301
2036,7329600,10.1,72.1,0,0,0,2.1,270
2037,7333200,9.2,75.8,0,0,0,1.9,273
2038,7336800,7.7,80.6,0,0,0,2.2,274
2039,7340400,6.8,85.2,0,0,0,2.1,268
2040,7344000,6.6,87.6,0,0,0,1.9,263
2041,7347600,5.8,88.9,0,0,0,2.1,287
2042,7351200,5.9,90.2,0,0,0,3.6,306
2043,7354800,5.3,91.5,0,0,0,3.1,316
2044,7358400,5.1,93,0,0,0,2.7,319
2045,7362000,4.9,94.9,0,0,0,1.9,305
2046,7365600,4.7,96.5,0,0,0,2.9,288
2047,7369200,4.9,97.3,25,24.751,0,3.2,296
2048,7372800,5.1,97.7,85.3,83.7818,0,3.3,293
2049,7376400,5.4,97.7,124.9,122.602,0,3.3,291
2050,7380000,5.7,97.4,158.4,155.399,0,2.3,255
2051,7383600,5.9,97.1,154.8,152.251,0,2.4,283
2052,7387200,6.2,95.4,151.7,149.362,0,2.4,277
2053,7390800,6.7,93.3,146.8,144.567,0,2.2,291
2054,7394400,7.2,90,145.6,143.203,0,2.6,274
2055,7398000,7.4,86.1,129.5,127.256,0,2.4,239
2056,7401600,7.7,83.4,127.2,123.835,0,2.3,271
2057,7405200,8.4,81.1,129.4,105.403,0,1.5,278
2058,7408800,8.7,79.5,62.2,21.6264,0,1.8,249
2059,7412400,7.6,81.3,1.1,1.1,0,1.8,190
2060,7416000,6.5,86.3,0,0,0,1.9,161
2061,7419600,5.8,91,0,0,0,1.9,171
2062,7423200,5.4,94.4,0,0,0,1.5,175
2063,7426800,4.7,95.8,0,0,0,1.8,161
2064,7430400,3.9,96.3,0,0,0,1.9,164
2065,7434000,3.5,96.5,0,0,0,1.5,154
2066,7437600,2.3,96.7,0,0,0,1.4,158
2067,7441200,3,97.1,0,0,0,1.5,128
2068,7444800,2.6,97.7,0,0,0,1.8,137
2069,7448400,2.5,98.1,0,0,0,1.9,134
2070,7452000,2.6,98.5,0,0,0,2.3,138
2071,7455600,3,98.7,24.3,24.073,0,1.9,112
2072,7459200,3.5,98.8,104.6,102.2,0,2.7,131
2073,7462800,4.3,98.9,186,176.429,0,2.9,139
2074,7466400,5.9,98.1,315.9,257.724,0,2.6,123
2075,7470000,8.6,89.2,579.2,161.531,0,2.8,138
2076,7473600,12,71.6,686.8,117.029,0,3.4,128
2077,7477200,13.7,57.7,697.5,115.087,0,3,114
2078,7480800,15.2,47.5,653.9,107.894,0,3.1,107
2079,7484400,16.7,39,563,92.895,0,3.3,128
2080,7488000,17.1,34.3,431.4,71.181,0,3.6,111
2081,7491600,17.4,33.6,273.7,45.1605,0,2.9,120
2082,7495200,16.4,36.3,106.1,17.5065,0,3.5,116
2083,7498800,14.2,43.2,2.7,2.7,0,2.1,109
2084,7502400,12.4,52.5,0,0,0,2.5,108
2085,7506000,11.2,58.8,0,0,0,2.5,115
2086,7509600,10.6,63.3,0,0,0,2.5,95
2087,7513200,9.8,67.4,0,0,0,1.8,109
2088,7516800,9.1,70.7,0,0,0,2,106
2089,7520400,8.3,74.4,0,0,0,1.4,92
2090,7524000,8,77.8,0,0,0,1.3,75
2091,7527600,7,81.3,0,0,0,1.3,11
2092,7531200,6.4,85.5,0,0,0,1.2,22
2093,7534800,6.4,87.3,0,0,0,1.4,351
2094,7538400,6.5,86.7,0.3,0.3,0,1.3,15
2095,7542000,7.4,84.6,42.8,42.1199,0,1.4,345
2096,7545600,9.4,78.7,138.4,130.399,0,2.3,319
2097,7549200,10.3,71.7,222.9,200.158,0,3.5,305
2098,7552800,10.5,68.9,338.6,261.591,0,4.3,311
2099,7556400,12.1,66.5,442.6,277.981,0,5.4,312
2100,7560000,12.6,64,468,287.963,0,5.6,317
2101,7563600,13.5,63.5,520.7,239.278,0,4.7,313
2102,7567200,14.2,61.9,492.9,205.789,0,6.3,308
2103,7570800,14.9,58.6,440.2,152.952,0,5.9,326
2104,7574400,13.4,58.6,358,93.1883,0,6.4,326
2105,7578000,12.1,63,215.7,64.2994,0,6.4,337
2106,7581600,11.5,66.4,65.9,28.4492,0,5.1,339
2107,7585200,11.4,67.6,0.9,0.9,0,3.6,336
2108,7588800,11.4,67.2,0,0,0,3.5,327
2109,7592400,11,63.6,0,0,0,4,338
2110,7596000,9.2,60.9,0,0,0,2.9,342
2111,7599600,7.8,63.1,0,0,0,2.2,345
2112,7603200,6.6,68,0,0,0,1.2,273
2113,7606800,5.7,70.4,0,0,0,2.8,279
2114,7610400,4.7,71.5,0,0,0,1.7,267
2115,7614000,4.2,74.4,0,0,0,1.2,265
2116,7617600,4,77.1,0,0,0,1.5,192
2117,7621200,2.5,81.1,0,0,0,1.9,221
2118,7624800,4,81.8,2.3,2.3,0,1.5,217
2119,7628400,4.7,78,53.6,52.5683,0,3,207
2120,7632000,6.4,73.6,122.5,118.403,0,3.2,209
2121,7635600,8.8,65.6,250.9,212.315,0,4.3,208
2122,7639200,9.2,62.1,147.8,145.26,0,5.8,242
2123,7642800,6.5,74.4,84.5,83.7586,0,5.2,237
2124,7646400,6.7,88.4,156.1,153.678,0,5.8,221
2125,7650000,8.2,85.8,195.3,191.422,0,5.6,231
2126,7653600,9.5,79.5,162.5,159.581,0,5.5,226
2127,7657200,9,79.8,185.4,179.25,0,5.2,225
2128,7660800,7.7,86.2,107.6,105.615,0,4.5,233
2129,7664400,8.1,90.1,47.8,47.1745,0,3.3,221
2130,7668000,8.8,89.4,35.8,33.708,0,3.7,251
2131,7671600,9.1,87.3,1,1,0,4.6,283
2132,7675200,8.4,86.9,0,0,0,5.4,291
2133,7678800,8,88.2,0,0,0,5,288
2134,7682400,7.9,89.8,0,0,0,5.1,289
2135,7686000,8.1,91.3,0,0,0,3.7,281
2136,7689600,7.9,91.2,0,0,0,3.8,280
2137,7693200,8,91.1,0,0,0,4.2,280
2138,7696800,8,91,0,0,0,4.6,288
2139,7700400,7.7,90.6,0,0,0,4.1,279
2140,7704000,7.7,91.6,0,0,0,4.2,295
2141,7707600,7.7,91.1,0,0,0,4.8,309
2142,7711200,7.3,88.8,1,1,0,5,326
2143,7714800,7.1,87.2,36.3,35.8417,0,4.9,324
2144,7718400,7.2,86.7,88.2,86.6879,0,4.7,316
2145,7722000,7.2,87.8,120.9,118.848,0,4.4,314
2146,7725600,8.1,86.4,222.2,213.042,0,4.7,335
2147,7729200,9.2,81,187.9,184.262,0,4.2,348
2148,7732800,9.4,77.9,133.9,132.13,0,4.6,339
2149,7736400,9.9,76.1,131.8,130.051,0,4.6,0
2150,7740000,9.3,76,153,150.431,0,5,347
2151,7743600,9.5,74.1,186.6,180.456,0,6.1,359
2152,7747200,9.3,70.1,148.8,143.002,0,5.5,4
2153,7750800,7.8,75.6,98.4,93.7775,0,4.2,342
2154,7754400,7.9,80.6,53.9,41.4559,0,4,343
2155,7758000,8.1,77.3,2,2,0,3.6,356
2156,7761600,7.7,75.9,0,0,0,3.9,3
2157,7765200,7.4,78.4,0,0,0,3.9,356
2158,7768800,7.4,81.9,0,0,0,3,7
2159,7772400,7.4,81.5,0,0,0,3.3,7
2160,7776000,7.3,80.8,0,0,0,3.2,359
2161,7779600,7,83.4,0,0,0,3.3,354
2162,7783200,6.7,84.4,0,0,0,3.1,359
2163,7786800,6.6,85.7,0,0,0,2.4,8
2164,7790400,6.4,85.3,0,0,0,3.2,15
2165,7794000,6.3,84.3,0,0,0,2.1,15
2166,7797600,6,84.2,2,2,0,2.3,5
2167,7801200,6.9,83.1,67,65.2241,0,1.8,25
2168,7804800,8.2,76.6,239.7,153.371,0,2.5,37
2169,7808400,9.7,67.2,398.7,162.345,0,2.7,22
2170,7812000,11.2,61.5,528.9,155.125,0,3.7,39
2171,7815600,11.8,57.1,533,227.669,0,4.2,31
2172,7819200,12.7,50.8,530,259.717,0,4.5,36
2173,7822800,13,48,608.8,172.327,0,5.2,27
2174,7826400,13.3,48.1,531.7,184.105,0,5.3,57
2175,7830000,13.1,49,361.1,227.127,0,5.7,52
2176,7833600,13.3,50,280.4,171.367,0,4.4,41
2177,7837200,13.3,50.8,214.4,80.5702,0,4.3,41
2178,7840800,13.1,52.3,119,19.635,0,3.8,42
2179,7844400,12,55.2,7,7,0,3.5,26
2180,7848000,11.2,59.1,0,0,0,3.6,29
2181,7851600,10.5,63.6,0,0,0,3.5,19
2182,7855200,9.5,67.7,0,0,0,3.5,31
2183,7858800,8.6,70.9,0,0,0,2.8,32
2184,7862400,8,74.5,0,0,0,2.1,37
2185,7866000,7.4,78.1,0,0,0,2.9,39
2186,7869600,6.8,81.2,0,0,0,2.5,24
2187,7873200,6.5,83.6,0,0,0,2.4,14
2188,7876800,6.1,85.6,0,0,0,2.5,14
2189,7880400,5.7,87.7,0,0,0,2.2,27
2190,7884000,5.4,90.3,2,2,0,2.3,28
2191,7887600,5.8,91.9,69.1,67.2619,0,2.6,28
2192,7891200,6.6,89.8,178.3,156.532,0,4,36
2193,7894800,7.4,86.6,262.6,220.515,0,4.4,41
2194,7898400,8.9,82,466.6,218.69,0,4.4,33
2195,7902000,10.9,74.8,644.7,133.323,0,3.6,39
2196,7905600,13.2,68.3,705.5,122.69,0,4.1,56
2197,7909200,15.1,62,713.9,117.912,0,4.7,32
2198,7912800,16.1,53.8,670,110.55,0,5,60
2199,7916400,16.6,48.2,578.3,95.4195,0,5.4,49
2200,7920000,17.2,45.7,447,73.755,0,4.5,53
2201,7923600,17.2,40.5,291.1,48.0315,0,5,32
2202,7927200,16.3,38,122.9,20.2785,0,4.7,49
2203,7930800,14.7,40.3,7.7,7.7,0,4.1,49
2204,7934400,13.8,45.4,0,0,0,3.9,29
2205,7938000,12.6,50.9,0,0,0,3.6,30
2206,7941600,11.3,53.4,0,0,0,3.1,31
2207,7945200,10.2,57.1,0,0,0,2.7,42
2208,7948800,9.2,61.1,0,0,0,3.1,53
2209,7952400,8.3,65.3,0,0,0,2.4,55
2210,7956000,7.9,68.4,0,0,0,2.6,61
2211,7959600,8,68.7,0,0,0,2.9,68
2212,7963200,7.2,69.4,0,0,0,2.7,62
2213,7966800,6.7,71.8,0,0,0,1.7,53
2214,7970400,7.1,70.2,5.6,5.6,0,2.5,74
2215,7974000,8.4,63.5,87.5,82.4503,0,2.6,85
2216,7977600,10.7,56.4,242.5,160.423,0,2.5,85
2217,7981200,12.3,51.3,414.2,159.921,0,2,107
2218,7984800,14.3,47.8,542.4,153.931,0,2,101
2219,7988400,16.3,45.6,644.4,137.765,0,2.1,88
2220,7992000,17.2,41.9,706.1,124.799,0,3.1,93
2221,7995600,18.1,38.1,713.7,118.433,0,3.1,81
2222,7999200,19,38.5,669.3,110.434,0,2.6,70
2223,8002800,19.3,40.7,577.8,95.337,0,3.3,60
2224,8006400,19.7,42.4,447.6,73.854,0,2.8,74
2225,8010000,19.8,42.5,292.2,48.213,0,3.3,83
2226,8013600,19.2,43.8,124.6,20.559,0,3.1,98
2227,8017200,17.4,49.5,8.3,8.3,0,2.4,53
2228,8020800,15.6,57.9,0,0,0,1.2,10
2229,8024400,14.6,65.3,0,0,0,2.6,27
2230,8028000,14.2,69,0,0,0,1.5,30
2231,8031600,13.3,71.6,0,0,0,1.7,38
2232,8035200,12.3,75,0,0,0,1.1,2
2233,8038800,11.3,78.9,0,0,0,0.9,9
2234,8042400,10.8,82.3,0,0,0,1,321
2235,8046000,9.7,84.8,0,0,0,0.9,304
2236,8049600,9.5,87.6,0,0,0,0.6,334
2237,8053200,9.1,89,0,0,0,0.7,93
2238,8056800,8.9,89.9,6,5.9635,0,0.9,331
2239,8060400,11.2,87.2,90.4,85.0759,0,0.8,339
2240,8064000,14.1,75.4,253.2,160.019,0,0.7,2
2241,8067600,16.5,61.4,412.3,167.625,0,0.9,310
2242,8071200,18.4,52.2,551.4,151.198,0,1.2,345
2243,8074800,19.5,46.6,652.5,136.366,0,1.8,30
2244,8078400,20,43.7,710.6,125.671,0,2,348
2245,8082000,20.8,41.9,718.3,119.196,0,1.8,51
2246,8085600,21.3,40.1,661.9,109.596,0,1.7,331
2247,8089200,20.5,40.1,489.4,135.273,0,2.5,322
2248,8092800,21.6,40.5,421.5,73.815,0,2.5,303
2249,8096400,21.6,39.6,294.6,48.609,0,3.4,299
2250,8100000,21.3,39.5,124.8,20.592,0,3.3,279
2251,8103600,19.8,42.8,9,9,0,3.2,304
2252,8107200,18.1,49.9,0,0,0,3,325
2253,8110800,18.8,53.6,0,0,0,3.6,10
2254,8114400,17.6,55,0,0,0,3.1,26
2255,8118000,15.9,59.7,0,0,0,2.6,16
2256,8121600,15,61.9,0,0,0,3.4,21
2257,8125200,13.4,62,0,0,0,2.4,10
2258,8128800,12.3,64.9,0,0,0,3.9,11
2259,8132400,10.9,68.3,0,0,0,4.2,5
2260,8136000,9.5,71.7,0,0,0,4.3,15
2261,8139600,8.4,74.2,0,0,0,4.4,15
2262,8143200,7.4,73.6,1.3,1.29829,0,4.2,31
2263,8146800,7.4,70.9,64.2,62.9581,0,3.3,34
2264,8150400,7.8,66.2,223.7,170.902,0,4.1,20
2265,8154000,7.8,61.5,344.7,220.847,0,3.7,22
2266,8157600,8.7,57.4,405.9,269.52,0,4.2,3
2267,8161200,10,49.1,597.8,187.994,0,4,350
2268,8164800,10.5,46.4,560.4,253.207,0,4.8,358
2269,8168400,11.6,45.9,512.5,276.558,0,6.3,20
2270,8172000,10.6,40.6,553.5,182.488,0,7.4,24
2271,8175600,10.6,36.8,518,115.352,0,7.3,12
2272,8179200,10,35,437.4,72.6661,0,7.9,8
2273,8182800,9.1,37.7,294.2,48.543,0,7.4,1
2274,8186400,7.3,41.7,131.1,21.6315,0,7.7,34
2275,8190000,5.9,43.4,9.6,9.6,0,6.7,29
2276,8193600,5.2,44.6,0,0,0,5.7,29
2277,8197200,4.5,47.1,0,0,0,4.1,31
2278,8200800,4.1,49.4,0,0,0,4.1,27
2279,8204400,3.7,49.7,0,0,0,4.1,24
2280,8208000,3.5,51.4,0,0,0,3.5,15
2281,8211600,3,54.3,0,0,0,3.1,16
2282,8215200,2.4,57.6,0,0,0,2.6,10
2283,8218800,2.4,60.3,0,0,0,3.4,356
2284,8222400,2.7,62.6,0,0,0,2.6,338
2285,8226000,3,64.5,0,0,0,2.9,353
2286,8229600,2.9,65.8,3.4,3.38867,0,2.8,354
2287,8233200,3.4,66.3,82.4,79.6539,0,3,2
2288,8236800,4.5,63.9,269.2,160.595,0,4,356
2289,8240400,5.2,55.6,409.4,181.633,0,6,2
2290,8244000,6.3,46.3,525.1,187.277,0,6.2,25
2291,8247600,6.8,40.4,614.8,177.145,0,6.4,346
2292,8251200,7,40.5,638.6,184.916,0,5.4,349
2293,8254800,8.3,40,697.8,127.318,0,5.7,5
2294,8258400,8.4,33.1,689.3,113.735,0,5.6,350
2295,8262000,8.7,29.2,605.2,99.858,0,6.5,7
2296,8265600,8.6,31.4,472.5,77.9625,0,5.9,39
2297,8269200,8.3,34.1,313.9,51.7935,0,6.4,24
2298,8272800,7.9,35.6,146.6,24.189,0,4.5,18
2299,8276400,7.2,38.9,19.9,19.9,0,4.3,37
2300,8280000,6.3,42.2,0,0,0,2.6,21
2301,8283600,5.8,46.6,0,0,0,1.3,358
2302,8287200,6.7,49.1,0,0,0,2.5,313
2303,8290800,7.1,47.8,0,0,0,3.1,307
2304,8294400,7.1,46.9,0,0,0,3.2,309
2305,8298000,6.8,47.5,0,0,0,3,296
2306,8301600,6.7,48.1,0,0,0,4.1,302
2307,8305200,6.6,48.8,0,0,0,4.2,302
2308,8308800,6.7,49.9,0,0,0,3.5,315
2309,8312400,6.6,50.9,0,0,0,3.9,318
2310,8316000,6.6,52.6,2.9,2.89242,0,3.1,321
2311,8319600,6.7,54.4,36.7,36.3142,0,3.9,324
2312,8323200,7.1,56.1,201.7,172.132,0,4.1,321
2313,8326800,8.6,54.4,412.8,184.144,0,3.9,330
2314,8330400,10.7,49.3,524.1,193.732,0,4.7,336
2315,8334000,11.6,44.7,512.1,273.538,0,5,324
2316,8337600,12.1,41.5,507.5,300.193,0,4.8,359
2317,8341200,13.2,40.6,489.3,298.078,0,5.1,329
2318,8344800,12.2,41,374.4,293.321,0,5.7,330
2319,8348400,12.6,40.3,356.1,246.431,0,6.3,346
2320,8352000,12.5,41,224.8,190.834,0,6.2,306
2321,8355600,12.4,41.6,134.3,120.314,0,4.7,313
2322,8359200,12.2,40.4,93.1,47.391,0,4.7,313
2323,8362800,12,40,11.2,11.2,0,4.2,344
2324,8366400,10.8,42.2,0,0,0,2.8,5
2325,8370000,9.6,46.8,0,0,0,2.9,14
2326,8373600,8.4,52.6,0,0,0,2.4,358
2327,8377200,6.8,61.2,0,0,0,1.5,347
2328,8380800,5.7,69,0,0,0,2.1,348
2329,8384400,4.9,74.1,0,0,0,1.9,359
2330,8388000,4.7,78,0,0,0,1.2,3
2331,8391600,5.9,78.5,0,0,0,1.4,338
2332,8395200,6.6,75.8,0,0,0,1.3,349
2333,8398800,6.7,75.5,0,0,0,1.5,25
2334,8402400,6.7,78.4,2.4,2.39519,0,1.1,39
2335,8406000,7.2,79.4,37.5,37.1068,0,1,32
2336,8409600,8.7,73,148.2,142.193,0,1.9,44
2337,8413200,10,62.4,348.8,230.312,0,2.6,59
2338,8416800,11.1,51,573.5,152.431,0,2.7,73
2339,8420400,12.2,42.1,686.2,130.693,0,3.2,66
2340,8424000,12.9,38,662.9,172.227,0,2.1,39
2341,8427600,12.7,37.9,544.1,264.888,0,2.8,28
2342,8431200,13.6,38.5,531.5,217.13,0,2.9,52
2343,8434800,13.5,37.2,536.4,113.098,0,3,341
2344,8438400,13.4,36.5,394.1,106.276,0,2.9,349
2345,8442000,14,36.6,241.1,88.8336,0,1.9,343
2346,8445600,13.4,37.7,113.3,33.8318,0,3.2,341
2347,8449200,12.4,40.3,17,17,0,1.9,21
2348,8452800,10.5,46.5,0,0,0,2.4,49
2349,8456400,9.8,52.6,0,0,0,2.3,76
2350,8460000,8.9,55.2,0,0,0,2,87
2351,8463600,8.6,57.2,0,0,0,1.5,137
2352,8467200,7.9,58,0,0,0,1.4,126
2353,8470800,6.6,59.8,0,0,0,1.1,120
2354,8474400,6.4,62.4,0,0,0,1,163
2355,8478000,6.7,62.6,0,0,0,1.2,183
2356,8481600,6.5,62.8,0,0,0,0.9,197
2357,8485200,6.1,65,0,0,0,0.9,214
2358,8488800,6.4,65.4,3.1,3.09253,0,1.4,29
2359,8492400,6.8,64.8,30.1,29.8525,0,1.9,161
2360,8496000,7.5,62.4,83.9,82.7057,0,1.5,179
2361,8499600,8.6,58.7,246.2,222.952,0,1.6,224
2362,8503200,11.1,56.2,555,174.906,0,1.6,218
2363,8506800,13.6,52,615.3,191.888,0,2.9,278
2364,8510400,13.7,47.7,524.7,297.118,0,3.5,310
2365,8514000,14.4,43.3,490.9,303.746,0,4.7,314
2366,8517600,13.9,42,312.6,279.636,0,5.7,303
2367,8521200,13.9,43.3,220.9,210.249,0,5.3,312
2368,8524800,13.8,44.4,189,175.627,0,5.9,308
2369,8528400,13.7,47,168.5,131.824,0,5.7,320
2370,8532000,13.2,49.6,87.6,57.854,0,5.9,321
2371,8535600,12.4,52.2,16.6,16.6,0,4.8,322
2372,8539200,11.4,56.4,0,0,0,4.1,336
2373,8542800,10.2,63.5,0,0,0,5.3,337
2374,8546400,9.3,69.4,0,0,0,5.1,324
2375,8550000,8.6,71.9,0,0,0,5.3,316
2376,8553600,8.1,73.3,0,0,0,5.3,307
2377,8557200,7.5,74.9,0,0,0,4.7,299
2378,8560800,6.9,77.8,0,0,0,4.9,306
2379,8564400,6.7,80.8,0,0,0,4.1,305
2380,8568000,6.6,83.3,0,0,0,4.4,307
2381,8571600,6.6,84.8,0,0,0,4,318
2382,8575200,6.8,85.1,3,2.99345,0,3.6,317
2383,8578800,7,83.9,32.2,31.923,0,4.2,311
2384,8582400,7.6,80.8,118.8,116.428,0,4.2,314
2385,8586000,8.2,75.7,281.6,238.436,0,3.8,321
2386,8589600,9.6,69.9,531.5,202.688,0,4.4,302
2387,8593200,10.6,64.2,611.7,200.313,0,4.9,302
2388,8596800,10.8,60.7,706.3,146.274,0,5.4,286
2389,8600400,12,58.3,729.8,125.236,0,5.9,287
2390,8604000,13.1,54.8,669,116.158,0,5.7,300
2391,8607600,13.9,52.4,525.2,129.306,0,5.5,294
2392,8611200,14,51.3,403.2,106.687,0,5.9,275
2393,8614800,14.3,49.6,284.4,59.3542,0,5.5,290
2394,8618400,13.8,50.4,151.3,24.9645,0,5.4,288
2395,8622000,13.2,54.5,24.3,24.3,0,3.8,273
2396,8625600,12.5,57.7,0,0,0,5.3,278
2397,8629200,11.3,61.5,0,0,0,6.2,272
2398,8632800,10.1,65.8,0,0,0,5.5,270
2399,8636400,9.7,68.6,0,0,0,5.6,272
2400,8640000,9.7,70.5,0,0,0,5.9,270
2401,8643600,9.3,72.2,0,0,0,6.3,273
2402,8647200,8.9,75,0,0,0,6.9,285
2403,8650800,8,76.4,0,0,0,8.8,309
2404,8654400,7.7,76.5,0,0,0,6.8,281
2405,8658000,7.9,77,0,0,0,6.7,287
2406,8661600,8,77.3,3,2.99383,0,6.7,296
2407,8665200,8.3,77.1,33.5,33.2067,0,6.9,290
2408,8668800,8.5,76.5,99,97.3803,0,6.6,289
2409,8672400,9.4,74.6,295.5,243.213,0,6.8,291
2410,8676000,11.3,69.9,405.9,287.982,0,7.1,294
2411,8679600,11.1,66,179.6,176.52,0,6.7,288
2412,8683200,11.2,65.2,136.3,134.589,0,7.5,299
2413,8686800,11.3,66.1,133,131.336,0,7.3,300
2414,8690400,11.6,67.4,129,127.301,0,6.8,305
2415,8694000,12.7,65.9,155.6,152.722,0,4.8,295
2416,8697600,14.5,60.9,262.4,201.9,0,5.9,288
2417,8701200,14.8,57.6,240.8,102.753,0,5.2,307
2418,8704800,14.6,56.8,143,24.731,0,4.3,285
2419,8708400,13,59.7,26.3,26.3,0,3.2,288
2420,8712000,12.3,64.8,0,0,0,2.1,281
2421,8715600,10.2,70.3,0,0,0,1.4,37
2422,8719200,9.5,77.2,0,0,0,0.7,313
2423,8722800,9.5,80.2,0,0,0,1.1,97
2424,8726400,7.4,84.2,0,0,0,0.9,161
2425,8730000,6.4,90.3,0,0,0,1.2,18
2426,8733600,8.1,90.2,0,0,0,2.6,51
2427,8737200,10.1,86,0,0,0,2.2,265
2428,8740800,10.3,84.1,0,0,0,2.3,273
2429,8744400,10.1,85.4,0,0,0,2.5,277
2430,8748000,10.2,86.8,13.7,13.5785,0,2.9,314
2431,8751600,10.6,85.9,74.6,73.1757,0,3.2,287
2432,8755200,10.9,83.5,218.8,184.895,0,3.7,315
2433,8758800,11.5,80.7,304.9,246.435,0,3.6,298
2434,8762400,11.4,78.4,259.5,245.98,0,3,249
2435,8766000,11.1,78.3,270.8,259.463,0,3.1,248
2436,8769600,11.9,77.4,477.9,328.518,0,3.1,271
2437,8773200,13.7,71.4,727,129.921,0,2,227
2438,8776800,16,63.8,688,115.428,0,1.7,229
2439,8780400,16.3,56.5,608.9,100.469,0,1.6,195
2440,8784000,17.4,50,477.3,78.7545,0,1.5,61
2441,8787600,17.6,46.6,323.4,53.361,0,1.4,73
2442,8791200,17.1,46.8,164,27.06,0,1.9,153
2443,8794800,15.8,51.2,27,27,0,1.4,141
2444,8798400,13,60.5,0,0,0,1.3,93
2445,8802000,11,71.7,0,0,0,1.2,95
2446,8805600,10.8,78.2,0,0,0,2.1,94
2447,8809200,10.4,81.6,0,0,0,1.8,97
2448,8812800,10.3,84.3,0,0,0,2.4,95
2449,8816400,10.1,86.3,0,0,0,2.7,94
2450,8820000,10.3,87.4,0,0,0,2.6,117
2451,8823600,9.7,87.9,0,0,0,2.5,117
2452,8827200,9.6,89.1,0,0,0,2.5,118
2453,8830800,9.5,89.2,0,0,0,3,113
2454,8834400,10.1,87.5,25,24.6164,0,2.7,131
2455,8838000,12,82.3,110.9,104.525,0,3.2,137
2456,8841600,14.7,72.7,284.8,181.676,0,3.7,141
2457,8845200,17.3,61.7,464,169.532,0,4.2,140
2458,8848800,18.8,54,564,186.976,0,4.4,153
2459,8852400,20.6,48.3,650.5,178.087,0,4.4,156
2460,8856000,21.4,43.8,505.7,320.824,0,4.2,202
2461,8859600,21.3,42.6,236.3,230.504,0,4.4,202
2462,8863200,22.3,42.1,490.8,269.784,0,6.9,212
2463,8866800,22.1,42.2,359.5,259.678,0,6.1,218
2464,8870400,21.1,44.5,75.3,74.4529,0,5.6,254
2465,8874000,20.9,48.1,142.7,129.176,0,5.5,275
2466,8877600,20.8,50,139.1,33.7018,0,4.2,224
2467,8881200,19.8,52.2,27,27,0,2.4,264
2468,8884800,18.1,58.7,0,0,0,1.7,206
2469,8888400,18.1,63.5,0,0,0,2.3,218
2470,8892000,18.3,63.8,0,0,0,3,249
2471,8895600,17.6,65.6,0,0,0,2.2,263
2472,8899200,16.6,69.4,0,0,0,2.3,238
2473,8902800,14.8,75.2,0,0,0,2.1,240
2474,8906400,14,82,0,0,0,1.8,258
2475,8910000,12.1,87.4,0,0,0,1.1,250
2476,8913600,11,91.4,0,0,0,1.4,225
2477,8917200,10.6,92.9,0,0,0,1.3,247
2478,8920800,10.7,93,20.1,19.8642,0,1.2,210
2479,8924400,13.1,90.1,137.3,120.107,0,1.4,209
2480,8928000,15.3,81.2,309,172.389,0,1.8,262
2481,8931600,17.2,70.2,415.8,216.405,0,2.4,248
2482,8935200,17.9,64.5,495.5,252.95,0,3.2,256
2483,8938800,18.1,63.4,465.1,321.129,0,3,247
2484,8942400,18.8,59.2,538.5,306.153,0,3.8,231
2485,8946000,20.2,53.1,555.2,279.558,0,3.1,241
2486,8949600,20,49.9,457.9,291.447,0,3.2,244
2487,8953200,20.3,46,511.6,158.134,0,2.6,190
2488,8956800,20.5,42.3,411.6,115.843,0,1.6,155
2489,8960400,20.9,40.1,326,53.8485,0,2.3,238
2490,8964000,20.5,40.3,177.1,29.2215,0,1.7,40
2491,8967600,18.6,45.5,32.9,32.9,0,2,31
2492,8971200,16.9,52.7,0,0,0,2.4,82
2493,8974800,15.9,58.6,0,0,0,2.3,106
2494,8978400,15.6,63.1,0,0,0,2.5,73
2495,8982000,15.5,66.3,0,0,0,3.5,79
2496,8985600,16.4,66.3,0,0,0,3.7,77
2497,8989200,16.4,67.7,0,0,0,4.4,81
2498,8992800,16.1,71.1,0,0,0,4,84
2499,8996400,16.1,71.5,0,0,0,4.3,85
2500,9000000,15.8,72,0,0,0,3.8,90
2501,9003600,14.6,74.8,0,0,0,4.2,88
2502,9007200,13.9,78.2,27,26.594,0,3.5,80
2503,9010800,14.9,77.9,148.7,125.264,0,3.6,76
2504,9014400,17,72.6,306.4,178.326,0,4.5,88
2505,9018000,19.5,64,465.6,178.496,0,5,98
2506,9021600,21.6,55.7,589.2,172.807,0,6.6,112
2507,9025200,21.7,51.4,491.8,314.172,0,6.3,123
2508,9028800,21.3,51.6,369.4,325.587,0,6.9,129
2509,9032400,21.5,51.7,294.8,279.421,0,6.4,144
2510,9036000,21.1,51.7,187.6,184.086,0,6,131
2511,9039600,20.5,54,109.4,108.014,0,6.1,131
2512,9043200,20.2,56,100,98.5308,0,5.4,134
2513,9046800,19.6,58.3,77.5,76.2099,0,5.4,138
2514,9050400,18.6,63.4,68.1,63.2984,0,5.4,117
2515,9054000,18.5,67.7,6.4,6.4,0,4.7,119
2516,9057600,17.6,69.6,0,0,0,4.7,118
2517,9061200,16.9,71.8,0,0,0,5.1,138
2518,9064800,16.3,73.2,0,0,0,4.4,146
2519,9068400,16,74.8,0,0,0,3.4,133
2520,9072000,15.5,76.6,0,0,0,3,122
2521,9075600,14.8,79.3,0,0,0,2.6,142
2522,9079200,14.1,82.9,0,0,0,2.8,140
2523,9082800,13.2,87.2,0,0,0,1.9,185
2524,9086400,13.8,89.8,0,0,0,2.9,239
2525,9090000,13.5,90.6,0,0,0,2.1,248
2526,9093600,13.7,90.6,28.7,28.2612,0,1.9,258
2527,9097200,14.8,88.4,150.4,127.319,0,2.1,229
2528,9100800,16.9,82.6,307,182.068,0,1.5,268
2529,9104400,18.7,73.5,464.3,184.792,0,2.1,245
2530,9108000,19.9,65.6,600.9,166.65,0,1.7,200
2531,9111600,21,60,689.7,157.298,0,2.6,206
2532,9115200,22.4,54.1,749,139.808,0,2.6,178
2533,9118800,23.5,49.8,753.9,129.174,0,2.1,174
2534,9122400,24.6,46.1,703.5,117.996,0,2.3,163
2535,9126000,25.2,42.9,608,101.727,0,2.3,111
2536,9129600,25.9,41.4,471.2,81.9761,0,2.7,117
2537,9133200,26.2,38.6,320.7,57.2963,0,3.4,129
2538,9136800,24.7,39.2,150.3,37.0508,0,3.2,101
2539,9140400,23,45.3,27.5,27.5,0,3.3,81
2540,9144000,21.4,53,0,0,0,3.6,68
2541,9147600,21.6,58.2,0,0,0,4.6,80
2542,9151200,21.6,58.9,0,0,0,4.2,97
2543,9154800,20.6,59.6,0,0,0,4.1,88
2544,9158400,19.5,62.1,0,0,0,4,88
2545,9162000,19,65.1,0,0,0,4.2,87
2546,9165600,18.3,67.5,0,0,0,3.9,86
2547,9169200,17.7,70.1,0,0,0,4.2,92
2548,9172800,17.3,72.8,0,0,0,3,96
2549,9176400,16.9,74.8,0,0,0,3,92
2550,9180000,16.6,76.4,32.4,31.8639,0,2.4,92
2551,9183600,17.6,74.2,132.6,120.984,0,2.6,95
2552,9187200,18.9,67.8,171.3,163.367,0,3.2,121
2553,9190800,20.4,61,339.7,257.724,0,3.2,145
2554,9194400,22.1,55.2,578.8,192.222,0,3.4,143
2555,9198000,23.6,50,684.5,165.378,0,3.9,146
2556,9201600,24.6,45.8,738.7,148.292,0,3.2,157
2557,9205200,25.3,43.3,619.5,234.926,0,3.6,136
2558,9208800,25.6,42.3,479.6,289.083,0,3.4,171
2559,9212400,25.2,44.4,469.1,210.024,0,2.9,303
2560,9216000,23.3,50,398.2,141.144,0,5,290
2561,9219600,22.9,54.2,239.5,127.801,0,4.6,326
2562,9223200,21.9,57.7,117.7,69.1906,0,4.5,324
2563,9226800,20,64.3,23.6,23.6,0,3.6,312
2564,9230400,19.2,70.3,0,0,0,3.6,317
2565,9234000,18.3,73.9,0,0,0,4.1,305
2566,9237600,17.4,76.5,0,0,0,3,298
2567,9241200,17,78.6,0,0,0,2.5,302
2568,9244800,16.3,80.7,0,0,0,2.4,283
2569,9248400,15.9,82.9,0,0,0,2.3,295
2570,9252000,15.4,85.1,0,0,0,2.9,230
2571,9255600,15,87.8,0,0,0,3,252
2572,9259200,15.2,89,0,0,0,2.6,261
2573,9262800,15,89.1,0,0,0,3.4,246
2574,9266400,14.3,92.2,5.9,5.88292,0,2.5,236
2575,9270000,13.5,94.9,21.1,20.9982,0,3.6,240
2576,9273600,13,95,46.9,46.5651,0,4.1,261
2577,9277200,12.5,93.9,75.4,74.7286,0,4,266
2578,9280800,12.2,92.2,111.4,110.152,0,3.5,275
2579,9284400,11.9,91.6,117.9,116.625,0,3.7,259
2580,9288000,12.3,89.2,166,163.554,0,3.7,278
2581,9291600,12.4,85.6,213.4,209.267,0,3.2,277
2582,9295200,12.6,83.6,137.1,135.253,0,3.3,275
2583,9298800,12.2,83,102.7,101.501,0,4.2,275
2584,9302400,12.2,83.1,71.3,70.5708,0,4.1,270
2585,9306000,11.9,83.7,64.7,63.8331,0,4,291
2586,9309600,11.9,84.8,28.7,28.3723,0,3.7,289
2587,9313200,11.7,86.5,4,4,0,3.8,309
2588,9316800,11.6,89,0,0,0,3.5,302
2589,9320400,11.3,92,0,0,0,3.6,298
2590,9324000,10.8,94.2,0,0,0,4,306
2591,9327600,10.1,95.7,0,0,0,3.9,279
2592,9331200,9.9,96.3,0,0,0,3.9,279
2593,9334800,9.8,95.8,0,0,0,2.8,260
2594,9338400,9.5,95.5,0,0,0,2.7,269
2595,9342000,9.5,94.8,0,0,0,2.9,276
2596,9345600,9.4,94.2,0,0,0,2.7,256
2597,9349200,9.4,93.9,0,0,0,1.7,252
2598,9352800,9.2,95,4.7,4.68956,0,2.6,232
2599,9356400,9.2,96.3,28,27.8238,0,4.1,212
2600,9360000,9.1,95.9,88.7,87.5147,0,3.6,231
2601,9363600,9.5,93.9,149.8,147.17,0,3.5,228
2602,9367200,9.8,91.2,173.6,170.588,0,3.3,245
2603,9370800,10.2,87.1,173.9,171.14,0,3.9,236
2604,9374400,9.3,85.3,104.5,103.535,0,3.8,222
2605,9378000,9.5,84.8,121.7,120.362,0,3.5,190
2606,9381600,9.1,85.6,137.6,135.749,0,3.4,233
2607,9385200,8.6,90.3,83.7,82.9082,0,2.8,213
2608,9388800,9.3,91.2,126.5,124.222,0,2.8,211
2609,9392400,9.5,87.1,115.1,111.608,0,3.8,215
2610,9396000,9.8,83.6,69.2,65.7329,0,2.4,222
2611,9399600,10,82.7,15,15,0,2,203
2612,9403200,10,83.7,0,0,0,2.1,179
2613,9406800,9.9,85.2,0,0,0,2,166
2614,9410400,9.7,86.6,0,0,0,1.8,166
2615,9414000,9,88.2,0,0,0,1.6,153
2616,9417600,7.7,91.5,0,0,0,1.3,142
2617,9421200,6.9,95.9,0,0,0,1.3,122
2618,9424800,6.7,97,0,0,0,1.8,122
2619,9428400,6.3,96.9,0,0,0,1.5,118
2620,9432000,6.3,97.1,0,0,0,2,117
2621,9435600,5.8,97.1,0,0,0,1.1,119
2622,9439200,6.4,97.7,30.8,30.3676,0,0.9,154
2623,9442800,7.4,97.9,146.5,130.881,0,1.4,155
2624,9446400,9.3,97.3,318.6,191.013,0,1.6,136
2625,9450000,12.6,85.2,491.6,178.553,0,1.6,174
2626,9453600,15,68.3,634.6,154.278,0,2.2,144
2627,9457200,16,58.4,731.5,142.172,0,2.2,194
2628,9460800,17.2,54.4,781.7,135.608,0,2,175
2629,9464400,18,49.8,789.9,130.403,0,1.7,254
2630,9468000,18.9,44.3,742.8,122.562,0,1.5,154
2631,9471600,19.5,40.7,649.1,107.101,0,2.1,163
2632,9475200,20.2,40.5,501.6,82.8853,0,1.6,50
2633,9478800,20.4,41.4,270.5,113.958,0,1,11
2634,9482400,20.5,41.8,135.5,68.0873,0,1.3,174
2635,9486000,19.2,47.6,28.1,28.1,0,0.9,78
2636,9489600,16.8,59.7,0,0,0,0.8,122
2637,9493200,15.5,70.8,0,0,0,0.7,101
2638,9496800,15.1,75,0,0,0,0.8,275
2639,9500400,14.7,78.1,0,0,0,0.9,69
2640,9504000,14.9,80.9,0,0,0,0.8,139
2641,9507600,14.7,82.1,0,0,0,1.3,209
2642,9511200,15.5,84,0,0,0,2.9,237
2643,9514800,15,88,0,0,0,2.2,277
2644,9518400,14.8,92.3,0,0,0,1,170
2645,9522000,13.9,94.3,0,0,0,1.2,184
2646,9525600,14.3,95.2,5.2,5.18809,0,1.8,176
2647,9529200,15.1,94.4,29.8,29.6067,0,1.8,224
2648,9532800,15.2,92.9,119.4,117.295,0,1.6,187
2649,9536400,15.6,88.1,257.1,237.789,0,1.9,179
2650,9540000,16.2,82.6,464.4,296.572,0,2.3,239
2651,9543600,17.2,77.3,464.2,337.526,0,2.2,197
2652,9547200,17.3,73.1,370,330.576,0,2.9,200
2653,9550800,17.6,70.8,306.7,289.97,0,3.1,220
2654,9554400,18.3,63.2,316,289.182,0,2.5,193
2655,9558000,18.4,56.2,278.1,252.98,0,2.8,266
2656,9561600,18.7,51.6,213.9,197.155,0,2.5,175
2657,9565200,18.3,50.1,130,124.291,0,2.7,185
2658,9568800,18.2,52.9,86.1,77.3903,0,2.3,162
2659,9572400,17.6,59.9,11.1,11.1,0,2.8,188
2660,9576000,15.8,72.7,0,0,0,2.1,161
2661,9579600,14.5,82.8,0,0,0,1.8,196
2662,9583200,13.7,88.4,0,0,0,1.7,176
2663,9586800,12.4,93.3,0,0,0,1.6,175
2664,9590400,11.3,96.6,0,0,0,1.2,171
2665,9594000,10.7,97,0,0,0,1.5,227
2666,9597600,11.1,95.6,0,0,0,1.6,247
2667,9601200,10.9,95.5,0,0,0,1.5,209
2668,9604800,11.2,94.8,0,0,0,1.4,275
2669,9608400,11.3,93.4,0,0,0,1.3,273
2670,9612000,12,93.7,25.3,25.0271,0,2.5,296
2671,9615600,13.4,90.3,105,102.249,0,2.1,266
2672,9619200,13.9,85.3,192.1,180.6,0,2.1,311
2673,9622800,14.8,80,409.9,250.739,0,2,4
2674,9626400,15.8,74.1,610.8,184.024,0,3.3,279
2675,9630000,16.9,66.1,664.3,203.702,0,2.2,276
2676,9633600,17.8,58.9,545.7,326.503,0,2.6,220
2677,9637200,18,55.6,288.1,276.084,0,2.5,224
2678,9640800,17.2,58.8,179,175.912,0,2.6,257
2679,9644400,17.6,61.2,199.3,194.317,0,3.3,235
2680,9648000,17.4,60.7,193.3,183.578,0,2.9,287
2681,9651600,18.1,60.5,239.5,144.199,0,3,246
2682,9655200,17.9,57.8,133.9,76.5485,0,2.6,255
2683,9658800,17.1,60,33.4,33.4,0,2.5,280
2684,9662400,15.4,68.9,0,0,0,1.6,272
2685,9666000,14.8,76.6,0,0,0,2,285
2686,9669600,13.5,81.5,0,0,0,1.6,287
2687,9673200,12.4,87,0,0,0,1.1,223
2688,9676800,11.8,90.2,0,0,0,1.7,278
2689,9680400,12.2,90.6,0,0,0,1.6,231
2690,9684000,11.5,90.2,0,0,0,1.4,260
2691,9687600,11.1,92,0,0,0,1.2,246
2692,9691200,10.5,94.1,0,0,0,0.9,339
2693,9694800,10.1,94.9,0,0,0,1.8,320
2694,9698400,10,95.4,44.3,43.4888,0,0.8,28
2695,9702000,12.7,92.7,169.4,142.944,0,0.7,60
2696,9705600,14.6,85.4,321.4,200.093,0,1.9,92
2697,9709200,16.5,76.2,416.3,250.571,0,0.9,63
2698,9712800,17.1,66.8,498.4,284.445,0,1.6,54
2699,9716400,17.8,60.7,527.6,319.922,0,1.2,83
2700,9720000,17.9,57.3,444.9,353.371,0,1.6,130
2701,9723600,18.4,56,391.1,336.636,0,1.6,71
2702,9727200,17.8,57,310,286.568,0,2.2,84
2703,9730800,17,62.7,288.6,259.669,0,3.6,64
2704,9734400,17.2,68,285.5,222.084,0,3.9,29
2705,9738000,17.6,65.7,211.8,156.134,0,3.6,51
2706,9741600,17.3,64.8,117.2,85.8438,0,2.9,67
2707,9745200,17.1,67.1,36.7,36.7,0,3.3,54
2708,9748800,15.1,71.6,0,0,0,3.5,45
2709,9752400,14.4,77.3,0,0,0,3.2,55
2710,9756000,14.3,78.8,0,0,0,3.6,48
2711,9759600,13.8,78.3,0,0,0,3.6,60
2712,9763200,12.9,79.8,0,0,0,2.8,53
2713,9766800,12.4,80.2,0,0,0,2.7,62
2714,9770400,11.4,79.5,0,0,0,2.4,36
2715,9774000,11.4,80.1,0,0,0,2.4,16
2716,9777600,11.1,81.1,0,0,0,2.6,37
2717,9781200,10.7,82.5,0,0,0,2.7,25
2718,9784800,11.6,79.4,12,11.9422,0,3.2,44
2719,9788400,12.2,75.3,81.5,80.117,0,3.9,49
2720,9792000,13,72.8,225,201.313,0,4.1,48
2721,9795600,14.1,68,380,267.74,0,4.7,32
2722,9799200,15.5,61.8,507.2,282.029,0,4.9,33
2723,9802800,16.5,53.9,637.2,237.503,0,5.2,28
2724,9806400,17.5,48,703.8,200.352,0,5.7,53
2725,9810000,18,47,701.5,183.839,0,5.2,26
2726,9813600,17.7,47,519.9,284.454,0,4.6,33
2727,9817200,18.2,46.2,530.9,178.683,0,5.1,29
2728,9820800,17.4,47.8,441.7,127.373,0,4.7,22
2729,9824400,17,51.6,317,86.4514,0,5,34
2730,9828000,16.4,55.5,156.9,66.2652,0,4.9,22
2731,9831600,15.7,58.5,23.3,23.3,0,4.4,10
2732,9835200,15,61.3,0,0,0,3.5,18
2733,9838800,14.2,64.8,0,0,0,4.1,18
2734,9842400,13.3,69.3,0,0,0,4.2,27
2735,9846000,12,75.4,0,0,0,4.2,19
2736,9849600,10.7,81.5,0,0,0,3.7,18
2737,9853200,10.3,85.4,0,0,0,4.1,10
2738,9856800,10.2,86.6,0,0,0,4.3,12
2739,9860400,10.2,86.5,0,0,0,4,16
2740,9864000,10.2,86.4,0,0,0,4,31
2741,9867600,10.1,86.6,0,0,0,4.4,26
2742,9871200,9.9,86.3,6.1,6.08549,0,4.2,30
2743,9874800,9.9,84.9,46.4,45.9579,0,4.6,23
2744,9878400,9.4,83.3,113.3,111.474,0,4.3,40
2745,9882000,10,81.4,264.2,244.348,0,3.8,41
2746,9885600,10.8,76.8,514.7,280.229,0,3,23
2747,9889200,13.1,69.1,657.9,221.468,0,3.6,359
2748,9892800,14.7,61.2,730.1,180.321,0,4,9
2749,9896400,16.2,48.2,776.7,136.847,0,3.6,50
2750,9900000,16.4,35.9,733.8,123.354,0,4.3,88
2751,9903600,17,32.3,636,107.494,0,4,20
2752,9907200,17.1,32.4,513.8,85.8391,0,3.8,42
2753,9910800,17.2,33.6,373.5,61.6275,0,3.9,56
2754,9914400,16.6,35.4,215.8,35.607,0,3.8,33
2755,9918000,15.4,39.6,66.1,66.1,0,4.1,32
2756,9921600,14.3,46.2,0,0,0,4.5,31
2757,9925200,13.2,51.4,0,0,0,4.4,30
2758,9928800,12,56.5,0,0,0,3.8,38
2759,9932400,11,61.3,0,0,0,3.4,47
2760,9936000,10.4,65.1,0,0,0,3.5,33
2761,9939600,9.5,68.6,0,0,0,3.1,57
2762,9943200,8.9,71.9,0,0,0,2.9,81
2763,9946800,8.4,74.7,0,0,0,2.8,73
2764,9950400,8.2,76.8,0,0,0,3.6,81
2765,9954000,8.1,76.4,1,1,0,3.4,95
2766,9957600,8.2,75.2,64,61.8361,0,3.7,92
2767,9961200,9.4,69.8,221.7,146.55,0,3.8,94
2768,9964800,10.9,60.7,384.4,166.916,0,4.1,87
2769,9968400,12.2,52.9,536.3,162.739,0,3.8,89
2770,9972000,13,47.1,674.3,144.781,0,4,81
2771,9975600,14.1,42.5,775,136.014,0,4.2,61
2772,9979200,14.2,39.4,824.5,136.471,0,5.1,72
2773,9982800,14.7,39.2,831.6,137.214,0,5.2,62
2774,9986400,15.3,38.4,786.3,129.74,0,4.9,62
2775,9990000,15.3,36.5,688.6,113.619,0,4.9,60
2776,9993600,15.6,36,558.6,92.169,0,5.3,39
2777,9997200,15.4,35,401,66.165,0,4.7,67
2778,10000800,15.2,34.7,232.7,38.3955,0,4.3,64
2779,10004400,14.2,37.4,73.7,73.7,0,3.4,69
2780,10008000,12.7,42.2,0,0,0,2.8,64
2781,10011600,11.6,48.3,0,0,0,3.1,63
2782,10015200,12.1,51.5,0,0,0,3.9,58
2783,10018800,11.3,51.6,0,0,0,3.7,64
2784,10022400,10.3,52.9,0,0,0,3.7,76
2785,10026000,8.6,56.7,0,0,0,3.3,78
2786,10029600,7.3,62.5,0,0,0,2.7,79
2787,10033200,7.1,66.4,0,0,0,2.8,91
2788,10036800,7.3,66.7,0,0,0,3.4,97
2789,10040400,6.8,67.4,2,2,0,3.3,96
2790,10044000,7.2,66.9,69,66.1894,0,3.5,94
2791,10047600,8.5,62.3,227.7,147.232,0,3.1,107
2792,10051200,10.5,55.9,392,164.406,0,3.2,114
2793,10054800,12.9,48.4,544.6,159.048,0,3.6,91
2794,10058400,14.2,42.5,682,142.458,0,4.1,93
2795,10062000,15.2,38.9,781.9,135.536,0,4.3,120
2796,10065600,15.8,37,831.9,137.341,0,4,100
2797,10069200,16.6,35.7,840.5,138.683,0,4,92
2798,10072800,17,32.7,791.3,130.565,0,4,91
2799,10076400,17.7,29.7,693.9,114.494,0,3.7,94
2800,10080000,18.3,28.6,564.6,93.159,0,3.7,107
2801,10083600,18.3,27.8,408,67.32,0,3.5,97
2802,10087200,18,28.3,238.3,39.3195,0,3.2,115
2803,10090800,16.7,32.3,77.7,77.7,0,3,110
2804,10094400,14.1,39.9,0,0,0,2.5,85
2805,10098000,12.8,47.3,0,0,0,3.1,96
2806,10101600,11.8,53.8,0,0,0,2.8,106
2807,10105200,11.7,58,0,0,0,2.3,118
2808,10108800,10.5,59.6,0,0,0,2.3,108
2809,10112400,9.2,63.7,0,0,0,1.8,99
2810,10116000,8.4,68.6,0,0,0,1.4,76
2811,10119600,8.1,72.2,0,0,0,1.5,84
2812,10123200,7.7,74.2,0,0,0,1.6,74
2813,10126800,7.4,76,2,2,0,1.3,77
2814,10130400,8.6,76.4,70.5,67.6651,0,1.7,97
2815,10134000,11.1,69.6,228.9,149.786,0,1.5,99
2816,10137600,13.5,58.9,393.4,167.398,0,1.6,103
2817,10141200,16,49.3,545.7,162.046,0,1.8,64
2818,10144800,17.7,40.7,682.1,145.336,0,2.7,86
2819,10148400,18.4,34.7,779.8,137.716,0,2.5,26
2820,10152000,18.7,31.8,829.4,137.48,0,2.4,334
2821,10155600,19.6,29,836.6,138.039,0,1.7,57
2822,10159200,20.2,26.5,788.2,130.053,0,1.8,96
2823,10162800,21.1,25.6,693.3,114.394,0,1.6,149
2824,10166400,21.5,23.4,563.7,93.0105,0,1.7,187
2825,10170000,22.1,22.4,406.1,67.0065,0,1.6,202
2826,10173600,22,25.7,237.5,39.1875,0,1.6,329
2827,10177200,20.3,29,79.1,13.0515,0,2.6,314
2828,10180800,17.9,35.1,0,0,0,2.4,206
2829,10184400,15.9,44.2,0,0,0,1,251
2830,10188000,14.7,50,0,0,0,1.4,260
2831,10191600,13.5,56.2,0,0,0,1.6,282
2832,10195200,12.2,63.4,0,0,0,1.4,218
2833,10198800,11.2,70.2,0,0,0,0.9,45
2834,10202400,10.8,74.4,0,0,0,1.4,211
2835,10206000,10.3,76.6,0,0,0,1.2,269
2836,10209600,10.6,76.9,0,0,0,1.6,287
2837,10213200,11,74.5,2,2,0,1.8,266
2838,10216800,12,71.4,67.7,65.5563,0,2.2,307
2839,10220400,14.7,66.1,217.7,155.85,0,1.7,327
2840,10224000,17.4,56.9,376.3,185.952,0,2.5,298
2841,10227600,18.4,51.6,481.2,225.812,0,3.4,314
2842,10231200,18.3,51.5,536,277.714,0,3.7,301
2843,10234800,19.8,49.1,718.5,179.365,0,4.1,309
2844,10238400,20.2,45.2,791.8,148.292,0,3.6,287
2845,10242000,20.6,44,773.4,145.421,0,3.8,305
2846,10245600,21.7,43.1,755.9,125.115,0,3.4,282
2847,10249200,22.1,42.4,661.5,109.271,0,4.5,307
2848,10252800,22.3,42.7,524.5,88.3844,0,4.2,330
2849,10256400,22.2,44.2,350.1,76.5938,0,4.4,317
2850,10260000,21.9,46.7,198.3,48.5479,0,4.1,314
2851,10263600,21.1,50.3,68.1,11.3797,0,3.3,301
2852,10267200,19.4,55.9,0,0,0,3.2,0
2853,10270800,18,61.6,0,0,0,2.4,8
2854,10274400,16.6,66.7,0,0,0,2.2,0
2855,10278000,15.7,70.7,0,0,0,1.8,16
2856,10281600,14.2,75.4,0,0,0,1,13
2857,10285200,13,81.6,0,0,0,1.2,39
2858,10288800,12.6,84.9,0,0,0,0.7,332
2859,10292400,11.5,87.3,0,0,0,0.8,245
2860,10296000,11,90.8,0,0,0,1.2,243
2861,10299600,10.8,93,3,3,0,1.2,237
2862,10303200,11.7,92.6,53,52.0326,0,1.1,321
2863,10306800,14.5,88.6,174.4,152.889,0,1.6,309
2864,10310400,16.5,78.2,366,197.256,0,2,314
2865,10314000,17.9,67.6,516.5,197.832,0,2.3,279
2866,10317600,19.1,63.1,608,218.086,0,3.6,303
2867,10321200,19.8,59.1,648.7,248.013,0,4,311
2868,10324800,20.5,53.1,728.5,197.607,0,3.5,290
2869,10328400,21.1,48.6,776,146.063,0,3.9,303
2870,10332000,21.7,44.6,748.9,125.976,0,3.1,294
2871,10335600,22.4,42,651.3,110.257,0,3.8,312
2872,10339200,23.1,41.5,539.8,89.0675,0,3.8,288
2873,10342800,22.8,40.7,389.2,64.2308,0,3.7,340
2874,10346400,22.5,40.6,223.1,37.6381,0,3,344
2875,10350000,21.2,44.3,80,13.2,0,3.1,311
2876,10353600,19.1,52.3,1,1,0,2.7,326
2877,10357200,17.4,61.5,0,0,0,1.9,13
2878,10360800,16.1,68.6,0,0,0,2.9,14
2879,10364400,16.5,69.7,0,0,0,2.4,19
2880,10368000,15.2,71.8,0,0,0,1.6,22
2881,10371600,14.3,78,0,0,0,1,355
2882,10375200,12.9,80.9,0,0,0,1.2,78
2883,10378800,12.2,86,0,0,0,0.8,26
2884,10382400,11.5,89.4,0,0,0,0.6,133
2885,10386000,10.9,91.7,3,3,0,0.8,71
2886,10389600,12.4,90.1,79.3,75.4237,0,0.9,208
2887,10393200,15.9,84.6,235.7,155.736,0,1.2,166
2888,10396800,18.5,72,397,176.274,0,2.1,138
2889,10400400,20.4,58.1,546.3,173.121,0,1.9,198
2890,10404000,21.4,51.2,678.3,157.185,0,1.9,126
2891,10407600,22.1,46.1,773.7,145.817,0,2.1,116
2892,10411200,22.5,42.1,817.1,141.776,0,1.7,204
2893,10414800,23.7,38.9,810.8,136.331,0,1.8,162
2894,10418400,23.9,34.8,741.7,128.409,0,1.9,223
2895,10422000,24.4,32.7,665,110.116,0,2.2,305
2896,10425600,24.8,31.3,556.5,91.8225,0,1.6,300
2897,10429200,25,30.1,407.2,67.188,0,2.1,62
2898,10432800,25,31.5,244,40.26,0,1.4,85
2899,10436400,23.5,36.4,85.7,14.1405,0,1.7,100
2900,10440000,21.1,43.7,1,1,0,1.4,104
2901,10443600,19.2,50.7,0,0,0,2.5,116
2902,10447200,18.1,56.1,0,0,0,2.4,117
2903,10450800,17,60.7,0,0,0,2.3,124
2904,10454400,16.7,63.7,0,0,0,1.7,150
2905,10458000,15.9,65.8,0,0,0,2,142
2906,10461600,14.7,68.9,0,0,0,2.7,116
2907,10465200,14.7,71.4,0,0,0,2.3,129
2908,10468800,15.2,71.3,0,0,0,2.7,144
2909,10472400,15.3,69.4,1.9,1.9,0,1.8,150
2910,10476000,15.1,70.7,60.3,59.0954,0,1.3,181
2911,10479600,16.7,69.9,169.7,152.48,0,2.1,184
2912,10483200,19.5,63.3,335.6,219.957,0,2.2,212
2913,10486800,22.5,55.1,440.3,263.983,0,2.9,228
2914,10490400,24.8,47.2,539.1,284.359,0,3.5,233
2915,10494000,25.3,43,659.1,244.636,0,4.3,267
2916,10497600,27.1,38,795.9,152.095,0,5.2,242
2917,10501200,27.8,33.5,610.2,293.458,0,6.7,247
2918,10504800,28.2,31.1,400.2,329.62,0,5.9,241
2919,10508400,27.5,29.7,456.5,265.303,0,5.8,258
2920,10512000,27.9,28.4,516,95.564,0,6.3,292
2921,10515600,27.1,27.4,315.6,118.535,0,5.4,251
2922,10519200,21.5,37.7,78.3,75.8958,0,9.1,303
2923,10522800,16.7,66.7,19.7,19.3285,0,4.7,356
2924,10526400,16.6,88.4,0,0,0,1.8,354
2925,10530000,17.1,91.3,0,0,0,1.3,220
2926,10533600,17,92.6,0,0,0,2.4,247
2927,10537200,16.1,93.5,0,0,0,2.2,281
2928,10540800,15.5,93.7,0,0,0,2.9,256
2929,10544400,15.2,94,0,0,0,2.5,253
2930,10548000,15.5,94.6,0,0,0,2.4,293
2931,10551600,14.7,94.1,0,0,0,2.9,313
2932,10555200,14,93,0,0,0,2.5,328
2933,10558800,13.6,90.3,1.1,1.09875,0,2.2,343
2934,10562400,13,86.8,42.5,41.9158,0,2.6,315
2935,10566000,13.1,82.1,200.9,163.728,0,3,318
2936,10569600,13.5,76.1,392.3,187.637,0,3.1,315
2937,10573200,14.4,71.1,562.1,165.423,0,3.5,305
2938,10576800,15.4,62.9,701.2,145.869,0,4,288
2939,10580400,15.9,55.7,664.9,242.239,0,3.8,298
2940,10584000,16.5,54.2,502.8,364.919,0,2.4,280
2941,10587600,16.4,53,409.6,350.721,0,2.6,272
2942,10591200,15.6,51.6,273.5,262.925,0,2.1,275
2943,10594800,15.2,55.5,135.4,133.47,0,2.5,212
2944,10598400,14.3,65.9,108.9,107.362,0,1.6,220
2945,10602000,14.7,72.8,106.8,104.77,0,1.1,195
2946,10605600,14.6,74.1,104.2,94.9144,0,0.9,70
2947,10609200,15.1,74.7,29.4,27.971,0,1.4,192
2948,10612800,15,77,0.7,0.7,0,1.1,164
2949,10616400,15.1,81.5,0,0,0,1.9,289
2950,10620000,14.1,85.6,0,0,0,2.7,281
2951,10623600,13.7,86.7,0,0,0,3.7,290
2952,10627200,13.2,85,0,0,0,4.5,284
2953,10630800,13,79.1,0,0,0,6,291
2954,10634400,12,70.6,0,0,0,6.4,289
2955,10638000,11.3,67.7,0,0,0,5.5,308
2956,10641600,10.2,72.1,0,0,0,5.4,287
2957,10645200,10,76.6,1.1,1.09875,0,5.7,268
2958,10648800,10.2,75.9,23.6,23.4233,0,6.4,283
2959,10652400,10.2,73.8,71.3,70.3615,0,6,277
2960,10656000,10.7,72.6,182.5,176.397,0,5.9,281
2961,10659600,11,72.8,268.4,250.932,0,5.6,275
2962,10663200,11.1,70.5,263.8,254.625,0,6.1,281
2963,10666800,10.9,68.6,214,210.078,0,5.8,265
2964,10670400,11.6,71.2,408.2,355.668,0,5.9,285
2965,10674000,11.7,67.4,448.9,359.695,0,6.1,254
2966,10677600,12.5,57.5,300.2,283.62,0,5.8,269
2967,10681200,12.9,52.1,286.7,264.095,0,5.2,264
2968,10684800,14.1,49.3,375.8,216.671,0,5.3,236
2969,10688400,13.6,49.2,237.6,172.871,0,5.2,258
2970,10692000,12.9,53,115.5,100.953,0,4.5,319
2971,10695600,11.6,61.6,54.7,33.1715,0,3.2,343
2972,10699200,11.5,68.6,1.1,1.1,0,2.3,335
2973,10702800,10.3,70.3,0,0,0,3.4,352
2974,10706400,8.9,79.7,0,0,0,2.4,29
2975,10710000,8.7,85.7,0,0,0,2.7,40
2976,10713600,8.6,81.7,0,0,0,3,57
2977,10717200,7.3,82.3,0,0,0,3.5,45
2978,10720800,6.2,85.6,0,0,0,2.9,72
2979,10724400,5.7,86.9,0,0,0,3.2,76
2980,10728000,5.4,86.7,0,0,0,3.6,65
2981,10731600,5.2,84.9,2,1.99587,0,3.1,77
2982,10735200,6.4,81.6,16.8,16.7121,0,3.2,76
2983,10738800,6.9,77.6,58.1,57.483,0,3.5,71
2984,10742400,7.7,74.3,164.5,160.611,0,4,63
2985,10746000,8.7,68.7,450.1,266.217,0,4.5,53
2986,10749600,10.8,56.7,712.2,143.505,0,5.1,78
2987,10753200,12.3,47.1,807.6,139.171,0,4,70
2988,10756800,13.1,43,854.7,141.148,0,4.8,75
2989,10760400,13.3,41,835.3,137.983,0,4.6,36
2990,10764000,13.4,39.6,699.3,159.959,0,4.1,21
2991,10767600,12.9,39.4,472,262.767,0,4,353
2992,10771200,13.3,39.3,405.8,198.025,0,4.6,12
2993,10774800,12.7,39.6,327.5,117.975,0,2.9,30
2994,10778400,13.3,40.2,243.3,40.5596,0,3.3,4
2995,10782000,12.5,39.4,99.5,16.4175,0,2.7,48
2996,10785600,11.2,41,3.7,3.7,0,3,36
2997,10789200,9.7,46.7,0,0,0,2.5,23
2998,10792800,9.3,53.5,0,0,0,2.4,39
2999,10796400,8.7,57,0,0,0,2.3,25
3000,10800000,7.8,60.9,0,0,0,0.8,335
3001,10803600,6.9,66,0,0,0,1.5,354
3002,10807200,6.3,69.3,0,0,0,1.4,50
3003,10810800,5.7,73,0,0,0,0.9,3
3004,10814400,5.2,77.8,0,0,0,0.8,330
3005,10818000,4.8,80.5,14,13.8078,0,1.2,98
3006,10821600,6.4,78.9,110.6,96.6113,0,1,276
3007,10825200,9.8,68.8,265,155.862,0,2,306
3008,10828800,11.8,55.5,428.5,166.12,0,2.9,285
3009,10832400,13,46.5,580,158.901,0,3.8,310
3010,10836000,13.6,39.5,708.5,148.221,0,2.9,317
3011,10839600,14,35.3,802.6,141.869,0,2.9,332
3012,10843200,14.7,34.2,852.3,141.265,0,3.8,294
3013,10846800,15.6,33.9,860.6,141.999,0,4.1,304
3014,10850400,16.2,34,811.5,133.898,0,4.4,313
3015,10854000,17.2,34.3,685.8,113.157,0,4.7,334
3016,10857600,14.9,42.8,413.7,194.449,0,5.6,345
3017,10861200,15.2,51.7,346.5,103.299,0,5.6,298
3018,10864800,14.9,50.4,258.9,42.7185,0,3.2,279
3019,10868400,14.8,51.7,102,16.83,0,2.7,241
3020,10872000,14.4,54.9,3.4,3.4,0,2.5,341
3021,10875600,14.4,58.5,0,0,0,2.5,345
3022,10879200,14,62.5,0,0,0,1.3,359
3023,10882800,12.2,68.8,0,0,0,1.2,46
3024,10886400,10.6,76.3,0,0,0,1.8,33
3025,10890000,10,80.6,0,0,0,2.4,72
3026,10893600,9.9,82.9,0,0,0,2.7,78
3027,10897200,9.7,84.2,0,0,0,3.3,75
3028,10900800,9.7,83.8,0,0,0,3.2,71
3029,10904400,9.1,83.2,6.7,6.65844,0,2.8,77
3030,10908000,9.3,81.3,91.3,86.3096,0,2.8,68
3031,10911600,10.5,73.6,205.1,169.603,0,4.3,77
3032,10915200,11.6,61.7,349.3,226.29,0,4.6,84
3033,10918800,12.7,50.8,494.4,240.792,0,4,81
3034,10922400,13.8,43.8,620.8,228.672,0,4.5,53
3035,10926000,14.9,35.9,723,198.784,0,5.7,63
3036,10929600,15.3,30.5,783.3,170.625,0,5.9,69
3037,10933200,15.2,29.9,794.3,149.346,0,4.9,75
3038,10936800,15.2,28.6,744.3,135.901,0,5.4,78
3039,10940400,15.3,28.1,648.5,121.191,0,5.9,49
3040,10944000,15.6,28,519.6,104.263,0,4.8,83
3041,10947600,14.7,28.5,359.5,94.6934,0,4.7,89
3042,10951200,14.6,29.9,172.4,99.9887,0,4.8,59
3043,10954800,13.8,31.3,67.6,34.5981,0,4.1,58
3044,10958400,12.8,34.9,3.5,3.5,0,3.3,71
3045,10962000,11.2,40.2,0,0,0,2.4,77
3046,10965600,10.4,46.4,0,0,0,2.4,105
3047,10969200,9.7,51.2,0,0,0,2.3,60
3048,10972800,8.8,54.6,0,0,0,2.3,67
3049,10976400,7.6,58.7,0,0,0,2.1,66
3050,10980000,6.3,65,0,0,0,1.7,87
3051,10983600,5.4,71.8,0,0,0,2.2,70
3052,10987200,5.9,73.7,0,0,0,2.2,85
3053,10990800,5,74.6,3.8,3.78732,0,1.1,68
3054,10994400,7,74.7,96.3,90.1766,0,1.8,87
3055,10998000,9.7,64.5,238.4,171.121,0,1.8,68
3056,11001600,11.4,51.8,286.4,235.436,0,1.5,121
3057,11005200,13.2,43.2,539.3,203.897,0,1.5,123
3058,11008800,14.5,36.9,691.7,165.879,0,2.3,56
3059,11012400,14.1,34.8,602.2,310.626,0,2.9,55
3060,11016000,14.5,35.2,514.8,369.779,0,2.1,99
3061,11019600,15.6,35.1,524.6,356.216,0,3.8,70
3062,11023200,16.3,35.5,296.5,281.762,0,4.7,59
3063,11026800,15.4,36.2,262.2,248.765,0,4.2,20
3064,11030400,15.7,36.3,281.3,238.667,0,1.6,32
3065,11034000,15.3,36.9,192.7,170.78,0,2.9,61
3066,11037600,15,38.7,153.4,110.046,0,3.3,53
3067,11041200,13.9,41.9,95.6,16.2215,0,2.6,66
3068,11044800,13.8,46.1,2.1,2.1,0,1.5,113
3069,11048400,13.3,50.5,0,0,0,1.5,140
3070,11052000,11.1,56.7,0,0,0,1.6,122
3071,11055600,9.7,64,0,0,0,0.7,88
3072,11059200,9.5,69.5,0,0,0,0.8,68
3073,11062800,9.3,72,0,0,0,0.8,66
3074,11066400,8.2,74.9,0,0,0,0.5,45
3075,11070000,7.7,79.1,0,0,0,1.6,73
3076,11073600,6.1,84.2,0,0,0,0.5,66
3077,11077200,5.8,87.9,16.6,16.3697,0,0.6,67
3078,11080800,6.9,87.9,117.9,102.099,0,0.9,80
3079,11084400,10.8,78,272,160.215,0,0.9,90
3080,11088000,13.6,61,433.1,172.005,0,1.4,324
3081,11091600,15.3,47.9,570.3,177.272,0,1.8,352
3082,11095200,16,39.9,663.9,193.238,0,1.7,310
3083,11098800,16.9,34.6,782.8,156.339,0,2.3,123
3084,11102400,17.4,32.1,773.5,182.621,0,2.6,89
3085,11106000,17.2,31.9,690.1,239.602,0,1.6,176
3086,11109600,18.4,30.9,615.9,247.279,0,3.1,261
3087,11113200,19.1,29.3,443,286.814,0,3.8,257
3088,11116800,18.7,30,385.8,222.638,0,3.7,293
3089,11120400,19,31.3,336.7,122.882,0,2.8,328
3090,11124000,19.4,31.1,199.7,85.443,0,1.9,77
3091,11127600,18.6,32.7,85,26.6308,0,2.3,296
3092,11131200,16.5,39.1,6,6,0,2.2,276
3093,11134800,15.1,47,0,0,0,2.4,260
3094,11138400,14.3,51.5,0,0,0,2.6,254
3095,11142000,13.9,54,0,0,0,2.5,246
3096,11145600,13.8,55,0,0,0,2.5,249
3097,11149200,13.9,55.3,0,0,0,2.6,314
3098,11152800,13.6,55.4,0,0,0,2.3,291
3099,11156400,13.2,56.5,0,0,0,1.7,269
3100,11160000,12.5,60.1,0,0,0,2.5,322
3101,11163600,10.6,66.8,15.3,15.1131,0,2.4,325
3102,11167200,11.9,71.9,116.5,102.424,0,1.9,320
3103,11170800,13,73.5,272,162.833,0,2,323
3104,11174400,14.2,73.3,416,190.472,0,2.4,326
3105,11178000,14.9,68.6,476.1,262.152,0,3.5,321
3106,11181600,15.2,63.7,448.4,337.509,0,3.4,312
3107,11185200,15.9,61.2,449.8,363.914,0,3.2,344
3108,11188800,15.5,60,363.6,336.055,0,3.3,356
3109,11192400,15.5,60.8,379.6,342.218,0,3.9,343
3110,11196000,16.4,60.4,595.8,267.887,0,3.4,337
3111,11199600,17.2,54.8,673.5,116.111,0,3.6,308
3112,11203200,18.8,50.4,435,187.533,0,4.1,327
3113,11206800,18,50.5,303.1,155.415,0,3.9,356
3114,11210400,17.5,52.1,204.8,84.2947,0,3.6,12
3115,11214000,16.7,55.6,98.9,18.9134,0,3.5,28
3116,11217600,15.1,60.3,6,6,0,3.3,34
3117,11221200,13.9,64.3,0,0,0,4.2,63
3118,11224800,12.8,67.9,0,0,0,4.7,46
3119,11228400,11.1,72,0,0,0,3.7,52
3120,11232000,9.6,77,0,0,0,2.6,31
3121,11235600,9.1,79.8,0,0,0,2.2,56
3122,11239200,8,81.9,0,0,0,2,73
3123,11242800,7.5,84,0,0,0,2.3,78
3124,11246400,7.1,84.5,0,0,0,2.5,69
3125,11250000,7.4,85,2,1.99694,0,2.7,80
3126,11253600,8.5,83.9,25.7,25.5131,0,2.1,79
3127,11257200,9.6,80.2,167.2,155.803,0,2.7,90
3128,11260800,11.2,74.9,373.5,223.544,0,2.8,81
3129,11264400,12.9,69.2,548.6,203.916,0,2.1,99
3130,11268000,14.6,64.1,584.9,272.02,0,2.7,111
3131,11271600,15.5,56.5,710.2,221.07,0,3.4,78
3132,11275200,16.6,48.3,831.6,149.686,0,2.7,93
3133,11278800,17.1,43,853.5,140.835,0,3.3,90
3134,11282400,17.8,39.3,810.5,133.733,0,3.1,54
3135,11286000,18.4,36.8,701.3,115.715,0,2.6,130
3136,11289600,18.1,34.9,567.9,94.0754,0,3.4,97
3137,11293200,18.2,34.8,422.7,69.9704,0,3.5,60
3138,11296800,17.9,36.3,271.3,44.7645,0,3.5,44
3139,11300400,16.8,37.9,117.5,19.3875,0,4.1,80
3140,11304000,14.8,41.2,8.3,8.3,0,3.2,79
3141,11307600,13.4,46.1,0,0,0,2.4,76
3142,11311200,13.4,50.8,0,0,0,4.8,46
3143,11314800,12.2,55.9,0,0,0,4.5,57
3144,11318400,11.2,59.7,0,0,0,3.3,71
3145,11322000,10.2,62,0,0,0,2.6,55
3146,11325600,9.5,64.1,0,0,0,2.5,60
3147,11329200,8.6,66.2,0,0,0,2,38
3148,11332800,7.6,69.5,0,0,0,2,53
3149,11336400,7.3,72.3,18.7,18.4429,0,2.1,31
3150,11340000,8.7,70.4,126,107.542,0,2.3,70
3151,11343600,9.8,65.8,281.6,162.318,0,2.9,68
3152,11347200,11.5,60.2,445.7,169.492,0,2.2,85
3153,11350800,13.5,53.4,596.6,161.203,0,2.1,59
3154,11354400,15.2,46.9,724.5,150.181,0,2,106
3155,11358000,16.6,40.7,806.9,148.299,0,1.8,125
3156,11361600,17,35.6,810.2,162.045,0,2.7,138
3157,11365200,16.7,33.1,788.5,161.208,0,2.6,1
3158,11368800,17.8,32,737.2,147.961,0,3.3,63
3159,11372400,18.3,31.2,656.3,125.823,0,3.1,64
3160,11376000,18.6,30.3,555.3,96.5079,0,3.7,21
3161,11379600,19.1,29.4,419.3,70.7783,0,4,93
3162,11383200,18.9,30.4,272,44.88,0,3.7,68
3163,11386800,17.8,32.8,121,19.965,0,3.8,74
3164,11390400,16.3,36.6,9.7,9.7,0,3.2,87
3165,11394000,15,42.2,0,0,0,3.1,92
3166,11397600,13.6,48.2,0,0,0,3.1,105
3167,11401200,12.5,53.6,0,0,0,2.5,70
3168,11404800,11.8,57.8,0,0,0,2.2,71
3169,11408400,10.9,61.3,0,0,0,1.9,90
3170,11412000,10.1,65.6,0,0,0,1.3,44
3171,11415600,9.6,70.2,0,0,0,0.8,353
3172,11419200,8.8,74.5,0,0,0,1.3,63
3173,11422800,8.7,77.7,18.8,18.5496,0,1.3,70
3174,11426400,10.6,77,126.5,108.6,0,1.4,69
3175,11430000,13.6,64.6,281.3,164.951,0,1.7,72
3176,11433600,15.9,49.2,441.8,176.069,0,1.5,61
3177,11437200,17,39.1,592,168.013,0,1.8,60
3178,11440800,17.6,34.2,716.8,157.567,0,2.9,84
3179,11444400,17.8,32.7,810.1,148.195,0,3.4,8
3180,11448000,18.3,31.1,863.2,144.064,0,2.7,46
3181,11451600,18.9,29.3,871.2,143.748,0,1.7,238
3182,11455200,20.2,27.5,822,135.63,0,3.1,342
3183,11458800,20.7,26.6,727.3,120.005,0,2.5,134
3184,11462400,21.1,26.7,599.2,98.868,0,2.5,89
3185,11466000,21.7,27.1,447.1,73.7715,0,2.3,333
3186,11469600,21.8,27.7,284.6,46.959,0,1.4,27
3187,11473200,21.2,30.1,124.7,20.5755,0,2.2,19
3188,11476800,19.6,34.6,11.8,11.8,0,2.9,297
3189,11480400,16.7,42.7,0,0,0,1.6,30
3190,11484000,16.1,51.8,0,0,0,1,42
3191,11487600,15.1,55.3,0,0,0,1.4,294
3192,11491200,13.9,58.4,0,0,0,1.8,264
3193,11494800,13.7,61.9,0,0,0,1.7,265
3194,11498400,13.5,63.3,0,0,0,2,277
3195,11502000,12.7,65.1,0,0,0,1.4,268
3196,11505600,12.8,68,0,0,0,1.8,243
3197,11509200,13.1,68.9,2,1.99726,0,1.7,260
3198,11512800,13.8,67.6,20.3,20.1879,0,1.5,273
3199,11516400,15.2,65.5,208.3,177.275,0,2.5,295
3200,11520000,17.4,59,403.5,211.082,0,3.5,266
3201,11523600,19,51.6,513.8,243.026,0,4.6,267
3202,11527200,19.5,46.9,643,225.994,0,6.8,286
3203,11530800,20.3,41.5,781.6,166.203,0,6,278
3204,11534400,20.7,38,845,148.235,0,7.1,294
3205,11538000,21.8,36.3,858,141.644,0,6,314
3206,11541600,21.4,34.9,794.2,131.554,0,6.6,300
3207,11545200,22.5,33.6,650.5,132.853,0,6,306
3208,11548800,22.2,32.7,516.8,123.073,0,7,307
3209,11552400,21.2,33.9,322.3,151.32,0,6.6,284
3210,11556000,20.8,35.8,176.5,115.211,0,6.3,305
3211,11559600,20,36.1,68.8,51.5876,0,6.2,321
3212,11563200,18.8,38.2,11.1,11.1,0,5.7,326
3213,11566800,17.4,46,0,0,0,5.2,324
3214,11570400,16.4,55.5,0,0,0,5.7,310
3215,11574000,15.5,64,0,0,0,6.3,313
3216,11577600,14.6,68.8,0,0,0,6.3,320
3217,11581200,13.1,65,0,0,0,7,350
3218,11584800,11.6,63.3,0,0,0,6.6,342
3219,11588400,10.7,67.8,0,0,0,5.4,346
3220,11592000,9.8,70.6,0,0,0,3.8,4
3221,11595600,8.7,69.5,22,21.6795,0,2.8,20
3222,11599200,9.6,64.7,143.4,114.054,0,4.2,359
3223,11602800,10.9,61,307.9,151.49,0,3.9,354
3224,11606400,12.6,57,474,150.948,0,4.6,341
3225,11610000,13.3,51.8,553.3,209.956,0,5.6,347
3226,11613600,14.4,44.3,631,239.752,0,7.2,335
3227,11617200,14.4,37.9,607.2,321.262,0,7.6,345
3228,11620800,14,37.9,369.2,340.892,0,7.5,341
3229,11624400,13.8,41.1,196.5,193.311,0,8,329
3230,11628000,13,45.4,331,307.309,0,7.8,16
3231,11631600,14.5,47.6,475.4,281.673,0,7,353
3232,11635200,12.4,53.5,172.4,168.605,0,6.6,37
3233,11638800,12.3,61.1,256.6,187.708,0,4.7,356
3234,11642400,12.7,59.3,181.5,115.235,0,5.7,17
3235,11646000,11.9,60.3,102.2,32.936,0,4.1,24
3236,11649600,12,61.2,11.1,11.1,0,3.3,22
3237,11653200,11.4,61.9,0,0,0,2.4,32
3238,11656800,10.8,66.6,0,0,0,2.3,52
3239,11660400,10.2,75.2,0,0,0,2.4,350
3240,11664000,10,83.8,0,0,0,2.2,248
3241,11667600,9.9,88.1,0,0,0,2.6,237
3242,11671200,10.2,90.6,0,0,0,2.4,250
3243,11674800,10.4,90,0,0,0,3.4,277
3244,11678400,9.9,88.3,0,0,0,3.8,287
3245,11682000,9.9,85.9,5.4,5.38128,0,4.7,295
3246,11685600,9.9,82.7,57.8,56.9122,0,4.5,311
3247,11689200,10.5,79.5,159.5,151.736,0,4.7,314
3248,11692800,12.1,73.5,291.7,243.809,0,5.5,301
3249,11696400,12.5,69.2,210.6,205.766,0,4.8,306
3250,11700000,11.6,72.1,143.2,141.37,0,4.6,306
3251,11703600,12.6,72.5,336,316.682,0,5.6,294
3252,11707200,13.5,66.5,604,344.392,0,6.6,311
3253,11710800,14.8,62.2,452,370.211,0,5.8,301
3254,11714400,15,60.4,166.8,164.34,0,3.5,25
3255,11718000,14.2,56.6,521.8,251.198,0,3,266
3256,11721600,16.1,49.6,608.3,100.37,0,4,4
3257,11725200,16.3,43.9,449.4,74.151,0,5.9,34
3258,11728800,15.2,42,268.9,49.3994,0,5.5,29
3259,11732400,15.3,42.2,64.6,53.9499,0,5.1,32
3260,11736000,14.3,45.4,2.1,2.1,0,4.7,29
3261,11739600,13.4,50.3,0,0,0,2.7,27
3262,11743200,12.8,55.1,0,0,0,1.5,312
3263,11746800,12,61,0,0,0,2.3,253
3264,11750400,12.1,62.3,0,0,0,2.8,275
3265,11754000,11.5,61.3,0,0,0,3.9,295
3266,11757600,11.4,61.1,0,0,0,4.5,294
3267,11761200,11,62,0,0,0,4.8,290
3268,11764800,11.3,64.7,0,0,0,4.8,296
3269,11768400,10.9,68.4,3.2,3.19361,0,5,288
3270,11772000,11,73.5,67.7,66.4953,0,4.8,290
3271,11775600,12.2,74.9,206.5,178.869,0,5,300
3272,11779200,13.4,71.6,420.7,204.717,0,5.3,289
3273,11782800,15.4,65.5,574.8,194.11,0,5.4,290
3274,11786400,15.8,60,378.8,331.545,0,6.1,283
3275,11790000,15.7,56.3,244.3,239.321,0,6.6,296
3276,11793600,16.8,53.6,441.8,374.41,0,6.7,326
3277,11797200,15.7,52.1,356.1,330.848,0,6.8,325
3278,11800800,11.5,63.2,342.9,315.157,0,6.5,41
3279,11804400,10.6,76.3,175,171.941,0,4.9,32
3280,11808000,11,71.3,153.7,150.842,0,5.8,9
3281,11811600,10.8,68.2,87.5,86.2702,0,3.2,4
3282,11815200,11.2,69.9,102.2,98.1346,0,3.1,3
3283,11818800,11.4,70.7,84.6,53.1103,0,2.3,341
3284,11822400,10.9,72.6,11.9,11.9,0,2.6,310
3285,11826000,9.5,78.3,0,0,0,2.7,307
3286,11829600,9.7,84.3,0,0,0,2.9,314
3287,11833200,9.6,85.5,0,0,0,2.8,319
3288,11836800,8.9,85.3,0,0,0,2.6,312
3289,11840400,8,86.9,0,0,0,2.6,318
3290,11844000,7.6,89.3,0,0,0,2.6,298
3291,11847600,7.9,90.9,0,0,0,3.1,305
3292,11851200,7.9,89.6,0,0,0,3.4,310
3293,11854800,8.2,88.3,17.4,17.2162,0,2.2,276
3294,11858400,8.5,88.1,55.2,54.4074,0,2.8,276
3295,11862000,9.4,86.4,115.7,113.487,0,3.4,279
3296,11865600,10.5,80.7,280.8,242.041,0,4.8,287
3297,11869200,11.8,75.9,432.9,297.339,0,5.3,297
3298,11872800,13.9,71.2,474.1,343.137,0,5.6,298
3299,11876400,14.1,65,438.4,367.423,0,5.6,289
3300,11880000,14.6,59.6,287.6,279.433,0,5.6,322
3301,11883600,15.1,56.5,328.8,312.109,0,5.6,293
3302,11887200,15.1,56.8,279.2,269.373,0,5.1,305
3303,11890800,14.2,60.8,190.9,187.271,0,4.1,329
3304,11894400,14,59.1,139.2,136.865,0,4.5,334
3305,11898000,13.9,55.8,73.6,72.7352,0,5.5,347
3306,11901600,13,59.7,69.4,68.2169,0,5.8,350
3307,11905200,12.8,63.7,53.5,50.0594,0,4.6,323
3308,11908800,12.7,67.7,6,6,0,5,315
3309,11912400,11.9,75.1,0,0,0,4.8,332
3310,11916000,11.6,83.9,0,0,0,5,322
3311,11919600,11.9,86.5,0,0,0,4.4,323
3312,11923200,11.2,89,0,0,0,1.9,327
3313,11926800,11.4,92.8,0,0,0,3.2,318
3314,11930400,11.6,92.6,0,0,0,3.7,313
3315,11934000,11.5,92.4,0,0,0,4,314
3316,11937600,11.6,92.6,0,0,0,4.1,313
3317,11941200,11.5,91.8,3,2.99467,0,4.4,318
3318,11944800,11.5,90.5,18.2,18.1147,0,5.3,328
3319,11948400,11.4,89.1,56.4,55.8771,0,4,338
3320,11952000,11.5,87.2,105.3,103.938,0,4.7,316
3321,11955600,12,85.5,124.4,122.839,0,4.7,317
3322,11959200,12.2,82.2,150.1,148.104,0,5.1,326
3323,11962800,12.9,79.2,179.5,176.85,0,5.4,325
3324,11966400,13.4,77.5,180.5,177.889,0,4.7,327
3325,11970000,13.6,75.5,162.7,160.533,0,4.8,327
3326,11973600,14,75.5,199,195.525,0,4.1,326
3327,11977200,14.5,75.9,222.7,217.156,0,4.6,336
3328,11980800,15,75.5,274.7,243.337,0,3.9,330
3329,11984400,15.3,74.1,196.6,178.548,0,4.3,339
3330,11988000,15.3,73.8,134.7,119.697,0,3.5,334
3331,11991600,14.9,74.8,92.5,53.7595,0,3.4,358
3332,11995200,14.7,75.9,13,13,0,2.3,339
3333,11998800,13.9,80.3,0,0,0,1.8,323
3334,12002400,13.4,85.1,0,0,0,1.5,303
3335,12006000,13,87.7,0,0,0,1.8,290
3336,12009600,13,89.1,0,0,0,1.5,296
3337,12013200,11.6,91.7,0,0,0,1.1,280
3338,12016800,10.8,94.8,0,0,0,1.1,265
3339,12020400,10.4,96.3,0,0,0,1.4,250
3340,12024000,9.6,97.2,0,0,0,1,44
3341,12027600,10.2,96.1,25.7,25.3183,0,1.4,250
3342,12031200,12.4,92.9,144.7,119.353,0,1.8,267
3343,12034800,15.2,86,298,169.863,0,2.1,264
3344,12038400,17.6,72.9,457.7,178.767,0,2.7,275
3345,12042000,19.4,61.8,606,170.864,0,3.1,291
3346,12045600,20,54.7,727.3,162.108,0,2.8,305
3347,12049200,20.9,49.3,820.9,151.404,0,2.4,275
3348,12052800,20.9,46.2,829.8,161.766,0,2.4,242
3349,12056400,22.3,43.8,797.5,167.913,0,3.5,254
3350,12060000,22.9,40.1,760.8,146.368,0,4,232
3351,12063600,23.2,38.1,629.8,160.847,0,3.1,284
3352,12067200,24,38.2,504.1,149.211,0,3.4,292
3353,12070800,24.2,37,425.4,79.5066,0,3.5,247
3354,12074400,24.5,36.1,293.5,48.5723,0,2.9,288
3355,12078000,24.1,37.3,144.6,23.859,0,3.1,280
3356,12081600,22.4,42.7,26.3,26.3,0,2.1,245
3357,12085200,20.8,51.7,0,0,0,2.1,235
3358,12088800,20,58.9,0,0,0,2.3,224
3359,12092400,19.3,63.6,0,0,0,2.6,241
3360,12096000,18.9,68.2,0,0,0,2.7,244
3361,12099600,18.7,72.9,0,0,0,1.8,258
3362,12103200,18.7,74,0,0,0,2.2,278
3363,12106800,18.2,72.6,0,0,0,2,255
3364,12110400,17,72,0,0,0,2.3,290
3365,12114000,16.7,65.7,2.9,2.89525,0,3.8,302
3366,12117600,17,58.4,33.3,33.0197,0,2.8,273
3367,12121200,17.1,55.7,240.2,188.691,0,4,279
3368,12124800,18.2,49.5,439.5,197.361,0,4.4,291
3369,12128400,18.8,42,590.6,187.31,0,5.1,265
3370,12132000,19.3,37.5,718.2,170.834,0,5.6,265
3371,12135600,20.3,33,816.9,154.376,0,5.5,265
3372,12139200,21.5,29.6,869.2,147.504,0,5.6,259
3373,12142800,21.2,27.9,875.1,144.392,0,7.7,269
3374,12146400,20.6,29,828.9,136.769,0,7,261
3375,12150000,20.7,33.2,559.9,228.611,0,6.5,263
3376,12153600,21.5,34.9,603.3,99.5445,0,6.1,238
3377,12157200,22,33.6,450.8,74.5661,0,6.2,283
3378,12160800,21.6,33.3,280.2,53.1918,0,6.5,284
3379,12164400,20.8,35.6,127,30.1648,0,6.2,298
3380,12168000,19.7,39.1,22.8,22.8,0,4,262
3381,12171600,17.8,43.7,0,0,0,3.2,283
3382,12175200,16,51,0,0,0,2.2,250
3383,12178800,16.1,54.6,0,0,0,4.8,309
3384,12182400,14.5,56.6,0,0,0,4.8,310
3385,12186000,12.7,60.9,0,0,0,3.7,288
3386,12189600,11.8,64.7,0,0,0,4,276
3387,12193200,11.6,67.8,0,0,0,4.6,282
3388,12196800,11.1,70,0,0,0,4.2,275
3389,12200400,10.7,70.5,7.3,7.27052,0,5.2,299
3390,12204000,10.8,67.4,25.1,24.9421,0,5.4,296
3391,12207600,11,66.4,128,125.269,0,4.7,275
3392,12211200,11.5,66,310.9,251.598,0,5.1,279
3393,12214800,12.1,60.7,441.6,299.244,0,6.7,293
3394,12218400,13.1,52.4,528.7,329.173,0,6.5,285
3395,12222000,12.9,46.2,441.4,370.173,0,7,266
3396,12225600,13.3,46.2,579.5,365.752,0,7.3,276
3397,12229200,14,45.7,677.7,278.75,0,6.6,258
3398,12232800,15.8,39.4,581.2,303.454,0,7.3,246
3399,12236400,15,34.6,484.8,288.067,0,8.6,268
3400,12240000,15.4,32.2,422,226.552,0,6.4,272
3401,12243600,12.7,36.7,333.9,162.295,0,8.9,283
3402,12247200,12.2,45.4,263.3,67.8028,0,6.7,256
3403,12250800,11.1,49.9,143,23.9653,0,6.6,281
3404,12254400,9.7,56.7,22.2,22.2,0,6.7,301
3405,12258000,8.3,64.1,0,0,0,5.3,277
3406,12261600,8,68.2,0,0,0,3.1,313
3407,12265200,7.6,68.9,0,0,0,4.2,269
3408,12268800,7.1,69.9,0,0,0,3.2,246
3409,12272400,6.6,74,0,0,0,2.7,247
3410,12276000,6.5,76.4,0,0,0,2.6,246
3411,12279600,6.3,76.7,0,0,0,2.5,227
3412,12283200,6,78,0,0,0,2.6,230
3413,12286800,6.2,78.3,31.2,30.6722,0,3,248
3414,12290400,8,75.4,170.5,122.365,0,3.3,260
3415,12294000,9.6,70.4,324.1,156.726,0,4.5,243
3416,12297600,11.1,64.4,404.9,227.354,0,4.5,251
3417,12301200,11.4,59.7,382.2,306.753,0,5.2,261
3418,12304800,11.7,55.7,440,348.987,0,6.1,233
3419,12308400,12.1,56.3,452.1,372.94,0,4.3,227
3420,12312000,10.8,61.2,420.8,369.733,0,5.2,239
3421,12315600,10.2,64.2,412.3,362.225,0,7.4,262
3422,12319200,10.3,69.1,515.9,341.591,0,4.6,234
3423,12322800,11.4,67.9,496,282.947,0,3,244
3424,12326400,12.2,59.7,328.9,259.56,0,3.5,208
3425,12330000,10.2,63,140.1,136.765,0,4,271
3426,12333600,11.6,65.8,191.8,126.705,0,3.3,214
3427,12337200,12,61.5,175.8,29.007,0,2.6,235
3428,12340800,11,66.2,34.2,34.2,0,2.6,203
3429,12344400,9.9,77.4,0,0,0,2.3,176
3430,12348000,10,80.8,0,0,0,2.8,224
3431,12351600,10,77.1,0,0,0,2.5,214
3432,12355200,9.3,78.4,0,0,0,2.4,234
3433,12358800,8.9,82.5,0,0,0,2.7,221
3434,12362400,8.8,84.9,0,0,0,2.8,240
3435,12366000,8.4,86.1,0,0,0,2.7,239
3436,12369600,8,87.1,0,0,0,2.5,230
3437,12373200,7.8,87.4,29.1,28.6493,0,2.3,239
3438,12376800,8.7,86.5,128.1,115.722,0,3,241
3439,12380400,10.4,81.9,289,181.333,0,4,245
3440,12384000,12.1,72.5,444.7,198.329,0,4.1,248
3441,12387600,13.2,62.9,434.8,303.224,0,4.4,252
3442,12391200,13.7,54.6,390.6,338.808,0,4.1,235
3443,12394800,13.8,50,512.1,374.66,0,4.6,254
3444,12398400,14.4,46.3,630.6,337.987,0,4.2,233
3445,12402000,15.5,40.8,763.6,201.113,0,6,199
3446,12405600,16.7,36.4,778.8,142.083,0,4.5,235
3447,12409200,17.6,34,621.9,175.937,0,3.7,237
3448,12412800,18.2,33.7,465.6,194.993,0,4.4,267
3449,12416400,18.5,34.5,382.9,122.421,0,3.2,226
3450,12420000,19,35.5,280.7,58.9241,0,5.3,206
3451,12423600,18.3,37.7,158.7,26.1855,0,2.7,176
3452,12427200,16.5,44.6,29.5,29.5,0,2.2,190
3453,12430800,15.5,52.1,0,0,0,2.6,159
3454,12434400,15.6,52.6,0,0,0,2.4,191
3455,12438000,14,55.8,0,0,0,2.8,209
3456,12441600,13.2,63.5,0,0,0,2.5,186
3457,12445200,12.5,67.6,0,0,0,1.8,177
3458,12448800,13.3,66.2,0,0,0,2.3,191
3459,12452400,13.1,64.4,0,0,0,2.3,175
3460,12456000,13.7,63.6,0,0,0,2.6,181
3461,12459600,13.3,63.2,6.6,6.57722,0,2.8,161
3462,12463200,13.9,62.8,17.5,17.425,0,2.8,161
3463,12466800,14.3,62.7,55.7,55.2045,0,3.7,200
3464,12470400,14.2,66.4,166.2,162.851,0,4.3,203
3465,12474000,14.6,70.4,268.2,255.208,0,4.8,211
3466,12477600,14.5,72.4,248.5,242.575,0,4.6,201
3467,12481200,14.6,74.1,208.7,205.156,0,4.1,209
3468,12484800,14.1,77,181,178.401,0,4.3,192
3469,12488400,14.1,82.5,181.4,178.736,0,3.7,193
3470,12492000,14.9,88,225.3,220.903,0,3.5,186
3471,12495600,15.5,89.7,244.3,236.551,0,3.8,194
3472,12499200,15.8,90.4,159.5,156.514,0,4.3,193
3473,12502800,15.5,91.6,101.9,100.305,0,4.5,217
3474,12506400,15.4,93.5,117.3,111.304,0,3.4,192
3475,12510000,15.8,94.3,80,65.974,0,3.5,197
3476,12513600,15.8,93.8,11.2,11.2,0,2.8,200
3477,12517200,15.5,95,0,0,0,2.3,190
3478,12520800,15.2,95.9,0,0,0,2.3,196
3479,12524400,15.2,95.9,0,0,0,2.4,231
3480,12528000,14.7,96.3,0,0,0,1.6,255
3481,12531600,13.5,97.3,0,0,0,1.4,303
3482,12535200,12.6,97.8,0,0,0,1.6,278
3483,12538800,13.9,97.6,0,0,0,1.3,293
3484,12542400,13.2,97.4,0,0,0,2,268
3485,12546000,14.1,96.9,3.1,3.09506,0,2.5,279
3486,12549600,14.3,95.7,38.3,37.9432,0,4.1,288
3487,12553200,14.4,93.8,90.7,89.3914,0,3.9,298
3488,12556800,14.3,89.2,284.6,247.137,0,4.2,306
3489,12560400,16.2,79.1,482.2,285.221,0,3.8,322
3490,12564000,17,66.8,582,300.615,0,3.8,283
3491,12567600,17.9,55.8,651.5,303.245,0,4.8,288
3492,12571200,19.1,48.6,735,249.781,0,4.9,264
3493,12574800,19.3,45.1,809.7,167.321,0,4.5,304
3494,12578400,20.2,40.9,687.3,215.48,0,4.2,317
3495,12582000,20.7,37.7,497.2,286.69,0,4.2,303
3496,12585600,21,36.8,545.4,125.752,0,4.3,228
3497,12589200,20.3,37,292.7,194.568,0,4.8,243
3498,12592800,17.9,45,83,81.426,0,3.9,297
3499,12596400,17.9,53.1,94.1,66.9511,0,3.5,309
3500,12600000,16.9,54.1,25.9,25.9,0,2.7,318
3501,12603600,16.5,58.1,0,0,0,2.5,328
3502,12607200,14.9,64.6,0,0,0,1.7,308
3503,12610800,13.8,73.3,0,0,0,1.1,258
3504,12614400,14.6,76.8,0,0,0,1.7,221
3505,12618000,12.9,80,0,0,0,1.3,204
3506,12621600,11.6,86,0,0,0,1.2,219
3507,12625200,11,88.7,0,0,0,1.2,202
3508,12628800,11.2,88.2,0,0,0,1.5,185
3509,12632400,11.4,86.8,8.2,8.16594,0,1.6,206
3510,12636000,12.9,85.6,23.2,23.0699,0,1.8,202
3511,12639600,14.6,79.7,195.6,178.108,0,2.4,210
3512,12643200,17,68.4,330.3,256.121,0,3,228
3513,12646800,17.7,60.5,309,282.772,0,3.1,200
3514,12650400,19.5,54.8,523.3,336.605,0,4.4,233
3515,12654000,20.4,48.4,689.6,270.354,0,5,228
3516,12657600,19.6,45.8,599.9,360.561,0,5.3,233
3517,12661200,20.2,44.2,565.8,364.248,0,5.5,239
3518,12664800,21.2,42.2,462.8,355.709,0,4.8,218
3519,12668400,20.6,42.8,254,244.88,0,5.5,238
3520,12672000,21.4,43.5,321.2,261.861,0,5.4,236
3521,12675600,20.9,43.9,280.1,199.57,0,4.9,227
3522,12679200,21.1,44.6,160.9,133.912,0,4.3,233
3523,12682800,20.7,45.7,82.4,68.2023,0,3.5,226
3524,12686400,20.3,48.6,6.4,6.4,0,3.2,204
3525,12690000,20,51.1,0,0,0,2.8,189
3526,12693600,19.6,52.8,0,0,0,2.6,198
3527,12697200,18.9,55.3,0,0,0,2.7,194
3528,12700800,18.8,57.1,0,0,0,3.1,190
3529,12704400,18.2,60.4,0,0,0,3.6,213
3530,12708000,17.1,67.8,0,0,0,3.3,205
3531,12711600,16.1,76.9,0,0,0,3.3,210
3532,12715200,14.9,87.1,0,0,0,3.6,194
3533,12718800,14.9,92.9,6.5,6.4789,0,3.8,202
3534,12722400,15.2,92.6,17.7,17.6247,0,3.7,211
3535,12726000,15.8,91,36.8,36.5861,0,3.7,217
3536,12729600,16.2,89.7,45.3,45.0546,0,4.4,224
3537,12733200,15.4,92.2,69.4,68.9239,0,4.2,233
3538,12736800,16.1,94.2,202,198.443,0,4.4,241
3539,12740400,17.3,89.1,387,350.739,0,4.3,230
3540,12744000,17.4,87.6,460.7,384.111,0,3.8,231
3541,12747600,18.2,82.2,265.6,259.524,0,4.2,240
3542,12751200,16.3,81.2,101.3,100.416,0,3,264
3543,12754800,16.2,83.8,244.8,237.172,0,4.2,307
3544,12758400,18.7,75.6,346,263.942,0,4.9,293
3545,12762000,18.6,69.6,330.1,177.664,0,4.5,276
3546,12765600,18.5,68.6,252.6,93.7954,0,4.3,260
3547,12769200,18.5,69.5,108.6,64.7184,0,3.9,269
3548,12772800,17.9,68.7,13.1,13.1,0,4.3,322
3549,12776400,16.6,70.7,0,0,0,4.2,326
3550,12780000,16.2,74.4,0,0,0,5.1,320
3551,12783600,15.3,77.6,0,0,0,4.6,312
3552,12787200,14.4,82,0,0,0,5.1,310
3553,12790800,13.6,83.8,0,0,0,5,312
3554,12794400,13.5,82.6,0,0,0,4.6,310
3555,12798000,12.7,83.4,0,0,0,4.7,312
3556,12801600,12.5,86.2,0,0,0,4.7,306
3557,12805200,12.3,86.9,4.7,4.68912,0,4.9,308
3558,12808800,12.3,85.8,29.6,29.3907,0,5.4,307
3559,12812400,12.6,83.2,138.6,135.273,0,5.1,298
3560,12816000,13.3,78.9,362.9,253.179,0,4.9,295
3561,12819600,14,73.8,511.1,269.555,0,5.7,289
3562,12823200,15.9,68.3,604.9,285.79,0,5.6,272
3563,12826800,16,62.3,667.4,292.942,0,5.6,293
3564,12830400,17.1,56.1,614.2,354.136,0,5.1,274
3565,12834000,17.2,52.1,569.7,364.337,0,5.1,275
3566,12837600,18.5,50.2,628.8,275.154,0,5.9,271
3567,12841200,18.7,45.8,585.7,219.568,0,5.9,255
3568,12844800,19.5,41.5,513.5,159.907,0,5.5,283
3569,12848400,19.4,41.3,430.1,92.258,0,4.4,278
3570,12852000,18.8,43.1,250.6,98.112,0,3.8,271
3571,12855600,18.5,46,75.4,67.1744,0,3.3,268
3572,12859200,18,48.9,13.3,13.3,0,2.4,241
3573,12862800,17.8,51.4,0,0,0,3,261
3574,12866400,17.3,56.2,0,0,0,3.2,261
3575,12870000,16.8,63.3,0,0,0,3.7,263
3576,12873600,15.1,75,0,0,0,3.7,244
3577,12877200,14.4,87.8,0,0,0,3,217
3578,12880800,14.4,93.5,0,0,0,3.6,211
3579,12884400,14.7,95.8,0,0,0,3.1,214
3580,12888000,15.4,95.6,0,0,0,3.4,244
3581,12891600,15.6,95.2,6.7,6.67816,0,3.1,242
3582,12895200,16.3,95,19.9,19.8059,0,3.3,244
3583,12898800,17.2,92.9,84.9,83.7688,0,3.2,252
3584,12902400,17.5,90.2,141.9,139.502,0,4.1,274
3585,12906000,18,87.1,202.2,198.153,0,4,264
3586,12909600,18.7,84,335.6,312.13,0,3.9,279
3587,12913200,21.1,77.3,449.1,375.072,0,3.7,269
3588,12916800,22.3,68.7,390.7,356.726,0,4.2,243
3589,12920400,22.5,64.3,339.7,321.605,0,4.4,268
3590,12924000,22.6,62.4,579.6,315.541,0,5.3,273
3591,12927600,24.4,58.4,606.9,200.919,0,5.1,280
3592,12931200,24.6,53.2,503.9,171.013,0,5.7,279
3593,12934800,24.4,51.3,425.2,97.7108,0,5.1,267
3594,12938400,24.5,52.2,249.7,101.279,0,4.7,278
3595,12942000,24.2,51.4,142.7,40.748,0,4.5,284
3596,12945600,22.9,53,35.3,35.3,0,3.4,277
3597,12949200,21.6,59.5,0,0,0,2.7,280
3598,12952800,20.4,66,0,0,0,1.9,242
3599,12956400,19.9,70,0,0,0,2.3,234
3600,12960000,18.7,74.4,0,0,0,2.2,272
3601,12963600,17.7,80.3,0,0,0,1.6,237
3602,12967200,17.6,83.5,0,0,0,1.9,247
3603,12970800,17.1,85.2,0,0,0,2.1,252
3604,12974400,16.1,88.3,0,0,0,1.5,245
3605,12978000,16.3,91,11.8,11.733,0,1,282
3606,12981600,18.1,89.2,74.8,73.4772,0,1.1,22
3607,12985200,19.3,80.9,107,105.208,0,1.5,1
3608,12988800,20.1,73.2,286.1,249.248,0,1.2,335
3609,12992400,21,68.1,385.4,310.954,0,1.4,8
3610,12996000,21.9,63.9,463.3,353.361,0,2.2,350
3611,12999600,22.3,60.6,564.5,364.373,0,2,302
3612,13003200,23.3,59.5,624.8,349.182,0,2,340
3613,13006800,23.4,59,692.1,278.241,0,3.2,334
3614,13010400,24.1,56.6,670,239.645,0,3.2,335
3615,13014000,24.8,54,654.7,158.657,0,3,319
3616,13017600,25.6,50.8,574.1,113.395,0,2.2,45
3617,13021200,25.4,49.9,348,169.654,0,3,8
3618,13024800,25.7,50.9,178.2,139.313,0,2.1,337
3619,13028400,25,51.9,131.5,53.8585,0,1.5,331
3620,13032000,23.7,58.2,27.8,27.8,0,1.2,50
3621,13035600,21.3,66.1,0,0,0,2.9,75
3622,13039200,20.8,69.3,0,0,0,3.1,87
3623,13042800,20.4,71.2,0,0,0,2.7,112
3624,13046400,19.3,74.8,0,0,0,2,107
3625,13050000,18.8,78.9,0,0,0,2.3,94
3626,13053600,18.6,80.6,0,0,0,1.7,62
3627,13057200,18.3,83.1,0,0,0,1.9,81
3628,13060800,17.9,84.6,0,0,0,1.3,101
3629,13064400,17.4,86.3,44.7,43.6915,0,1.7,120
3630,13068000,19.2,85.4,95.5,93.0084,0,2.5,139
3631,13071600,20.5,81.7,151.7,147.018,0,3,151
3632,13075200,21.5,76.6,245.7,228.574,0,2.3,199
3633,13078800,22.4,71.2,343.8,300.589,0,2.9,248
3634,13082400,22.2,65.9,338.9,314.459,0,3.3,248
3635,13086000,22.1,62.8,343.7,324.186,0,3.1,240
3636,13089600,22.3,61,362.1,339.201,0,4,229
3637,13093200,24.4,56.5,745,228.991,0,3.3,212
3638,13096800,25.8,51.8,761.2,160.336,0,3.7,220
3639,13100400,26.7,49.5,553.8,253.262,0,3.7,200
3640,13104000,26.6,47.1,400.5,254.295,0,5.2,213
3641,13107600,25.4,46.3,231,199.855,0,5.3,234
3642,13111200,23.4,50.5,74.8,73.5752,0,6.9,231
3643,13114800,22.3,57.1,40.2,39.5303,0,3.6,218
3644,13118400,21.6,62.9,8.1,8.1,0,3.4,254
3645,13122000,20.7,67.4,0,0,0,2.8,221
3646,13125600,19.8,71.3,0,0,0,3.4,224
3647,13129200,19.2,75.8,0,0,0,2.8,244
3648,13132800,18.4,79.1,0,0,0,4.7,315
3649,13136400,17.9,81.7,0,0,0,2.9,319
3650,13140000,17.6,82.6,0,0,0,2.4,290
3651,13143600,16.3,81.8,0,0,0,2.5,324
3652,13147200,15.3,82.8,0,0,0,1.8,310
3653,13150800,15.5,83.4,6.4,6.3807,0,1,290
3654,13154400,16.8,77.2,23,22.876,0,1.3,269
3655,13158000,17.3,67.8,157,151.569,0,1.6,258
3656,13161600,18.4,61.5,335.3,259.136,0,2.2,206
3657,13165200,19.4,58.7,443.5,307.091,0,2.2,236
3658,13168800,19.7,57.4,366,330.125,0,2.2,294
3659,13172400,19.5,57.5,340.1,321.672,0,3,219
3660,13176000,20.1,59.7,402.6,363.618,0,3.1,341
3661,13179600,19.6,61.2,327.6,312.745,0,3,331
3662,13183200,19.7,61.9,298.5,286.364,0,2.1,312
3663,13186800,20,64.8,525.1,277.353,0,2,194
3664,13190400,21.9,61.6,603.6,103.091,0,2.7,202
3665,13194000,22,54.9,303.3,199.823,0,2.3,222
3666,13197600,22.6,51.4,206.9,136.309,0,1.8,213
3667,13201200,22.6,45.3,101.2,74.746,0,3.5,296
3668,13204800,20.5,46.7,40.4,40.4,0,2.5,281
3669,13208400,18.1,58.3,0,0,0,2.4,340
3670,13212000,18.8,62.4,0,0,0,3.1,352
3671,13215600,18.5,62.2,0,0,0,2.1,6
3672,13219200,17.5,67.2,0,0,0,2.4,349
3673,13222800,15.7,74.1,0,0,0,2.3,311
3674,13226400,15.4,79.9,0,0,0,1.6,320
3675,13230000,15,82.4,0,0,0,1.7,303
3676,13233600,15.2,82.4,0,0,0,2.1,285
3677,13237200,14.7,82.4,35.7,35.1048,0,2,310
3678,13240800,16.1,80.7,159.5,130.654,0,2.1,328
3679,13244400,17.8,72.6,314,178.464,0,1.6,248
3680,13248000,19,64,470.4,187.895,0,2.1,290
3681,13251600,20,55.2,616.1,180.355,0,1.9,257
3682,13255200,21.1,46.3,735.3,171.3,0,2.6,238
3683,13258800,21.6,42.4,771.6,200.204,0,2.3,261
3684,13262400,21.8,41.3,702.2,289.746,0,2.6,214
3685,13266000,23.2,38.7,700.3,273.834,0,4.1,241
3686,13269600,23.3,35.9,721.6,194.638,0,3.8,197
3687,13273200,24.3,34.3,691.9,135.499,0,5.2,213
3688,13276800,24.6,34.1,582.3,112.171,0,4.7,161
3689,13280400,25,33.9,464.8,80.6841,0,3.8,190
3690,13284000,25.3,34.9,301.8,63.06,0,3.2,218
3691,13287600,25.3,37.9,161.3,33.8452,0,2.3,196
3692,13291200,23.7,44.2,44.8,44.8,0,1.6,183
3693,13294800,21.9,53.6,0,0,0,1.6,174
3694,13298400,21,60.2,0,0,0,1.9,161
3695,13302000,20.3,64.1,0,0,0,2,171
3696,13305600,19.7,67.3,0,0,0,1.8,179
3697,13309200,18.9,70.1,0,0,0,1.5,175
3698,13312800,18.7,72.9,0,0,0,1.7,169
3699,13316400,18.6,75,0,0,0,1.8,171
3700,13320000,18.2,77.1,0,0,0,2.1,159
3701,13323600,18.2,78.8,4,3.99259,0,1.7,149
3702,13327200,19.8,77.3,37.7,37.3693,0,2.7,186
3703,13330800,21.1,74,188.4,175.154,0,2.5,174
3704,13334400,22.6,69.7,366.6,255.689,0,3.4,214
3705,13338000,24,62.7,518.1,269.226,0,3.5,235
3706,13341600,25.4,52.1,683.4,218.674,0,3.3,229
3707,13345200,25.3,45.4,593.7,352.235,0,4.5,192
3708,13348800,24.2,47.7,301.3,292.079,0,5,195
3709,13352400,23.6,51.6,346.3,326.82,0,4.8,187
3710,13356000,23.9,53.7,456.2,359.984,0,5.6,210
3711,13359600,24.3,55.8,286.3,270.835,0,5.2,210
3712,13363200,23.6,57.6,183.8,179.783,0,4.7,271
3713,13366800,22.8,61.6,145.8,142.434,0,3.3,263
3714,13370400,23.1,62.5,82.8,81.3258,0,4.8,226
3715,13374000,22.7,63.5,136.2,58.4059,0,3.3,181
3716,13377600,22.2,68.4,48.3,48.3,0,2.4,203
3717,13381200,21.3,73.7,0,0,0,2.2,208
3718,13384800,20.2,79.8,0,0,0,1.4,181
3719,13388400,20.2,83.1,0,0,0,2,201
3720,13392000,20.5,81,0,0,0,2.1,228
3721,13395600,20.1,80.9,0,0,0,1.8,200
3722,13399200,19.9,83.3,0,0,0,2,204
3723,13402800,18.9,85.4,0,0,0,1.9,239
3724,13406400,18.2,87,0,0,0,2.9,344
3725,13410000,17.5,84.2,18.4,18.2444,0,2.7,10
3726,13413600,18.2,79.4,49.1,48.5409,0,1.6,70
3727,13417200,19,75.2,162.1,155.916,0,1.5,296
3728,13420800,20.2,71.7,353.6,258.782,0,1.8,219
3729,13424400,20.6,68.8,400.4,313.576,0,2.2,187
3730,13428000,20.2,67.6,316.1,299.188,0,3.5,260
3731,13431600,19.9,69.4,353.3,331.158,0,3.1,283
3732,13435200,19.4,75.8,399.9,362.604,0,4.5,234
3733,13438800,20.8,72.9,484.1,384.275,0,4.2,237
3734,13442400,20.6,64.6,349.9,323.284,0,3.3,269
3735,13446000,19.2,68.8,222.4,217.4,0,4.2,265
3736,13449600,20.8,70.9,487.3,196.791,0,3.2,206
3737,13453200,22,61.2,382.4,148.11,0,3.6,222
3738,13456800,21.8,55.5,212.1,138.008,0,4.3,264
3739,13460400,21.6,53.7,123.8,69.9025,0,2.5,268
3740,13464000,19.9,54.8,29.1,29.1,0,4.4,276
3741,13467600,19.2,59.9,0,0,0,2.6,236
3742,13471200,18.1,64.2,0,0,0,3.8,235
3743,13474800,17.2,67.7,0,0,0,2.8,235
3744,13478400,16.5,71.2,0,0,0,2.4,223
3745,13482000,15,76.5,0,0,0,1.7,168
3746,13485600,15.4,79,0,0,0,1.9,181
3747,13489200,15.5,77.1,0,0,0,2.6,164
3748,13492800,16.2,75.6,0,0,0,2.2,169
3749,13496400,16.5,75.9,7.3,7.27567,0,2.4,169
3750,13500000,17,79.5,19.2,19.1147,0,2.8,189
3751,13503600,17.5,82.8,65.2,64.543,0,3.8,180
3752,13507200,19.4,78.3,261.1,238.406,0,4.8,202
3753,13510800,20.1,70.7,340.5,300.042,0,6.8,229
3754,13514400,21,65.7,416.5,350.098,0,6.8,227
3755,13518000,22.1,60.4,386.2,351.527,0,7,228
3756,13521600,19.9,65.2,337.9,322.052,0,6.4,224
3757,13525200,20.7,71.6,447.3,378.292,0,5.7,229
3758,13528800,21.2,63.2,346.6,321.355,0,7.5,256
3759,13532400,21.9,54.1,480.4,307.549,0,7.9,263
3760,13536000,22.3,44.9,518.1,168.931,0,8.3,279
3761,13539600,22.2,39.5,482.3,79.888,0,7.1,267
3762,13543200,22.3,39.8,331,54.9462,0,6.1,250
3763,13546800,21.8,40.4,179.9,29.8809,0,4.7,277
3764,13550400,21.1,42.7,52.3,52.3,0,3,255
3765,13554000,18.8,50.2,0,0,0,1.8,239
3766,13557600,17.3,60.8,0,0,0,2.4,183
3767,13561200,17,66.7,0,0,0,2.3,198
3768,13564800,16.7,69.2,0,0,0,2.9,229
3769,13568400,16,72.4,0,0,0,2.3,194
3770,13572000,15.7,76.7,0,0,0,2.4,191
3771,13575600,15.1,80.5,0,0,0,2.3,193
3772,13579200,15.5,83.2,0,0,0,1.7,198
3773,13582800,15.8,84.3,16.3,16.1794,0,2.4,188
3774,13586400,17.5,82.5,56.4,55.6662,0,2.6,187
3775,13590000,19,77.9,186,173.826,0,3.2,199
3776,13593600,20.7,70.9,392.1,247.556,0,4,227
3777,13597200,21.3,64,411.4,313.944,0,4.6,245
3778,13600800,21.3,59.9,383.5,338.959,0,4.6,230
3779,13604400,22,55.5,528.6,378.729,0,4.7,202
3780,13608000,20,58.2,395.6,360.477,0,4.2,192
3781,13611600,22.5,54.5,693.3,283.864,0,3.8,240
3782,13615200,21.3,50.6,299.2,287.218,0,5.4,197
3783,13618800,15.8,69.1,330,298.843,0,2.8,272
3784,13622400,17.9,81.9,441.5,237.325,0,3.3,245
3785,13626000,19.7,71.4,367.5,164.788,0,3.5,245
3786,13629600,19.4,68.4,238.9,125.187,0,4.5,219
3787,13633200,15.3,78.4,55.7,54.3995,0,2.6,302
3788,13636800,16.2,86.8,10.6,10.6,0,1.9,247
3789,13640400,16.1,86.4,0,0,0,2.4,224
3790,13644000,15.9,86.5,0,0,0,2.6,222
3791,13647600,15.3,87.5,0,0,0,2.7,205
3792,13651200,14.9,88.6,0,0,0,2.7,221
3793,13654800,14.3,91.3,0,0,0,2.5,190
3794,13658400,13.6,94.2,0,0,0,2.1,188
3795,13662000,14.1,94.6,0,0,0,2.5,206
3796,13665600,14.2,93.9,0,0,0,2.3,172
3797,13669200,14,93.1,6.4,6.38151,0,2.4,153
3798,13672800,15,90.8,19.6,19.5116,0,2.6,185
3799,13676400,15.8,88,63.1,62.4862,0,3,176
3800,13680000,16.9,84.2,169.4,166.007,0,3.8,181
3801,13683600,18.3,77.5,215.2,210.47,0,5.1,198
3802,13687200,14.9,82.7,264.3,257.091,0,3.9,208
3803,13690800,17.5,86.1,571.9,364.941,0,5.3,222
3804,13694400,19,74,655.2,332.98,0,6.2,227
3805,13698000,19.1,62.1,640.1,329.529,0,7.5,263
3806,13701600,18.3,53.7,557.5,337.102,0,8.9,262
3807,13705200,17.5,52.7,409.6,322.723,0,8.1,269
3808,13708800,17.9,53.9,414.5,254.781,0,7.9,273
3809,13712400,17.2,54.6,297.4,207.669,0,9.6,278
3810,13716000,17,56.1,215.1,140.128,0,8.7,277
3811,13719600,15,64.8,87.3,76.668,0,7.4,266
3812,13723200,13.6,76,30,30,0,7.1,271
3813,13726800,13.8,78.6,0,0,0,6.2,272
3814,13730400,13.4,81.1,0,0,0,5.9,264
3815,13734000,12.4,86,0,0,0,6.2,267
3816,13737600,12.6,89.2,0,0,0,6.7,270
3817,13741200,12.4,86.5,0,0,0,6.4,278
3818,13744800,12.4,84.2,0,0,0,5.5,275
3819,13748400,12.5,83.4,0,0,0,5.7,270
3820,13752000,12.4,82.4,0,0,0,6,270
3821,13755600,12.5,81.6,4.8,4.78965,0,5.6,280
3822,13759200,12.4,80.7,22,21.8888,0,6.1,274
3823,13762800,12.6,78.6,104.8,103.109,0,6.4,279
3824,13766400,12.7,73.5,263.4,239.894,0,6.7,279
3825,13770000,13.7,67.4,357.3,306.546,0,5.3,267
3826,13773600,13.7,65.5,370.9,333.271,0,5.2,250
3827,13777200,14.5,64.9,491.3,382.688,0,5.7,252
3828,13780800,15.6,61.8,631.5,350.386,0,5.7,269
3829,13784400,16.6,57,565,373.179,0,6.1,257
3830,13788000,17.4,51.9,604.2,307.163,0,7.2,276
3831,13791600,17.8,48.7,610.2,211.151,0,5.8,235
3832,13795200,18.7,46.7,533.4,158.31,0,5.5,278
3833,13798800,18.6,45.4,415.8,122.399,0,5.6,296
3834,13802400,18.4,44.8,275.2,96.483,0,5,301
3835,13806000,18.1,45.2,155.2,49.8222,0,3.9,275
3836,13809600,17.1,48.5,49.1,49.1,0,2,264
3837,13813200,15.1,58,0,0,0,1.7,229
3838,13816800,13.9,68.3,0,0,0,1.8,175
3839,13820400,13.5,72.7,0,0,0,2,207
3840,13824000,12.4,76.4,0,0,0,1.6,202
3841,13827600,12.9,79.4,0,0,0,1.6,193
3842,13831200,12.6,79.6,0,0,0,1.6,176
3843,13834800,12.1,80.9,0,0,0,1.8,159
3844,13838400,12.4,82.9,0,0,0,1.8,148
3845,13842000,13,81.8,5,4.98881,0,1.9,151
3846,13845600,14,78.3,56.3,55.5728,0,2.1,169
3847,13849200,15.3,73.7,103.5,101.851,0,2.5,174
3848,13852800,16.3,69.3,132.6,130.533,0,2.9,196
3849,13856400,17.6,64.3,237.5,230.675,0,2.9,191
3850,13860000,17.8,59.2,197.4,194.04,0,3.2,182
3851,13863600,18.4,56.1,261.2,255.504,0,4.4,202
3852,13867200,19,55.6,316.8,305.348,0,4.7,209
3853,13870800,19.5,54.8,273.5,266.995,0,5.1,237
3854,13874400,19.1,53.3,211.2,207.423,0,4.5,226
3855,13878000,16.4,64.7,166.3,163.677,0,3.9,238
3856,13881600,16.2,80.1,167.6,164.435,0,3.8,217
3857,13885200,16.3,83.3,138.5,135.705,0,3.7,249
3858,13888800,15.5,88.7,94.9,93.0131,0,3.9,271
3859,13892400,15.2,92.6,72.1,68.3018,0,3.9,248
3860,13896000,15.5,92.7,22.6,22.6,0,4,245
3861,13899600,15.5,90.8,0,0,0,4.6,263
3862,13903200,14.5,91,0,0,0,3,261
3863,13906800,15,93.7,0,0,0,3.7,236
3864,13910400,15.4,92.5,0,0,0,4.9,258
3865,13914000,14.7,89.9,0,0,0,6.5,270
3866,13917600,14.3,87.8,0,0,0,6.7,278
3867,13921200,13.5,84.5,0,0,0,6.5,286
3868,13924800,13.4,83.1,0,0,0,5.6,273
3869,13928400,13.6,83.1,4.8,4.78972,0,5.5,281
3870,13932000,13.8,82.3,32,31.7654,0,5.6,286
3871,13935600,14.1,80.5,170.1,162.461,0,7,285
3872,13939200,14.5,76.1,241,226.069,0,6.1,298
3873,13942800,15.1,70.3,385.3,313.153,0,6.7,306
3874,13946400,15.6,65.2,462.5,356.098,0,5.8,312
3875,13950000,16.4,61.9,584.8,359.537,0,5.9,297
3876,13953600,17.9,58.2,663.5,327.793,0,5.3,292
3877,13957200,19.1,53,724,257.547,0,5.6,287
3878,13960800,19.2,49,777.8,157.033,0,5,273
3879,13964400,20.1,45.9,753.4,124.311,0,5.1,302
3880,13968000,20.7,43.7,630.8,104.168,0,5.2,301
3881,13971600,20.4,42.6,476.3,82.5636,0,5.3,296
3882,13975200,20.4,42.3,318.5,62.4546,0,4.9,311
3883,13978800,19.9,43.8,179,33.56,0,4,323
3884,13982400,19,46.6,51,51,0,3.3,316
3885,13986000,16.6,54.8,0,0,0,2.4,330
3886,13989600,15,67,0,0,0,2.2,339
3887,13993200,13.7,73.6,0,0,0,1.3,3
3888,13996800,12.9,78.5,0,0,0,2.2,358
3889,14000400,12.5,83,0,0,0,1.2,25
3890,14004000,11.8,86.7,0,0,0,0.8,8
3891,14007600,11.5,89.8,0,0,0,1.1,354
3892,14011200,11.7,90.1,0,0,0,1.3,31
3893,14014800,12.2,88.8,31,30.5723,0,1.5,33
3894,14018400,14.9,85.6,165.6,133.657,0,0.8,32
3895,14022000,16.8,76.4,324.9,175.325,0,2,78
3896,14025600,18.5,64.3,486.2,177.225,0,2.4,97
3897,14029200,19.2,54.3,627.5,173.585,0,2.1,72
3898,14032800,20.2,45.5,748.8,164.259,0,1.6,110
3899,14036400,21,40.3,844.6,153.411,0,1.6,42
3900,14040000,21.6,36.7,897.4,150.02,0,2.3,89
3901,14043600,21.8,33.9,902.9,148.979,0,2.7,94
3902,14047200,23,30.8,862.5,142.312,0,3.3,64
3903,14050800,23.3,28.4,775.8,128.007,0,3.2,63
3904,14054400,23.6,28.7,664.8,109.692,0,3.3,79
3905,14058000,24,31.2,518,85.47,0,3.4,70
3906,14061600,24.1,34.9,357.4,58.971,0,4.5,76
3907,14065200,23.5,37.9,200.9,33.1485,0,4.6,60
3908,14068800,22.9,41.4,63.5,63.5,0,4.4,74
3909,14072400,21.4,44.2,0,0,0,4.2,78
3910,14076000,20.7,43.6,0,0,0,4.7,68
3911,14079600,19.2,43.7,0,0,0,4.7,79
3912,14083200,18.5,47.1,0,0,0,4,80
3913,14086800,18,50.5,0,0,0,4.5,81
3914,14090400,17.2,54.7,0,0,0,3.7,92
3915,14094000,16.5,58.7,0,0,0,3.6,96
3916,14097600,15.8,61.8,0,0,0,3.7,90
3917,14101200,15.9,63.7,44.8,43.9049,0,4.3,91
3918,14104800,16.7,63.8,179.2,133.867,0,3.4,101
3919,14108400,17.8,61.5,329.8,171.889,0,4.9,101
3920,14112000,18.9,57.2,487.2,176.322,0,5,102
3921,14115600,19.8,53.5,631.4,170.09,0,4,116
3922,14119200,20.6,50.2,748.9,164.266,0,4.8,85
3923,14122800,21.1,46.1,836.5,157.243,0,4.8,91
3924,14126400,22.3,41.8,883.9,152.255,0,4.5,112
3925,14130000,22.9,37,888.2,147.329,0,4.7,95
3926,14133600,23.8,32.6,849.6,140.184,0,4.9,94
3927,14137200,24.9,28.2,766.4,126.456,0,4.4,94
3928,14140800,25.6,24.6,659.5,108.817,0,4.4,96
3929,14144400,25.3,24.1,513,84.645,0,4,95
3930,14148000,25.5,26,310.8,69.6454,0,4.3,104
3931,14151600,25.1,28.1,160.6,50.5428,0,4.6,112
3932,14155200,23.7,32.2,56.4,56.4,0,3.9,110
3933,14158800,21.3,40.7,0,0,0,3.1,97
3934,14162400,19.9,49.2,0,0,0,2.8,97
3935,14166000,19.4,54.8,0,0,0,3.3,108
3936,14169600,18.4,61.7,0,0,0,2.9,109
3937,14173200,18,67.2,0,0,0,3,102
3938,14176800,17.9,70.6,0,0,0,3.4,108
3939,14180400,17.7,73.7,0,0,0,3.1,108
3940,14184000,17,76.4,0,0,0,2.8,104
3941,14187600,17,78.3,41.1,40.3505,0,3.3,97
3942,14191200,18.9,74.8,170,134.132,0,3.7,113
3943,14194800,20.3,68.1,324.1,175.97,0,4.4,111
3944,14198400,22.1,61,478.5,184.562,0,5.2,112
3945,14202000,23.6,53.5,622.3,178.416,0,5.7,111
3946,14205600,24.4,48.1,746.3,166.234,0,5.6,126
3947,14209200,25.1,44.2,836.5,157.321,0,5.6,127
3948,14212800,25.8,40.6,882.9,152.605,0,5.7,104
3949,14216400,26.8,37.3,889.8,147.419,0,5.4,123
3950,14220000,28,34.7,848.1,139.937,0,4.6,121
3951,14223600,29.1,31.3,764.4,126.126,0,4.5,133
3952,14227200,29.7,28.6,653.9,107.894,0,4.1,135
3953,14230800,29.9,27.8,510,84.15,0,4.4,129
3954,14234400,29.7,28.6,350.8,57.882,0,4.9,118
3955,14238000,29,31.2,193.5,31.9368,0,4.3,110
3956,14241600,27.4,35.3,62,62,0,3.7,107
3957,14245200,25.5,40.8,0,0,0,3.2,116
3958,14248800,24,48.7,0,0,0,3,116
3959,14252400,23.7,53.8,0,0,0,3.1,118
3960,14256000,22.7,56.2,0,0,0,3.2,111
3961,14259600,21.4,61.8,0,0,0,3.1,92
3962,14263200,20.8,65.8,0,0,0,2.5,102
3963,14266800,20.2,67.5,0,0,0,3,93
3964,14270400,19.3,69.7,0,0,0,2.6,89
3965,14274000,19.6,70.3,25.9,25.6026,0,2.2,78
3966,14277600,20.9,66.5,73.6,72.3609,0,2,89
3967,14281200,21.9,61.8,209.5,187.673,0,2.1,92
3968,14284800,23.6,56.2,454.5,206.23,0,2.7,104
3969,14288400,25.4,49.3,601.7,197.871,0,1.9,119
3970,14292000,27.4,43.1,723.1,185.197,0,1.3,212
3971,14295600,28.6,39,810.8,173.013,0,2.3,106
3972,14299200,30.1,36.1,853.8,164.714,0,2.3,194
3973,14302800,31.1,34.2,819.8,174.315,0,1.9,207
3974,14306400,30.7,33.7,570.2,333.519,0,3.8,278
3975,14310000,32.1,32.4,547,272.649,0,3.6,259
3976,14313600,30.8,33.6,478.4,215.814,0,4.6,294
3977,14317200,26.9,44.6,135.3,132.679,0,6.8,295
3978,14320800,24.6,63.3,90,88.3364,0,6.9,301
3979,14324400,22.9,73.6,28.8,28.4969,0,6,301
3980,14328000,22.5,74.2,6.9,6.9,0,5.7,316
3981,14331600,21.3,76.4,0,0,0,6.1,304
3982,14335200,20.1,82.5,0,0,0,5.5,311
3983,14338800,20,86.8,0,0,0,5.2,319
3984,14342400,19.5,84,0,0,0,5.9,320
3985,14346000,18.8,82.1,0,0,0,5.7,303
3986,14349600,18.5,84.1,0,0,0,5.5,307
3987,14353200,18.4,84.9,0,0,0,4.5,305
3988,14356800,18.3,84.2,2.7,2.7,0,5.2,301
3989,14360400,17.8,82.2,12.2,12.134,0,6,298
3990,14364000,17.1,80.2,18.9,18.8183,0,6.4,297
3991,14367600,16.7,77.5,79.9,78.9182,0,6.7,307
3992,14371200,17.2,72.5,248.8,231.227,0,5.2,295
3993,14374800,17.4,68.4,281.9,266.391,0,5.2,302
3994,14378400,17.6,66.3,245.1,239.657,0,6,290
3995,14382000,18.2,65,338.6,321.02,0,6.1,285
3996,14385600,19.8,61.4,515.3,393.703,0,6.1,289
3997,14389200,21.6,55.8,661.8,315.917,0,5.7,288
3998,14392800,21.6,53,462.8,363.891,0,5.9,291
3999,14396400,21.5,50.9,327.9,298.901,0,6.2,306
4000,14400000,21.9,48,354.3,274.727,0,5.5,306
4001,14403600,22.5,47.4,323.3,203.908,0,4.3,306
4002,14407200,21.8,48.5,241.7,133.081,0,5.9,291
4003,14410800,21.3,50.7,188.9,32.8519,0,4.9,309
4004,14414400,20.5,52,67.3,67.3,0,4.8,313
4005,14418000,18.9,55.2,0,0,0,3.1,291
4006,14421600,17.8,62.4,0,0,0,2.4,272
4007,14425200,17.2,68.1,0,0,0,2.9,284
4008,14428800,16.9,71.8,0,0,0,3.1,288
4009,14432400,16.4,75.2,0,0,0,3.3,291
4010,14436000,15.9,77.6,0,0,0,3.9,301
4011,14439600,15,80.7,0,0,0,2.9,284
4012,14443200,14.2,84.9,3.4,3.4,0,2.4,262
4013,14446800,14.6,87.5,33.1,32.6139,0,2.9,283
4014,14450400,16.3,84.9,151.6,130.477,0,2.8,285
4015,14454000,17.2,79,262.2,199.387,0,3.4,330
4016,14457600,17.5,74.4,408.3,239.749,0,2.8,320
4017,14461200,18.7,69.6,594.5,204.387,0,3.2,282
4018,14464800,19.9,64.6,738.6,171.971,0,3.1,293
4019,14468400,21.6,57.3,826.7,162.673,0,3.8,268
4020,14472000,23.9,49.4,873.6,155.701,0,3.8,297
4021,14475600,24.6,43.1,849.3,157.262,0,4.1,301
4022,14479200,26,37.8,817.5,140.962,0,3.3,281
4023,14482800,27,35.8,736.7,125.025,0,2.6,245
4024,14486400,27.5,35.6,626.7,104.892,0,3.3,255
4025,14490000,27.3,34.7,492.8,81.9223,0,3,271
4026,14493600,27.1,36.2,299.3,83.1875,0,2.9,290
4027,14497200,27.3,38.4,162.4,53.1694,0,2.2,266
4028,14500800,25.2,43.9,65.4,65.4,0,2.3,327
4029,14504400,23.8,53.6,0,0,0,1.1,327
4030,14508000,21.7,60.9,0,0,0,0.8,323
4031,14511600,20.5,67.6,0,0,0,0.9,233
4032,14515200,19.9,72.3,0,0,0,1.5,207
4033,14518800,19.2,76.4,0,0,0,1.5,233
4034,14522400,20.1,77.1,0,0,0,2.2,224
4035,14526000,19.3,75.6,0,0,0,2.5,246
4036,14529600,18.4,77.9,4,4,0,1.5,283
4037,14533200,19,79.4,26.4,26.0903,0,1.6,268
4038,14536800,19.8,77.2,135.5,123.296,0,1.9,299
4039,14540400,21.8,70.8,285.2,195.058,0,2.5,291
4040,14544000,23.1,62.9,443.9,214.378,0,3.9,309
4041,14547600,23.7,56.3,604.6,194.377,0,4.3,276
4042,14551200,25.1,49.8,702.7,203.219,0,5.4,281
4043,14554800,25.2,45.9,776.1,200.678,0,6.1,288
4044,14558400,26.3,42.1,845.7,169.633,0,6.1,293
4045,14562000,26.8,39.8,827.7,169.529,0,6.1,302
4046,14565600,26,40.9,730.5,197.439,0,5.9,290
4047,14569200,26.4,41.1,607.5,220.508,0,6,311
4048,14572800,27.5,40,471.1,223.936,0,5.7,315
4049,14576400,25.8,41.4,447.1,103.746,0,5.8,337
4050,14580000,25.4,44.7,272.1,109.785,0,4.9,325
4051,14583600,25.1,46.4,115.5,84.7522,0,3.8,312
4052,14587200,24.3,48.8,45.2,27.2903,0,3.3,327
4053,14590800,24.1,52.2,0,0,0,2.2,325
4054,14594400,23.6,55,0,0,0,2.4,286
4055,14598000,23.5,56.5,0,0,0,4.1,311
4056,14601600,22.9,58.3,0,0,0,3,301
4057,14605200,21.7,62.6,0,0,0,4.2,295
4058,14608800,20.4,66.5,0,0,0,4.8,294
4059,14612400,18.9,70.7,0,0,0,4.9,306
4060,14616000,17.5,74.1,5,5,0,4.9,300
4061,14619600,16.6,75.2,53.7,51.9864,0,4.7,308
4062,14623200,16.4,75.1,182.3,133.017,0,5.4,309
4063,14626800,16.7,72.9,335.5,166.42,0,5,298
4064,14630400,17.7,66.7,489.8,172.45,0,5.3,311
4065,14634000,18.5,57.4,622.7,176.89,0,6.2,305
4066,14637600,19.6,49.8,712.2,194.181,0,6.1,309
4067,14641200,19.9,46.6,704.1,268.298,0,7,295
4068,14644800,19.8,45.5,650.1,339.236,0,7.4,296
4069,14648400,20.6,43.2,660.2,317.727,0,7.5,304
4070,14652000,20.7,42.2,686.4,239.388,0,5.8,296
4071,14655600,21.6,40.1,667.4,165.129,0,7.1,313
4072,14659200,21.4,38.6,563,139.952,0,7.1,316
4073,14662800,21.7,38.6,474.1,86.9821,0,6.5,310
4074,14666400,21,38.6,336.2,59.0861,0,5.5,341
4075,14670000,20.9,39.3,200.7,33.1155,0,5.1,315
4076,14673600,20,41.3,67.8,11.1938,0,4.5,324
4077,14677200,18.7,46.8,0.3,0.3,0,3.4,316
4078,14680800,16.8,56.4,0,0,0,3.2,358
4079,14684400,17.1,61.7,0,0,0,2.9,352
4080,14688000,15.4,65.9,0,0,0,2.7,323
4081,14691600,14.4,73,0,0,0,2.4,329
4082,14695200,13.6,76.9,0,0,0,2.4,312
4083,14698800,13.2,80.5,0,0,0,2.7,323
4084,14702400,12.8,82.5,5,5,0,2.3,310
4085,14706000,13.1,83.1,39.3,38.6107,0,2.4,292
4086,14709600,14.9,78.9,160.6,132.483,0,2.6,315
4087,14713200,16.2,72.7,319.7,177.479,0,2.6,322
4088,14716800,17.3,66.3,457.2,202.242,0,2.7,330
4089,14720400,17.9,59.4,546.7,247.556,0,3.1,290
4090,14724000,19,53.3,705.4,200.08,0,3.2,304
4091,14727600,20,47.9,820.2,166.284,0,3.6,297
4092,14731200,20.4,43.7,886.7,151.831,0,2.9,338
4093,14734800,21.3,39.8,901.7,148.781,0,3.2,331
4094,14738400,22.6,37.4,859.8,141.867,0,3.2,327
4095,14742000,23.2,35.8,778.1,128.386,0,3.3,318
4096,14745600,23.7,33.7,665.3,109.774,0,2.2,359
4097,14749200,24.2,32.3,521.5,86.0475,0,2.7,342
4098,14752800,24.7,31.7,365.9,60.3735,0,2.7,324
4099,14756400,24.5,32.3,210.4,34.716,0,2.2,21
4100,14760000,23.4,34.9,72,11.88,0,2.3,18
4101,14763600,21.2,41.9,1,1,0,1.9,356
4102,14767200,19.6,50.9,0,0,0,1.7,6
4103,14770800,18.8,56.8,0,0,0,1,36
4104,14774400,17.4,62.2,0,0,0,0.8,345
4105,14778000,17.5,67.3,0,0,0,1.6,7
4106,14781600,16.8,70.8,0,0,0,0.8,42
4107,14785200,16.1,74.9,0,0,0,0.8,226
4108,14788800,15.4,78.7,5,5,0,0.8,127
4109,14792400,15.3,80.6,43.2,42.3644,0,0.7,105
4110,14796000,18.3,77.2,166.5,133.099,0,0.7,119
4111,14799600,20.9,65.1,319.1,177.392,0,0.8,138
4112,14803200,23.3,49.9,481.2,179.585,0,1.5,252
4113,14806800,24.3,38.9,625.2,173.649,0,1.9,274
4114,14810400,24.7,33.4,739,170.541,0,2.2,243
4115,14814000,25.4,30.5,817,168.14,0,2.2,135
4116,14817600,25.7,28.6,867.6,157.958,0,2.1,244
4117,14821200,26.7,24.9,891,147.619,0,3.1,277
4118,14824800,27.8,20.5,854.5,140.993,0,2.9,269
4119,14828400,28.4,19,770.5,127.133,0,2.7,321
4120,14832000,29.1,19.1,656.6,108.339,0,2.4,270
4121,14835600,29.6,19.1,510.6,84.249,0,2,234
4122,14839200,29.8,21.9,354.1,58.4265,0,2.2,242
4123,14842800,29.7,27.4,200.4,33.066,0,1.6,256
4124,14846400,27.8,34.5,69.4,11.451,0,2.6,277
4125,14850000,25.9,41.6,1,1,0,0.9,271
4126,14853600,24,47.7,0,0,0,1.1,251
4127,14857200,22,54.6,0,0,0,0.7,75
4128,14860800,21.9,58.4,0,0,0,1.7,230
4129,14864400,20.7,62,0,0,0,1.2,223
4130,14868000,19.8,65.3,0,0,0,0.9,227
4131,14871600,19.3,67,0,0,0,0.7,241
4132,14875200,18.6,70,4.7,4.7,0,1.1,184
4133,14878800,19.5,69.8,46.3,45.3035,0,1.3,216
4134,14882400,21.3,62.4,173.3,133.041,0,1.3,194
4135,14886000,24.3,50.5,321.4,175.287,0,2,221
4136,14889600,27.2,39,474.7,185.079,0,1.4,205
4137,14893200,29,31.4,610.2,187.11,0,1.9,164
4138,14896800,30,26.2,741.6,168.1,0,2.8,175
4139,14900400,31.2,22.9,835.4,157.188,0,3.9,164
4140,14904000,31.7,21.2,882.4,152.738,0,4.1,192
4141,14907600,33,19.5,886.7,147.612,0,3.5,184
4142,14911200,33.1,19.7,842.5,139.157,0,4.1,179
4143,14914800,33.8,20.3,751.1,124.409,0,3.9,231
4144,14918400,34,19.6,592.3,119.022,0,4.1,219
4145,14922000,34.2,19.9,442.3,109.595,0,4.1,207
4146,14925600,33.3,20.7,300.9,84.7454,0,3.4,194
4147,14929200,33.1,22,144.6,72.2891,0,3.2,202
4148,14932800,31,27.1,43.8,27.9526,0,2.1,176
4149,14936400,28.6,35.2,1,1,0,2.2,169
4150,14940000,27.2,40.3,0,0,0,2.3,158
4151,14943600,26.1,43.4,0,0,0,2,171
4152,14947200,25.6,45.5,0,0,0,2.3,151
4153,14950800,25.4,46.1,0,0,0,2.5,152
4154,14954400,25.2,46.5,0,0,0,2.7,167
4155,14958000,25,47.1,0,0,0,1.9,234
4156,14961600,24.2,49.9,4,4,0,2.9,253
4157,14965200,21.2,61.5,42.4,41.5884,0,4.5,286
4158,14968800,22,72.9,158.9,131.516,0,3.9,283
4159,14972400,23.5,69.2,315.6,178.505,0,4,273
4160,14976000,24.8,60.6,467.4,191.155,0,5.2,237
4161,14979600,25.2,53,570.1,224.741,0,6.9,256
4162,14983200,27,44.7,591.3,302.133,0,7.1,243
4163,14986800,26.4,40.6,424.1,369.322,0,8.1,251
4164,14990400,25.9,41.4,438.9,380.908,0,7.3,251
4165,14994000,26.3,41.3,479,386.284,0,11.1,246
4166,14997600,26.5,40.3,510.4,359.849,0,9.3,238
4167,15001200,26.9,39.4,414.4,326.505,0,7.9,240
4168,15004800,26.2,39.4,305.6,266.352,0,8.6,246
4169,15008400,16.7,54.7,212.1,195.286,0,8.9,284
4170,15012000,18.3,72.6,213.9,149.236,0,7.7,296
4171,15015600,18.9,63,202.4,33.396,0,9.5,301
4172,15019200,18.3,56.4,69,11.385,0,7,289
4173,15022800,17.4,55.6,1,1,0,6.6,289
4174,15026400,16.8,57.5,0,0,0,4.3,279
4175,15030000,16.6,60,0,0,0,4.3,269
4176,15033600,16.3,61.6,0,0,0,3.9,270
4177,15037200,15.6,60.9,0,0,0,4.6,263
4178,15040800,15.4,59.4,0,0,0,4.4,265
4179,15044400,14.9,60.5,0,0,0,4.6,247
4180,15048000,14.4,62.3,0,0,0,3.8,247
4181,15051600,15.1,61.9,5,4.98866,0,4.2,254
4182,15055200,15.3,61,22.3,22.1847,0,4.1,232
4183,15058800,16.2,59.1,111.6,109.667,0,6.2,235
4184,15062400,17.7,54.1,247.8,230.1,0,5.7,243
4185,15066000,19.6,49.3,450,305.503,0,7.1,249
4186,15069600,19.6,46.5,396.4,343.717,0,7.3,260
4187,15073200,19.9,45.3,350.9,329.642,0,8.4,227
4188,15076800,20.4,43.6,320.8,308.679,0,8.4,274
4189,15080400,19.6,49.2,331.2,316.14,0,6.2,240
4190,15084000,21.4,52.4,397.5,349.373,0,6.2,283
4191,15087600,21.9,44.9,373.7,319.3,0,7.2,295
4192,15091200,23.1,40,479.7,218.727,0,8.2,270
4193,15094800,23.2,39.7,334.7,201.073,0,6.8,286
4194,15098400,22,42.5,149.6,137.457,0,4.9,281
4195,15102000,20.8,47.6,113.4,86.2831,0,5.5,259
4196,15105600,20.1,53.5,36.3,29.2106,0,4.1,273
4197,15109200,19.7,57.2,0,0,0,3.4,261
4198,15112800,19.4,61.4,0,0,0,4.5,275
4199,15116400,19.4,65.7,0,0,0,4.1,260
4200,15120000,19.4,67.2,0,0,0,5.2,251
4201,15123600,19.4,68.5,0,0,0,5.5,259
4202,15127200,19.8,69.6,0,0,0,5.3,262
4203,15130800,18.9,73.2,0,0,0,5,261
4204,15134400,17.5,84.3,0,0,0,3.6,245
4205,15138000,17.1,92.8,5.2,5.18766,0,3.5,294
4206,15141600,17.5,93.1,19.2,19.1143,0,4.2,238
4207,15145200,17.5,92.9,70.6,69.8249,0,3.8,256
4208,15148800,18.3,91.6,136.6,134.389,0,4.4,263
4209,15152400,18.6,90.3,200.8,196.836,0,5,251
4210,15156000,20,86.8,310,294.594,0,7.3,260
4211,15159600,22.9,74.9,629.2,330.352,0,6.4,270
4212,15163200,22.8,64.3,678.3,315.692,0,7.2,284
4213,15166800,24.7,57.6,634.2,337.299,0,7.4,292
4214,15170400,24.8,54.4,441.9,362.232,0,7,299
4215,15174000,24,55.8,474.5,317.278,0,7.1,300
4216,15177600,25.1,55,559.7,144.45,0,7,296
4217,15181200,25.1,53.1,373.1,174.113,0,7.3,300
4218,15184800,24.7,54.1,296.1,89.9716,0,6.4,309
4219,15188400,24,56.2,177.6,42.9791,0,5.7,313
4220,15192000,22.7,58.9,54.7,19.6827,0,3.9,331
4221,15195600,21.4,62,1,1,0,2.9,321
4222,15199200,20.4,65.4,0,0,0,3,333
4223,15202800,18.4,71.5,0,0,0,1.9,334
4224,15206400,17.2,80.1,0,0,0,1,319
4225,15210000,16.5,85.9,0,0,0,1,39
4226,15213600,16.5,87.8,0,0,0,1.4,53
4227,15217200,16.8,87.6,0,0,0,1.3,39
4228,15220800,15.8,88.6,0,0,0,1.1,88
4229,15224400,16.5,89.9,38,37.3368,0,1.5,107
4230,15228000,18,85.7,152.2,129.085,0,2.1,98
4231,15231600,20.5,74.1,273.5,194.896,0,3.1,118
4232,15235200,23.3,62.5,396.2,242.162,0,2.9,144
4233,15238800,24.6,55.2,403.1,312.332,0,2.9,123
4234,15242400,24.8,51.8,509.5,345.922,0,3.2,140
4235,15246000,25.4,51.9,459.8,378.92,0,2.8,162
4236,15249600,26.7,51.2,382.9,353.319,0,1.8,116
4237,15253200,28.1,48.2,568.6,373.729,0,3.4,102
4238,15256800,31,42.4,820.5,140.592,0,3.3,160
4239,15260400,31.9,38.2,718.1,131.771,0,3.5,191
4240,15264000,32.3,36.9,509.7,191.523,0,3.4,201
4241,15267600,31.4,37.4,375.4,172.216,0,2.9,228
4242,15271200,21.5,57.1,305.7,81.1427,0,7.5,303
4243,15274800,23,82.9,196,33.0371,0,6,292
4244,15278400,23.8,77.5,69.3,11.4345,0,4.7,270
4245,15282000,23.5,76.2,1,1,0,5.3,257
4246,15285600,23.2,78.7,0,0,0,6.3,263
4247,15289200,23.1,78.6,0,0,0,6.5,271
4248,15292800,22.9,77.7,0,0,0,5.2,271
4249,15296400,22.4,78.4,0,0,0,3.3,248
4250,15300000,22.5,79,0,0,0,4.4,254
4251,15303600,22.2,78.4,0,0,0,5.3,272
4252,15307200,21.5,80.6,0,0,0,3.8,271
4253,15310800,21,82.5,30.9,30.4584,0,3.8,249
4254,15314400,21.6,79.1,96.7,94.1204,0,5.1,259
4255,15318000,21.7,74.6,159.7,153.743,0,6.2,262
4256,15321600,21.7,71.7,247.3,229.459,0,6.3,268
4257,15325200,22.8,63.8,358.2,305.303,0,7.2,283
4258,15328800,22,57.1,337.8,313.807,0,7.7,268
4259,15332400,20.7,56.2,339.7,321.536,0,8.8,290
4260,15336000,17,66.6,284.3,277.135,0,7.9,282
4261,15339600,18.7,78.2,482.9,386.336,0,5.9,293
4262,15343200,19.5,70.4,438.3,361.482,0,5.3,280
4263,15346800,17.7,67.3,185.4,182.17,0,6,301
4264,15350400,19.1,68.3,297.1,262.95,0,5,285
4265,15354000,19.6,63.8,272,216.302,0,5.8,291
4266,15357600,19.7,59.2,193.9,151.788,0,7.1,292
4267,15361200,19.5,56.4,130.6,81.6717,0,5.4,274
4268,15364800,19.1,57.9,55,19.3833,0,4.9,286
4269,15368400,18.3,61.1,0,0,0,4,284
4270,15372000,17.6,64.3,0,0,0,2.8,275
4271,15375600,17.1,67.7,0,0,0,2.5,269
4272,15379200,16.2,73,0,0,0,2.2,269
4273,15382800,15.9,78,0,0,0,2.4,240
4274,15386400,15.3,81.8,0,0,0,2.2,237
4275,15390000,15,85.3,0,0,0,2.2,239
4276,15393600,14.7,87.4,0,0,0,2.6,225
4277,15397200,14.8,88.9,42.5,41.656,0,2.4,227
4278,15400800,16.6,85.6,155,129.115,0,3.2,232
4279,15404400,18.8,76.3,239.3,195.046,0,3.2,239
4280,15408000,20.2,67.7,311.1,255.874,0,3,221
4281,15411600,22.3,61.8,494.7,281.7,0,3.8,220
4282,15415200,24.3,58.3,667,231.627,0,4.3,247
4283,15418800,26,54.8,795.9,180.398,0,5.1,256
4284,15422400,26.7,50.2,850.4,164.918,0,5,260
4285,15426000,28.6,46.7,828.4,168.1,0,5.4,248
4286,15429600,28.7,44.2,801.6,146.643,0,6.3,276
4287,15433200,29.5,43.8,710,135.546,0,5.7,277
4288,15436800,29.2,44,604.7,112.44,0,6.8,283
4289,15440400,28.2,45.8,369.2,177.268,0,6,265
4290,15444000,27.6,50.3,138.5,130.293,0,5.3,290
4291,15447600,27.6,53.2,106.5,85.9718,0,5.5,287
4292,15451200,26.9,56.1,49.3,24.4794,0,4,296
4293,15454800,26.5,59.9,0,0,0,3.9,283
4294,15458400,26.2,63,0,0,0,4,283
4295,15462000,25.9,65.8,0,0,0,4,300
4296,15465600,25.2,68.4,0,0,0,3.2,287
4297,15469200,24.9,69.9,0,0,0,4.1,296
4298,15472800,23.9,72,0,0,0,3.9,301
4299,15476400,23.1,76,0,0,0,2.8,287
4300,15480000,22.1,80.4,0,0,0,2.9,267
4301,15483600,22.2,82.9,36.6,35.9705,0,2.7,261
4302,15487200,23,81.7,167.3,130.066,0,4.1,268
4303,15490800,24,76.8,314.3,174.35,0,3.8,267
4304,15494400,25.1,69.9,430.3,217.393,0,4.7,285
4305,15498000,25.7,65.5,517.1,265.33,0,5.3,284
4306,15501600,26,62.5,529.9,336.428,0,5.7,262
4307,15505200,26.8,58.8,430.4,370.717,0,5.9,270
4308,15508800,26.3,58,194.9,191.929,0,6.9,299
4309,15512400,26.5,59,455.2,381.471,0,7,299
4310,15516000,27.6,53.5,703.6,222.309,0,8.5,270
4311,15519600,28.3,48.1,616.5,212.871,0,8,301
4312,15523200,27.7,46.8,472.6,224.464,0,8,287
4313,15526800,26.8,48.3,330.5,203.185,0,7.1,308
4314,15530400,26.8,51.5,262.6,120.807,0,7.5,312
4315,15534000,26.2,47.5,185.4,36.7914,0,7.6,304
4316,15537600,24.8,38.9,53.1,21.1761,0,7,321
4317,15541200,23.2,34.7,1,1,0,5.9,319
4318,15544800,21.6,37,0,0,0,4.5,308
4319,15548400,20.4,42.3,0,0,0,4.6,317
4320,15552000,19.1,47.2,0,0,0,4.6,316
4321,15555600,17.9,52.6,0,0,0,4.1,326
4322,15559200,16.8,58.3,0,0,0,3.4,322
4323,15562800,15.2,64.8,0,0,0,2.7,307
4324,15566400,14.3,71,0,0,0,2.9,301
4325,15570000,14.8,72.7,43.3,42.3914,0,3.2,292
4326,15573600,16,70.7,178,128.484,0,3.2,286
4327,15577200,16.7,68.7,330.4,161.381,0,4,328
4328,15580800,17.8,64.8,485.4,167.058,0,3.3,321
4329,15584400,19.4,58.3,630,162.125,0,3,312
4330,15588000,21,49.4,752,155.806,0,3.3,311
4331,15591600,21.8,41.6,840.1,152.289,0,4.4,294
4332,15595200,23.2,36.9,887.4,150.396,0,3.6,327
4333,15598800,24,32.9,894.7,147.687,0,3.2,324
4334,15602400,25.6,28.7,853.7,140.861,0,4,333
4335,15606000,25.7,26.7,775.1,127.892,0,3.1,345
4336,15609600,26.3,27,664.9,109.708,0,3.3,346
4337,15613200,27,28.1,519.9,85.7835,0,2.3,324
4338,15616800,27.1,27.8,367,60.555,0,2.8,356
4339,15620400,27,26.5,212,34.98,0,3,18
4340,15624000,25.5,28.4,73.6,12.144,0,2.9,25
4341,15627600,22.8,35.7,1,1,0,2.4,21
4342,15631200,20.8,45.8,0,0,0,1.8,73
4343,15634800,20.1,53.1,0,0,0,2.2,78
4344,15638400,20.5,57.6,0,0,0,2.7,81
4345,15642000,20.5,65.7,0,0,0,2.8,78
4346,15645600,19.4,68.9,0,0,0,2.1,94
4347,15649200,19,73.8,0,0,0,2.9,85
4348,15652800,18.2,77.8,0,0,0,2,94
4349,15656400,18.5,79.7,43,42.0933,0,1.7,93
4350,15660000,20.1,74.3,174.9,128.264,0,2,118
4351,15663600,22.3,64.7,327.1,162.766,0,2.4,137
4352,15667200,24.4,54.1,480,170.953,0,2.8,139
4353,15670800,26.2,42.7,625.5,165.019,0,2.7,154
4354,15674400,27.2,34.2,745.6,159.43,0,2.5,134
4355,15678000,27.8,29.7,833.4,154.786,0,2.2,84
4356,15681600,29.1,26.9,882.1,151.183,0,1.8,105
4357,15685200,29.3,25.1,888.8,147.166,0,1.9,128
4358,15688800,31,23.5,849.4,140.151,0,2.2,139
4359,15692400,31.9,21.9,770,127.05,0,2.1,142
4360,15696000,32.7,21.2,658.4,108.636,0,2.3,121
4361,15699600,33.2,20.9,513,84.645,0,2.3,58
4362,15703200,33.7,21,360.6,59.499,0,2.1,91
4363,15706800,32.9,22.4,208.6,34.419,0,2.1,76
4364,15710400,30.5,26.2,71.4,11.781,0,2.9,92
4365,15714000,27.9,33.5,1,1,0,2.7,94
4366,15717600,26.8,41.5,0,0,0,2.7,113
4367,15721200,25.8,46.6,0,0,0,2.8,113
4368,15724800,24.7,50,0,0,0,2.5,111
4369,15728400,24.9,53.9,0,0,0,2.1,105
4370,15732000,23.5,59.3,0,0,0,2.1,110
4371,15735600,23,62.8,0,0,0,1.5,102
4372,15739200,23.2,64.2,0,0,0,1.8,111
4373,15742800,23,66,42.3,41.4178,0,1.6,94
4374,15746400,24.8,64.2,172.4,127.849,0,1.8,103
4375,15750000,27,56.5,324.4,163.584,0,2.5,129
4376,15753600,29.6,45.9,478.7,170.845,0,2.3,102
4377,15757200,31.4,36.5,623.4,165.748,0,2.6,135
4378,15760800,33.2,30,745,159.018,0,3,122
4379,15764400,33.8,24.6,833.4,154.26,0,3.4,142
4380,15768000,34.5,21.5,880.7,151.223,0,2.8,161
4381,15771600,35.2,20.3,886.4,147.018,0,2.5,152
4382,15775200,36.7,19.1,846,139.59,0,2.6,161
4383,15778800,37.6,16.1,766.3,126.44,0,2.9,172
4384,15782400,37.4,15,652.6,107.679,0,1.8,155
4385,15786000,38.1,16.6,507.3,83.7045,0,3.1,82
4386,15789600,38.1,17.7,353.4,58.311,0,3.4,124
4387,15793200,37.5,19.8,202.3,33.3795,0,3.1,100
4388,15796800,35.9,25,68.9,68.9,0,2.6,108
4389,15800400,33.4,32.4,1.9,1.9,0,2,112
4390,15804000,33.1,37.4,0,0,0,3,120
4391,15807600,31.9,40.6,0,0,0,2.8,140
4392,15811200,30.3,44.4,0,0,0,2.8,183
4393,15814800,29.5,47,0,0,0,4.8,291
4394,15818400,28.6,50.7,0,0,0,5.5,324
4395,15822000,27.4,55.8,0,0,0,4.3,340
4396,15825600,26.2,60.2,0,0,0,2.5,289
4397,15829200,26.1,63.1,7,6.97603,0,4.8,314
4398,15832800,25.2,65,46.7,46.1753,0,6.4,302
4399,15836400,23.6,71.1,88.4,87.1584,0,5.8,306
4400,15840000,22.2,79.6,127.2,125.253,0,5.4,297
4401,15843600,20.2,83.7,133.2,131.439,0,5.3,307
4402,15847200,20.7,81.1,205.7,202.007,0,5.7,308
4403,15850800,20.5,75.8,184.9,182.136,0,6,307
4404,15854400,22.6,64,486.2,390.374,0,6.2,297
4405,15858000,23.7,51.4,593,360.088,0,6.4,317
4406,15861600,23.7,44,593.4,317.58,0,5.8,299
4407,15865200,24.6,38.7,663.8,167.092,0,5.5,295
4408,15868800,24.7,36.1,636,105.066,0,6.3,344
4409,15872400,24.8,35.6,497.6,82.2535,0,5.6,292
4410,15876000,24,35.6,345.4,57.4458,0,5.4,312
4411,15879600,22.8,37.5,192.6,32.6516,0,5.4,309
4412,15883200,22,40.5,63.6,63.6,0,5.2,314
4413,15886800,20.8,43,1.3,1.3,0,4.1,330
4414,15890400,18.5,48.9,0,0,0,2.7,343
4415,15894000,18,55.1,0,0,0,2.9,316
4416,15897600,17.3,58.8,0,0,0,2.8,334
4417,15901200,16.2,64.5,0,0,0,2.9,8
4418,15904800,15.9,69.4,0,0,0,2.6,16
4419,15908400,15.8,71.6,0,0,0,1.4,34
4420,15912000,14.6,75.6,0,0,0,1.2,357
4421,15915600,15.2,78.6,25.3,24.9833,0,0.9,47
4422,15919200,17.2,74.4,149.1,125.102,0,1.7,309
4423,15922800,18.8,66.7,123.1,120.683,0,1.5,323
4424,15926400,18.6,63.3,291.5,248.896,0,2.4,311
4425,15930000,19.7,60.6,520.9,257.126,0,3.1,281
4426,15933600,19.6,53.8,599.5,287.065,0,4.4,280
4427,15937200,20.9,46.3,734.9,229.453,0,4.5,293
4428,15940800,21.2,40.2,790.2,206.255,0,4.2,306
4429,15944400,21.9,36.2,810.7,177.463,0,3.2,316
4430,15948000,22.3,33.8,789.3,150.799,0,4.9,273
4431,15951600,23.3,31.8,722.1,128.59,0,3.5,239
4432,15955200,23.8,30.2,633.6,104.838,0,4.4,281
4433,15958800,24.3,29.6,500.3,82.5495,0,3.2,306
4434,15962400,24.3,29.8,342.8,57.4293,0,3.4,254
4435,15966000,23.7,31.5,174.3,42.2056,0,2.8,274
4436,15969600,22.8,36.6,50.6,50.6,0,2.1,251
4437,15973200,21.3,43.9,0,0,0,1,291
4438,15976800,19.9,49.6,0,0,0,1.1,202
4439,15980400,18.1,55.1,0,0,0,1.3,191
4440,15984000,16.9,61.6,0,0,0,0.8,192
4441,15987600,16.3,66.4,0,0,0,1.3,181
4442,15991200,16.5,68.4,0,0,0,1.7,160
4443,15994800,16.3,67.6,0,0,0,1.9,191
4444,15998400,15.9,67.3,0,0,0,1.9,173
4445,16002000,16.2,66.7,30.3,29.84,0,2,169
4446,16005600,18.1,60.1,136.8,120.574,0,1.9,151
4447,16009200,20.7,50.4,262.1,190.663,0,2,163
4448,16012800,23.5,41.5,411.4,224.214,0,3,183
4449,16016400,24.9,36,588.9,194.162,0,2.9,206
4450,16020000,26.3,32.4,714,180.554,0,4.8,229
4451,16023600,26.5,29.7,682.1,278.615,0,4.5,239
4452,16027200,27,28.8,661.8,323.201,0,4.1,258
4453,16030800,28.1,26.2,818.8,171.087,0,5.5,279
4454,16034400,28.4,23.3,680,241.515,0,5.8,307
4455,16038000,27.2,23.8,260.6,251.372,0,5.4,299
4456,16041600,27.3,25.7,312.2,267.92,0,3.5,281
4457,16045200,28.1,25.7,407.1,139.453,0,3.7,288
4458,16048800,27.3,26.1,314,70.5239,0,4.5,323
4459,16052400,27.3,27.6,157.1,57.1788,0,3.2,307
4460,16056000,25.8,31,61.1,61.1,0,2.8,310
4461,16059600,25,35.7,0.3,0.3,0,2.5,306
4462,16063200,23.9,39.4,0,0,0,2,257
4463,16066800,22.7,42.8,0,0,0,3.4,302
4464,16070400,21.7,46.8,0,0,0,1.8,290
4465,16074000,21.3,51.2,0,0,0,1.4,239
4466,16077600,19.8,56,0,0,0,1.1,214
4467,16081200,19.8,59.5,0,0,0,1.9,226
4468,16084800,19,61.3,0,0,0,1.4,214
4469,16088400,19.2,62.6,11.6,11.5317,0,1.7,222
4470,16092000,20.4,58.9,46.1,45.5797,0,1.7,198
4471,16095600,22.2,51.4,156.6,150.574,0,2.2,229
4472,16099200,23.5,44.4,343.4,252.092,0,3.2,233
4473,16102800,24,40.5,438.5,301.323,0,3.7,234
4474,16106400,26,36.8,620,267.118,0,4.4,267
4475,16110000,27,30,772.1,193.282,0,4.6,261
4476,16113600,28.4,25.9,792,202.886,0,5.1,231
4477,16117200,28.6,26,785,196.579,0,5.1,257
4478,16120800,27.9,27.8,550.7,341.709,0,4.4,263
4479,16124400,27.7,30.5,367.2,316.109,0,6.1,270
4480,16128000,27.5,31.3,292,259.867,0,5.8,271
4481,16131600,27.2,31.1,178.6,171.317,0,6.2,268
4482,16135200,26.1,32.1,172.9,146.848,0,4.1,278
4483,16138800,25.4,31.7,117.5,82.8194,0,4.3,260
4484,16142400,24.3,32.6,19.7,19.7,0,3.7,287
4485,16146000,23.5,36.7,0,0,0,3.2,244
4486,16149600,22.8,41.2,0,0,0,2.9,279
4487,16153200,22.4,44.7,0,0,0,1.7,249
4488,16156800,21.3,49.2,0,0,0,2.3,269
4489,16160400,20.3,55.5,0,0,0,3.7,255
4490,16164000,19.6,61,0,0,0,3.2,255
4491,16167600,19.2,65.3,0,0,0,3.6,264
4492,16171200,18.2,71.4,0,0,0,2.9,248
4493,16174800,17.8,77.9,4.1,4.09135,0,2.9,211
4494,16178400,18.1,78.2,44.1,43.6209,0,2.8,220
4495,16182000,18.5,75,42.8,42.5047,0,3,213
4496,16185600,19,72.4,114.3,112.712,0,3.3,238
4497,16189200,19.5,69.7,221.9,216.319,0,3.4,244
4498,16192800,19.5,68,239.9,234.607,0,3.3,215
4499,16196400,18.2,72.9,245.4,240.486,0,3.5,286
4500,16200000,18.8,79.6,358,336.228,0,3.5,252
4501,16203600,19.6,77,468.1,382.232,0,2.5,230
4502,16207200,21.1,69.3,544,344.311,0,2.4,236
4503,16210800,23,59.9,692.3,142.611,0,2.1,222
4504,16214400,23.8,51.8,462.1,228.726,0,3.5,237
4505,16218000,18.6,64.9,120,117.938,0,3.6,223
4506,16221600,19.2,84.7,113.9,110.517,0,2,212
4507,16225200,19.5,80.8,161.1,51.0049,0,3.5,247
4508,16228800,18.6,80.6,56.2,56.2,0,2.1,229
4509,16232400,18.6,84.7,2,2,0,2.1,277
4510,16236000,17.5,89.2,0,0,0,2.2,242
4511,16239600,17,91.7,0,0,0,2.8,277
4512,16243200,17.2,91.6,0,0,0,4.4,304
4513,16246800,17.1,90.6,0,0,0,4.6,306
4514,16250400,16.1,91.6,0,0,0,5.1,298
4515,16254000,15.9,93.4,0,0,0,4.4,290
4516,16257600,15.6,92.5,0,0,0,4.9,291
4517,16261200,15.1,92,3.4,3.39396,0,5,289
4518,16264800,14.7,91,30,29.7768,0,5.1,295
4519,16268400,14.4,89.3,110.8,108.813,0,5.1,296
4520,16272000,15.1,86.3,217.7,207.363,0,4.8,293
4521,16275600,16.7,78.5,427.7,302.509,0,5.2,297
4522,16279200,17.5,68.8,526.9,330.8,0,4.7,270
4523,16282800,18.7,61.8,578.1,353.428,0,4.6,291
4524,16286400,18.2,58.4,404.2,363.803,0,4.9,273
4525,16290000,18.6,56.1,407.3,362.979,0,4.6,265
4526,16293600,19.8,52.4,552.5,339.538,0,3.9,280
4527,16297200,20.9,47.2,436,323.068,0,4.9,259
4528,16300800,21.5,43.3,384.5,269.79,0,6.2,270
4529,16304400,21.5,41,444.4,102.776,0,4.6,287
4530,16308000,20.9,41.8,321.3,63.0837,0,5.3,297
4531,16311600,20.1,46.5,163,47.8757,0,5.1,268
4532,16315200,19,51.1,52.1,52.1,0,3.6,282
4533,16318800,18.7,54.7,0,0,0,2.7,266
4534,16322400,18.4,58.2,0,0,0,3.1,269
4535,16326000,18,61.9,0,0,0,3.2,282
4536,16329600,17.5,66.5,0,0,0,3.7,286
4537,16333200,17.4,70.6,0,0,0,3.8,270
4538,16336800,17.3,73.9,0,0,0,4,278
4539,16340400,17.2,76.2,0,0,0,4.6,277
4540,16344000,16.9,77.6,0,0,0,4,245
4541,16347600,16.8,79,3,2.99523,0,4.5,280
4542,16351200,17,78.8,34,33.7113,0,3.8,298
4543,16354800,17,77.2,59.2,58.6304,0,4.8,285
4544,16358400,17,76.8,101.8,100.533,0,4.4,288
4545,16362000,17.2,77.1,170.4,167.484,0,4.7,299
4546,16365600,17.1,77.3,212.5,208.523,0,5,288
4547,16369200,16.1,82.9,268.3,261.832,0,4.2,294
4548,16372800,18,82.8,382.4,351.671,0,4.3,281
4549,16376400,18,75.1,410.6,364.276,0,4.4,325
4550,16380000,21,63.1,497.3,358.383,0,5.5,304
4551,16383600,20.6,55.8,356.8,311.722,0,6.5,314
4552,16387200,20.4,57.3,392.2,266.999,0,7,315
4553,16390800,19.6,60.3,276.1,213.476,0,5.5,314
4554,16394400,19.9,63.4,241,130.488,0,5.6,318
4555,16398000,20,62.7,162.5,46.9182,0,6,315
4556,16401600,19.6,62.8,44.2,44.2,0,5.2,328
4557,16405200,19.2,65.6,0,0,0,3.7,326
4558,16408800,19,68.1,0,0,0,3.5,317
4559,16412400,18.7,69.8,0,0,0,3.8,321
4560,16416000,18.6,71.1,0,0,0,3.5,313
4561,16419600,18.3,71.3,0,0,0,4,312
4562,16423200,17.9,72.6,0,0,0,4,311
4563,16426800,17.4,75.8,0,0,0,3.9,311
4564,16430400,16.8,78.6,0,0,0,3.6,299
4565,16434000,16.3,80.5,14,13.8943,0,2.9,296
4566,16437600,16.4,80.9,99.5,95.7404,0,3.2,300
4567,16441200,17,79.8,163.8,155.77,0,3.5,318
4568,16444800,17.3,78.2,283.5,243.826,0,3.9,303
4569,16448400,18.9,73.6,535.5,236.525,0,3.4,327
4570,16452000,20.4,65.8,621.3,260.546,0,3.1,309
4571,16455600,21.1,58.7,512.5,374.26,0,4.1,303
4572,16459200,21.3,55.2,359.4,336.861,0,4,302
4573,16462800,16.8,64.4,224,219.979,0,5,49
4574,16466400,16.1,79.9,222.9,218.674,0,3.8,324
4575,16470000,17.8,81.2,348.7,308.186,0,3.4,356
4576,16473600,18,77.6,256.2,239.143,0,3.6,311
4577,16477200,18.7,76.2,171.4,165.233,0,3.6,300
4578,16480800,18.8,75.2,142.1,131.673,0,2.3,324
4579,16484400,19.8,72.7,130.1,73.5637,0,2.7,305
4580,16488000,18.9,74.1,60.2,60.2,0,2.7,308
4581,16491600,18.2,78.4,0,0,0,1.4,304
4582,16495200,16.8,80.5,0,0,0,2,318
4583,16498800,16.3,83.9,0,0,0,1.9,304
4584,16502400,15.4,87.1,0,0,0,1.6,311
4585,16506000,15.1,88.8,0,0,0,3.1,307
4586,16509600,15.1,89.1,0,0,0,2.2,287
4587,16513200,14.7,89.4,0,0,0,2.3,283
4588,16516800,14.7,87.8,0,0,0,3,310
4589,16520400,13.9,86.7,35,34.328,0,2.8,303
4590,16524000,14.6,85.1,123.2,111.857,0,2.8,281
4591,16527600,16.1,79.7,255.9,185.985,0,3.6,290
4592,16531200,18.6,74,386.4,231.651,0,4.8,303
4593,16534800,19.7,68.8,394.3,304.272,0,5,291
4594,16538400,20.7,64.2,498.6,339.236,0,5.9,295
4595,16542000,21.7,59.3,626.5,319.008,0,7.1,308
4596,16545600,23.2,53.5,648,328.135,0,6.5,298
4597,16549200,23.2,49.8,352.7,330.928,0,6,302
4598,16552800,22.3,52.2,212,208.172,0,6.4,310
4599,16556400,22.9,52.6,253.1,244.824,0,7.6,324
4600,16560000,24,46.3,171.6,168.281,0,6.3,309
4601,16563600,18.7,54.2,80.6,79.6611,0,4.4,39
4602,16567200,18.4,67.6,97.4,95.3926,0,5.8,350
4603,16570800,18.7,67.7,89.6,78.111,0,4.6,349
4604,16574400,18.3,69.5,12.7,12.7,0,5.6,325
4605,16578000,16.7,75.2,0,0,0,5.2,346
4606,16581600,15.8,85.2,0,0,0,3.2,319
4607,16585200,15.8,90.5,0,0,0,3.4,279
4608,16588800,15.6,91.8,0,0,0,3,293
4609,16592400,15.5,93.1,0,0,0,3.3,284
4610,16596000,15.4,93.4,0,0,0,3.7,279
4611,16599600,15.5,94,0,0,0,3.4,300
4612,16603200,15.6,94.1,0,0,0,3.4,280
4613,16606800,15.6,94.2,3.9,3.8915,0,3.8,280
4614,16610400,15.6,95.2,16.1,16.0338,0,3.6,287
4615,16614000,15.5,95.7,32.3,32.1281,0,3.7,278
4616,16617600,15.4,95.7,49.5,49.1978,0,4,284
4617,16621200,15.8,95.8,77.9,77.2863,0,4.1,287
4618,16624800,16.1,94.8,149.6,147.618,0,3.6,302
4619,16628400,16.3,93.6,170.1,167.733,0,4,310
4620,16632000,16.9,93.6,160.9,158.848,0,3.2,301
4621,16635600,17.3,92.4,197.5,194.366,0,3.4,262
4622,16639200,17.3,92.2,186.5,183.533,0,3.3,317
4623,16642800,17.6,92.9,197.8,194.073,0,3.4,289
4624,16646400,17.4,92.3,144.6,142.238,0,3.7,281
4625,16650000,17.6,92.4,70.5,69.7797,0,2.6,281
4626,16653600,17.6,93.1,45.8,45.3604,0,3,253
4627,16657200,17.7,93.9,29.1,28.7761,0,3,218
4628,16660800,17.7,95.2,11.5,11.5,0,2.5,247
4629,16664400,17.9,96.3,0,0,0,2.3,235
4630,16668000,18.1,96.6,0,0,0,2.3,240
4631,16671600,18.1,96.7,0,0,0,1.8,233
4632,16675200,18.1,96.1,0,0,0,1.6,316
4633,16678800,17.7,96,0,0,0,1.4,328
4634,16682400,17.5,96.4,0,0,0,2.3,279
4635,16686000,17.3,96.2,0,0,0,2.3,270
4636,16689600,17.6,95.8,0,0,0,1.9,225
4637,16693200,17.6,96,3,2.99488,0,1.9,235
4638,16696800,17.7,96.1,25.4,25.2339,0,2.4,212
4639,16700400,17.6,96.2,91.7,90.3079,0,2.6,262
4640,16704000,17.6,95.4,149.3,146.541,0,2.7,257
4641,16707600,17.9,93.8,277,260.434,0,2.7,232
4642,16711200,18.9,89.2,407.9,341.436,0,3.4,232
4643,16714800,19.6,84.5,491.9,374.406,0,3.2,217
4644,16718400,20.6,76.8,483.7,386.113,0,4.7,236
4645,16722000,21.3,69.5,428.4,370.291,0,3.2,234
4646,16725600,20.5,72,415.3,352.487,0,3.7,243
4647,16729200,22.4,68.1,532.6,275.974,0,3.3,232
4648,16732800,23.1,58.9,454.2,228.616,0,3.6,247
4649,16736400,22.9,58.1,336.6,190.148,0,3.1,243
4650,16740000,22.6,60.5,192.4,145.663,0,2.5,252
4651,16743600,22.2,62.6,85.6,75.7126,0,3,294
4652,16747200,20.7,68.9,33.4,33.4,0,2.1,310
4653,16750800,19.4,79,0,0,0,1.4,84
4654,16754400,18.7,87,0,0,0,1.5,108
4655,16758000,18.7,90.1,0,0,0,1.8,155
4656,16761600,18.2,91.4,0,0,0,1.5,181
4657,16765200,17.8,92.9,0,0,0,2.2,207
4658,16768800,17.6,94,0,0,0,1.7,194
4659,16772400,17,95.2,0,0,0,1.2,173
4660,16776000,16.4,96.3,0,0,0,1.9,204
4661,16779600,17,95.8,5.2,5.1843,0,1.4,185
4662,16783200,17.9,92.4,53.3,52.5623,0,1.1,235
4663,16786800,19.1,87.3,150.5,144.804,0,1.3,223
4664,16790400,20.8,79.8,296.8,245.1,0,1.5,244
4665,16794000,23.4,66.8,531.2,233.542,0,1.5,289
4666,16797600,24.6,56.2,584,286.577,0,2.6,232
4667,16801200,24.6,52.6,548,361.414,0,3.2,236
4668,16804800,25.1,52.5,554.3,377.226,0,3.3,231
4669,16808400,25.5,52.2,685.6,280.507,0,4,237
4670,16812000,26.7,48.9,682.1,229.689,0,4.1,242
4671,16815600,26.9,47.5,481.8,305.692,0,4.3,257
4672,16819200,25.8,51.4,304,262.667,0,4.5,298
4673,16822800,27.1,52.2,393.3,141.363,0,3.2,301
4674,16826400,26.4,50.5,267.1,101.122,0,3.5,295
4675,16830000,25.8,53.4,113.7,76.5749,0,3,338
4676,16833600,25.1,57.9,27.1,27.1,0,2.6,336
4677,16837200,22.9,65.6,0,0,0,2.4,289
4678,16840800,22.1,74.7,0,0,0,1.6,256
4679,16844400,21.2,80.5,0,0,0,1.4,248
4680,16848000,20.7,85,0,0,0,1.4,212
4681,16851600,19.4,86.8,0,0,0,2.8,219
4682,16855200,18.6,90.1,0,0,0,1,300
4683,16858800,19.2,92.9,0,0,0,1.7,228
4684,16862400,19.4,93.4,0,0,0,1,273
4685,16866000,20,93,3.1,3.0943,0,1.5,250
4686,16869600,20.3,91.5,12.3,12.2604,0,2.3,285
4687,16873200,20.1,90.1,38,37.7585,0,2.8,264
4688,16876800,19.5,89.3,80.3,79.4965,0,2.3,286
4689,16880400,19.8,86.6,163.4,160.679,0,1.7,299
4690,16884000,20.4,82.9,221.4,217.027,0,1.7,289
4691,16887600,20.9,78.7,238.1,233.437,0,2.1,263
4692,16891200,22,73.3,261.7,256.053,0,2.3,245
4693,16894800,17.6,80.1,144.7,143.01,0,6,288
4694,16898400,17.1,90.5,247.4,241.862,0,5.3,302
4695,16902000,18.8,83.7,452.2,315.462,0,3.6,315
4696,16905600,19.8,73.6,456.9,223.756,0,5,296
4697,16909200,20.2,68.3,357.6,171.911,0,4.8,299
4698,16912800,20.5,67.2,248.9,115.716,0,2.8,317
4699,16916400,20.8,65.9,166.6,33.764,0,2.5,284
4700,16920000,19.4,67.7,45.2,45.2,0,2.2,240
4701,16923600,17.4,79.1,0,0,0,2.8,262
4702,16927200,17.3,89.4,0,0,0,2.9,244
4703,16930800,17.2,90.7,0,0,0,3.5,269
4704,16934400,17,90,0,0,0,3,271
4705,16938000,16.3,90.5,0,0,0,3,277
4706,16941600,16,92.3,0,0,0,2.9,283
4707,16945200,15.7,94,0,0,0,2.6,272
4708,16948800,15.5,95.1,0,0,0,2.3,272
4709,16952400,15,95.7,20.3,20.0502,0,1.9,239
4710,16956000,15.6,95.8,127.3,111.559,0,2.6,243
4711,16959600,17,91.8,220.5,181.267,0,2.3,253
4712,16963200,18.1,82.3,370.5,232.575,0,2.4,236
4713,16966800,19.4,71.8,429.2,294.166,0,2.6,243
4714,16970400,18.8,66.9,212.4,208.372,0,3.4,237
4715,16974000,19.5,65,291.6,282.135,0,1.8,230
4716,16977600,21.2,58.4,701.1,275.563,0,2.1,284
4717,16981200,21.3,52.6,649.5,309.401,0,3,144
4718,16984800,18.9,56.2,155.7,153.619,0,4.4,165
4719,16988400,16.8,70.9,161.3,158.804,0,3.3,252
4720,16992000,16.8,80.6,368.7,267.404,0,4.4,313
4721,16995600,18.4,76.7,493.8,81.477,0,1.7,333
4722,16999200,19.5,71.6,341,56.265,0,1.9,301
4723,17002800,19.7,68.5,173.8,29.4967,0,2.3,306
4724,17006400,18.9,72.8,51.1,51.1,0,1.1,314
4725,17010000,17.1,82.5,0,0,0,1.7,238
4726,17013600,16.6,89.8,0,0,0,2.2,244
4727,17017200,16.6,92.5,0,0,0,2.1,285
4728,17020800,16.9,92.2,0,0,0,2.5,257
4729,17024400,17.1,90.2,0,0,0,2.8,267
4730,17028000,16.9,89.3,0,0,0,2.5,283
4731,17031600,17,89.5,0,0,0,3.1,288
4732,17035200,16.6,89.2,0,0,0,3.1,273
4733,17038800,16.3,90.3,14.7,14.566,0,3,278
4734,17042400,16.6,90.3,76,74.4391,0,3.3,270
4735,17046000,17.4,86.2,204,176.274,0,5.1,270
4736,17049600,17.9,81.1,241.3,221.647,0,5.2,291
4737,17053200,17.9,78.6,259.1,246.769,0,5.2,281
4738,17056800,18.6,76,272.9,263.501,0,5.1,264
4739,17060400,18.5,72.7,264,257.685,0,5.7,261
4740,17064000,17.9,73.3,163.9,161.754,0,5.4,271
4741,17067600,17.6,77.7,135.4,133.916,0,4.4,259
4742,17071200,16.5,87.1,108.5,107.488,0,4.4,252
4743,17074800,16.5,95.3,95.6,94.7212,0,4.4,250
4744,17078400,16.9,95.9,135.9,133.789,0,4,253
4745,17082000,17.4,96.1,84.7,83.6426,0,3.9,258
4746,17085600,18,96.2,91.8,89.9819,0,3.9,277
4747,17089200,18.8,95.9,81.3,72.1153,0,3.5,296
4748,17092800,19.1,95.5,28.7,28.7,0,2.5,295
4749,17096400,19.1,95.7,0,0,0,1.9,311
4750,17100000,19.1,95.9,0,0,0,2.7,322
4751,17103600,19.2,95,0,0,0,3.2,330
4752,17107200,18.7,94.4,0,0,0,3.3,336
4753,17110800,18.4,95.1,0,0,0,2.8,333
4754,17114400,18.2,95.7,0,0,0,3,317
4755,17118000,18.1,95.6,0,0,0,2.9,300
4756,17121600,18,95.9,0,0,0,2.7,345
4757,17125200,17.8,96,5.8,5.77862,0,2.4,328
4758,17128800,18,95.5,29.5,29.2656,0,2.3,344
4759,17132400,18.7,92.9,107,105.054,0,1.8,353
4760,17136000,18.8,90.2,159.6,156.364,0,2.2,16
4761,17139600,19.4,87.7,322.1,284.765,0,1.5,39
4762,17143200,20.5,83,523.3,321.094,0,2,311
4763,17146800,21.1,78.1,468.3,370.933,0,2.6,269
4764,17150400,22.2,71.4,399.1,358.872,0,2.7,303
4765,17154000,21.6,65.3,231.8,227.442,0,3.4,5
4766,17157600,21.9,64.9,339.1,315.255,0,2.3,24
4767,17161200,22.8,63.1,493.4,295.339,0,1.4,4
4768,17164800,23.3,57.2,521.9,159.057,0,1.7,290
4769,17168400,24,54.1,435.4,96.1737,0,1.4,310
4770,17172000,24.8,53,301.6,62.6499,0,1.4,257
4771,17175600,24.2,53.8,149.2,41.5058,0,1,5
4772,17179200,23,63.8,33,33,0,0.7,164
4773,17182800,22.1,75.7,0,0,0,1.1,207
4774,17186400,21.2,79.8,0,0,0,1,183
4775,17190000,20.4,85.2,0,0,0,1.1,214
4776,17193600,20.1,89.1,0,0,0,1,210
4777,17197200,19.3,89.5,0,0,0,0.8,204
4778,17200800,19.2,90.5,0,0,0,0.7,264
4779,17204400,18.7,92.4,0,0,0,0.9,216
4780,17208000,18.2,94.5,0,0,0,0.9,133
4781,17211600,18.1,95.5,13.5,13.3812,0,0.8,233
4782,17215200,20.1,93.7,108.7,100.665,0,0.5,40
4783,17218800,21.9,86.1,265.7,172.461,0,0.6,25
4784,17222400,23.7,74.7,426.6,187.781,0,0.5,49
4785,17226000,24.9,63.8,559.9,196.89,0,1.2,237
4786,17229600,25,57.3,620.9,245.597,0,1.6,354
4787,17233200,25,53.4,694.5,246.585,0,1.9,98
4788,17236800,27,46.9,739.5,233.879,0,2.1,9
4789,17240400,27,42,707.9,251.686,0,2.9,134
4790,17244000,27.3,40.3,731.3,176.802,0,2.2,117
4791,17247600,27.7,41,565.3,239.993,0,2,153
4792,17251200,27.7,42.9,479.2,197.672,0,2.4,148
4793,17254800,28.2,43.1,454.6,83.0797,0,1.6,164
4794,17258400,29.4,41.2,323.7,53.6009,0,1.5,190
4795,17262000,28.3,43.8,174.7,28.8255,0,1.3,178
4796,17265600,27.1,53,48.7,48.7,0,1.1,123
4797,17269200,24.6,63.8,0,0,0,1.6,48
4798,17272800,24.2,71.3,0,0,0,2.1,61
4799,17276400,24,74,0,0,0,2.3,69
4800,17280000,23.7,76,0,0,0,2.8,78
4801,17283600,23.1,78.5,0,0,0,2.6,89
4802,17287200,22.7,81.5,0,0,0,1.8,85
4803,17290800,22.3,84.9,0,0,0,1.6,91
4804,17294400,21.8,88,0,0,0,1.3,107
4805,17298000,21.8,89.3,8.9,8.84697,0,2.1,102
4806,17301600,22.6,87.8,96.5,91.919,0,2.7,90
4807,17305200,23.9,82.8,250.5,175.956,0,1.9,108
4808,17308800,25.2,75.6,385.8,217.251,0,3,111
4809,17312400,26.2,67.1,507,242.789,0,3.7,100
4810,17316000,27.5,58.7,666.3,200.288,0,3.8,107
4811,17319600,28.1,52.3,764.7,180.297,0,3.2,114
4812,17323200,28.7,46.6,800.6,178.318,0,2.8,132
4813,17326800,29.6,42,817.5,157.777,0,3.1,125
4814,17330400,30,40.1,697.1,205.659,0,3.1,122
4815,17334000,30.3,40.2,555.9,246.554,0,3,176
4816,17337600,30.9,40,438.6,229.705,0,2.5,125
4817,17341200,31.2,40.5,426.2,99.5687,0,2,70
4818,17344800,31,42,303.3,58.2074,0,2.9,116
4819,17348400,29.8,45.3,141.6,43.416,0,2.7,108
4820,17352000,28.1,51.8,41.4,41.4,0,3,90
4821,17355600,26.8,57.7,0,0,0,2.9,94
4822,17359200,26.3,60.4,0,0,0,3.4,92
4823,17362800,25.5,63.5,0,0,0,3.1,99
4824,17366400,24.9,67.3,0,0,0,2.7,96
4825,17370000,24,71,0,0,0,2.6,100
4826,17373600,24.3,72.3,0,0,0,2.9,102
4827,17377200,23.9,74.2,0,0,0,1.5,336
4828,17380800,23.5,79.2,0,0,0,3.1,345
4829,17384400,22.9,83.7,2,1.99725,0,1.6,26
4830,17388000,22.8,86.5,33.6,33.2863,0,1.1,247
4831,17391600,23.2,85,68.4,67.5903,0,1.1,109
4832,17395200,23.7,80,103.9,102.523,0,1.2,109
4833,17398800,23.9,76.2,174.6,171.44,0,1.9,255
4834,17402400,23.6,73.6,222.7,218.183,0,2.6,275
4835,17406000,22.4,75.3,140.2,138.565,0,3.5,287
4836,17409600,20.9,85.4,110,109.026,0,2.6,274
4837,17413200,21.1,92.9,115.5,114.412,0,3,300
4838,17416800,20.4,93.7,117.8,116.597,0,4.2,311
4839,17420400,20.3,93,146.2,144.125,0,5.4,267
4840,17424000,19.9,91.3,97,95.9111,0,5.1,290
4841,17427600,18.9,91.4,57.8,57.299,0,6,300
4842,17431200,16.6,95.4,42.5,42.1001,0,5.9,309
4843,17434800,16.1,97.9,27.3,26.9805,0,5.3,287
4844,17438400,16,97.3,11,11,0,4.1,301
4845,17442000,16.1,96.8,0,0,0,3.7,301
4846,17445600,16.3,96.6,0,0,0,2.6,281
4847,17449200,16.2,96.7,0,0,0,2.9,255
4848,17452800,16.4,96.8,0,0,0,2.2,269
4849,17456400,16.4,96.4,0,0,0,1.9,260
4850,17460000,16.3,96.3,0,0,0,1.3,281
4851,17463600,16.8,96.4,0,0,0,1.6,236
4852,17467200,17,96,0,0,0,1.6,218
4853,17470800,17,96.2,2,1.99716,0,2.5,229
4854,17474400,17.4,95.8,45.2,44.6261,0,3.1,254
4855,17478000,17.5,94.3,171.9,158.551,0,3.2,252
4856,17481600,18.2,89.1,342.3,234.689,0,4.2,242
4857,17485200,19.1,81.9,429.3,286.487,0,5,261
4858,17488800,19.9,77.1,508.1,322.894,0,5.5,260
4859,17492400,20.4,72.7,621.6,306.402,0,5.5,261
4860,17496000,21.1,69.1,445.5,374.828,0,4.8,245
4861,17499600,17.5,79.8,212.8,209.099,0,3.4,220
4862,17503200,19.6,89.7,392.7,341.451,0,4.5,236
4863,17506800,19.7,84.4,494.1,289.199,0,3.7,263
4864,17510400,20.8,76.5,548.4,127.55,0,4.9,285
4865,17514000,20.6,72.1,176.2,167.802,0,3.6,190
4866,17517600,19.9,74.9,119.3,113.554,0,2.4,287
4867,17521200,19.6,77.7,74.2,66.3372,0,2.7,213
4868,17524800,18.4,79.6,12,12,0,4.4,244
4869,17528400,18.2,80.7,0,0,0,5,208
4870,17532000,17.6,84,0,0,0,3.4,239
4871,17535600,17.3,87.6,0,0,0,3.5,233
4872,17539200,17.5,88.5,0,0,0,3.5,233
4873,17542800,17.9,88,0,0,0,3.4,235
4874,17546400,17.7,88.7,0,0,0,3.4,227
4875,17550000,17.4,91.9,0,0,0,3.4,216
4876,17553600,17.5,93.9,0,0,0,3.4,223
4877,17557200,17.5,94.7,2.3,2.29613,0,3.8,227
4878,17560800,17.3,95.1,11.4,11.3631,0,3.9,222
4879,17564400,17.5,94.8,44,43.6607,0,4.2,232
4880,17568000,17.8,93.4,120.8,118.923,0,4.6,233
4881,17571600,17.8,91.6,152.4,149.977,0,5,233
4882,17575200,18.3,88.3,154.2,152.041,0,5.4,236
4883,17578800,18.4,85.6,192.7,189.597,0,4,240
4884,17582400,18.9,83.7,180,177.381,0,4.1,255
4885,17586000,18.7,84.8,128.4,127.05,0,3.2,212
4886,17589600,20.1,85.1,119.6,118.354,0,2.9,194
4887,17593200,20.4,77.7,83.7,83.0162,0,3.9,254
4888,17596800,20.5,73,85,84.158,0,3.7,268
4889,17600400,18.8,80,99.1,97.6124,0,3.5,286
4890,17604000,19.1,87.7,115.8,110.681,0,3.7,281
4891,17607600,20,85.7,71.6,64.5345,0,2.8,247
4892,17611200,19.9,83.6,14.1,14.1,0,3.5,281
4893,17614800,19.6,84.5,0,0,0,3.1,261
4894,17618400,20.6,81.7,0,0,0,3.7,268
4895,17622000,20.1,80.4,0,0,0,2.6,274
4896,17625600,19.7,84.3,0,0,0,2.9,297
4897,17629200,19.2,85.1,0,0,0,2.7,296
4898,17632800,18.6,86,0,0,0,2.4,275
4899,17636400,18,89.4,0,0,0,2.4,257
4900,17640000,17.6,92.1,0,0,0,2.4,283
4901,17643600,17.7,92.2,5.3,5.27876,0,2.1,256
4902,17647200,17.9,90.6,21.4,21.2684,0,2.2,239
4903,17650800,18.5,87.9,58,57.4065,0,2.7,271
4904,17654400,18.9,85.7,155,151.876,0,3,306
4905,17658000,19.4,83.9,247.3,236.652,0,3.2,279
4906,17661600,19.8,82.8,296.7,281.559,0,3.2,289
4907,17665200,20.1,80.5,286.5,277.231,0,3.6,282
4908,17668800,21,77,365.4,338.309,0,3.7,301
4909,17672400,21.5,74.1,433.1,367.027,0,3.4,297
4910,17676000,21,73.5,381.2,336.025,0,3.2,297
4911,17679600,22.9,70.9,385.1,312.299,0,3.2,282
4912,17683200,22.8,67.9,361.1,260.291,0,2.8,289
4913,17686800,22.2,68.6,274.9,200.393,0,2.3,320
4914,17690400,22.5,67.6,175,135.245,0,2.3,43
4915,17694000,22.4,67.6,114.2,56.8648,0,2.4,263
4916,17697600,21.2,70.6,24.5,24.5,0,1.6,265
4917,17701200,20.1,73.9,0,0,0,1.8,250
4918,17704800,19.2,78.2,0,0,0,1.9,316
4919,17708400,18.8,82.3,0,0,0,1.7,257
4920,17712000,18.7,85.1,0,0,0,1,326
4921,17715600,19.3,88.3,0,0,0,1.5,223
4922,17719200,19.6,88.6,0,0,0,2.5,289
4923,17722800,19.3,91,0,0,0,3.2,279
4924,17726400,19,95.6,0,0,0,2.5,175
4925,17730000,19.1,96.8,2.8,2.79387,0,1.4,215
4926,17733600,19.1,96.7,18.9,18.7961,0,2.1,275
4927,17737200,19.1,96.1,38.8,38.5326,0,2.5,238
4928,17740800,19.1,95.8,68.6,67.9892,0,2.1,235
4929,17744400,19.4,93.9,158.2,155.572,0,3,252
4930,17748000,20.3,88.8,350.2,314.791,0,3.7,284
4931,17751600,20.2,86,294.1,283.538,0,3.7,245
4932,17755200,20.6,84.5,207.1,203.618,0,3.5,256
4933,17758800,20.8,82.5,218.5,214.572,0,3.5,253
4934,17762400,21.1,82.1,321.1,301.83,0,2.9,248
4935,17766000,22.8,77.7,540.5,249.795,0,3.9,268
4936,17769600,24.2,71.5,522.6,143.027,0,3.4,79
4937,17773200,24.1,69.2,366.8,141.946,0,4.2,169
4938,17776800,23.6,70.7,245.4,94.7291,0,4.1,308
4939,17780400,23,73.9,149.6,25.7308,0,4.6,219
4940,17784000,21.7,77.1,40.6,40.6,0,3.9,71
4941,17787600,20.5,82.7,0,0,0,3.7,264
4942,17791200,20.6,87.4,0,0,0,3.5,195
4943,17794800,20.8,88.8,0,0,0,3,281
4944,17798400,20.9,90.4,0,0,0,3,295
4945,17802000,20.4,92.3,0,0,0,3.5,342
4946,17805600,20.4,93,0,0,0,3.7,315
4947,17809200,19.9,92.8,0,0,0,3,299
4948,17812800,19.2,91.9,0,0,0,3.5,299
4949,17816400,18.9,90.6,2.1,2.09642,0,3.4,283
4950,17820000,18.7,89.4,20.3,20.1786,0,3.2,4
4951,17823600,18.7,87.6,75.9,74.8696,0,3.1,298
4952,17827200,18.7,85.3,138.3,135.806,0,3.3,305
4953,17830800,18.8,82.8,203.8,199.097,0,3.3,332
4954,17834400,18.8,79.3,214.8,210.573,0,2.7,290
4955,17838000,19.3,74.8,212.9,209.085,0,2.9,290
4956,17841600,18.9,72.8,187.4,184.542,0,2.8,301
4957,17845200,19.1,73,187.2,184.31,0,3.2,300
4958,17848800,19.7,71.3,322,302.242,0,3.4,284
4959,17852400,20.3,68.4,460.8,299.543,0,2.1,301
4960,17856000,21.5,63.9,389.5,248.236,0,1.9,303
4961,17859600,21.5,61.9,250.9,199.104,0,2.8,319
4962,17863200,21.3,65.6,151.2,129.546,0,1.7,327
4963,17866800,20.9,68.6,92.3,64.075,0,1.3,330
4964,17870400,20.3,71.8,10.8,10.8,0,1.5,308
4965,17874000,18.8,79,0,0,0,1,299
4966,17877600,18,84.4,0,0,0,1,204
4967,17881200,16.9,88.9,0,0,0,1.1,137
4968,17884800,16.9,92,0,0,0,0.9,226
4969,17888400,16.8,92.8,0,0,0,1,232
4970,17892000,16.7,94,0,0,0,0.6,244
4971,17895600,17,93.9,0,0,0,0.8,176
4972,17899200,16.9,93.3,0,0,0,0.6,306
4973,17902800,17,93.9,2.3,2.29554,0,0.4,232
4974,17906400,18.2,92.3,17.7,17.6065,0,0.6,223
4975,17910000,19.2,85.5,105.4,103.399,0,0.6,204
4976,17913600,20.4,78.6,267.2,228.753,0,0.8,45
4977,17917200,21.6,70.5,362.8,289.761,0,0.7,264
4978,17920800,22.1,61.5,389.5,328.833,0,1.5,300
4979,17924400,22.9,56.9,513.3,357.966,0,1.3,322
4980,17928000,23.2,53.5,583.4,348.699,0,1.9,280
4981,17931600,24.1,48.2,678.1,264.038,0,1.4,346
4982,17935200,24,47.5,548.5,318.743,0,2,348
4983,17938800,24.7,48.8,612.5,177.887,0,1.3,293
4984,17942400,25.8,46.1,548.5,116.988,0,1.1,225
4985,17946000,25,46.4,376.2,127.17,0,1.2,75
4986,17949600,25,49.5,233.1,99.9019,0,2.1,103
4987,17953200,24,53.1,134.8,28.8981,0,1.5,126
4988,17956800,21.9,64.4,27.4,27.4,0,4.4,284
4989,17960400,21.2,76.9,0,0,0,4,310
4990,17964000,21.3,80.1,0,0,0,3.2,341
4991,17967600,20.9,81.4,0,0,0,2.5,299
4992,17971200,20.6,83.6,0,0,0,2.4,300
4993,17974800,20.3,85.6,0,0,0,3.4,304
4994,17978400,19.9,87.8,0,0,0,3.5,293
4995,17982000,19.8,89.7,0,0,0,3.3,315
4996,17985600,19.8,89.8,0,0,0,3.1,326
4997,17989200,19.4,90.8,2.1,2.09613,0,2.6,344
4998,17992800,19.4,91.7,14.7,14.6347,0,2.8,341
4999,17996400,19.4,90.4,47.3,46.894,0,3.9,345
5000,18000000,18.7,89.4,110.1,108.504,0,3.2,342
5001,18003600,19.3,89.7,277.2,257.135,0,3.8,314
5002,18007200,20.8,81.9,431.2,333.444,0,4.3,319
5003,18010800,21.2,72.4,454,362.272,0,4.3,326
5004,18014400,22.1,64.5,532.6,368.638,0,5.8,335
5005,18018000,22.3,60,454.3,368.743,0,6.5,322
5006,18021600,21,65,359.8,324.379,0,6.1,303
5007,18025200,21.4,67,258.1,247.472,0,4.9,326
5008,18028800,23.1,56.7,499,157.132,0,6.7,318
5009,18032400,22.8,49.6,418,87.8332,0,6.5,312
5010,18036000,22.8,49.8,247,83.5515,0,6.7,314
5011,18039600,22.3,50.7,135.5,25.8618,0,5,316
5012,18043200,21.3,53.9,29.6,29.6,0,4,315
5013,18046800,20.9,58.4,0,0,0,4.6,316
5014,18050400,20,62.6,0,0,0,4.2,308
5015,18054000,19,68.3,0,0,0,3.9,286
5016,18057600,19.5,72.1,0,0,0,3.7,279
5017,18061200,18.7,73.4,0,0,0,4.5,286
5018,18064800,17.4,76,0,0,0,4.6,279
5019,18068400,16.6,80.4,0,0,0,4.5,287
5020,18072000,16.3,84.4,0,0,0,4.1,290
5021,18075600,16,86.4,7.4,7.3498,0,3.8,289
5022,18079200,16.2,86.9,66.3,64.9344,0,4.8,284
5023,18082800,17.2,84.5,204.5,166.986,0,5.3,284
5024,18086400,18.2,79,312.3,231.236,0,5.9,296
5025,18090000,18.8,72.5,420.4,279.134,0,5.5,292
5026,18093600,18.9,68.6,512.9,309.323,0,5.8,270
5027,18097200,19.2,65.6,376.2,338.41,0,6,272
5028,18100800,19.8,63.1,483.9,374.492,0,5.8,257
5029,18104400,20.1,60.2,608.3,319.102,0,5.4,254
5030,18108000,20.9,56.4,670,211.79,0,5.5,242
5031,18111600,19,62.5,415.3,307.441,0,6.7,272
5032,18115200,20.7,64,436.6,211.525,0,4.5,259
5033,18118800,21.3,55.5,440.6,75.3395,0,5,280
5034,18122400,20.7,54.5,268.8,60.6684,0,4.5,278
5035,18126000,20.4,57.3,151.8,25.047,0,3.1,267
5036,18129600,19.4,62.4,30.9,30.9,0,2.6,265
5037,18133200,18.2,66.1,0,0,0,3,274
5038,18136800,17.5,69.6,0,0,0,2.6,246
5039,18140400,17,74,0,0,0,2.7,250
5040,18144000,16,78.2,0,0,0,2.2,244
5041,18147600,15.6,82.6,0,0,0,2,233
5042,18151200,15.7,83.5,0,0,0,2.7,228
5043,18154800,15.5,83.6,0,0,0,2.3,245
5044,18158400,15,85.3,0,0,0,2.5,227
5045,18162000,15,86,12,11.8618,0,2.5,243
5046,18165600,15.5,83.9,92.4,86.3556,0,2,240
5047,18169200,16.8,79.7,240.7,162.304,0,2.4,251
5048,18172800,18,73.6,394.3,188.468,0,2.8,242
5049,18176400,19.3,66.3,520.8,207.407,0,4,249
5050,18180000,19.3,59.7,564,272.246,0,4.9,269
5051,18183600,20.4,54.2,639.6,274.667,0,4.8,249
5052,18187200,21.2,49.6,720.2,229.291,0,4.7,260
5053,18190800,20.9,47.2,694.4,241.376,0,4.3,252
5054,18194400,21.3,46.7,679.7,200.027,0,3.1,266
5055,18198000,22.2,43.1,677.2,123.309,0,4.1,232
5056,18201600,23.1,40,498.7,151.546,0,3.8,278
5057,18205200,23,39.3,342.2,149.669,0,3.9,257
5058,18208800,23.1,41.1,188.8,122.038,0,3,287
5059,18212400,22.2,44.2,109.1,41.3203,0,4,270
5060,18216000,21,49.8,12.4,12.4,0,4.2,296
5061,18219600,19.7,58.7,0,0,0,2.7,281
5062,18223200,19.3,64.6,0,0,0,2.2,236
5063,18226800,19.6,65.3,0,0,0,2.6,247
5064,18230400,19.4,64.9,0,0,0,2.2,267
5065,18234000,19.1,66.7,0,0,0,2.6,247
5066,18237600,18.9,68.5,0,0,0,2.5,223
5067,18241200,16.8,77.6,0,0,0,2.9,235
5068,18244800,16.4,88.4,0,0,0,2.1,212
5069,18248400,16.1,90.3,9.7,9.60524,0,2.7,213
5070,18252000,16.2,90,35.1,34.7118,0,2.9,222
5071,18255600,16.4,87.5,89.3,87.8196,0,3.7,222
5072,18259200,16.5,84,153.4,150.189,0,4.1,223
5073,18262800,17.6,79.8,293.7,265.58,0,4.5,219
5074,18266400,18.4,74.4,337.5,305.876,0,5.3,231
5075,18270000,18.9,68.3,296.2,284.597,0,4.7,231
5076,18273600,15.4,74.9,101.3,100.454,0,5.3,266
5077,18277200,16.2,89,195.1,191.919,0,2.8,227
5078,18280800,18.2,85.4,429,343.963,0,4.1,221
5079,18284400,17.7,82.4,276.1,260.532,0,5.1,282
5080,18288000,18.1,81.4,382.5,241.785,0,5.1,286
5081,18291600,18.2,76.7,305.1,175.121,0,5.6,279
5082,18295200,18.3,75.9,159.6,125.714,0,3.6,259
5083,18298800,18.1,74.9,100.2,45.6287,0,3.3,277
5084,18302400,18,75.4,25.2,25.2,0,1.9,254
5085,18306000,17.8,77.5,0,0,0,2.6,226
5086,18309600,17,79.9,0,0,0,2.4,229
5087,18313200,16.9,81.7,0,0,0,2.4,212
5088,18316800,16.8,83,0,0,0,1.8,218
5089,18320400,16.5,88.2,0,0,0,2.1,185
5090,18324000,16.5,88.6,0,0,0,2.5,224
5091,18327600,16.4,89.6,0,0,0,2.4,219
5092,18331200,16.2,91,0,0,0,2.4,245
5093,18334800,16.2,92.3,2.4,2.39398,0,1.9,237
5094,18338400,16.2,92.9,38.9,38.4161,0,2.2,262
5095,18342000,17.2,90.4,116.9,114.074,0,3,253
5096,18345600,17.7,86.3,263.8,224.014,0,2.8,251
5097,18349200,18.6,81.6,286.4,261.219,0,3.2,261
5098,18352800,18.8,77.4,289.1,274.474,0,3.2,247
5099,18356400,19.4,74.1,445.2,357.928,0,3.4,241
5100,18360000,20.2,71.2,442.5,367.601,0,3.6,224
5101,18363600,17.3,79,232.8,228.257,0,4.8,241
5102,18367200,18.5,85.7,374.8,329.316,0,3.7,210
5103,18370800,19.9,77.8,437.5,298.069,0,3.3,222
5104,18374400,19.9,71,213.6,204.377,0,3.2,228
5105,18378000,21.3,67.3,384.9,102.89,0,3.2,228
5106,18381600,21.6,66,263.7,55.5102,0,3.2,219
5107,18385200,21.4,65,128.5,21.3334,0,2.3,246
5108,18388800,20,69.1,26.2,26.2,0,2,194
5109,18392400,19.3,76.1,0,0,0,2.6,231
5110,18396000,18.3,79.8,0,0,0,2,234
5111,18399600,17.8,83.2,0,0,0,2.5,212
5112,18403200,17.4,85.9,0,0,0,2.4,238
5113,18406800,17.3,87.9,0,0,0,2.2,232
5114,18410400,17,89.6,0,0,0,2.2,239
5115,18414000,17,90.9,0,0,0,2.3,229
5116,18417600,17,90.9,0,0,0,2.4,233
5117,18421200,17.4,90.6,2.7,2.69238,0,2.3,252
5118,18424800,17.6,89.9,19,18.8828,0,2.7,266
5119,18428400,17.2,91.3,116.9,114.011,0,3,257
5120,18432000,17.7,89.8,233.1,210.893,0,3.4,276
5121,18435600,18.3,82.9,333.9,279.821,0,3.3,264
5122,18439200,19.2,75.2,397.8,326.084,0,3.4,251
5123,18442800,19.2,70.6,489.3,355.465,0,3.2,268
5124,18446400,20.2,66.7,492.8,369.769,0,3.7,216
5125,18450000,20.9,63.2,593.4,321.227,0,3.4,226
5126,18453600,21.1,63.8,515.5,325.146,0,3.1,260
5127,18457200,22.5,60.6,634.2,143.462,0,3.4,239
5128,18460800,23,54.3,521.1,122.51,0,4.3,240
5129,18464400,23.2,51.8,423,74.5869,0,3,245
5130,18468000,23.2,51.7,262.1,53.6525,0,3.2,264
5131,18471600,22.7,53,125.9,20.7774,0,2.7,246
5132,18475200,20.9,60.1,23.2,23.2,0,1.6,218
5133,18478800,19.4,69.6,0,0,0,1.5,187
5134,18482400,18.5,75.4,0,0,0,1.5,174
5135,18486000,17.9,79.4,0,0,0,1.7,248
5136,18489600,16.7,83.6,0,0,0,1.9,264
5137,18493200,17.3,86.4,0,0,0,2.1,283
5138,18496800,17.1,87.5,0,0,0,2.6,272
5139,18500400,16.7,90.2,0,0,0,2.9,279
5140,18504000,16.4,92,0,0,0,3.1,278
5141,18507600,16.1,92.9,3.2,3.18931,0,3,262
5142,18511200,16.6,91.4,46.6,45.884,0,3.7,265
5143,18514800,17.3,86.4,153.5,142.73,0,4.1,269
5144,18518400,17.2,82.7,210.5,196.943,0,4.1,269
5145,18522000,17,82.4,202.3,197.346,0,3.6,273
5146,18525600,17.1,81.7,186.4,183.139,0,4.4,266
5147,18529200,17.4,78.8,339.2,315.435,0,4.8,273
5148,18532800,18.5,72.3,458.7,368.431,0,5,252
5149,18536400,19,66.3,476.1,363.96,0,5.2,252
5150,18540000,19.5,65.1,353.7,318.601,0,4.5,276
5151,18543600,18.7,65,254.8,243.879,0,4,268
5152,18547200,18.1,68,235.8,219.928,0,4,265
5153,18550800,17.7,72.4,131.5,128.488,0,4.6,264
5154,18554400,17.9,73.7,112,104.986,0,4.6,255
5155,18558000,17.7,74.7,65.6,52.5033,0,4.7,253
5156,18561600,17.2,75.8,20.2,20.2,0,4.5,245
5157,18565200,17,76.8,0,0,0,3.6,247
5158,18568800,16.9,78.1,0,0,0,3,235
5159,18572400,16.5,81.9,0,0,0,3.7,231
5160,18576000,16.1,88.3,0,0,0,2.9,175
5161,18579600,16.2,91.9,0,0,0,2.5,176
5162,18583200,16,91.9,0,0,0,2.6,181
5163,18586800,16,90.7,0,0,0,2.8,201
5164,18590400,16,89.5,0,0,0,2.8,212
5165,18594000,16,89.6,9,8.91543,0,2.8,221
5166,18597600,16.2,89.3,37.3,36.8338,0,2.9,219
5167,18601200,16.3,88.9,98.7,96.8311,0,3,213
5168,18604800,15.7,92.2,125.6,123.445,0,3.3,210
5169,18608400,16.4,95,241,229.953,0,3.4,231
5170,18612000,18.5,88.2,393.4,323.577,0,4,252
5171,18615600,18.6,80.5,338.3,314.557,0,4.7,250
5172,18619200,17.7,85.6,459.4,367.529,0,3.9,204
5173,18622800,20.3,85.1,569.9,332.04,0,4,243
5174,18626400,19.2,81.7,381.5,329.923,0,3.8,248
5175,18630000,21.8,76.1,531.1,231.697,0,4.3,275
5176,18633600,23,63.4,521.6,116.261,0,4.5,289
5177,18637200,23.5,56.1,420.7,72.1671,0,4.8,243
5178,18640800,23.3,50.2,279.7,46.1505,0,3.4,272
5179,18644400,21.9,52.9,124.2,20.493,0,1.5,252
5180,18648000,20.5,62.6,14.1,14.1,0,1.6,169
5181,18651600,19.9,68.9,0,0,0,2.4,163
5182,18655200,20,70.8,0,0,0,2.4,163
5183,18658800,20.1,70.3,0,0,0,2.2,205
5184,18662400,21.1,68.4,0,0,0,2.6,222
5185,18666000,21,68.2,0,0,0,2.8,189
5186,18669600,21,71.2,0,0,0,3.2,203
5187,18673200,20.2,75.6,0,0,0,3.4,203
5188,18676800,19.3,82.8,0,0,0,3.3,181
5189,18680400,19.6,87.4,1.1,1.1,0,3.3,196
5190,18684000,19.3,89.6,9.8,9.76729,0,3.1,206
5191,18687600,19.4,92.3,51.6,51.0848,0,2.8,236
5192,18691200,19.5,92.3,102.2,100.765,0,3.8,242
5193,18694800,19.4,90.2,121,119.396,0,4.8,272
5194,18698400,17.6,89,153,150.788,0,4.3,261
5195,18702000,17.4,90,136.6,134.984,0,3.1,257
5196,18705600,17.2,90.9,137.8,136.212,0,3.4,262
5197,18709200,16.4,88.2,136.9,135.31,0,2.8,232
5198,18712800,17.1,86.9,190.9,187.598,0,3.7,268
5199,18716400,17.5,86.3,155.8,153.315,0,3.4,247
5200,18720000,19.2,77.1,440.4,186.929,0,4.6,258
5201,18723600,19.9,66.8,462.5,76.3125,0,4.1,256
5202,18727200,20.4,63.7,286.5,47.2725,0,3.3,242
5203,18730800,19.8,66.7,111.9,18.6862,0,4,222
5204,18734400,18.8,73.8,13.5,13.5,0,3.8,216
5205,18738000,17.6,75.4,0,0,0,6.2,304
5206,18741600,16.6,72.7,0,0,0,3.3,277
5207,18745200,15.8,73.6,0,0,0,3.5,288
5208,18748800,15.5,75,0,0,0,3.4,279
5209,18752400,15,78.3,0,0,0,2.8,251
5210,18756000,14.9,80.8,0,0,0,2.9,251
5211,18759600,14.5,81,0,0,0,2.7,252
5212,18763200,14.4,81.4,0,0,0,3.2,246
5213,18766800,14.3,82.9,7,7,0,2.9,255
5214,18770400,14.9,83.4,86.8,79.9354,0,3.6,258
5215,18774000,15.8,80.1,240.3,147.513,0,4.5,267
5216,18777600,16.9,75.6,398.6,164.622,0,4.9,271
5217,18781200,17.6,70.5,556.8,153.403,0,4.7,270
5218,18784800,18.8,65.2,662.4,163.66,0,5.2,260
5219,18788400,19.2,61,669,228.796,0,5.5,250
5220,18792000,19.6,56.2,599.1,318.74,0,5.2,252
5221,18795600,19.6,53.7,516.7,352.478,0,5.9,277
5222,18799200,20.6,52,635.5,222.004,0,5.3,249
5223,18802800,20.9,48.9,537.2,219.768,0,4.6,287
5224,18806400,21.9,47.2,513,116.771,0,4.7,254
5225,18810000,22,44.8,442.3,72.9795,0,5.4,275
5226,18813600,21.9,43.5,268.9,44.3728,0,4.6,275
5227,18817200,21.4,46.1,123.9,20.4435,0,2.7,260
5228,18820800,19.9,54.3,15.4,15.4,0,2.1,257
5229,18824400,18.6,64.7,0,0,0,2.4,241
5230,18828000,17.7,70.9,0,0,0,2.4,226
5231,18831600,16.7,76.4,0,0,0,2,222
5232,18835200,16.5,80.4,0,0,0,1.6,195
5233,18838800,15.9,82.1,0,0,0,1.8,238
5234,18842400,15.4,84.7,0,0,0,1,223
5235,18846000,15.8,85.5,0,0,0,1,187
5236,18849600,15.9,85.1,0,0,0,1.3,172
5237,18853200,15.2,85.7,1,1,0,1,182
5238,18856800,15.2,86.8,22.8,22.6167,0,1,115
5239,18860400,16.5,82.6,116,112.816,0,0.9,133
5240,18864000,17.6,74.1,256.1,216.849,0,2.2,170
5241,18867600,19.5,66.3,402.3,270.028,0,1.8,141
5242,18871200,21.6,56.7,596.4,222.364,0,2,192
5243,18874800,22.3,50.6,576.2,307.044,0,3.1,185
5244,18878400,23.3,46,683.9,242.586,0,3.7,200
5245,18882000,23.6,41.8,745.6,173.237,0,4,200
5246,18885600,24.3,41.6,759.8,129.089,0,3.6,169
5247,18889200,24.8,38.7,657.7,117.931,0,4.4,216
5248,18892800,25.7,36.5,539.9,97.653,0,3.7,182
5249,18896400,25.6,37.6,392.6,77.5734,0,3.4,175
5250,18900000,25.7,36.8,258.3,43.8017,0,2.9,191
5251,18903600,24.4,40.2,118.6,19.569,0,1.6,212
5252,18907200,21.7,51.5,13.5,13.5,0,1.2,129
5253,18910800,20.3,61.2,0,0,0,1.3,148
5254,18914400,20.2,64.4,0,0,0,2.2,140
5255,18918000,19.7,66,0,0,0,1.8,165
5256,18921600,19.3,68.1,0,0,0,1.4,170
5257,18925200,19.5,68.5,0,0,0,1.1,202
5258,18928800,18.9,69.1,0,0,0,1.5,212
5259,18932400,18.7,71.1,0,0,0,1.4,266
5260,18936000,17.9,74,0,0,0,1,252
5261,18939600,17.9,77.4,1.2,1.2,0,1.4,242
5262,18943200,18.3,78.1,32.6,32.2186,0,1.5,240
5263,18946800,19.3,74.7,122.6,118.403,0,1.4,208
5264,18950400,21.3,65.6,242.4,211.547,0,1.3,215
5265,18954000,22.3,58.8,319.3,271.086,0,2.1,179
5266,18957600,23.6,52.9,414.6,321.296,0,2.9,196
5267,18961200,24.8,48.7,572.8,307.033,0,3.4,203
5268,18964800,25.9,45.4,628.5,290.486,0,3.4,215
5269,18968400,26.6,40.3,636.2,271.041,0,4.6,221
5270,18972000,26.8,38.7,580.9,265.978,0,4.8,219
5271,18975600,27.1,39,488.5,254.291,0,4.6,217
5272,18979200,27.1,39.3,355.3,235.118,0,5,259
5273,18982800,26.9,41.9,280.4,166.866,0,5.2,320
5274,18986400,25.9,47.2,133.9,111.22,0,4.2,279
5275,18990000,25.2,52.3,55.5,43.3367,0,3.3,292
5276,18993600,23.6,58.5,9.6,9.6,0,1.9,277
5277,18997200,22,66.5,0,0,0,2.1,295
5278,19000800,20.7,73.5,0,0,0,1.5,230
5279,19004400,20,78,0,0,0,1.6,267
5280,19008000,18.9,81.7,0,0,0,1.3,288
5281,19011600,18.6,83.7,0,0,0,1.5,262
5282,19015200,17.3,86,0,0,0,1.2,322
5283,19018800,17.2,89.8,0,0,0,1.1,327
5284,19022400,16.8,91.1,0,0,0,1,336
5285,19026000,16.4,92.7,2.9,2.9,0,0.8,84
5286,19029600,16.9,93.2,60.5,58.993,0,0.7,5
5287,19033200,19.2,88.6,201.2,152.84,0,0.8,45
5288,19036800,21.8,78,354.6,191.816,0,1.7,89
5289,19040400,23.5,66.7,492.9,204.65,0,2.1,104
5290,19044000,25.3,57.8,604.2,208.908,0,2.7,145
5291,19047600,25.5,53,656.6,231.887,0,2.6,159
5292,19051200,26.1,50.8,722.7,199.784,0,2.6,136
5293,19054800,27.5,48.3,744.6,168.638,0,2.9,159
5294,19058400,27.9,46.5,762.2,127.086,0,3.4,140
5295,19062000,28.8,44.9,680.3,112.33,0,2.9,144
5296,19065600,29.6,42.8,553.9,91.9311,0,2.9,186
5297,19069200,29.8,41,406.6,68.25,0,3.2,171
5298,19072800,29.9,40.9,244.5,43.9398,0,2.3,178
5299,19076400,29,44.6,98.9,16.3185,0,1.5,223
5300,19080000,27,51.6,10.8,10.8,0,1.8,201
5301,19083600,25.7,59,0,0,0,2.2,230
5302,19087200,25.5,62.9,0,0,0,2.4,277
5303,19090800,25.6,64,0,0,0,3.5,308
5304,19094400,24.8,65.1,0,0,0,3,322
5305,19098000,23.5,67.6,0,0,0,3.1,306
5306,19101600,22.4,70.9,0,0,0,3.3,286
5307,19105200,22.4,71,0,0,0,5.1,318
5308,19108800,21.4,70.9,0,0,0,4.5,302
5309,19112400,20.2,74.1,3.2,3.2,0,3.5,298
5310,19116000,19.4,77.5,64.8,62.6577,0,5.5,304
5311,19119600,19.2,76.7,207.9,150.357,0,5.6,303
5312,19123200,19.4,73,334,201.978,0,5.9,311
5313,19126800,19.8,67.4,499.2,195.707,0,6,297
5314,19130400,20.5,62.2,615.4,195.076,0,5.1,298
5315,19134000,21,60.4,649.2,235.926,0,4.8,311
5316,19137600,21.4,57.3,624.8,287.959,0,4.9,316
5317,19141200,22.2,53,585.3,307.164,0,5.3,325
5318,19144800,22.5,50.1,553.1,282.393,0,6.1,318
5319,19148400,23.6,47.4,535.3,207.443,0,5.5,302
5320,19152000,23.9,44.2,483.3,127.639,0,6.2,294
5321,19155600,23.9,42.3,404,67.4602,0,5.1,310
5322,19159200,23.8,41.7,252.3,41.6295,0,5.5,309
5323,19162800,23,43.2,108,17.82,0,4.3,306
5324,19166400,21.2,49.7,10.4,10.4,0,3,322
5325,19170000,19.2,60.6,0,0,0,2.1,311
5326,19173600,17.7,69.5,0,0,0,2.1,325
5327,19177200,16.8,74.8,0,0,0,1.1,27
5328,19180800,15.9,78.8,0,0,0,0.8,8
5329,19184400,15.1,82,0,0,0,0.7,336
5330,19188000,14.5,85.6,0,0,0,0.6,259
5331,19191600,14.4,87.9,0,0,0,0.7,62
5332,19195200,13.8,88.4,0,0,0,0.7,73
5333,19198800,13.9,90,3.6,3.6,0,0.7,142
5334,19202400,14.5,90.7,66.3,63.7323,0,0.7,131
5335,19206000,17.4,84.4,206.3,148.808,0,1.1,123
5336,19209600,20,70,360.1,182.092,0,1.5,190
5337,19213200,21.7,57.2,517.2,175.333,0,1.5,248
5338,19216800,22.7,50.5,651.7,158.981,0,1.7,195
5339,19220400,22.9,48.2,732.4,158.468,0,2.5,252
5340,19224000,23.5,46.8,793.7,143.867,0,2.9,296
5341,19227600,24.4,42.5,793,137.551,0,2.4,271
5342,19231200,24.9,39.9,758,125.94,0,2.3,251
5343,19234800,25.5,38.9,675.7,111.491,0,2.3,246
5344,19238400,26.7,36.8,560.3,92.4495,0,1.5,221
5345,19242000,26.4,37.6,424.8,70.092,0,1.4,293
5346,19245600,25.9,40.3,209.6,61.8296,0,1.4,291
5347,19249200,24.7,46,54,36.2755,0,1.5,339
5348,19252800,23.2,54.4,9.5,9.5,0,1.4,38
5349,19256400,22,59.7,0,0,0,1.2,61
5350,19260000,21.5,64.3,0,0,0,0.9,127
5351,19263600,19.9,70.1,0,0,0,0.8,91
5352,19267200,19.8,75.3,0,0,0,0.6,38
5353,19270800,19.2,78.3,0,0,0,1.1,71
5354,19274400,18.9,80.3,0,0,0,1.2,98
5355,19278000,18.7,81.2,0,0,0,1.5,140
5356,19281600,17.8,84.3,0,0,0,1,151
5357,19285200,17.2,87.6,3.9,3.9,0,1.3,146
5358,19288800,17.6,87.6,63.5,61.2456,0,1.2,118
5359,19292400,20.1,81.8,200.7,147.894,0,1.2,115
5360,19296000,22.4,69.6,351.2,185.803,0,1.5,141
5361,19299600,24.8,55.4,498.5,189.946,0,2.2,151
5362,19303200,26.4,45.3,623.7,180.968,0,2,191
5363,19306800,27,41,713.2,170.661,0,2.4,146
5364,19310400,27.4,38.1,774.7,151.33,0,3.3,132
5365,19314000,27.4,36.7,775.5,142.201,0,3.3,121
5366,19317600,28.6,34.8,736.2,128.192,0,3.1,99
5367,19321200,28.8,32.7,633.7,118.065,0,2.9,114
5368,19324800,28.8,34.6,503.7,104.248,0,2.8,120
5369,19328400,29.3,35.8,384.6,68.4702,0,3.2,103
5370,19332000,29.3,34.5,242.8,40.0659,0,3.1,117
5371,19335600,27.8,37.3,92.8,15.312,0,2.4,103
5372,19339200,25.3,45.4,7.8,7.8,0,3.5,85
5373,19342800,25.7,49.9,0,0,0,3.5,95
5374,19346400,24.3,52.5,0,0,0,3.2,88
5375,19350000,23.5,57.4,0,0,0,3.1,94
5376,19353600,22.8,60.3,0,0,0,2.6,93
5377,19357200,21.8,63.9,0,0,0,2.9,100
5378,19360800,21.3,67.5,0,0,0,2.2,100
5379,19364400,20.3,70.9,0,0,0,2.5,101
5380,19368000,20.4,72,0,0,0,2.2,96
5381,19371600,19.9,71,2.5,2.5,0,1.9,101
5382,19375200,20,71.3,30.7,30.3269,0,2.5,91
5383,19378800,20.4,70.2,153.3,137.702,0,2.7,76
5384,19382400,22.1,65,325.6,199.086,0,2.4,116
5385,19386000,24.2,57.5,451.8,227.637,0,2.5,97
5386,19389600,24.2,55.3,451.5,307.825,0,2.4,103
5387,19393200,26.8,54.5,669.5,206.955,0,2.9,79
5388,19396800,29.2,49,734.5,177.444,0,2.7,95
5389,19400400,31.1,43.2,752.2,152.618,0,3.1,124
5390,19404000,31.5,34.3,718.3,133.14,0,2.9,110
5391,19407600,32.1,29.2,643.7,112.152,0,2.3,133
5392,19411200,32,30.6,529.7,90.1594,0,3.2,114
5393,19414800,31.6,33.2,385.9,66.1247,0,2.8,84
5394,19418400,31.1,35.5,235.5,39.1145,0,3.6,107
5395,19422000,28.9,39.3,92.8,15.312,0,3,85
5396,19425600,26.6,46.2,7,7,0,2.8,85
5397,19429200,25.7,53.8,0,0,0,2.9,85
5398,19432800,25.7,57.5,0,0,0,3.6,84
5399,19436400,24.4,59.7,0,0,0,2.8,75
5400,19440000,23.8,63.4,0,0,0,1.7,51
5401,19443600,23.5,65.3,0,0,0,1.5,35
5402,19447200,22.7,67.4,0,0,0,2.2,75
5403,19450800,21.8,70,0,0,0,1.8,78
5404,19454400,21.3,72.7,0,0,0,2.6,72
5405,19458000,21.1,74.9,0,0,0,1.3,87
5406,19461600,21.5,75,43.4,42.6383,0,1.1,85
5407,19465200,22.8,71.5,173.8,144.055,0,1.9,84
5408,19468800,24.5,65.4,326.2,196.253,0,1.9,88
5409,19472400,26.4,58.9,476,204.226,0,2.4,126
5410,19476000,28.1,53.2,607.7,189.644,0,2.2,120
5411,19479600,29.6,49.6,706.2,170.636,0,3,102
5412,19483200,31.1,46.1,767.4,151.017,0,3.1,138
5413,19486800,31.9,42.2,772.4,139.709,0,3.5,137
5414,19490400,32.7,38.6,733.3,125.996,0,2.3,169
5415,19494000,33.2,36.5,651.1,109.307,0,2.5,133
5416,19497600,33.4,36.9,531.5,88.7496,0,2.3,109
5417,19501200,33.5,36.4,385.3,64.7644,0,2.7,159
5418,19504800,32.7,38.9,229,38.4278,0,2.3,160
5419,19508400,30.9,46.6,86.4,14.256,0,2.4,75
5420,19512000,29.2,53.5,4.9,4.9,0,2,74
5421,19515600,27.9,59,0,0,0,2.1,93
5422,19519200,26.8,65.3,0,0,0,1.3,80
5423,19522800,26.4,69.7,0,0,0,1.5,95
5424,19526400,26.8,69.7,0,0,0,2.2,101
5425,19530000,26.1,69.1,0,0,0,2.4,121
5426,19533600,25.2,71.5,0,0,0,1.8,105
5427,19537200,24.3,75,0,0,0,1.6,95
5428,19540800,23.5,77.9,0,0,0,1.2,94
5429,19544400,22.9,80.1,0.7,0.7,0,0.9,62
5430,19548000,22.4,81.2,43.5,42.7177,0,1,80
5431,19551600,24.6,76.5,167.7,141.535,0,0.9,73
5432,19555200,26.3,66.9,318.6,197.692,0,0.9,13
5433,19558800,28.1,59.4,468.2,207.912,0,1.1,75
5434,19562400,30.2,52.5,596.9,196.653,0,1.1,60
5435,19566000,31.7,46.3,690.2,181.335,0,1.4,118
5436,19569600,33,41.9,745.8,162.744,0,2,203
5437,19573200,33.6,38.5,750,148.864,0,1.9,178
5438,19576800,33.8,36.3,710.7,132.257,0,3,277
5439,19580400,34,36.1,628.5,113.54,0,4.5,295
5440,19584000,33.2,38.8,509.4,92.5029,0,5.4,340
5441,19587600,32.4,43.5,364.2,69.633,0,5.4,348
5442,19591200,31.6,48.2,216.8,39.7022,0,5.6,325
5443,19594800,30.5,52.3,77.6,12.804,0,5.9,317
5444,19598400,29.2,53.7,3.9,3.9,0,5.4,317
5445,19602000,28.2,53,0,0,0,4.5,327
5446,19605600,27.2,54.8,0,0,0,3.8,327
5447,19609200,25.8,60.5,0,0,0,3.2,314
5448,19612800,24.6,66.9,0,0,0,3.1,315
5449,19616400,23.8,70.8,0,0,0,3,311
5450,19620000,23.4,72.7,0,0,0,3.2,313
5451,19623600,22.5,75.3,0,0,0,3.1,312
5452,19627200,21.3,79.7,0,0,0,2.6,304
5453,19630800,21.1,83.1,0,0,0,3.1,310
5454,19634400,21.1,84.6,10,9.9577,0,3.6,299
5455,19638000,20.8,83.9,49.4,48.8738,0,3.8,310
5456,19641600,20.6,80.1,109.4,107.636,0,4,309
5457,19645200,20.5,76.5,181.9,177.905,0,4.1,296
5458,19648800,20,74.6,230.1,223.896,0,4.5,303
5459,19652400,20.3,72.9,353.5,318.222,0,4.7,290
5460,19656000,21.4,68.7,632,262.631,0,4.9,291
5461,19659600,22.8,62.9,738.1,153.761,0,5,303
5462,19663200,23.4,58.6,714.7,128.354,0,5,295
5463,19666800,23.6,55.1,622.4,113.818,0,5,296
5464,19670400,24,52.3,512.2,89.3038,0,5.6,323
5465,19674000,23.9,49.7,381.8,63.1277,0,5.2,293
5466,19677600,23.7,45.1,234,38.61,0,5.5,309
5467,19681200,23.1,42.6,85.7,14.1405,0,4.5,323
5468,19684800,21.8,45.1,3,3,0,3.9,321
5469,19688400,20.6,50.4,0,0,0,3,312
5470,19692000,19.6,57.2,0,0,0,2.7,307
5471,19695600,18.5,64.6,0,0,0,2.8,296
5472,19699200,18.3,69.7,0,0,0,3.4,313
5473,19702800,18,71.8,0,0,0,3.7,304
5474,19706400,17.2,74.2,0,0,0,3.4,297
5475,19710000,16.4,77.1,0,0,0,3.1,296
5476,19713600,15.9,79.7,0,0,0,3.2,288
5477,19717200,14.9,82.6,1,1,0,3.4,289
5478,19720800,14.7,84.6,32.4,31.9454,0,3.2,280
5479,19724400,15.2,83.3,137.9,126.995,0,3.4,288
5480,19728000,15.9,80.1,322.3,190.532,0,3.4,298
5481,19731600,17,76.1,447.1,219.265,0,3.3,299
5482,19735200,18.4,70.8,503,272.123,0,2.8,262
5483,19738800,19,66,412.2,337.173,0,3.1,293
5484,19742400,19.3,62.2,562.4,314.987,0,3.3,310
5485,19746000,19.8,59.5,559.3,305.123,0,3.3,305
5486,19749600,21.5,56.2,651.1,168.213,0,3.3,297
5487,19753200,22.3,51,482.2,227.787,0,3.2,320
5488,19756800,23,46.3,374.8,195.988,0,3.5,305
5489,19760400,23.2,44.9,303.2,112.078,0,3.2,329
5490,19764000,22.7,46.6,214.9,35.9596,0,2.8,318
5491,19767600,21.7,51.6,80.4,13.266,0,2.7,318
5492,19771200,19.9,60.1,2.3,2.3,0,2.3,321
5493,19774800,18.6,67.1,0,0,0,1.6,308
5494,19778400,17.7,70.4,0,0,0,2.6,19
5495,19782000,16.4,73.3,0,0,0,1.8,64
5496,19785600,16.2,75.5,0,0,0,0.8,41
5497,19789200,15.5,78.1,0,0,0,0.5,4
5498,19792800,15,81.9,0,0,0,0.7,59
5499,19796400,14.7,85.3,0,0,0,0.4,232
5500,19800000,14,88.2,0,0,0,0.4,278
5501,19803600,13.8,88.9,0,0,0,0.4,17
5502,19807200,14.9,87.3,54.3,52.5179,0,0.5,300
5503,19810800,17.2,82.2,194.1,137.529,0,1,15
5504,19814400,19.5,70.6,351.6,166.712,0,1,77
5505,19818000,20.4,60.5,501.8,166.181,0,1.6,60
5506,19821600,21,56.9,627.6,158.167,0,2.3,96
5507,19825200,21.8,54.4,720.7,148.353,0,2.1,70
5508,19828800,22.7,51.6,773.7,139.314,0,2.3,74
5509,19832400,23.5,49.4,768.2,134.061,0,2.5,74
5510,19836000,24.1,47.2,688,136.762,0,2,62
5511,19839600,24.8,46.6,551,159.71,0,2.2,94
5512,19843200,24.4,47,486.5,95.4539,0,3.1,108
5513,19846800,24.8,47,362,62.6369,0,3,72
5514,19850400,24.3,47.7,215.5,35.5575,0,2.9,123
5515,19854000,23.2,51.8,78.8,78.8,0,3,98
5516,19857600,22.1,58.6,1.7,1.7,0,1.8,116
5517,19861200,21.3,65.5,0,0,0,1.3,140
5518,19864800,20.5,71,0,0,0,1.7,135
5519,19868400,19.3,76.4,0,0,0,1.2,131
5520,19872000,18.8,81.7,0,0,0,0.9,130
5521,19875600,18.3,84.1,0,0,0,1.2,115
5522,19879200,18,86,0,0,0,0.7,213
5523,19882800,17.7,87.4,0,0,0,1.2,116
5524,19886400,17.1,88.7,0,0,0,1,159
5525,19890000,16.9,90.2,0,0,0,1.4,144
5526,19893600,16.9,89.2,50,48.6463,0,1.2,152
5527,19897200,19.2,84.7,187.1,136.851,0,1.3,178
5528,19900800,21.9,71.7,342,171.112,0,2.3,187
5529,19904400,23.4,57.4,492.1,171.893,0,2.4,210
5530,19908000,23.8,50.7,617,164.168,0,2.1,186
5531,19911600,24.4,47.9,707,155.117,0,2.7,143
5532,19915200,24.7,44.8,761.6,142.609,0,2.8,206
5533,19918800,25.2,42.5,766.7,132.864,0,2.7,170
5534,19922400,26.1,41,725.1,121.275,0,2.5,133
5535,19926000,26.4,39.5,644.7,106.375,0,2,250
5536,19929600,27.5,38.1,527.1,86.9715,0,4.1,197
5537,19933200,27.6,37.7,381.4,62.931,0,2.3,234
5538,19936800,27.6,39,224.7,37.0755,0,2.7,263
5539,19940400,26.3,43.3,72.7,72.7,0,2.1,290
5540,19944000,24.2,51.5,0,0,0,0.9,32
5541,19947600,22.6,59.6,0,0,0,0.2,124
5542,19951200,21.8,65.1,0,0,0,0.9,224
5543,19954800,21,69.2,0,0,0,1,153
5544,19958400,22,69.7,0,0,0,2.6,288
5545,19962000,22.3,68.9,0,0,0,2.7,358
5546,19965600,21.4,72.3,0,0,0,2.3,22
5547,19969200,21.1,76.3,0,0,0,2.8,19
5548,19972800,20.4,79.1,0,0,0,2.4,339
5549,19976400,19.9,82.7,0,0,0,2.6,341
5550,19980000,19.5,85.1,20,19.8132,0,3,328
5551,19983600,19.6,84.3,81.1,79.615,0,3.4,321
5552,19987200,19.3,81.8,172.5,164.72,0,3.3,318
5553,19990800,20.1,76.3,290.2,251.66,0,3,353
5554,19994400,20,71.8,328.2,290.493,0,2.9,348
5555,19998000,20.6,68.7,531.5,302.842,0,3,350
5556,20001600,22,62.9,655.8,225.625,0,2.6,329
5557,20005200,23,54.4,739.7,141.839,0,1.9,5
5558,20008800,24.5,48,602.4,201.366,0,3.1,15
5559,20012400,23.9,50.6,440.1,247.667,0,4.3,2
5560,20016000,23.4,53.9,316.6,216.638,0,4.3,17
5561,20019600,23.3,53,283.7,115.114,0,5,32
5562,20023200,23,53.3,181.2,42.6782,0,5.1,22
5563,20026800,21.8,55.2,65.6,65.6,0,3.8,34
5564,20030400,20.6,55.3,0,0,0,3.8,19
5565,20034000,19.8,53.3,0,0,0,4.8,32
5566,20037600,18.8,54.6,0,0,0,4,29
5567,20041200,18,58.2,0,0,0,2.9,29
5568,20044800,17.2,61.7,0,0,0,2.6,30
5569,20048400,15.8,66.8,0,0,0,1.7,22
5570,20052000,15.1,72,0,0,0,1.9,16
5571,20055600,13.9,76.9,0,0,0,1.9,16
5572,20059200,14.5,78.8,0,0,0,1.8,4
5573,20062800,13.1,81.2,0,0,0,1.6,6
5574,20066400,13,86,46,44.8609,0,1.6,0
5575,20070000,15,81.3,179.4,134.022,0,1.6,7
5576,20073600,16.5,73.2,335.7,169.381,0,1.1,350
5577,20077200,18.7,65.9,487,169.434,0,1.4,311
5578,20080800,20.3,58.4,614.3,159.714,0,1.7,336
5579,20084400,21.4,52.4,706.7,149.458,0,2.1,36
5580,20088000,22.3,47.1,749.3,144.22,0,3.3,317
5581,20091600,22.4,42.1,759.1,131.674,0,2.5,315
5582,20095200,23.1,37.5,720.7,119.79,0,3.3,324
5583,20098800,23.7,31.9,640,105.6,0,4.5,327
5584,20102400,23.6,29.4,523.5,86.3775,0,3.6,311
5585,20106000,23.9,31.4,377.1,62.2215,0,5.5,327
5586,20109600,23.2,34.5,218.1,35.9865,0,4.6,349
5587,20113200,22.4,38.4,67,67,0,3.6,339
5588,20116800,21.1,43.4,0,0,0,3.3,349
5589,20120400,21,51.3,0,0,0,4.8,2
5590,20124000,20,58.1,0,0,0,3.6,5
5591,20127600,19.1,61.2,0,0,0,3.2,359
5592,20131200,17.7,67,0,0,0,2.7,331
5593,20134800,16.7,72.7,0,0,0,2.2,307
5594,20138400,16.1,74.5,0,0,0,2.9,284
5595,20142000,16.2,74.4,0,0,0,3.6,298
5596,20145600,15.6,75,0,0,0,3.2,270
5597,20149200,14.3,78.4,0,0,0,3,276
5598,20152800,14.3,81.4,41.9,41.0098,0,3.1,272
5599,20156400,14.7,81,173.2,132.641,0,5,276
5600,20160000,15.4,78.3,321.4,176.524,0,3.9,275
5601,20163600,16.4,73.8,478.2,174.126,0,4.2,279
5602,20167200,17.6,67,510.5,251.199,0,5.4,316
5603,20170800,18.2,58.3,499,315.229,0,6.3,296
5604,20174400,18.6,49.4,540.3,314.255,0,5.9,284
5605,20178000,18.2,45.3,411.3,335.495,0,6,273
5606,20181600,18.7,46.1,338.1,298.473,0,7.7,295
5607,20185200,18.4,48.5,316.9,267.363,0,5.9,308
5608,20188800,18.6,49.1,334.3,202.705,0,7.4,308
5609,20192400,18.3,49.3,233.2,143.656,0,6.3,287
5610,20196000,18.3,51.1,118.6,81.1944,0,4.5,266
5611,20199600,18.1,53,27,27,0,5.4,270
5612,20203200,17.6,55.2,0,0,0,5.8,302
5613,20206800,17.4,56.9,0,0,0,4.6,288
5614,20210400,17.2,58.4,0,0,0,4.6,275
5615,20214000,16.6,60.5,0,0,0,5.2,276
5616,20217600,15.9,63.9,0,0,0,4.7,281
5617,20221200,15.6,66.5,0,0,0,4.5,272
5618,20224800,14.9,68.7,0,0,0,4.5,284
5619,20228400,14.6,71.2,0,0,0,4.5,273
5620,20232000,14.3,72.5,0,0,0,5.1,278
5621,20235600,14,73.5,0,0,0,4.6,276
5622,20239200,13.8,74.6,23.6,23.3172,0,4.8,275
5623,20242800,13.9,74.2,144.5,126.191,0,5.1,270
5624,20246400,14.9,73,225.9,193.014,0,5.3,281
5625,20250000,15.1,71.6,339.9,254.875,0,5.7,279
5626,20253600,15.1,67.9,331.8,289.658,0,6,269
5627,20257200,16.8,61.5,260.5,251.796,0,6.2,274
5628,20260800,16.2,55.7,358.7,321.449,0,6.4,289
5629,20264400,13.4,57.8,347.3,313.03,0,5.7,311
5630,20268000,13.8,67.6,499,277.713,0,4.4,313
5631,20271600,12.4,69.7,303.9,262.209,0,7.5,335
5632,20275200,14,69.6,364.1,178.499,0,4.8,280
5633,20278800,15.9,65.1,380.9,62.8485,0,5.8,317
5634,20282400,15.8,58.4,213.9,35.2935,0,4.9,322
5635,20286000,15.2,61.2,59.8,59.8,0,4.1,305
5636,20289600,13.2,67.2,0,0,0,2.8,294
5637,20293200,12.2,74.4,0,0,0,2.8,288
5638,20296800,11.7,81.5,0,0,0,2.9,258
5639,20300400,11.4,84.9,0,0,0,3,268
5640,20304000,11.5,85.2,0,0,0,2.7,262
5641,20307600,11.1,86.1,0,0,0,2.8,270
5642,20311200,11.2,86.8,0,0,0,2.6,265
5643,20314800,11,87.8,0,0,0,2.1,258
5644,20318400,11.1,89.6,0,0,0,2.4,268
5645,20322000,11.2,89.5,0,0,0,2.3,281
5646,20325600,11.4,88.1,41,40.0563,0,2.7,283
5647,20329200,12.4,86.4,178.8,128.116,0,3.5,281
5648,20332800,13.9,81.5,343.9,151.962,0,4.1,282
5649,20336400,15.6,73.7,500.7,145.044,0,5.2,286
5650,20340000,16.7,64.3,626,139.979,0,5.8,289
5651,20343600,17.9,56.5,671.5,167.13,0,6.4,288
5652,20347200,18.3,51.7,572.2,285.588,0,5.5,287
5653,20350800,20.1,47,486.1,323.782,0,6,286
5654,20354400,18.9,45.5,522.8,256.463,0,5.4,281
5655,20358000,19.4,47,271,246.584,0,5.4,274
5656,20361600,18.5,49.1,157.3,153.093,0,6.1,276
5657,20365200,18.3,51.8,119,114.774,0,4.5,288
5658,20368800,18.5,53.8,156.4,42.7473,0,4.6,287
5659,20372400,18.7,55.2,39.6,39.6,0,3.8,295
5660,20376000,18.1,57.7,0,0,0,3.4,271
5661,20379600,17.1,61.6,0,0,0,3.3,274
5662,20383200,16.6,65.5,0,0,0,3.3,260
5663,20386800,15.8,69.1,0,0,0,3.1,263
5664,20390400,15.2,71.8,0,0,0,3.1,279
5665,20394000,14.7,73.8,0,0,0,3.4,273
5666,20397600,14.1,76.6,0,0,0,2.9,278
5667,20401200,13.6,79.1,0,0,0,3.4,268
5668,20404800,12.9,81.4,0,0,0,3.6,260
5669,20408400,12.5,84.3,0,0,0,3,260
5670,20412000,13.2,84.5,12.3,12.2183,0,3.1,267
5671,20415600,13.7,81.7,53,52.3244,0,3,276
5672,20419200,14,79.3,98,96.4824,0,3.3,259
5673,20422800,14.6,77.7,172.9,169.091,0,3.6,250
5674,20426400,15.4,74,256.2,244.206,0,4.6,262
5675,20430000,15.8,69.9,266.6,256.536,0,4.7,277
5676,20433600,17,64.2,382.1,329.42,0,4.6,278
5677,20437200,17.3,59.2,343.9,309.878,0,4.6,259
5678,20440800,18.4,56.9,372.1,305.154,0,4.8,245
5679,20444400,18.6,53.6,308.9,261.218,0,4.5,265
5680,20448000,19.3,49.4,408.1,128.113,0,4.7,275
5681,20451600,19.6,46.5,317.3,60.7878,0,5,248
5682,20455200,19.5,46.6,178.9,29.5185,0,3.4,267
5683,20458800,18.1,51.6,48.9,48.9,0,2,250
5684,20462400,15.7,62,0,0,0,1.5,213
5685,20466000,13.8,72.5,0,0,0,1,96
5686,20469600,13.1,78.6,0,0,0,0.9,270
5687,20473200,12.7,81.3,0,0,0,1.1,258
5688,20476800,11.7,84.5,0,0,0,1.5,252
5689,20480400,11.5,86,0,0,0,1.3,308
5690,20484000,12.8,83.5,0,0,0,2.2,303
5691,20487600,11.8,82.6,0,0,0,1.5,292
5692,20491200,11.5,84,0,0,0,1.4,309
5693,20494800,11.4,83.9,0,0,0,1.5,269
5694,20498400,11.9,82.9,15.2,15.0712,0,1.9,293
5695,20502000,13.6,81.9,105.4,100.992,0,2.2,304
5696,20505600,14.9,78.8,292.1,181.865,0,2.6,273
5697,20509200,17,73.8,474.1,162.622,0,2.7,268
5698,20512800,18.6,64.9,536.1,214.538,0,2.8,260
5699,20516400,19.3,56,547.3,272.574,0,2.8,288
5700,20520000,19.8,51,660.7,196.946,0,2.8,257
5701,20523600,20.6,47.2,726.6,132.977,0,3,251
5702,20527200,21.6,43.4,706.4,116.615,0,3.1,226
5703,20530800,22.3,40.4,623,102.795,0,2,225
5704,20534400,22.7,38.9,502.3,82.8795,0,2.7,261
5705,20538000,22.2,40.1,342.5,56.5125,0,2.6,280
5706,20541600,23.2,41.9,152,35.4559,0,0.8,326
5707,20545200,20.7,45.9,37.6,37.6,0,1.1,69
5708,20548800,18.7,52.5,0,0,0,1.8,104
5709,20552400,18.1,57.5,0,0,0,1.7,98
5710,20556000,17.5,60,0,0,0,2.2,113
5711,20559600,16.8,61.5,0,0,0,2.5,112
5712,20563200,16.3,65.3,0,0,0,2.2,122
5713,20566800,16.9,69.7,0,0,0,2.2,118
5714,20570400,17,70.2,0,0,0,2.3,110
5715,20574000,17.5,66.6,0,0,0,2.4,121
5716,20577600,16.9,66.1,0,0,0,2.9,124
5717,20581200,16.2,68.6,0,0,0,2.7,125
5718,20584800,16.3,68.9,18.7,18.4984,0,2.7,114
5719,20588400,17.2,67.1,103.5,99.2458,0,2.7,120
5720,20592000,18.7,63.7,186.3,171.813,0,2.9,132
5721,20595600,20.7,57.9,330.6,248.62,0,3.3,120
5722,20599200,20.1,56.3,224.6,217.916,0,3.2,127
5723,20602800,21.8,55.4,405,323.266,0,3.8,150
5724,20606400,24.6,50.7,697.8,160.352,0,3.2,155
5725,20610000,26.7,47.5,709.8,138.751,0,3.7,161
5726,20613600,27.9,46.4,652.6,129.821,0,4,158
5727,20617200,28.3,46.2,486.9,177.714,0,3.5,173
5728,20620800,29.8,43.3,268.1,206.478,0,3.9,223
5729,20624400,29.4,39.8,203.9,137.794,0,3.4,254
5730,20628000,28.4,39.3,127.8,51.8357,0,2.2,315
5731,20631600,25.7,46.1,32.2,32.2,0,1.5,307
5732,20635200,23,57.7,0,0,0,1.2,121
5733,20638800,21.1,66,0,0,0,1.9,155
5734,20642400,22.1,69.2,0,0,0,2.9,140
5735,20646000,21.8,70.3,0,0,0,2.8,145
5736,20649600,22.9,71.6,0,0,0,3.3,208
5737,20653200,19.7,81.5,0,0,0,1.8,303
5738,20656800,19.5,94.3,0,0,0,1.7,117
5739,20660400,19.1,95.5,0,0,0,2.6,136
5740,20664000,18.8,96.4,0,0,0,1.1,196
5741,20667600,18.5,97,0,0,0,1.3,90
5742,20671200,18.8,97.3,4,3.99044,0,1.9,116
5743,20674800,19,97.2,21.4,21.2852,0,1.4,103
5744,20678400,19.4,95.5,39.2,38.9508,0,1.8,131
5745,20682000,19.7,93.7,91,89.9724,0,1,1
5746,20685600,20.1,92.8,101.5,100.419,0,1.4,134
5747,20689200,20.2,91.7,102.7,101.695,0,1.9,255
5748,20692800,19.2,94.1,79.9,79.3127,0,3.4,280
5749,20696400,19.7,96.3,112.6,111.408,0,2.6,26
5750,20700000,20.1,94,139.2,137.226,0,1.7,92
5751,20703600,20.3,91.9,129.3,127.323,0,1,204
5752,20707200,20.2,92.3,88.3,87.1281,0,2.1,265
5753,20710800,20.1,94.4,70.6,69.4991,0,1.5,259
5754,20714400,20.1,95.4,50.6,49.2328,0,1.4,134
5755,20718000,20,95.5,23,23,0,1.4,187
5756,20721600,19.9,96.6,0,0,0,1.6,187
5757,20725200,19.6,97.4,0,0,0,1.4,180
5758,20728800,19.6,97.7,0,0,0,1.3,180
5759,20732400,19.5,97.7,0,0,0,1.4,155
5760,20736000,19.5,97.5,0,0,0,1.1,186
5761,20739600,19.4,97.8,0,0,0,1.3,200
5762,20743200,19.4,97.9,0,0,0,1.2,158
5763,20746800,19.2,97.8,0,0,0,1.7,208
5764,20750400,19.1,97.7,0,0,0,1.7,221
5765,20754000,19,97.6,0,0,0,1.3,197
5766,20757600,18.8,97.5,2.9,2.89479,0,1.2,191
5767,20761200,18.9,97,28.7,28.4906,0,0.9,164
5768,20764800,19.1,96.1,67,66.2656,0,1.5,250
5769,20768400,18.9,95,83.9,83.0206,0,1.7,310
5770,20772000,19,93.6,117.6,116.141,0,1.4,240
5771,20775600,19.1,92.6,118.8,117.448,0,1.2,252
5772,20779200,18.3,93.4,111.1,109.958,0,1.9,254
5773,20782800,19.4,92.9,182.1,178.965,0,1.6,220
5774,20786400,19.7,89.3,219.2,213.479,0,1.8,221
5775,20790000,20.8,82.1,302.3,253.783,0,1.1,183
5776,20793600,21,77.2,248.6,201.194,0,1.7,231
5777,20797200,20.6,80,92.3,90.325,0,1.4,195
5778,20800800,20.2,85,106,58.4496,0,1.4,236
5779,20804400,19.3,90,33,33,0,0.8,108
5780,20808000,18.1,95.2,0,0,0,1.3,108
5781,20811600,17.5,97.2,0,0,0,1.4,99
5782,20815200,17.7,96.4,0,0,0,1.8,118
5783,20818800,16.8,97.2,0,0,0,1.2,119
5784,20822400,16.1,98.5,0,0,0,0.8,98
5785,20826000,15.8,98.1,0,0,0,0.8,148
5786,20829600,16.1,97.8,0,0,0,0.4,74
5787,20833200,16.1,98,0,0,0,0.8,97
5788,20836800,17,97.8,0,0,0,2.1,117
5789,20840400,17,97.3,0,0,0,1.9,110
5790,20844000,16.8,97.6,5.6,5.57982,0,1,220
5791,20847600,17.3,97.9,43.6,43.1095,0,1.2,189
5792,20851200,17.9,97.3,194.7,174.571,0,1.3,210
5793,20854800,19.1,92.3,395.8,215.205,0,2.6,242
5794,20858400,20.8,79.3,534.5,200.065,0,3.6,271
5795,20862000,21,68.9,538.9,264.605,0,3.3,267
5796,20865600,21.8,65.1,635.1,204.069,0,3.4,251
5797,20869200,21.8,62.7,566.5,250.714,0,3.7,254
5798,20872800,22.1,61.6,355.5,294.491,0,3.4,249
5799,20876400,22.1,61.9,271.9,241.84,0,3,259
5800,20880000,22.3,62.8,228.9,195.276,0,2.8,261
5801,20883600,23.7,60.4,271.4,70.4523,0,2.2,216
5802,20887200,22.8,59.4,151.7,25.0305,0,2,227
5803,20890800,21.9,65.2,19.7,19.7,0,1.6,207
5804,20894400,19.9,72.8,0,0,0,1.2,206
5805,20898000,18.6,80.5,0,0,0,1.2,205
5806,20901600,18.2,84.9,0,0,0,1.6,247
5807,20905200,17,87.6,0,0,0,1.5,216
5808,20908800,16.5,91.9,0,0,0,1.1,152
5809,20912400,15.9,94,0,0,0,0.8,153
5810,20916000,15.9,93.8,0,0,0,1.5,232
5811,20919600,15.5,93.9,0,0,0,0.9,183
5812,20923200,15.4,93.8,0,0,0,1.2,193
5813,20926800,15,93.7,0,0,0,1,182
5814,20930400,14.9,93.8,26.7,26.2226,0,1.5,198
5815,20934000,16.3,91.1,141.3,116.303,0,1.4,208
5816,20937600,18.2,86.7,296,164.327,0,1.4,179
5817,20941200,20.4,77.3,445.4,169.795,0,1.8,182
5818,20944800,22.5,65.2,573,159.308,0,2.2,186
5819,20948400,23.9,55.9,662.4,149.131,0,2.6,198
5820,20952000,24.6,50.4,709.4,138.704,0,2.9,192
5821,20955600,24.7,48.4,682.7,142.286,0,2.8,191
5822,20959200,24.6,47.4,598.4,154.316,0,2.8,195
5823,20962800,25.2,45.6,533.6,115.594,0,3.1,189
5824,20966400,26.3,42.6,429.7,81.4805,0,2.9,160
5825,20970000,26.3,42,307.2,50.688,0,2.2,161
5826,20973600,25.5,45.1,160.4,26.466,0,2.2,171
5827,20977200,23.7,53.3,29.1,29.1,0,1.5,139
5828,20980800,21.4,65.2,0,0,0,1.5,106
5829,20984400,20.4,74.7,0,0,0,1.8,103
5830,20988000,20.4,78.4,0,0,0,2.1,104
5831,20991600,20.1,78.9,0,0,0,2.3,113
5832,20995200,19.5,80.7,0,0,0,2.6,116
5833,20998800,18.6,84,0,0,0,1.9,115
5834,21002400,18.1,84.6,0,0,0,1.9,111
5835,21006000,18,86,0,0,0,2.2,113
5836,21009600,17.8,86.7,0,0,0,2.6,111
5837,21013200,17.2,87.8,0,0,0,2.7,116
5838,21016800,16.9,89.2,23.7,23.3078,0,2.9,112
5839,21020400,18.1,88.3,131,112.478,0,2.4,109
5840,21024000,20.6,81.8,278.8,171.276,0,3,134
5841,21027600,22.9,70.4,421.7,187.432,0,3.8,125
5842,21031200,25,60.3,531.8,194.269,0,4.3,130
5843,21034800,25.1,53.8,571.3,228.252,0,4.2,148
5844,21038400,25.6,50.6,587.3,240.5,0,4.8,138
5845,21042000,26.2,48.2,649.3,164.187,0,4.7,151
5846,21045600,26.8,45.6,609.2,140.635,0,4.5,141
5847,21049200,26.8,45.3,498.9,139.688,0,3.7,143
5848,21052800,27.3,45.7,410.4,89.4107,0,3.3,154
5849,21056400,26.6,46.9,258.6,70.2558,0,2.3,169
5850,21060000,26.4,51.5,119.1,28.9421,0,1.9,133
5851,21063600,25.6,55.4,15.5,15.5,0,2.1,158
5852,21067200,23.4,59.4,0,0,0,5.1,296
5853,21070800,22.7,64.9,0,0,0,3,309
5854,21074400,22.4,68.5,0,0,0,3,271
5855,21078000,21.4,74.7,0,0,0,2.7,271
5856,21081600,20.3,83.8,0,0,0,2.6,306
5857,21085200,19.5,89.6,0,0,0,2.2,328
5858,21088800,19.2,92.1,0,0,0,1.7,340
5859,21092400,19.1,93.2,0,0,0,1.8,274
5860,21096000,18.8,93.6,0,0,0,1.9,277
5861,21099600,18.4,93.9,0,0,0,1.4,310
5862,21103200,18.1,94.4,4.9,4.88249,0,1.6,297
5863,21106800,17.8,94.9,24.8,24.6338,0,0.8,277
5864,21110400,17.9,95.3,53.2,52.7194,0,1.7,276
5865,21114000,17.6,95,74.3,73.5908,0,2.3,284
5866,21117600,17.4,94.8,107.7,106.447,0,1.7,286
5867,21121200,17.4,93.8,171.5,168.619,0,1.1,237
5868,21124800,18,89.9,178.1,175.1,0,1.3,237
5869,21128400,18.7,86.1,220.3,215.295,0,1.9,235
5870,21132000,19.3,83.4,279.5,259.108,0,1.9,172
5871,21135600,19.8,81.2,287,243.748,0,2.7,154
5872,21139200,21.1,78,327.1,158.556,0,2.6,147
5873,21142800,21,75.4,259.9,63.3029,0,2.8,165
5874,21146400,19.9,79.2,147,24.255,0,2.4,149
5875,21150000,19.2,84.3,24,24,0,2.5,143
5876,21153600,18,88.4,0,0,0,2,170
5877,21157200,17.6,91.4,0,0,0,2,153
5878,21160800,17.9,92.3,0,0,0,1.9,164
5879,21164400,18.2,92.7,0,0,0,2.2,206
5880,21168000,18.2,90.4,0,0,0,2.2,194
5881,21171600,17.7,86.9,0,0,0,2.5,234
5882,21175200,17.1,85.2,0,0,0,2.7,232
5883,21178800,16.8,86.1,0,0,0,2.2,229
5884,21182400,15.9,88.6,0,0,0,1.3,189
5885,21186000,15.4,91.5,0,0,0,1.4,181
5886,21189600,15.3,91.9,18,17.7525,0,1.7,189
5887,21193200,16.7,88.3,127.1,109.026,0,2.2,200
5888,21196800,18.2,82.6,284.3,161.805,0,2.1,197
5889,21200400,20.1,75.9,436.3,165.814,0,2.7,174
5890,21204000,21.7,66.7,566.5,152.883,0,3,168
5891,21207600,22.8,58.5,657.2,142.118,0,4.6,156
5892,21211200,23.6,53.1,682.2,146.029,0,4.8,200
5893,21214800,23.4,50.8,454.9,306.726,0,4.6,196
5894,21218400,24.6,49.3,456.5,262.583,0,5,196
5895,21222000,24.1,49.4,420.5,201.252,0,4.5,198
5896,21225600,24.6,50.5,372.6,110.904,0,5.1,186
5897,21229200,24.9,49.8,293,48.345,0,4.4,206
5898,21232800,24.1,51.5,144.5,23.8425,0,3.9,187
5899,21236400,23.1,55.3,23.3,23.3,0,1.9,186
5900,21240000,22,60,0,0,0,2,149
5901,21243600,22,63.8,0,0,0,2.1,161
5902,21247200,21.6,66.2,0,0,0,2.4,162
5903,21250800,21.3,68.9,0,0,0,1.9,179
5904,21254400,21,71,0,0,0,2.3,161
5905,21258000,19.6,76,0,0,0,2,167
5906,21261600,19.3,81.1,0,0,0,1.9,171
5907,21265200,19.5,82.1,0,0,0,2.6,162
5908,21268800,19.3,81.9,0,0,0,2.1,166
5909,21272400,19.2,81.3,0,0,0,2.4,134
5910,21276000,18.5,82.2,20.7,20.3564,0,2.5,138
5911,21279600,18.3,83.3,125.7,107.46,0,2.7,148
5912,21283200,20.7,77.7,269.7,166.865,0,2.6,168
5913,21286800,22.8,67.6,408.1,187.233,0,2.8,201
5914,21290400,24.6,61.1,521,191.63,0,2.8,213
5915,21294000,25.7,56.1,616.8,171.769,0,3.2,225
5916,21297600,27,49.7,633.7,182.504,0,3.6,242
5917,21301200,26.6,48.1,578.5,215.902,0,4.1,207
5918,21304800,27.2,49.1,568,161.717,0,3.5,209
5919,21308400,27.5,48.2,462.7,157.253,0,3.3,196
5920,21312000,27.7,44.9,300.3,168.118,0,4,229
5921,21315600,27,46.7,222.2,86.0119,0,2.6,176
5922,21319200,26.3,53.8,89.7,36.993,0,2,144
5923,21322800,24.8,60.9,14,14,0,1.9,150
5924,21326400,23.3,68.8,0,0,0,1.8,159
5925,21330000,22.6,74,0,0,0,1.6,112
5926,21333600,22.3,77.1,0,0,0,2.3,120
5927,21337200,21.5,80,0,0,0,1,94
5928,21340800,21.4,82.3,0,0,0,1.3,108
5929,21344400,21,83.3,0,0,0,1.8,76
5930,21348000,21.1,84.2,0,0,0,2.2,122
5931,21351600,21.6,81.9,0,0,0,2.5,236
5932,21355200,19.6,81.7,0,0,0,5.4,271
5933,21358800,18.9,85.3,0,0,0,4.5,300
5934,21362400,18.5,88.1,2,1.99662,0,2.7,342
5935,21366000,18.3,89.5,13.7,13.6467,0,2.4,262
5936,21369600,17.7,92.1,95,93.4209,0,2.2,245
5937,21373200,18.2,92.4,247.6,220.776,0,2.3,221
5938,21376800,18.6,89,211.7,205.509,0,3,226
5939,21380400,19.1,86.5,174.2,171.174,0,3.1,234
5940,21384000,18.8,84.5,209.4,205.137,0,3.4,236
5941,21387600,17.1,86,170.5,167.629,0,4.2,273
5942,21391200,18.9,85.1,173.1,169.867,0,4.5,278
5943,21394800,20.2,76.5,340.5,237.908,0,4.5,285
5944,21398400,20.7,68.5,298.1,164.728,0,4.2,287
5945,21402000,20.9,64.7,222.3,79.5333,0,3.8,290
5946,21405600,20.7,64.3,116.3,19.1895,0,2.2,279
5947,21409200,18.8,70.8,15.3,15.3,0,1.7,252
5948,21412800,18,79.9,0,0,0,2,247
5949,21416400,17.2,84.1,0,0,0,2.2,258
5950,21420000,17.5,84.2,0,0,0,2.7,261
5951,21423600,17.2,81.9,0,0,0,3,304
5952,21427200,16.6,82.2,0,0,0,2.8,295
5953,21430800,16.4,83.8,0,0,0,2.7,313
5954,21434400,16.3,84.1,0,0,0,3.3,310
5955,21438000,15.8,85.1,0,0,0,1.9,304
5956,21441600,14.9,88,0,0,0,1.9,309
5957,21445200,14.6,90.8,0,0,0,2.1,300
5958,21448800,14.1,91.3,18.3,18.0016,0,2.3,287
5959,21452400,14,91.7,122.7,104.223,0,1.2,313
5960,21456000,15.9,88.7,275.6,157.085,0,2.7,293
5961,21459600,17.7,80.7,416.6,171.35,0,3.2,298
5962,21463200,19.1,72.3,507.4,195.689,0,3.1,329
5963,21466800,19.7,64.4,576.7,200.678,0,3.4,307
5964,21470400,20.5,58.8,534.7,263.863,0,2.6,299
5965,21474000,20.6,57.3,486.8,281.265,0,2.8,320
5966,21477600,21.6,54.2,525.7,191.177,0,2.8,312
5967,21481200,21.9,49.9,444.4,163.205,0,2.5,309
5968,21484800,22.2,48,326.5,136.45,0,2.2,347
5969,21488400,21.7,49,242.1,55.2679,0,2.7,358
5970,21492000,20.9,52.9,115,18.975,0,1.4,19
5971,21495600,18.6,60.1,13,13,0,1.2,62
5972,21499200,16.4,73.1,0,0,0,0.7,115
5973,21502800,15.7,82.7,0,0,0,1,48
5974,21506400,15.5,86.3,0,0,0,1,108
5975,21510000,15.1,88.7,0,0,0,1.3,100
5976,21513600,15,90.4,0,0,0,1.3,92
5977,21517200,14.6,92.4,0,0,0,1.4,101
5978,21520800,14.3,93.6,0,0,0,1,76
5979,21524400,14.2,94.5,0,0,0,0.6,338
5980,21528000,14,94.9,0,0,0,1.4,82
5981,21531600,13.8,94.9,0,0,0,1.7,76
5982,21535200,13.6,95.1,15,14.7876,0,1.7,73
5983,21538800,15,93.1,111.7,99.1501,0,0.9,88
5984,21542400,16.4,89.9,262.7,161.164,0,1.6,91
5985,21546000,18.8,82.7,409.7,173.342,0,2.9,123
5986,21549600,20,70.8,535.1,164.678,0,3.3,105
5987,21553200,21.1,62.2,606.6,167.68,0,3,103
5988,21556800,20.8,59.5,619,181.93,0,3.2,76
5989,21560400,21.8,56.7,577,201.902,0,2.9,84
5990,21564000,22,52.5,560.8,152.415,0,3.4,98
5991,21567600,22.5,49,485.1,119.524,0,2.9,88
5992,21571200,22.8,45.7,408,68.9796,0,3.8,68
5993,21574800,22.5,44.8,270.7,44.6655,0,4.3,89
5994,21578400,21.6,47.9,119,19.635,0,3.2,80
5995,21582000,19.5,56.1,12.3,12.3,0,2.7,73
5996,21585600,18.2,65.2,0,0,0,2.5,72
5997,21589200,17.8,70.3,0,0,0,3.5,77
5998,21592800,18.2,73.1,0,0,0,2.3,97
5999,21596400,17.5,76.7,0,0,0,3.2,101
6000,21600000,16.7,81.8,0,0,0,3.3,95
6001,21603600,16.3,85.1,0,0,0,3,102
6002,21607200,15.7,87.1,0,0,0,1.6,91
6003,21610800,15.1,89.6,0,0,0,1.4,42
6004,21614400,15.1,92,0,0,0,1.3,84
6005,21618000,14.9,92.8,0,0,0,2.1,83
6006,21621600,14.8,93.2,13,12.8303,0,2.6,93
6007,21625200,15.2,93,105.7,95.4485,0,1.7,115
6008,21628800,16.8,88.5,255.3,161.686,0,2.8,102
6009,21632400,18.9,78,403.3,174.794,0,4.3,84
6010,21636000,20.8,67.9,528,166.887,0,3.9,116
6011,21639600,21.5,61.8,528.2,236.455,0,3.6,111
6012,21643200,21.9,58.1,470.8,297.006,0,4,77
6013,21646800,22.4,54.9,462.4,287.124,0,3.7,90
6014,21650400,22.3,53.7,434.6,255.05,0,3.7,76
6015,21654000,23,52.1,474.4,123.279,0,3.3,88
6016,21657600,23.1,50.1,362.6,90.4346,0,2.5,93
6017,21661200,23,51.4,220.2,62.0426,0,1.8,76
6018,21664800,22.5,56.1,77.6,21.6573,0,1.9,74
6019,21668400,20.7,63.3,11,11,0,2.7,83
6020,21672000,19.3,71,0,0,0,1.6,72
6021,21675600,18.9,77.6,0,0,0,1.8,87
6022,21679200,18.6,81.4,0,0,0,1.8,80
6023,21682800,17.8,85.2,0,0,0,1,88
6024,21686400,17.1,89.1,0,0,0,0.8,41
6025,21690000,16.9,91.5,0,0,0,1.3,45
6026,21693600,16.5,93.4,0,0,0,1.1,36
6027,21697200,16,94.5,0,0,0,1.1,26
6028,21700800,15.9,94.8,0,0,0,1.4,358
6029,21704400,15.6,94.8,0,0,0,1.1,74
6030,21708000,15.2,95.2,10,9.89714,0,1,65
6031,21711600,15.9,94.3,93,87.2159,0,0.9,62
6032,21715200,18.4,92.7,234,166.265,0,2.3,93
6033,21718800,20.5,86.3,380.4,189.897,0,2.3,119
6034,21722400,22,76.5,500,189.08,0,2.7,100
6035,21726000,23.3,70.3,589.7,174.052,0,3.3,81
6036,21729600,23.9,64.9,648,147.317,0,3.2,68
6037,21733200,24.8,58.8,622.5,149.646,0,4.2,100
6038,21736800,25.3,54.4,518.3,181.451,0,3.9,80
6039,21740400,25.8,52.2,455.4,134.865,0,3.2,120
6040,21744000,25.2,51.8,345.4,99.8566,0,3.9,81
6041,21747600,25.1,52.7,182.9,89.8567,0,2.8,107
6042,21751200,24.3,56.3,86.9,14.3385,0,2.3,117
6043,21754800,22.5,63.7,8.3,8.3,0,2,103
6044,21758400,21.1,72.1,0,0,0,2,94
6045,21762000,20.5,77.8,0,0,0,2.6,91
6046,21765600,20.4,79.6,0,0,0,2.4,93
6047,21769200,20.5,80.3,0,0,0,1.9,143
6048,21772800,19.7,82.3,0,0,0,1.4,188
6049,21776400,18.3,87.4,0,0,0,1.6,13
6050,21780000,18.8,91.5,0,0,0,1.6,22
6051,21783600,19.3,90.6,0,0,0,1.3,97
6052,21787200,19.4,90.1,0,0,0,1.6,208
6053,21790800,19.1,91.2,0,0,0,1.1,150
6054,21794400,18.1,92.7,6.3,6.2592,0,1.5,90
6055,21798000,18,93.2,80.8,77.7118,0,1,101
6056,21801600,19.1,88.9,213.5,166.299,0,1.9,179
6057,21805200,20.7,80.8,340.9,211.796,0,1.6,215
6058,21808800,21.9,74.1,443.1,233.483,0,1.9,191
6059,21812400,22.3,69.6,427.2,291.641,0,2.1,211
6060,21816000,22.1,66.9,370.5,306.026,0,2.4,169
6061,21819600,22.1,66,355,296.443,0,2.8,175
6062,21823200,22,64.6,320.8,269.255,0,2.5,159
6063,21826800,22.4,62.4,281.7,228.602,0,2.7,177
6064,21830400,22.2,62.1,193.7,167.351,0,2.6,167
6065,21834000,21.8,63.4,116.6,101.699,0,1.8,189
6066,21837600,20.9,67.9,45.8,33.1462,0,1.3,253
6067,21841200,20.5,76.2,2,2,0,1.5,256
6068,21844800,20,80.5,0,0,0,2,300
6069,21848400,18.7,86.1,0,0,0,3.9,339
6070,21852000,18.3,91.8,0,0,0,2.8,84
6071,21855600,17.7,93.2,0,0,0,3.7,342
6072,21859200,16.9,94.5,0,0,0,3,308
6073,21862800,16.6,93.8,0,0,0,1.2,24
6074,21866400,16.8,94.7,0,0,0,1.3,274
6075,21870000,16.5,96.4,0,0,0,3,268
6076,21873600,15.9,96.7,0,0,0,2.1,266
6077,21877200,15.2,96.4,0,0,0,2.1,231
6078,21880800,14.4,95.9,10,9.89725,0,2.4,227
6079,21884400,14.6,94.8,99.1,89.7737,0,2.7,235
6080,21888000,15.4,91.8,254.8,152.383,0,3.5,232
6081,21891600,17.2,85,409.2,155.976,0,3.5,214
6082,21895200,18.9,77.1,541,141.131,0,3.4,187
6083,21898800,20.7,70.4,633.4,129.292,0,4.2,206
6084,21902400,22.2,65.7,667.7,126.664,0,4.2,199
6085,21906000,22.2,61.6,404.5,296.41,0,6,205
6086,21909600,21.7,60.4,256.5,238.807,0,6,216
6087,21913200,22.3,60.3,195.2,186.128,0,6.2,221
6088,21916800,22.3,60.1,173.4,157.167,0,4.7,217
6089,21920400,21.8,62.3,111.8,98.3592,0,5.9,219
6090,21924000,15.8,76.2,69.8,11.6484,0,7.4,266
6091,21927600,15.9,92.7,1.8,1.8,0,4,242
6092,21931200,16.1,93.5,0,0,0,2.9,214
6093,21934800,15.9,92.9,0,0,0,3.1,206
6094,21938400,16,91,0,0,0,3.2,224
6095,21942000,15.5,89.6,0,0,0,3,216
6096,21945600,15.1,89.7,0,0,0,2.5,194
6097,21949200,14.7,86.1,0,0,0,2.1,201
6098,21952800,14.6,81.2,0,0,0,2.6,189
6099,21956400,14.4,80.7,0,0,0,2.5,190
6100,21960000,14.3,81.9,0,0,0,2.5,199
6101,21963600,14,83,0,0,0,2.5,193
6102,21967200,14.3,83.6,6.6,6.6,0,2.5,200
6103,21970800,14.5,82,72.3,70.1669,0,2.2,164
6104,21974400,15.7,78.6,102.6,100.612,0,3.2,199
6105,21978000,15.5,78.3,140,137.275,0,3,217
6106,21981600,15.7,80.8,288,253.89,0,2.9,210
6107,21985200,17.6,77.4,377.2,294.233,0,3.9,206
6108,21988800,18,70.1,317.8,285.357,0,4,231
6109,21992400,16.4,70.7,209.3,204.327,0,4.3,250
6110,21996000,20.3,67.4,518.3,164.076,0,4.3,247
6111,21999600,21.1,54.5,493.9,90.4791,0,4.2,252
6112,22003200,21.3,47.4,370.4,66.1837,0,4.1,256
6113,22006800,20.8,46.3,240.1,39.6165,0,5,243
6114,22010400,20.2,47.2,92.1,15.1965,0,3.9,243
6115,22014000,18.6,51.2,4.3,4.3,0,2.9,246
6116,22017600,17.1,58,0,0,0,2.5,256
6117,22021200,15.8,64.6,0,0,0,1.7,217
6118,22024800,15.5,69,0,0,0,1.9,184
6119,22028400,14.7,72,0,0,0,1.8,196
6120,22032000,14.1,74.7,0,0,0,1.9,164
6121,22035600,14.5,77.6,0,0,0,1.6,182
6122,22039200,13.4,81.2,0,0,0,1.4,156
6123,22042800,13.3,83.7,0,0,0,1.7,169
6124,22046400,12.7,84.9,0,0,0,1.2,138
6125,22050000,13.4,84.4,0,0,0,1.6,149
6126,22053600,13,83.2,3.6,3.6,0,2,156
6127,22057200,13.5,82.8,31.7,31.3685,0,2.1,145
6128,22060800,14,81.3,119.6,116.316,0,2.6,141
6129,22064400,15.8,76.2,271.3,218.258,0,2.9,139
6130,22068000,18.2,68.2,444.2,220.35,0,3.4,143
6131,22071600,19.9,61.5,515.4,224.581,0,3.8,141
6132,22075200,20.5,56.4,524.2,240.262,0,4.5,163
6133,22078800,21,51.2,460.9,268.322,0,4.7,153
6134,22082400,21.1,49.9,229.3,218.525,0,3.4,179
6135,22086000,19.8,55.6,151.4,148.103,0,3.8,161
6136,22089600,19.1,66.5,60.3,59.6214,0,2.2,138
6137,22093200,20.3,72.9,90.6,84.7562,0,1.9,55
6138,22096800,18.5,74.6,65.1,12.3759,0,2.2,97
6139,22100400,17.6,78.9,3,3,0,2.5,112
6140,22104000,17.6,79.8,0,0,0,2.4,131
6141,22107600,17.5,77,0,0,0,2.2,150
6142,22111200,17.3,75.2,0,0,0,2.5,142
6143,22114800,16.8,76.7,0,0,0,2.5,152
6144,22118400,16.4,79.6,0,0,0,1.9,141
6145,22122000,15.5,85.4,0,0,0,1.3,129
6146,22125600,15.9,89,0,0,0,2,149
6147,22129200,15.8,88.4,0,0,0,1.9,132
6148,22132800,15.6,89.5,0,0,0,1.9,149
6149,22136400,15.3,91.7,0,0,0,1.7,176
6150,22140000,15.1,93.2,2,2,0,2.3,131
6151,22143600,15.2,93.6,34.5,34.099,0,1.7,169
6152,22147200,15.8,90.8,135.6,129.449,0,2.1,230
6153,22150800,15.8,86.7,152.9,149.306,0,1.9,234
6154,22154400,16,84.1,130.2,128.212,0,2.6,244
6155,22158000,16,81,272.6,254.415,0,3.7,282
6156,22161600,17.6,74.8,462.4,279.685,0,4.3,278
6157,22165200,18.6,64.4,452.7,268.912,0,4.7,283
6158,22168800,18.8,57.5,392.9,252.031,0,4.6,284
6159,22172400,19.7,54.9,380.6,174.429,0,4.1,256
6160,22176000,19.3,51.2,308.9,102.308,0,5.1,266
6161,22179600,19.1,48.2,203.6,40.1846,0,4.3,273
6162,22183200,17.6,51.9,74.7,74.7,0,3.4,291
6163,22186800,15.9,62.7,1,1,0,1.9,274
6164,22190400,14.2,73.9,0,0,0,1.7,229
6165,22194000,13.2,81.6,0,0,0,1.7,209
6166,22197600,12.5,85.3,0,0,0,1.8,208
6167,22201200,12,87.5,0,0,0,1.8,186
6168,22204800,12,87.6,0,0,0,1.8,181
6169,22208400,12.3,86.7,0,0,0,1.8,162
6170,22212000,12.8,85.6,0,0,0,2.4,153
6171,22215600,13.5,82.5,0,0,0,2.9,148
6172,22219200,13.8,81.5,0,0,0,2.7,158
6173,22222800,14.2,83.2,0,0,0,3.1,166
6174,22226400,13.8,88,1.7,1.7,0,3.5,161
6175,22230000,14,93.8,43.2,42.5575,0,3.8,168
6176,22233600,14.8,95.1,95.2,93.4254,0,3.3,167
6177,22237200,16.1,94.2,267.8,214.519,0,3.7,182
6178,22240800,19.4,87.8,446,210.118,0,4.7,201
6179,22244400,22,77.7,364.3,287.877,0,5.3,209
6180,22248000,16.9,82.3,70.6,70.0865,0,5.5,269
6181,22251600,16.9,92.4,87.4,86.5881,0,3.3,203
6182,22255200,18.8,90.2,322.9,260.367,0,3.4,201
6183,22258800,20.4,84.9,384.7,164.882,0,3.7,209
6184,22262400,21.6,71,320.4,85.0157,0,4,251
6185,22266000,21.8,59,230.4,38.016,0,3.1,252
6186,22269600,20.3,60.4,74.5,74.5,0,2.2,219
6187,22273200,17.9,71.8,0,0,0,3,202
6188,22276800,17,81.4,0,0,0,2.2,221
6189,22280400,16.1,85.2,0,0,0,2,234
6190,22284000,16.4,86.8,0,0,0,2.6,199
6191,22287600,16.6,83.5,0,0,0,3.6,224
6192,22291200,16.5,76.9,0,0,0,3.2,243
6193,22294800,16.9,72.1,0,0,0,4.3,228
6194,22298400,16.7,69.2,0,0,0,4.7,230
6195,22302000,16.6,66.3,0,0,0,4.9,242
6196,22305600,16.2,65.1,0,0,0,4.2,222
6197,22309200,16.1,66.5,0,0,0,4.2,216
6198,22312800,16.9,66.6,3,3,0,5.8,222
6199,22316400,16.8,66.1,41,40.4082,0,6.2,222
6200,22320000,16.9,65.9,125.5,120.862,0,6.8,230
6201,22323600,17.2,63.9,222.6,199.764,0,7.9,235
6202,22327200,17.1,62.8,227.1,215.438,0,8,243
6203,22330800,17.9,61.4,319.5,276.97,0,9.7,242
6204,22334400,17.6,60.1,333.8,287.629,0,9.5,249
6205,22338000,18,60.2,263.2,247.177,0,8.1,258
6206,22341600,17.6,59.4,133.9,131.773,0,7.2,245
6207,22345200,18.2,56.8,109.8,108.073,0,8.1,248
6208,22348800,19,51.4,219.7,154.163,0,9,245
6209,22352400,18.5,49.5,176,50.112,0,5.3,253
6210,22356000,17.8,52.6,62.4,62.4,0,4.6,258
6211,22359600,13.8,67.5,0,0,0,3.3,242
6212,22363200,13.6,84.2,0,0,0,5.5,244
6213,22366800,14.1,80,0,0,0,5.2,246
6214,22370400,14.1,77.9,0,0,0,5.9,264
6215,22374000,13.9,81.8,0,0,0,5.1,251
6216,22377600,13.9,85.1,0,0,0,4.5,244
6217,22381200,14.2,85.6,0,0,0,5.7,270
6218,22384800,14.2,83.4,0,0,0,5.3,272
6219,22388400,13.6,83.7,0,0,0,4.7,253
6220,22392000,13.2,85.7,0,0,0,4.2,252
6221,22395600,12.9,87.1,0,0,0,4.1,256
6222,22399200,12.7,87.8,2.3,2.3,0,3.5,242
6223,22402800,13.3,86.4,55,53.9076,0,3.8,263
6224,22406400,14.2,82.6,189.1,152.41,0,6.1,266
6225,22410000,15.4,78.2,344.4,184.549,0,6.7,280
6226,22413600,16.8,72.8,410.9,228.02,0,6.9,276
6227,22417200,17.4,68.4,410.2,276.37,0,6.3,262
6228,22420800,18,64.7,391.7,292.928,0,6.5,261
6229,22424400,17.9,60.4,277.5,255.817,0,6.6,267
6230,22428000,18,57.9,267.4,240.123,0,6.3,269
6231,22431600,18.5,56.9,288.6,210.515,0,5.7,263
6232,22435200,18.9,55.3,279.1,110.804,0,6.1,255
6233,22438800,18.2,55.6,188.5,34.9692,0,5.4,263
6234,22442400,17.1,59.4,60,60,0,3.7,260
6235,22446000,15.9,64.5,0,0,0,3.3,252
6236,22449600,15,70.5,0,0,0,2.7,238
6237,22453200,14.2,75.2,0,0,0,2.8,245
6238,22456800,14.2,76.9,0,0,0,2.8,222
6239,22460400,14.8,76.2,0,0,0,2.5,225
6240,22464000,15.2,75.1,0,0,0,2.7,216
6241,22467600,15.6,74.4,0,0,0,2.7,217
6242,22471200,16.3,73.1,0,0,0,3.5,223
6243,22474800,16.7,72.7,0,0,0,3.8,217
6244,22478400,16.8,75,0,0,0,3.8,223
6245,22482000,16.8,77.8,0,0,0,4.1,219
6246,22485600,16.3,81.6,3,3,0,4.1,229
6247,22489200,15.7,88.1,23.7,23.4928,0,3.9,224
6248,22492800,15.9,92.9,57,56.339,0,3.7,234
6249,22496400,15.8,94.8,139.7,136.772,0,4.2,235
6250,22500000,16.6,94.8,128.4,126.405,0,4.3,242
6251,22503600,17.7,90.7,130.2,128.353,0,4.2,243
6252,22507200,18.2,85.9,143.9,141.718,0,4.4,252
6253,22510800,18.9,82.8,126.3,124.562,0,4.5,246
6254,22514400,19.4,81.1,138.3,135.986,0,4.8,250
6255,22518000,19.9,79.6,129.2,126.75,0,4.5,245
6256,22521600,19.8,80.1,107.3,104.723,0,4.2,256
6257,22525200,20.1,80,141.1,68.7259,0,4,259
6258,22528800,20.3,77.9,43,43,0,3.1,235
6259,22532400,20.5,77.1,0,0,0,3.5,251
6260,22536000,20.3,77.1,0,0,0,3.4,265
6261,22539600,20.9,75.2,0,0,0,4.6,276
6262,22543200,20.6,74.4,0,0,0,3.8,264
6263,22546800,20.7,75.5,0,0,0,4.2,258
6264,22550400,19.8,77.1,0,0,0,3.6,253
6265,22554000,19.1,80.8,0,0,0,3.3,249
6266,22557600,19.2,82.4,0,0,0,3.3,259
6267,22561200,19,82.4,0,0,0,3.2,264
6268,22564800,19.1,82.2,0,0,0,3.4,265
6269,22568400,18.9,82.1,0,0,0,2.6,245
6270,22572000,18.6,83.3,2,2,0,2.7,215
6271,22575600,18.6,83.8,35.4,34.9265,0,2.7,249
6272,22579200,18.9,82.5,96.4,94.4774,0,2.9,237
6273,22582800,19.8,79.3,177.2,169.099,0,3.3,245
6274,22586400,20.7,74.9,256.4,232.596,0,3.5,258
6275,22590000,20.6,71.3,213.6,207.217,0,4.8,262
6276,22593600,20.4,70,242.3,232.105,0,4.3,255
6277,22597200,21.7,67.2,450.7,247.986,0,3.9,271
6278,22600800,23,61.8,545.3,104.764,0,3.6,252
6279,22604400,23.5,58.6,479.8,79.167,0,3,261
6280,22608000,24.1,57.7,351.4,57.981,0,2.6,208
6281,22611600,23.8,57.6,198.4,32.736,0,2.5,212
6282,22615200,22.2,63,56.2,56.2,0,1.6,187
6283,22618800,20,73.9,0,0,0,2,144
6284,22622400,18.8,81.5,0,0,0,2.1,140
6285,22626000,18.2,85.4,0,0,0,2.1,137
6286,22629600,18.1,88,0,0,0,2.7,144
6287,22633200,17.5,89.6,0,0,0,2.3,144
6288,22636800,17.1,91.3,0,0,0,2.1,146
6289,22640400,16.8,91.5,0,0,0,2.1,161
6290,22644000,16.9,91.6,0,0,0,1.9,140
6291,22647600,16.7,92.3,0,0,0,1.8,180
6292,22651200,16.2,91.5,0,0,0,1.9,187
6293,22654800,15.7,90.6,0,0,0,2.4,157
6294,22658400,15.4,91.2,3.6,3.6,0,2,161
6295,22662000,15.9,90.5,58.9,57.2905,0,1.8,180
6296,22665600,18.1,86,199.5,146.155,0,2.2,198
6297,22669200,21.3,74.4,331.9,181.083,0,2.2,204
6298,22672800,23.5,62.3,427.9,202.173,0,3.3,208
6299,22676400,24.9,55.7,476.3,224.329,0,4,227
6300,22680000,26.3,52.8,594.1,138.981,0,3.6,204
6301,22683600,27.6,49.5,571.3,136.307,0,3.7,228
6302,22687200,28.5,45.6,525.6,112.68,0,3.6,226
6303,22690800,29.2,42.9,451.3,80.8771,0,3.5,204
6304,22694400,29.5,40.8,333.7,55.3893,0,3.4,227
6305,22698000,28.6,41.8,185.9,30.6735,0,2.8,225
6306,22701600,24.6,51.4,48.7,48.7,0,1.9,197
6307,22705200,23.6,62.3,0,0,0,2.2,159
6308,22708800,22.7,66.3,0,0,0,2,168
6309,22712400,22.4,69.6,0,0,0,2.3,180
6310,22716000,21.9,71.2,0,0,0,2.1,171
6311,22719600,21,74,0,0,0,1.5,196
6312,22723200,20.5,75.8,0,0,0,1.6,192
6313,22726800,19.4,78.3,0,0,0,1.7,207
6314,22730400,19,82.2,0,0,0,1.1,226
6315,22734000,19.8,82.1,0,0,0,1.7,193
6316,22737600,19.1,82,0,0,0,1.7,183
6317,22741200,18,85,0,0,0,1.4,215
6318,22744800,17.7,87.7,2.7,2.7,0,1.7,139
6319,22748400,18.8,86.3,51.6,50.519,0,1.9,175
6320,22752000,20.3,80.6,140.9,130.078,0,2,161
6321,22755600,22.8,72.6,240.8,200.605,0,2.9,176
6322,22759200,24.8,64.3,412.2,210.104,0,3.5,192
6323,22762800,26.3,57.4,519.7,179.383,0,4.3,216
6324,22766400,26.7,53.6,567,157.204,0,6.1,268
6325,22770000,26.1,53.8,454.9,235.175,0,5.6,274
6326,22773600,24.6,58,255.2,229.836,0,5,267
6327,22777200,24.4,61.7,254.9,201.061,0,5.5,270
6328,22780800,23.4,64.1,277.8,85.0131,0,6.4,295
6329,22784400,21.6,63.7,128.6,60.0084,0,6.9,286
6330,22788000,20.6,58.2,21.4,21.4,0,6.3,282
6331,22791600,19.6,54.6,0,0,0,5.9,286
6332,22795200,18.5,58,0,0,0,5.8,297
6333,22798800,18,63.6,0,0,0,6.6,303
6334,22802400,16.9,68,0,0,0,5.4,302
6335,22806000,15.5,76.2,0,0,0,5,316
6336,22809600,14.6,83.4,0,0,0,5.1,317
6337,22813200,13.7,86.2,0,0,0,3,322
6338,22816800,13.3,89.9,0,0,0,2,309
6339,22820400,13.1,93,0,0,0,1.7,294
6340,22824000,12.8,94.2,0,0,0,1.6,311
6341,22827600,12.4,94.6,0,0,0,1.4,300
6342,22831200,12,94.9,2,2,0,1.5,301
6343,22834800,12,95,29.4,29.0471,0,1.8,317
6344,22838400,12.3,93.1,96.7,94.6246,0,1.7,312
6345,22842000,12.6,88.6,162.6,156.619,0,2.2,333
6346,22845600,13.5,82.4,233.5,217.049,0,3.3,1
6347,22849200,14.2,74.1,373.2,271.18,0,3.1,357
6348,22852800,15.1,63.1,378.7,281.291,0,3.9,1
6349,22856400,14.9,58.6,312.1,266.206,0,3.6,341
6350,22860000,14.7,59.6,213.2,202.545,0,3.3,353
6351,22863600,14.7,59.3,166.6,159.556,0,3.1,352
6352,22867200,14.5,57.5,157.9,136.045,0,3.3,356
6353,22870800,14.4,55.8,115.4,63.9672,0,2.7,1
6354,22874400,14.1,57.3,25.2,25.2,0,2.4,351
6355,22878000,13.9,62,0,0,0,1.7,350
6356,22881600,13.9,64.3,0,0,0,2.3,334
6357,22885200,13.7,62.4,0,0,0,2.6,346
6358,22888800,12.8,62.9,0,0,0,2.1,2
6359,22892400,10.8,71.4,0,0,0,1.9,338
6360,22896000,9.3,82.2,0,0,0,1.5,316
6361,22899600,8.7,85.4,0,0,0,0.1,303
6362,22903200,8.1,86.6,0,0,0,1,288
6363,22906800,7.8,89.7,0,0,0,1.3,279
6364,22910400,7.2,92,0,0,0,1.3,217
6365,22914000,6.9,93,0,0,0,0.9,295
6366,22917600,7.3,93.6,2,2,0,1.2,292
6367,22921200,7.9,91.5,57,55.1771,0,1.6,305
6368,22924800,10.3,86.6,197,138.976,0,2.3,337
6369,22928400,12.4,78.9,342,160.208,0,2.1,314
6370,22932000,14.2,70.3,461.3,156.361,0,2.4,314
6371,22935600,15.1,62.6,546,143.871,0,2,293
6372,22939200,15.9,55.5,534.8,176.26,0,2.2,312
6373,22942800,15.9,52.3,438.8,236.755,0,2.3,341
6374,22946400,16.4,51.3,324.6,240.166,0,2.7,358
6375,22950000,16.6,51.9,303.6,181.358,0,3.7,330
6376,22953600,16.5,52,254.8,93.3325,0,2.7,354
6377,22957200,15.8,52.1,137.3,38.1209,0,2.1,31
6378,22960800,15.3,55.1,35.6,35.6,0,2.6,36
6379,22964400,13.8,60.1,0,0,0,2.8,22
6380,22968000,13.4,66.1,0,0,0,3.2,37
6381,22971600,13.5,69.7,0,0,0,3,33
6382,22975200,13.2,72.7,0,0,0,2.9,34
6383,22978800,12.7,75.8,0,0,0,2.8,34
6384,22982400,11.8,79.7,0,0,0,2.2,41
6385,22986000,11.8,82.7,0,0,0,2.7,21
6386,22989600,11.2,84.5,0,0,0,2.6,36
6387,22993200,11.4,84.2,0,0,0,2.9,59
6388,22996800,11.1,82.8,0,0,0,2.9,51
6389,23000400,10.5,83,0,0,0,3,31
6390,23004000,10.1,83.1,1,1,0,2.8,45
6391,23007600,10.5,80.8,55.3,53.5433,0,3.5,44
6392,23011200,11.5,75.2,197.7,135.993,0,4.7,51
6393,23014800,13,68.1,345,152.85,0,5.2,63
6394,23018400,14.7,60.7,466.5,146.055,0,6.3,76
6395,23022000,15,55.7,554.6,131.443,0,6.7,63
6396,23025600,16,50.5,593.4,120.912,0,7.3,55
6397,23029200,16.8,44.1,573.8,114.984,0,7,62
6398,23032800,17,42.4,542.2,91.0424,0,7.7,66
6399,23036400,17.2,43.8,455.5,75.1575,0,7.3,58
6400,23040000,16.9,42.1,321.9,53.1135,0,6.9,61
6401,23043600,16.6,41.5,176.5,29.1225,0,6.2,65
6402,23047200,15.5,45.6,36.6,36.6,0,5.3,55
6403,23050800,14.5,51.9,0,0,0,4.2,55
6404,23054400,14.1,57,0,0,0,4.8,56
6405,23058000,13.6,59.7,0,0,0,4.8,60
6406,23061600,13.4,61.3,0,0,0,5.1,56
6407,23065200,13.2,61.9,0,0,0,5.8,66
6408,23068800,12.6,62.7,0,0,0,5.7,57
6409,23072400,12.1,63.8,0,0,0,6.2,65
6410,23076000,11.5,65,0,0,0,5.7,65
6411,23079600,10.9,67.9,0,0,0,5.4,67
6412,23083200,10.4,70.6,0,0,0,5.5,65
6413,23086800,10,72.1,0,0,0,4.7,60
6414,23090400,9.6,73.2,1,1,0,5.3,64
6415,23094000,9.9,72,51,49.6339,0,5.5,62
6416,23097600,10.7,68.1,187,135.778,0,5.7,68
6417,23101200,12.1,62.3,321.7,167.177,0,5.7,75
6418,23104800,13.4,54.3,418.4,185.9,0,7.1,74
6419,23108400,13.8,48.9,452.8,218.878,0,7.4,66
6420,23112000,14.4,45.9,458.7,233.376,0,7,67
6421,23115600,16.1,40,495.8,176.508,0,7.6,68
6422,23119200,15.1,38.5,284.7,234.093,0,7.2,87
6423,23122800,14.9,42.1,131.3,128.37,0,6.4,63
6424,23126400,15.2,43.2,108.2,103.965,0,6.9,80
6425,23130000,15.1,43.9,81,63.145,0,5.5,81
6426,23133600,14.7,46,13.7,13.7,0,4,86
6427,23137200,14.5,47.9,0,0,0,4.3,79
6428,23140800,14.5,49.3,0,0,0,5.2,73
6429,23144400,14.2,51.6,0,0,0,5.3,81
6430,23148000,13.9,54.7,0,0,0,5.5,83
6431,23151600,13.7,56.5,0,0,0,5.5,78
6432,23155200,13.1,59.6,0,0,0,4.9,71
6433,23158800,13.2,60.8,0,0,0,5.1,80
6434,23162400,13.4,58.4,0,0,0,4.5,84
6435,23166000,13.1,57.6,0,0,0,4.8,82
6436,23169600,12.6,58.9,0,0,0,4.9,82
6437,23173200,12.2,61,0,0,0,4.3,88
6438,23176800,11.8,61.8,0,0,0,5.2,81
6439,23180400,11.6,62.5,14.5,14.4036,0,5.3,83
6440,23184000,11.2,63.9,62.9,61.9977,0,6.1,71
6441,23187600,10.6,66.9,87.8,86.5704,0,6.3,91
6442,23191200,10.6,70.4,132.1,129.836,0,6.7,73
6443,23194800,11.5,68.8,138.5,136.269,0,6.3,81
6444,23198400,13.2,63.3,270.9,248.213,0,6.2,90
6445,23202000,14.7,56.2,279.5,248.492,0,7.5,98
6446,23205600,14.9,51.8,217.1,203.15,0,5.8,89
6447,23209200,15.8,49.4,262.3,185.285,0,6.2,91
6448,23212800,15.9,47.9,143.9,124.679,0,5.9,91
6449,23216400,15.8,48.8,106.2,46.4027,0,4,93
6450,23220000,15.7,49.7,18.7,18.7,0,4.9,87
6451,23223600,15.6,50.2,0,0,0,4.9,91
6452,23227200,15.3,50.5,0,0,0,5,90
6453,23230800,14.9,50.9,0,0,0,5.5,93
6454,23234400,14.4,51.8,0,0,0,5,93
6455,23238000,14.2,52.9,0,0,0,4.1,83
6456,23241600,13.9,53.6,0,0,0,4.8,93
6457,23245200,13,55.6,0,0,0,4.2,101
6458,23248800,13.3,56.8,0,0,0,4.3,93
6459,23252400,12.1,57.9,0,0,0,4,94
6460,23256000,11.8,61,0,0,0,3.7,100
6461,23259600,11.9,62.4,0,0,0,3.4,92
6462,23263200,11.9,62.2,0,0,0,3.7,83
6463,23266800,11.3,62.9,36.1,35.4837,0,3.9,81
6464,23270400,11.5,64,125.7,116.981,0,3.9,90
6465,23274000,12.8,62.1,266.3,187.836,0,4.9,90
6466,23277600,13.8,59.7,424.9,169.613,0,4.8,99
6467,23281200,15.4,58.2,511.4,154.033,0,5.1,84
6468,23284800,16.7,56.3,553,136.746,0,4.8,113
6469,23288400,17.9,54.5,543.5,121.573,0,4.2,86
6470,23292000,18.8,52.8,509,92.0851,0,5.1,70
6471,23295600,19.2,51.5,418.5,70.8941,0,4.9,87
6472,23299200,19.4,51.3,292.8,48.312,0,4.5,87
6473,23302800,18.2,52.6,144,23.76,0,4,72
6474,23306400,16.5,56,21.3,21.3,0,3.2,77
6475,23310000,15.2,61.8,0,0,0,2.1,91
6476,23313600,13.9,68.2,0,0,0,2.8,71
6477,23317200,13.5,72.7,0,0,0,2.7,70
6478,23320800,13.2,74.7,0,0,0,2.8,77
6479,23324400,13.6,72.7,0,0,0,3.2,91
6480,23328000,13.6,66.8,0,0,0,3.2,90
6481,23331600,12.8,63.4,0,0,0,3.6,92
6482,23335200,11.9,64.9,0,0,0,2.4,95
6483,23338800,11.3,68,0,0,0,2.6,76
6484,23342400,10.7,71.2,0,0,0,2.5,73
6485,23346000,10.4,73.4,0,0,0,2.1,70
6486,23349600,10.2,75.7,0,0,0,1.7,66
6487,23353200,9.9,77.8,44.9,43.8064,0,2.6,78
6488,23356800,10.7,75.9,170.6,130.379,0,2.9,79
6489,23360400,12.6,68.6,308.9,163.3,0,3.4,107
6490,23364000,15.2,59.3,428.6,160.739,0,3.5,91
6491,23367600,17.1,51.5,513.1,146.842,0,3.5,99
6492,23371200,18.3,46.3,550.5,133.47,0,4.1,69
6493,23374800,19,43.2,541.7,117.796,0,3.8,80
6494,23378400,19.1,41.5,508,89.2752,0,3.4,66
6495,23382000,19.1,40.9,417.8,69.3872,0,3.4,93
6496,23385600,18.7,41,289.9,47.8335,0,3.8,57
6497,23389200,17.3,43,141,23.265,0,4.1,80
6498,23392800,15.6,48.3,20.3,20.3,0,3,79
6499,23396400,13.7,57.6,0,0,0,2.4,57
6500,23400000,13.4,67.2,0,0,0,3.4,69
6501,23403600,13.9,71.5,0,0,0,3.2,96
6502,23407200,13.1,74.1,0,0,0,2.7,95
6503,23410800,12.4,77.9,0,0,0,2.4,79
6504,23414400,11.7,81.4,0,0,0,2.7,78
6505,23418000,11.4,84,0,0,0,2.1,86
6506,23421600,10.7,86.4,0,0,0,1.5,97
6507,23425200,10.7,88.6,0,0,0,2.7,87
6508,23428800,10.2,89.6,0,0,0,2.7,84
6509,23432400,9.8,90.5,0,0,0,1.6,49
6510,23436000,9,91.9,0,0,0,1.2,70
6511,23439600,9.1,92.7,41,40.125,0,1.8,83
6512,23443200,10.6,91,168.4,128.245,0,2.2,82
6513,23446800,12.6,83.4,309.4,158.434,0,2.2,81
6514,23450400,15,72.2,429.7,154.212,0,2.7,110
6515,23454000,16,63,513.6,140.832,0,2.8,107
6516,23457600,17.3,56.7,478.9,194.263,0,3.8,85
6517,23461200,16.9,55.3,321.4,254.416,0,4.3,76
6518,23464800,16.1,57.9,432.7,139.961,0,3.6,67
6519,23468400,17.4,54.6,398.8,70.6699,0,4,84
6520,23472000,17.4,49.4,276.9,45.8147,0,3.4,111
6521,23475600,15.8,52,140.9,23.2485,0,2.6,109
6522,23479200,15.1,58.7,21.1,21.1,0,2.6,114
6523,23482800,13.4,67.1,0,0,0,1.9,107
6524,23486400,13,73.4,0,0,0,2.7,85
6525,23490000,12.6,76,0,0,0,2.5,101
6526,23493600,12.1,79.3,0,0,0,2.4,95
6527,23497200,10.7,83.8,0,0,0,1.9,58
6528,23500800,10.1,88.2,0,0,0,1.7,24
6529,23504400,9.8,90.3,0,0,0,1.6,61
6530,23508000,9.7,89.9,0,0,0,2.4,88
6531,23511600,9.3,89.5,0,0,0,2.9,96
6532,23515200,8.8,89.9,0,0,0,2.5,87
6533,23518800,8.3,90,0,0,0,3.2,90
6534,23522400,7.7,90.9,0,0,0,3.7,93
6535,23526000,7.4,92.1,40,39.1284,0,2.6,110
6536,23529600,8.3,90.3,159.8,126.119,0,2.6,98
6537,23533200,10.3,82.7,299.4,161.244,0,2.8,98
6538,23536800,12.3,70.7,424.9,153.284,0,3.7,120
6539,23540400,13.5,60.6,487.6,159.639,0,4.7,113
6540,23544000,13.2,54,457.8,207.443,0,4.6,86
6541,23547600,13.5,50.9,360.4,246.684,0,4.4,87
6542,23551200,12.7,53.6,230.3,207.621,0,4.8,88
6543,23554800,12.6,55.7,175.8,160.997,0,4.5,79
6544,23558400,12.4,55.4,116.2,106.614,0,3.9,79
6545,23562000,12.2,59,80.7,41.7862,0,3.4,76
6546,23565600,11,66.2,14,14,0,2.9,67
6547,23569200,11,72.9,0,0,0,3,71
6548,23572800,11.3,76.1,0,0,0,3.4,93
6549,23576400,10.2,80.3,0,0,0,2.6,76
6550,23580000,10.1,84.3,0,0,0,2.4,81
6551,23583600,9.2,86.5,0,0,0,1.9,76
6552,23587200,8.5,90.1,0,0,0,1.9,71
6553,23590800,8.2,94.3,0,0,0,1.7,70
6554,23594400,7.6,94.5,0,0,0,1.1,323
6555,23598000,7.4,95.3,0,0,0,1,3
6556,23601600,8.6,94.7,0,0,0,2.5,75
6557,23605200,8.6,94.1,0,0,0,2.7,70
6558,23608800,7.8,94.9,0,0,0,2.1,76
6559,23612400,8.2,94.8,22.9,22.6153,0,2.2,75
6560,23616000,9.6,93.3,126.1,114.522,0,2.3,77
6561,23619600,10.3,87.7,246,180.846,0,3.4,88
6562,23623200,10.4,82.2,235.8,211.515,0,2.6,65
6563,23626800,10.9,80.2,148.1,145.431,0,2.5,46
6564,23630400,11.4,77.1,156.2,153.325,0,3,72
6565,23634000,11.8,73.3,119.6,117.84,0,2.8,69
6566,23637600,11.9,71.1,143.8,140.893,0,2.7,86
6567,23641200,12.2,67.1,123.9,120.909,0,2,28
6568,23644800,11.8,65,56,55.1598,0,2.3,17
6569,23648400,11.7,68,52.8,44.9249,0,2.2,27
6570,23652000,11.4,70.8,7.3,7.3,0,2,44
6571,23655600,11.4,73,0,0,0,2.1,53
6572,23659200,10.4,77.3,0,0,0,1.4,40
6573,23662800,8.6,84.8,0,0,0,1,47
6574,23666400,7.4,91.9,0,0,0,1.2,16
6575,23670000,6.8,94.9,0,0,0,1.1,22
6576,23673600,6.3,95.9,0,0,0,0.9,12
6577,23677200,6,96.7,0,0,0,0.6,48
6578,23680800,5.3,96.9,0,0,0,0.7,4
6579,23684400,5.3,97,0,0,0,0.7,1
6580,23688000,5.2,96.9,0,0,0,0.7,319
6581,23691600,5,96.3,0,0,0,0.9,336
6582,23695200,5,96.2,0,0,0,0.7,64
6583,23698800,5,96.4,34.3,33.6366,0,0.9,353
6584,23702400,7.6,94.5,160.4,121.84,0,0.8,41
6585,23706000,11,84,306.3,146.706,0,0.9,58
6586,23709600,13.1,67.7,430.2,137.039,0,2.2,53
6587,23713200,14.4,57,513.2,124.966,0,2,49
6588,23716800,14.3,52.7,485,170.558,0,1.8,359
6589,23720400,14.8,49.6,380.4,230.107,0,1.3,90
6590,23724000,15.7,47.5,326.3,206.714,0,1.6,67
6591,23727600,14.5,48.4,242.8,168.133,0,1.9,345
6592,23731200,15.2,51.1,186,95.0878,0,1.8,7
6593,23734800,14.4,54.1,95.5,16.942,0,1.9,45
6594,23738400,12.3,61.2,10.4,10.4,0,1.5,28
6595,23742000,10.6,72.3,0,0,0,0.5,315
6596,23745600,9.3,81.1,0,0,0,0.7,116
6597,23749200,9,85.4,0,0,0,0.6,38
6598,23752800,8.4,87.8,0,0,0,0.8,176
6599,23756400,7.9,89.5,0,0,0,0.6,35
6600,23760000,7.5,90.8,0,0,0,0.6,231
6601,23763600,7.6,91.2,0,0,0,1.1,151
6602,23767200,6.9,91.6,0,0,0,0.6,244
6603,23770800,6.4,92.5,0,0,0,0.8,136
6604,23774400,6.1,93,0,0,0,0.9,154
6605,23778000,5.3,93.7,0,0,0,0.6,291
6606,23781600,4.9,94.6,0,0,0,1,229
6607,23785200,5.1,94.9,33,32.3611,0,0.8,147
6608,23788800,7.1,92.4,160.3,119.473,0,1,247
6609,23792400,10.4,86.8,310.4,138.231,0,0.8,134
6610,23796000,13.4,74,436.9,125.144,0,1,99
6611,23799600,14.3,62.8,445.6,182.21,0,2.3,47
6612,23803200,14.3,58.9,380.2,244.715,0,2.5,101
6613,23806800,15,56.6,392.2,218.266,0,2.8,149
6614,23810400,15,55.2,437.8,109.795,0,2.3,135
6615,23814000,15.8,52.3,365.9,70.1088,0,3,114
6616,23817600,15.7,50.3,251.1,41.524,0,2.5,151
6617,23821200,14.5,54.3,112.7,18.5955,0,2.2,156
6618,23824800,12.5,63.9,12.7,12.7,0,2.3,132
6619,23828400,10.8,74.1,0,0,0,2.4,119
6620,23832000,10.4,78.8,0,0,0,2.7,119
6621,23835600,9.9,81,0,0,0,2.9,123
6622,23839200,9.8,84.6,0,0,0,2.1,121
6623,23842800,10.4,84.8,0,0,0,2.8,137
6624,23846400,10.3,82.5,0,0,0,3.6,132
6625,23850000,10.3,80.4,0,0,0,4,134
6626,23853600,9.9,80.1,0,0,0,3.6,146
6627,23857200,9.4,80.4,0,0,0,3.9,143
6628,23860800,9.3,79.1,0,0,0,4.2,143
6629,23864400,9.3,76.4,0,0,0,5.2,142
6630,23868000,9.4,73.6,0,0,0,5.6,144
6631,23871600,9.3,70.7,9.4,9.34597,0,5.6,147
6632,23875200,9.6,67.3,36.7,36.3485,0,6.2,151
6633,23878800,9.7,66.7,58.7,58.0957,0,5.9,145
6634,23882400,8.2,75.6,51.5,51.1275,0,5.1,156
6635,23886000,8.8,83.9,66.7,66.143,0,5.5,157
6636,23889600,9.9,81.6,64.9,64.3892,0,4.7,161
6637,23893200,10,85.6,65.6,65.0537,0,4.5,171
6638,23896800,10.8,92,67.4,66.7421,0,3.6,179
6639,23900400,11.1,93.3,56.3,55.7128,0,3.7,160
6640,23904000,12.1,95.1,56.4,55.4798,0,4.1,180
6641,23907600,12.5,95.7,55.8,35.5208,0,4.1,193
6642,23911200,12.9,93.9,4.7,4.7,0,4.4,225
6643,23914800,12.2,90.4,0,0,0,4.2,228
6644,23918400,11.9,87.2,0,0,0,4.7,248
6645,23922000,11.5,80.2,0,0,0,5.5,245
6646,23925600,11.1,73.9,0,0,0,5.4,250
6647,23929200,9.9,77.7,0,0,0,4.9,219
6648,23932800,10.5,81.4,0,0,0,5.9,217
6649,23936400,10.6,78.8,0,0,0,5.8,232
6650,23940000,10.6,77,0,0,0,6.7,224
6651,23943600,10.6,76.6,0,0,0,6.5,234
6652,23947200,10.5,77.7,0,0,0,6.2,233
6653,23950800,10.3,79.5,0,0,0,5.6,235
6654,23954400,10.3,80.3,0,0,0,5.9,226
6655,23958000,10.6,79.7,22.4,22.0796,0,5.6,235
6656,23961600,11.2,78.2,110,102.23,0,5.9,234
6657,23965200,12.2,75,208.7,171.569,0,7.4,255
6658,23968800,13,70.5,193,182.564,0,8,251
6659,23972400,13.5,67.3,147.4,144.653,0,7.5,243
6660,23976000,13.4,66.5,172.9,169.039,0,8,243
6661,23979600,13.8,66.1,180.9,175.677,0,6.9,255
6662,23983200,13,69.8,188,177.563,0,6.4,227
6663,23986800,13.8,70.7,233,159.457,0,4.7,239
6664,23990400,13.9,66.7,149,100.674,0,5.8,246
6665,23994000,13.4,66.7,73.4,15.1444,0,5.7,239
6666,23997600,13.2,68.9,6,6,0,5.2,256
6667,24001200,13,69.9,0,0,0,5.9,251
6668,24004800,12.6,71.9,0,0,0,5.6,246
6669,24008400,12.2,76.6,0,0,0,5.7,253
6670,24012000,12,80.7,0,0,0,6.6,253
6671,24015600,11.9,83.2,0,0,0,6.2,250
6672,24019200,11.3,87.6,0,0,0,6.1,250
6673,24022800,11.2,91.3,0,0,0,5.6,246
6674,24026400,11.5,90.5,0,0,0,5.7,253
6675,24030000,11.9,87.3,0,0,0,6.6,259
6676,24033600,12,83.3,0,0,0,6.7,265
6677,24037200,11.8,81.9,0,0,0,7.4,266
6678,24040800,11.7,83.4,0,0,0,7.2,273
6679,24044400,11.4,84.6,23.1,22.7434,0,7.7,264
6680,24048000,11.7,83.9,80.1,78.2023,0,8.1,279
6681,24051600,11.3,84.9,101.8,99.9351,0,7.3,286
6682,24055200,12.1,81.4,112.5,110.684,0,7.1,277
6683,24058800,13.1,73.1,122.8,120.874,0,7.5,289
6684,24062400,13.8,68.3,163.2,159.871,0,7.6,289
6685,24066000,14.8,64.6,228.8,211.633,0,7.4,312
6686,24069600,15.8,61,300.8,200.41,0,7.6,298
6687,24073200,16.2,58.5,274.7,129.888,0,5.9,297
6688,24076800,16.2,57.5,188.7,66.5644,0,5.8,315
6689,24080400,14.8,60.7,94,15.51,0,4.9,314
6690,24084000,13.3,67.7,6,6,0,3.8,304
6691,24087600,11.9,75.1,0,0,0,3.3,302
6692,24091200,11.7,80.2,0,0,0,3.4,290
6693,24094800,11.3,85.6,0,0,0,3.3,284
6694,24098400,11.1,89.1,0,0,0,3.3,300
6695,24102000,10.9,89.9,0,0,0,3.1,298
6696,24105600,10.6,92.9,0,0,0,3.1,295
6697,24109200,10.1,95.2,0,0,0,2.9,280
6698,24112800,10.4,96.7,0,0,0,3.4,291
6699,24116400,11.1,97.4,0,0,0,3.2,308
6700,24120000,11.2,97.5,0,0,0,2.7,309
6701,24123600,11.2,97.4,0,0,0,2.8,299
6702,24127200,11.2,97.3,0,0,0,2.2,301
6703,24130800,11.3,98,6.5,6.47039,0,1.8,316
6704,24134400,11.7,98.2,28.8,28.5708,0,1.8,278
6705,24138000,12.2,97.4,108.1,105.966,0,1.8,275
6706,24141600,13.1,94.7,110.7,108.922,0,2,282
6707,24145200,13.8,91.2,132.1,129.849,0,1.9,273
6708,24148800,14.2,89.7,174.9,170.681,0,2.4,266
6709,24152400,14.4,88.8,104.6,103.165,0,2.6,270
6710,24156000,14.9,86,102.9,101.306,0,2.4,297
6711,24159600,14.9,84.7,84.1,82.721,0,2.4,278
6712,24163200,15.3,84.3,63.5,62.2267,0,1.5,295
6713,24166800,15,85.2,29.6,27.2921,0,1.7,187
6714,24170400,14.6,89.8,0.3,0.3,0,1.7,159
6715,24174000,14.4,93.9,0,0,0,1.8,192
6716,24177600,14.5,95.2,0,0,0,2,224
6717,24181200,14.4,95.7,0,0,0,1.8,198
6718,24184800,14.6,96.2,0,0,0,1.7,211
6719,24188400,14.5,97,0,0,0,1.8,199
6720,24192000,14.5,97.6,0,0,0,2.2,220
6721,24195600,14.6,97.4,0,0,0,2,217
6722,24199200,14.6,97.2,0,0,0,2.2,220
6723,24202800,14.6,97.3,0,0,0,2.1,234
6724,24206400,14.5,97.4,0,0,0,2.3,219
6725,24210000,14.6,97.5,0,0,0,2.2,223
6726,24213600,14.6,97.5,0,0,0,2.4,223
6727,24217200,14.6,97.8,5.3,5.2793,0,2.2,240
6728,24220800,14.9,98.2,27.3,27.0899,0,2.1,254
6729,24224400,15.2,98.4,73.3,72.307,0,3,275
6730,24228000,15,96.8,117.1,115.089,0,3.4,290
6731,24231600,15.4,93.1,139.9,137.35,0,2.9,274
6732,24235200,15.8,89.1,180.5,175.588,0,3.1,293
6733,24238800,15.8,86.3,123.7,121.67,0,3.2,284
6734,24242400,15.7,85.2,85.4,84.2876,0,2.6,255
6735,24246000,15.5,85.6,77.4,76.2113,0,2.2,268
6736,24249600,14.6,89.8,66.6,65.0518,0,2.7,268
6737,24253200,14.7,94.1,35.7,29.9256,0,1.6,270
6738,24256800,14.2,95.6,1,1,0,3,324
6739,24260400,14.2,96.2,0,0,0,1.7,234
6740,24264000,14.1,96,0,0,0,2.5,270
6741,24267600,13.9,95.6,0,0,0,2.6,289
6742,24271200,13.3,96.1,0,0,0,2,297
6743,24274800,13.8,96.8,0,0,0,2.1,288
6744,24278400,13.9,97,0,0,0,1.7,282
6745,24282000,13.9,97.3,0,0,0,2.2,277
6746,24285600,14,97.2,0,0,0,2.8,280
6747,24289200,14.1,96.9,0,0,0,2.9,296
6748,24292800,14,96.2,0,0,0,3,325
6749,24296400,13.2,93.8,0,0,0,3.7,328
6750,24300000,12.6,93.8,0,0,0,2.4,308
6751,24303600,12.2,95,23.4,22.9745,0,2.9,305
6752,24307200,12.7,94.2,107.5,97.9801,0,3.2,281
6753,24310800,13.2,90.5,188.2,160.367,0,3.4,285
6754,24314400,13.7,84.4,232.5,200.899,0,4.3,288
6755,24318000,14.4,76.6,221.2,205.843,0,4.1,296
6756,24321600,14.5,67.8,236.3,217.415,0,4.5,284
6757,24325200,15.4,61.7,120.4,118.455,0,4.6,290
6758,24328800,15,59,107.3,105.52,0,4.9,295
6759,24332400,14.2,63.8,102.2,100.034,0,4.5,278
6760,24336000,14.1,71.7,73.4,70.8558,0,3.7,264
6761,24339600,13.9,74.8,40.4,40.4,0,4,273
6762,24343200,13.8,75.8,0,0,0,3.3,264
6763,24346800,13.8,76.6,0,0,0,3.6,269
6764,24350400,13.9,77.9,0,0,0,4,270
6765,24354000,14,78.8,0,0,0,4.1,273
6766,24357600,13.9,79.8,0,0,0,4.6,273
6767,24361200,13.9,80.8,0,0,0,5,273
6768,24364800,13.7,81.4,0,0,0,5.3,264
6769,24368400,13.8,80.3,0,0,0,5.5,271
6770,24372000,13.2,82.4,0,0,0,5.6,270
6771,24375600,13.3,86,0,0,0,5.3,266
6772,24379200,12.9,88.3,0,0,0,5.1,258
6773,24382800,13,91,0,0,0,5.2,280
6774,24386400,13.1,91.3,0,0,0,5,279
6775,24390000,12.8,90.7,19,18.7033,0,5.1,289
6776,24393600,12.8,89.6,109.3,98.0571,0,5.2,292
6777,24397200,13.4,85.8,151.6,141.541,0,6.5,292
6778,24400800,13.8,81.8,109.6,107.798,0,5.8,292
6779,24404400,13.5,81.4,80.8,79.9314,0,6.7,292
6780,24408000,14.1,81.1,104.3,102.897,0,6.4,290
6781,24411600,14.2,80,99.4,98.0593,0,6.8,288
6782,24415200,14.5,81,76.5,75.583,0,5.7,288
6783,24418800,14.8,81.1,58.5,57.796,0,5.5,279
6784,24422400,14.7,80.9,54.4,53.3833,0,4.8,283
6785,24426000,14.8,81.3,26,26,0,4.7,280
6786,24429600,14.6,82.1,0,0,0,5.3,288
6787,24433200,14.4,84.3,0,0,0,4.8,279
6788,24436800,14.4,85.5,0,0,0,5,275
6789,24440400,14.4,85.6,0,0,0,4.6,273
6790,24444000,14.5,85,0,0,0,4.5,273
6791,24447600,14.8,84,0,0,0,4.9,271
6792,24451200,14.9,82.6,0,0,0,5.5,280
6793,24454800,14.7,81.7,0,0,0,5.5,279
6794,24458400,14.8,80.7,0,0,0,5.5,290
6795,24462000,14.7,79.5,0,0,0,5.8,283
6796,24465600,14.5,79.5,0,0,0,6.3,292
6797,24469200,14.5,80.2,0,0,0,5.9,292
6798,24472800,14.4,81.2,0,0,0,6.5,290
6799,24476400,14.2,81.8,12.6,12.4615,0,6.2,288
6800,24480000,14.2,82.1,74.6,72.6771,0,6.4,288
6801,24483600,14.1,82.9,88.3,86.7975,0,5.5,290
6802,24487200,14.6,82.1,115,112.993,0,5.7,286
6803,24490800,15.2,78.5,143.9,141.116,0,5.6,293
6804,24494400,15.8,74.7,180.1,174.708,0,6.9,291
6805,24498000,16.3,71.7,234.8,210.26,0,6.1,287
6806,24501600,16.5,69.3,282.1,187.15,0,6.3,295
6807,24505200,16.6,67.2,244.4,124.246,0,6.2,302
6808,24508800,16,67,136.9,78.6611,0,6.1,300
6809,24512400,15.6,68.5,46.3,46.3,0,4,289
6810,24516000,15.3,70.9,0,0,0,3.4,278
6811,24519600,15.3,72,0,0,0,4,282
6812,24523200,15.1,69.8,0,0,0,3.7,300
6813,24526800,14.3,71.2,0,0,0,3.3,267
6814,24530400,13.4,74.6,0,0,0,3.4,275
6815,24534000,13.8,75.4,0,0,0,3.4,280
6816,24537600,14,74.9,0,0,0,3.9,297
6817,24541200,13.8,75.1,0,0,0,3.5,272
6818,24544800,13.6,75.9,0,0,0,4.7,291
6819,24548400,13.2,75.8,0,0,0,6.1,286
6820,24552000,13.1,76.6,0,0,0,4.9,297
6821,24555600,12.8,78,0,0,0,5.4,305
6822,24559200,12.7,78.3,0,0,0,5.5,302
6823,24562800,12.6,77.3,6.3,6.26311,0,4.7,289
6824,24566400,12.8,76.3,41.4,40.8743,0,4.6,281
6825,24570000,13.1,76.3,90.7,89.0917,0,5.8,289
6826,24573600,13.4,77,94.5,93.1287,0,5.1,286
6827,24577200,13,80.9,107.4,105.832,0,5.3,274
6828,24580800,12.6,89.9,72.8,72.1019,0,3.9,281
6829,24584400,13.1,95.7,74.7,73.925,0,4.3,279
6830,24588000,13.3,95.8,91,89.6661,0,4.2,268
6831,24591600,13.4,94.9,76.7,75.4441,0,4,270
6832,24595200,13.5,94.5,54,52.9302,0,3.5,281
6833,24598800,13.6,95.6,21.1,21.1,0,3.2,271
6834,24602400,13.7,96.1,0,0,0,3.2,280
6835,24606000,13.7,95.3,0,0,0,3.3,298
6836,24609600,13.7,94.7,0,0,0,2.4,304
6837,24613200,13.4,95.4,0,0,0,2.3,310
6838,24616800,13.5,95.5,0,0,0,2.2,316
6839,24620400,13.4,95,0,0,0,2.3,319
6840,24624000,13.4,94.4,0,0,0,2,299
6841,24627600,13.1,94.5,0,0,0,1.8,292
6842,24631200,12.8,95.8,0,0,0,1.5,285
6843,24634800,12.6,97,0,0,0,1.9,286
6844,24638400,11.4,97.9,0,0,0,2.3,319
6845,24642000,11.5,98.6,0,0,0,2.3,324
6846,24645600,11.6,98.7,0,0,0,2.5,319
6847,24649200,11.7,98.5,10,9.90053,0,2.5,350
6848,24652800,11.5,98.7,77.3,74.7054,0,1.9,0
6849,24656400,11.3,95.3,200,154.733,0,2.1,326
6850,24660000,12.5,87.2,326.1,170.113,0,1.7,354
6851,24663600,13.3,75.8,398.9,167.327,0,2.1,332
6852,24667200,14.1,67.1,427.3,158.013,0,3.2,315
6853,24670800,14.5,61.2,414.6,140.394,0,2.5,315
6854,24674400,14.9,56.7,376,102.567,0,2.9,322
6855,24678000,14.8,53.2,295.4,65.9687,0,3.2,334
6856,24681600,14.8,48.8,173.3,35.4804,0,2.4,314
6857,24685200,13.6,52.4,46.2,46.2,0,2.5,305
6858,24688800,11.3,67.1,0,0,0,2.4,299
6859,24692400,10.4,80.6,0,0,0,2.3,287
6860,24696000,9.6,85.2,0,0,0,1.8,331
6861,24699600,9.1,88,0,0,0,2.2,327
6862,24703200,8.6,91.7,0,0,0,1,275
6863,24706800,8.1,94.9,0,0,0,1.5,266
6864,24710400,7.7,96.3,0,0,0,1.4,251
6865,24714000,7.4,94.4,0,0,0,1.5,232
6866,24717600,6.8,93.7,0,0,0,1.9,236
6867,24721200,7.5,94.2,0,0,0,2.3,257
6868,24724800,7.6,93,0,0,0,2.4,257
6869,24728400,8.6,92.4,0,0,0,2,297
6870,24732000,9.1,92.6,0,0,0,2.4,271
6871,24735600,9.8,92.6,4.7,4.67773,0,2.2,278
6872,24739200,9.7,94,51.4,50.5521,0,3.4,286
6873,24742800,10.2,95.5,115,111.706,0,3.6,283
6874,24746400,10.8,95.6,109.9,108,0,3.6,282
6875,24750000,11.4,95.3,79.7,78.8175,0,4,288
6876,24753600,11.8,95.3,80.9,80.0188,0,3.5,287
6877,24757200,12.5,94.4,83.2,82.2154,0,3.9,296
6878,24760800,12.9,93.7,105.1,103.27,0,3.2,279
6879,24764400,12.8,95.1,73.9,72.6886,0,2.9,286
6880,24768000,12.9,96.1,71.4,67.2065,0,3,292
6881,24771600,12.9,96.5,25,25,0,3,323
6882,24775200,12.8,96.9,0,0,0,2.2,353
6883,24778800,12.3,96.1,0,0,0,2.6,27
6884,24782400,12.2,95.2,0,0,0,1.8,353
6885,24786000,12,95.8,0,0,0,1.8,6
6886,24789600,11,97,0,0,0,1.3,348
6887,24793200,10.9,97.7,0,0,0,0.8,347
6888,24796800,9.5,97.9,0,0,0,0.8,343
6889,24800400,9.3,98,0,0,0,0.8,292
6890,24804000,9.7,97.7,0,0,0,0.5,301
6891,24807600,10.5,97.6,0,0,0,1.1,297
6892,24811200,10.8,97.8,0,0,0,2,217
6893,24814800,11.1,97.6,0,0,0,2.1,301
6894,24818400,11.2,97.8,0,0,0,1.4,228
6895,24822000,11.3,97.9,5.4,5.37062,0,1.4,249
6896,24825600,11.7,97.6,46.3,45.5956,0,2,283
6897,24829200,12.1,96.1,110.3,107.393,0,2.6,286
6898,24832800,12.5,93.8,119.5,117.226,0,2.7,280
6899,24836400,12.8,91.4,151.4,147.985,0,2.4,315
6900,24840000,13.4,86.9,232.3,209.784,0,3.3,331
6901,24843600,14.1,80.9,256,211.414,0,3.2,328
6902,24847200,14.8,73.4,243.6,182.246,0,3.2,315
6903,24850800,14.9,69.6,196.5,132.014,0,2.9,296
6904,24854400,13.9,72.9,117.1,70.2755,0,4,294
6905,24858000,12.7,79.8,32.8,32.8,0,3.1,304
6906,24861600,11.5,87.6,0,0,0,2,283
6907,24865200,12.1,88.9,0,0,0,2,256
6908,24868800,12.7,84.8,0,0,0,2.3,290
6909,24872400,12.7,84.1,0,0,0,2.5,280
6910,24876000,12.9,85,0,0,0,2.9,249
6911,24879600,12.6,86.3,0,0,0,3.6,279
6912,24883200,12.1,89.9,0,0,0,3.8,267
6913,24886800,12,94.3,0,0,0,3.2,245
6914,24890400,12,96.4,0,0,0,2.7,252
6915,24894000,11.9,96,0,0,0,2.9,258
6916,24897600,12,95.4,0,0,0,2.8,261
6917,24901200,11.4,94.5,0,0,0,2.8,254
6918,24904800,11.2,94.3,0,0,0,3.1,248
6919,24908400,11.3,94.1,7,7,0,3.2,259
6920,24912000,11,94.5,41.3,40.7258,0,3.2,254
6921,24915600,11.1,95.3,82,80.6038,0,3.7,263
6922,24919200,11.6,94.5,93.9,92.4787,0,4.1,271
6923,24922800,11.7,92.9,86.9,85.827,0,4,274
6924,24926400,12.2,90.8,124.3,122.173,0,3.6,249
6925,24930000,12.9,88.2,135.8,133.106,0,3.3,262
6926,24933600,13,85.1,107.5,105.529,0,3.5,271
6927,24937200,13.3,81.3,73.2,71.9637,0,4.3,289
6928,24940800,13.3,79.5,72.9,66.6743,0,3.5,271
6929,24944400,12.6,81.9,26.6,26.6,0,2.8,258
6930,24948000,12.4,85.5,0,0,0,2.8,268
6931,24951600,12,88.7,0,0,0,2.6,254
6932,24955200,11.4,92.1,0,0,0,2.6,240
6933,24958800,12.1,93.7,0,0,0,2.8,239
6934,24962400,12.5,94,0,0,0,3.1,251
6935,24966000,12.7,93.9,0,0,0,3.2,290
6936,24969600,12.8,93.4,0,0,0,2.9,267
6937,24973200,12.4,93,0,0,0,3.8,279
6938,24976800,11.9,90.8,0,0,0,3.5,277
6939,24980400,11.8,89.6,0,0,0,3.6,276
6940,24984000,11.6,90.7,0,0,0,3.2,283
6941,24987600,11.5,90.5,0,0,0,3.2,279
6942,24991200,11.3,89.9,0,0,0,3.1,289
6943,24994800,11.1,89.5,8,8,0,3.6,287
6944,24998400,11.2,88.2,71.5,68.9394,0,4.8,288
6945,25002000,11.8,84.9,166.9,142.37,0,5.1,296
6946,25005600,12.1,80.2,173.9,163.028,0,4.7,295
6947,25009200,12.7,74.1,102.2,100.699,0,4.8,284
6948,25012800,12.7,69.7,195.1,184.899,0,5.7,274
6949,25016400,12.9,63.6,287.6,206.145,0,6.3,292
6950,25020000,12.5,58.9,194.9,170.563,0,5.9,298
6951,25023600,12.4,60.6,99,96.1044,0,6.1,289
6952,25027200,12.2,62.3,96.7,69.8181,0,4.9,301
6953,25030800,11.6,62.6,28.3,28.3,0,5,310
6954,25034400,11.5,62.6,0,0,0,4.8,299
6955,25038000,11.1,64.2,0,0,0,3.1,290
6956,25041600,10.9,68.3,0,0,0,3.3,265
6957,25045200,10.9,70.2,0,0,0,4.9,297
6958,25048800,10.5,70.6,0,0,0,4.7,296
6959,25052400,10.1,72,0,0,0,6.2,311
6960,25056000,9.1,74.7,0,0,0,4.8,300
6961,25059600,8.3,78.1,0,0,0,5.1,304
6962,25063200,7.8,80.9,0,0,0,4.5,316
6963,25066800,7.3,83.7,0,0,0,4,318
6964,25070400,6.5,86.3,0,0,0,4.2,315
6965,25074000,6.1,87.9,0,0,0,4.3,312
6966,25077600,5.5,88.4,0,0,0,4.1,321
6967,25081200,4.6,89.4,10,10,0,3.5,321
6968,25084800,5.6,88.2,88.7,80.345,0,3.5,330
6969,25088400,7.2,79.2,219.7,133.955,0,4.2,332
6970,25092000,8.6,70.3,331.4,139.199,0,4.9,338
6971,25095600,9.3,63.6,405.1,131.591,0,4.2,350
6972,25099200,10.2,56.9,437.1,117.964,0,3.8,321
6973,25102800,10.8,51.5,421,103.54,0,3.8,330
6974,25106400,10.9,48.3,368.1,80.0727,0,3.4,353
6975,25110000,10.9,48,273.7,55.4132,0,3,354
6976,25113600,10.6,48.4,154.9,25.7991,0,2,3
6977,25117200,9.3,52.7,37.6,37.6,0,1.8,336
6978,25120800,7.1,64,0,0,0,1.5,4
6979,25124400,5.9,75.6,0,0,0,0.9,349
6980,25128000,5.2,81.7,0,0,0,0.6,271
6981,25131600,4.6,86.5,0,0,0,0.6,341
6982,25135200,4.2,89.2,0,0,0,1,138
6983,25138800,3.8,90.7,0,0,0,0.8,228
6984,25142400,3.5,92,0,0,0,0.9,198
6985,25146000,3.3,92.4,0,0,0,0.8,217
6986,25149600,3,93.2,0,0,0,0.7,207
6987,25153200,2.3,93.7,0,0,0,1,104
6988,25156800,2.5,94.3,0,0,0,1,117
6989,25160400,2.3,94.8,0,0,0,1,106
6990,25164000,2.2,94.5,0,0,0,1.4,113
6991,25167600,2.2,93.9,5.7,5.7,0,1.9,118
6992,25171200,3.2,93.1,63.7,61.8779,0,2.1,111
6993,25174800,5.3,90.1,198.3,138.806,0,2.4,123
6994,25178400,8.1,80.4,310,152.138,0,2.7,142
6995,25182000,9.6,69,389.6,140.441,0,4.4,117
6996,25185600,10.6,60.2,425.4,122.732,0,4,129
6997,25189200,11,55.1,422.2,96.9865,0,4.3,149
6998,25192800,11.7,51.8,375,71.0966,0,4.1,147
6999,25196400,11.4,50.4,278.3,49.2173,0,4.8,130
7000,25200000,11,52.4,157.1,25.9215,0,4.3,132
7001,25203600,9.7,57.8,36,36,0,3,120
7002,25207200,8,67.2,0,0,0,3.2,120
7003,25210800,8.3,71.4,0,0,0,4,121
7004,25214400,7.5,73.6,0,0,0,3.5,121
7005,25218000,7.2,78.5,0,0,0,3.2,121
7006,25221600,6.9,81.3,0,0,0,3,116
7007,25225200,6.2,84.8,0,0,0,2.7,111
7008,25228800,6.1,87.8,0,0,0,2.9,118
7009,25232400,5.7,88.9,0,0,0,3,111
7010,25236000,5.6,88.8,0,0,0,2.9,119
7011,25239600,5.1,89.3,0,0,0,2.9,117
7012,25243200,5,90,0,0,0,3.5,127
7013,25246800,4.9,89.5,0,0,0,3.5,119
7014,25250400,4.6,89.1,0,0,0,3.6,115
7015,25254000,4.5,89.1,7.7,7.7,0,3.3,129
7016,25257600,5.1,87.7,76.7,71.7328,0,3.6,120
7017,25261200,7.2,81.5,201.8,134.442,0,4.9,129
7018,25264800,9.1,73.3,303.5,152.121,0,5,135
7019,25268400,10.7,66,368.8,154.033,0,4.6,124
7020,25272000,12.3,60.6,401.1,139.759,0,4.9,127
7021,25275600,13.2,58.9,403.3,107.267,0,4.5,125
7022,25279200,13.4,58.6,316.9,113.787,0,4.8,136
7023,25282800,14,57.6,198.7,108.101,0,5.3,122
7024,25286400,14,56.8,102.7,54.1947,0,5.2,128
7025,25290000,13.6,58.3,22.3,22.3,0,4.5,127
7026,25293600,13.1,60.9,0,0,0,4.9,126
7027,25297200,12.9,63.5,0,0,0,3.8,128
7028,25300800,13.2,64.5,0,0,0,4.3,133
7029,25304400,13.2,64.6,0,0,0,4.6,135
7030,25308000,13,65.7,0,0,0,3.9,146
7031,25311600,12.7,68.6,0,0,0,3.3,162
7032,25315200,11.7,76.5,0,0,0,3.3,142
7033,25318800,11,85.2,0,0,0,3.3,154
7034,25322400,10.6,88.2,0,0,0,3.6,145
7035,25326000,10.3,86.8,0,0,0,4.1,135
7036,25329600,10,86.3,0,0,0,3.5,127
7037,25333200,10,84.7,0,0,0,3.7,136
7038,25336800,10,80.9,0,0,0,4.1,133
7039,25340400,9.8,79.5,3.7,3.7,0,3.7,143
7040,25344000,10.2,78.2,56.6,55.2567,0,3.7,145
7041,25347600,11.4,73.7,190.9,134.485,0,4.2,146
7042,25351200,12.7,70.5,212.6,176.666,0,3.8,160
7043,25354800,13.5,70.3,254.9,203.487,0,3.9,165
7044,25358400,15.6,68.5,357.7,173.157,0,4.3,196
7045,25362000,17.2,64.6,296.2,188.597,0,4.5,210
7046,25365600,16.8,63.4,152.4,143.377,0,4.4,210
7047,25369200,16.7,64.8,80,78.3305,0,3.9,191
7048,25372800,16.4,66.8,59.8,54.7081,0,3,179
7049,25376400,16.6,66.3,12.9,12.9,0,4.3,220
7050,25380000,16,64.6,0,0,0,3.4,209
7051,25383600,15.5,66.9,0,0,0,2.4,191
7052,25387200,14.8,70.6,0,0,0,2.4,199
7053,25390800,14.2,74.4,0,0,0,2.1,171
7054,25394400,14.4,75.3,0,0,0,2.1,177
7055,25398000,13.1,76.4,0,0,0,2.2,167
7056,25401600,11.9,80.9,0,0,0,2.3,178
7057,25405200,11,83.5,0,0,0,2.3,172
7058,25408800,10.3,86.1,0,0,0,2.4,164
7059,25412400,9.9,89.2,0,0,0,2.3,149
7060,25416000,10,90.6,0,0,0,2.4,158
7061,25419600,9.7,92,0,0,0,2.2,143
7062,25423200,9.6,93.4,0,0,0,2.3,158
7063,25426800,10.3,94.2,2.2,2.2,0,1.7,173
7064,25430400,11.2,93.2,41.8,41.1101,0,2.1,155
7065,25434000,12.6,88.8,164.2,133.401,0,2.5,159
7066,25437600,13.2,84.2,198,171.04,0,2.7,175
7067,25441200,13.5,85.9,110.7,108.832,0,2.8,182
7068,25444800,14.3,87.9,125.1,122.789,0,2.7,199
7069,25448400,15,86.1,163.6,156.74,0,2.3,171
7070,25452000,15.6,84,123.7,120.191,0,2.3,177
7071,25455600,15.7,81.4,104.2,98.693,0,2.5,185
7072,25459200,15.4,80.8,72.4,57.3523,0,2.3,179
7073,25462800,14.5,83.8,9,9,0,1.7,160
7074,25466400,13,89.4,0,0,0,1.7,166
7075,25470000,12.3,93,0,0,0,1.6,166
7076,25473600,12.6,94,0,0,0,2.3,169
7077,25477200,12.7,94.2,0,0,0,2.1,165
7078,25480800,12.7,94.4,0,0,0,2.1,159
7079,25484400,12.7,95.5,0,0,0,1.8,154
7080,25488000,12.4,96.6,0,0,0,1.6,137
7081,25491600,12.2,96.3,0,0,0,2.2,131
7082,25495200,11.4,95.9,0,0,0,2.6,129
7083,25498800,10.9,95.8,0,0,0,3.3,129
7084,25502400,10.9,95.4,0,0,0,3,116
7085,25506000,11.1,95.1,0,0,0,3.6,114
7086,25509600,11.3,95.4,0,0,0,3.6,139
7087,25513200,11.7,95.5,0.9,0.9,0,3.6,135
7088,25516800,12.4,95.1,42.8,42.0553,0,4.2,126
7089,25520400,13.7,93,128.9,118.739,0,4.7,152
7090,25524000,14.3,89.2,131.1,127.346,0,4.4,138
7091,25527600,15.3,85,114.7,112.67,0,5,145
7092,25531200,15.4,84.8,72.1,71.3233,0,3.6,154
7093,25534800,15,90.2,67.2,66.4811,0,4,170
7094,25538400,14.5,94.8,54.4,53.839,0,4.8,152
7095,25542000,14.5,95.4,59.8,58.8445,0,4.1,187
7096,25545600,14.4,94.7,41.4,40.2147,0,3.6,166
7097,25549200,14.3,94.3,6.5,6.5,0,4.3,162
7098,25552800,14,91.1,0,0,0,4.1,176
7099,25556400,13.8,85.6,0,0,0,3.9,175
7100,25560000,13.6,81.9,0,0,0,3.8,187
7101,25563600,13.3,76.6,0,0,0,4.1,188
7102,25567200,13.3,71.2,0,0,0,4.8,191
7103,25570800,13.2,69.2,0,0,0,4.8,192
7104,25574400,13.2,69.5,0,0,0,4.9,203
7105,25578000,12.7,72.2,0,0,0,4.9,212
7106,25581600,12.4,76.1,0,0,0,4.6,215
7107,25585200,12.4,78.4,0,0,0,4.9,224
7108,25588800,12.5,78.1,0,0,0,4.9,234
7109,25592400,12.7,76.1,0,0,0,5,224
7110,25596000,12.5,72.6,0,0,0,5.8,244
7111,25599600,12.3,70.1,1.2,1.2,0,5.7,234
7112,25603200,12,69.1,30.3,29.9154,0,5.9,241
7113,25606800,11.9,67.5,99.8,96.7203,0,7.2,260
7114,25610400,11.6,66.9,99.7,97.9201,0,7.1,243
7115,25614000,12.2,66.5,103.8,102.117,0,6.8,254
7116,25617600,11.5,66.5,72.3,71.5095,0,7.5,259
7117,25621200,11.6,65.2,91.5,90.1496,0,7.1,254
7118,25624800,11.9,60.9,118,114.819,0,7.4,256
7119,25628400,11.9,56.6,98.9,93.8466,0,8.2,263
7120,25632000,11.6,55.4,79.6,49.3963,0,7.6,254
7121,25635600,10.9,58.3,20.5,20.5,0,6.8,245
7122,25639200,10.4,61.8,0,0,0,5,232
7123,25642800,10.3,62.6,0,0,0,5,232
7124,25646400,9.6,62.3,0,0,0,5.3,220
7125,25650000,9.1,64.4,0,0,0,4.7,221
7126,25653600,8.7,67.3,0,0,0,4.4,222
7127,25657200,8.3,70.6,0,0,0,4.5,216
7128,25660800,8.3,73.4,0,0,0,4,213
7129,25664400,7.9,75.6,0,0,0,3.6,197
7130,25668000,7.5,77.1,0,0,0,3.7,195
7131,25671600,7.1,79,0,0,0,3.2,196
7132,25675200,7.1,80.9,0,0,0,3.5,185
7133,25678800,7,81.3,0,0,0,4.7,191
7134,25682400,7.1,81.2,0,0,0,4.8,190
7135,25686000,7.4,80.7,2.6,2.6,0,4.4,199
7136,25689600,8.3,78.3,36.6,36.0212,0,4.7,202
7137,25693200,9.2,74.5,133.7,119.622,0,5.5,212
7138,25696800,10.7,71.1,265.1,154.925,0,5.1,219
7139,25700400,12.1,66.6,327.3,161.933,0,6.1,212
7140,25704000,12.6,62.3,297.7,192.233,0,6.3,232
7141,25707600,13,59.3,206.1,180.514,0,6.3,225
7142,25711200,12.4,58.8,74.3,73.2201,0,5.7,228
7143,25714800,12.3,61,58.2,57.2538,0,5.8,221
7144,25718400,12,64.8,64.7,49.9367,0,5.7,211
7145,25722000,11.3,70.9,16.4,16.4,0,4.9,203
7146,25725600,11.4,75.1,0,0,0,4.8,212
7147,25729200,10.6,81.9,0,0,0,5.1,230
7148,25732800,10.5,90.2,0,0,0,5.6,231
7149,25736400,10.5,92,0,0,0,4.9,241
7150,25740000,10.4,90.9,0,0,0,4.7,244
7151,25743600,10.6,89.1,0,0,0,5.1,242
7152,25747200,10.5,85.1,0,0,0,5.1,245
7153,25750800,10.1,80.4,0,0,0,5.8,259
7154,25754400,9.2,79.5,0,0,0,5.5,250
7155,25758000,8.3,81.5,0,0,0,4.1,242
7156,25761600,7.5,82.9,0,0,0,5.2,234
7157,25765200,7.2,84.6,0,0,0,4,223
7158,25768800,6.7,85.1,0,0,0,4.4,223
7159,25772400,6.4,84.4,3,3,0,3.3,195
7160,25776000,6.3,84.1,59.5,56.6686,0,3.5,194
7161,25779600,8,80.6,188.1,118.377,0,4.7,208
7162,25783200,9.2,71.7,283,137.558,0,6.6,227
7163,25786800,9.3,64.7,215.8,186.25,0,8.1,223
7164,25790400,7.6,69.5,169.5,161.765,0,7.2,223
7165,25794000,5.4,81.4,138.1,134.301,0,8.3,225
7166,25797600,4.2,89.8,147.8,137.175,0,6.7,201
7167,25801200,5.8,94.4,96.5,91.1434,0,7,215
7168,25804800,8.8,93.8,38.2,36.8303,0,8.2,247
7169,25808400,9.5,88.9,6.9,6.9,0,9.1,250
7170,25812000,9.8,83.8,0,0,0,8.9,260
7171,25815600,10,79.8,0,0,0,9.6,258
7172,25819200,10,76.5,0,0,0,9.3,260
7173,25822800,9.8,75,0,0,0,9.7,250
7174,25826400,9.3,74.7,0,0,0,10.4,262
7175,25830000,9.1,72.8,0,0,0,10.2,260
7176,25833600,8.3,71.7,0,0,0,9.4,260
7177,25837200,8,71,0,0,0,8.1,251
7178,25840800,7.4,69.4,0,0,0,7.6,250
7179,25844400,7.1,69.1,0,0,0,6.7,234
7180,25848000,6.7,71.5,0,0,0,6.4,241
7181,25851600,5.7,80,0,0,0,5.3,214
7182,25855200,6,85.8,0,0,0,5.1,213
7183,25858800,6.5,83.2,0,0,0,5.9,214
7184,25862400,6.1,85.2,19.8,19.6193,0,5.1,213
7185,25866000,6.2,90.4,41.6,41.1664,0,5.7,213
7186,25869600,6.7,91.2,88.8,87.3274,0,5.5,214
7187,25873200,7.6,89.5,133.6,130.451,0,5.2,224
7188,25876800,8.4,87.3,101.4,99.7869,0,5,232
7189,25880400,9.5,84.4,83.5,82.33,0,4.4,235
7190,25884000,10,80.4,65.1,64.2442,0,4.7,249
7191,25887600,8.9,82.5,60.4,59.3335,0,4.9,270
7192,25891200,8.8,88.2,31.4,30.6842,0,4.9,271
7193,25894800,8.8,88.9,6.4,6.4,0,5.7,273
7194,25898400,9,87.8,0,0,0,5.5,274
7195,25902000,8.8,87.8,0,0,0,4.7,258
7196,25905600,8.5,87.3,0,0,0,5.7,272
7197,25909200,8,86.4,0,0,0,6.1,266
7198,25912800,7.9,86.6,0,0,0,6.5,262
7199,25916400,8.5,85.5,0,0,0,6.5,260
7200,25920000,8.8,83.7,0,0,0,7.2,273
7201,25923600,8.8,82.4,0,0,0,7.1,269
7202,25927200,9,80.8,0,0,0,7.5,268
7203,25930800,9,79.2,0,0,0,8.3,269
7204,25934400,8.6,79.2,0,0,0,7.4,260
7205,25938000,8.1,80.1,0,0,0,6.8,261
7206,25941600,8,80.5,0,0,0,7.6,251
7207,25945200,8,80.3,0,0,0,6.4,260
7208,25948800,7.9,80,42,41.1533,0,6,252
7209,25952400,8.8,77.5,106.5,100.914,0,6.2,253
7210,25956000,8.9,74.8,122.9,119.318,0,5.3,235
7211,25959600,8.6,77.7,117.8,115.521,0,4.5,231
7212,25963200,8.5,85,79.2,78.2036,0,4.9,221
7213,25966800,8.1,92.1,84,82.8001,0,4.4,201
7214,25970400,8.5,95.8,61.1,60.3339,0,4.3,229
7215,25974000,9.3,96.5,92.9,87.5727,0,4,237
7216,25977600,10.2,95,91.1,18.8436,0,4.8,231
7217,25981200,9.9,93.1,16.1,16.1,0,5.1,246
7218,25984800,10.3,92.6,0,0,0,5.8,243
7219,25988400,10.2,90.9,0,0,0,6.2,255
7220,25992000,9.9,88.9,0,0,0,5.3,251
7221,25995600,10.3,88.2,0,0,0,6,254
7222,25999200,10.4,86.7,0,0,0,6.2,265
7223,26002800,10,85.4,0,0,0,5.7,260
7224,26006400,9.7,85.6,0,0,0,5.4,250
7225,26010000,9.3,86,0,0,0,5.4,236
7226,26013600,8.6,87.4,0,0,0,4.9,233
7227,26017200,8.1,88.8,0,0,0,4.3,236
7228,26020800,8.1,89,0,0,0,4.6,229
7229,26024400,7.7,88.8,0,0,0,4.1,236
7230,26028000,7.7,89.3,0,0,0,4.3,224
7231,26031600,7.6,88.9,0,0,0,4.1,232
7232,26035200,8.1,87.3,42.1,41.1954,0,4.1,225
7233,26038800,9.6,84.7,136.4,115.721,0,4,227
7234,26042400,10.9,80.6,247.4,148.084,0,3.8,226
7235,26046000,12.7,74.6,343.1,125.624,0,4.6,214
7236,26049600,14.1,68.5,381.9,104.159,0,4.9,222
7237,26053200,14.8,65.4,341.1,111.583,0,4.2,222
7238,26056800,14.3,66.9,238.9,129.685,0,4.2,212
7239,26060400,14.8,67.6,197.9,57.1615,0,4.5,222
7240,26064000,13.9,68,95.8,15.807,0,3.4,209
7241,26067600,12.4,75,10,10,0,2.2,177
7242,26071200,11.6,83.3,0,0,0,2.5,170
7243,26074800,11.5,85.7,0,0,0,2.3,163
7244,26078400,11,85.7,0,0,0,2.7,157
7245,26082000,10.7,86,0,0,0,2.4,152
7246,26085600,10,86.7,0,0,0,3.2,131
7247,26089200,10.5,87.2,0,0,0,3.6,128
7248,26092800,10.9,85.1,0,0,0,3,145
7249,26096400,10.9,83.5,0,0,0,2.9,153
7250,26100000,10.1,84.7,0,0,0,2.9,150
7251,26103600,10.7,84.6,0,0,0,2.3,172
7252,26107200,11.1,83.7,0,0,0,2.6,175
7253,26110800,10.8,88.6,0,0,0,2.8,163
7254,26114400,10.7,93.9,0,0,0,3.3,136
7255,26118000,10.7,94,0,0,0,3.8,173
7256,26121600,11.4,93.8,32.1,31.5724,0,5.9,212
7257,26125200,12.1,89.7,97.1,92.9958,0,7.2,261
7258,26128800,11.5,86.9,43,42.6394,0,8.6,253
7259,26132400,10.6,90.2,77.9,76.8778,0,8.2,257
7260,26136000,10.3,89.8,93.1,91.6884,0,8.9,271
7261,26139600,9.7,89.1,59,58.3919,0,6.8,276
7262,26143200,11.7,83,166.4,141.775,0,8.9,265
7263,26146800,11.5,72.9,175.8,72.4165,0,9.2,270
7264,26150400,11.5,70.2,96.5,15.9225,0,7.3,260
7265,26154000,11.5,69.1,10.1,10.1,0,6.5,253
7266,26157600,11.2,67.8,0,0,0,6.1,247
7267,26161200,11.2,68.5,0,0,0,5.6,248
7268,26164800,10.9,69.8,0,0,0,5.7,252
7269,26168400,10.3,72.1,0,0,0,4.9,255
7270,26172000,9.8,75.1,0,0,0,4.9,254
7271,26175600,9.2,77.7,0,0,0,4.6,262
7272,26179200,8.9,79,0,0,0,4.1,263
7273,26182800,7.8,81,0,0,0,2.7,213
7274,26186400,6.6,84.9,0,0,0,2.6,234
7275,26190000,6.1,88.5,0,0,0,3,232
7276,26193600,5.7,89.4,0,0,0,3.2,238
7277,26197200,5.1,89.7,0,0,0,2.6,244
7278,26200800,4.4,92,0,0,0,2,222
7279,26204400,4.1,93.5,0,0,0,1.9,171
7280,26208000,4.3,93.9,38,37.2243,0,1.7,184
7281,26211600,6.7,91.2,111.8,102.737,0,1.3,189
7282,26215200,8,84.5,205.5,154.902,0,1.7,144
7283,26218800,11,75.4,272.9,169.796,0,1.9,155
7284,26222400,12.4,68.1,316,153.521,0,2.7,161
7285,26226000,13.1,63.9,307.7,131.556,0,2.9,156
7286,26229600,12.6,62.9,230.7,125.922,0,3.3,147
7287,26233200,12.2,65.6,109.8,93.5644,0,3.1,144
7288,26236800,11.8,68,59.9,30.3438,0,3,132
7289,26240400,10.6,72.5,8.3,8.3,0,2.7,116
7290,26244000,10.2,77.5,0,0,0,3,120
7291,26247600,9.9,79.8,0,0,0,2.7,126
7292,26251200,9.6,82.4,0,0,0,2.8,129
7293,26254800,9.5,83.5,0,0,0,2.5,133
7294,26258400,9.5,82.5,0,0,0,2.9,120
7295,26262000,9.4,81.1,0,0,0,2.8,139
7296,26265600,9.3,79.9,0,0,0,2.8,120
7297,26269200,9.1,78.6,0,0,0,2.9,152
7298,26272800,8.8,79.5,0,0,0,2,144
7299,26276400,8.2,81.2,0,0,0,1.3,150
7300,26280000,7.5,83.3,0,0,0,1.8,149
7301,26283600,6.8,85.7,0,0,0,1.8,158
7302,26287200,6.1,88.9,0,0,0,1.9,142
7303,26290800,5.6,92.2,0,0,0,1.3,186
7304,26294400,6.6,92.4,31.8,31.2413,0,1.9,130
7305,26298000,8.7,89.7,121.4,106.616,0,2.1,120
7306,26301600,11,83.1,216.8,150.045,0,2.3,128
7307,26305200,13.2,75.3,283.6,159.519,0,2.9,143
7308,26308800,14.8,70.7,336.6,129.863,0,2.8,152
7309,26312400,15.8,69.3,253.8,164.022,0,2.7,146
7310,26316000,16.2,67.8,202.4,136.555,0,3.3,147
7311,26319600,15.5,67.3,111.2,92.3531,0,3.3,140
7312,26323200,14.8,70.9,38.3,32.8187,0,2.5,141
7313,26326800,14.1,77.1,2.3,2.3,0,2.4,133
7314,26330400,13.5,84.9,0,0,0,2.1,164
7315,26334000,13.3,90.5,0,0,0,2.5,142
7316,26337600,13.3,92.4,0,0,0,3.3,166
7317,26341200,13.6,93.7,0,0,0,2.8,175
7318,26344800,13.9,95.7,0,0,0,3.5,202
7319,26348400,14.1,96.5,0,0,0,3.1,183
7320,26352000,14,96.4,0,0,0,2.5,188
7321,26355600,13.6,96.4,0,0,0,2.4,249
7322,26359200,13.1,96.6,0,0,0,2,265
7323,26362800,12.7,96.9,0,0,0,1.5,259
7324,26366400,12.3,97.1,0,0,0,1.4,197
7325,26370000,12.1,97.5,0,0,0,1.9,222
7326,26373600,11.8,97.3,0,0,0,1.8,222
7327,26377200,11.7,96.7,0,0,0,1.6,234
7328,26380800,11.4,96.6,12.1,12.0158,0,1.7,191
7329,26384400,11.7,96.6,39.5,39.0604,0,1.4,198
7330,26388000,12.3,95.1,60.9,60.1437,0,2,194
7331,26391600,12.8,93.6,94.4,92.8393,0,2.1,218
7332,26395200,13.1,91.8,114,111.802,0,2.2,217
7333,26398800,13.2,87.4,140.1,134.423,0,2.5,236
7334,26402400,13.1,84.4,124.2,117.229,0,2.5,227
7335,26406000,13.1,83.8,108.6,90.1513,0,2.8,247
7336,26409600,12.6,84.6,50.9,27.8014,0,1.9,250
7337,26413200,11.5,87.8,3.1,3.1,0,1.7,221
7338,26416800,10.9,91.7,0,0,0,1.6,182
7339,26420400,10.7,93.6,0,0,0,1.9,165
7340,26424000,10.4,94.2,0,0,0,1.5,199
7341,26427600,10.2,95,0,0,0,1.3,210
7342,26431200,10.1,95.3,0,0,0,1.4,177
7343,26434800,10,95.3,0,0,0,1.5,154
7344,26438400,9.8,95.8,0,0,0,1.9,161
7345,26442000,9.6,96.2,0,0,0,1.4,168
7346,26445600,9.8,96.4,0,0,0,1.5,279
7347,26449200,9.8,96.1,0,0,0,1.9,257
7348,26452800,9.6,96,0,0,0,2.2,263
7349,26456400,10.1,95.2,0,0,0,3.4,277
7350,26460000,10,93.7,0,0,0,3.5,280
7351,26463600,9.9,92.6,0,0,0,3.1,264
7352,26467200,10,91.8,24.4,24.0432,0,3.7,270
7353,26470800,10.4,90.2,89.3,85.5727,0,4,262
7354,26474400,10.7,86.7,112.7,109.392,0,4.4,278
7355,26478000,11.3,82,201.5,170.107,0,4.9,262
7356,26481600,12.5,73.1,302.1,149.498,0,5.7,285
7357,26485200,12.3,65.8,240.1,162.232,0,5.4,271
7358,26488800,12.1,64.4,198.2,131.314,0,4.5,265
7359,26492400,12.5,62.9,168,57.7957,0,4.1,270
7360,26496000,12.3,61.6,71.7,11.8305,0,3.7,234
7361,26499600,11.2,65.3,6,6,0,2.6,223
7362,26503200,10.7,71.3,0,0,0,2.8,210
7363,26506800,10.8,74.5,0,0,0,3.1,217
7364,26510400,10.8,74.7,0,0,0,3.3,220
7365,26514000,10.8,74,0,0,0,3.5,219
7366,26517600,10.4,74.9,0,0,0,3.5,203
7367,26521200,10.4,76.3,0,0,0,2.9,203
7368,26524800,10.8,76.5,0,0,0,3.4,210
7369,26528400,11.1,76.5,0,0,0,3.3,224
7370,26532000,10.7,77.9,0,0,0,3.4,215
7371,26535600,10.1,80.7,0,0,0,2.8,216
7372,26539200,9.6,83.3,0,0,0,2.8,197
7373,26542800,8.7,86,0,0,0,2.5,204
7374,26546400,9,87.7,0,0,0,2.6,211
7375,26550000,9.5,86.5,0,0,0,2.4,195
7376,26553600,10.1,85.3,17.7,17.504,0,2.1,201
7377,26557200,10.8,83.8,80.6,78.1159,0,2.3,200
7378,26560800,12,80.5,108.5,105.54,0,2.5,198
7379,26564400,13.1,76.2,264,158.539,0,3.3,200
7380,26568000,14.3,72.3,322.6,126.346,0,3.5,199
7381,26571600,15.5,68.8,329.4,88.8694,0,3.9,195
7382,26575200,15,68.3,218.2,116.414,0,3.2,197
7383,26578800,14.6,70.9,164.2,56.1027,0,2.4,180
7384,26582400,13.9,73,74.8,12.342,0,2.8,208
7385,26586000,12.5,77.1,3,3,0,1.9,175
7386,26589600,10.9,84.5,0,0,0,2,166
7387,26593200,10,89.9,0,0,0,2.2,171
7388,26596800,9.5,92.1,0,0,0,2.1,167
7389,26600400,8.9,93.6,0,0,0,2.3,158
7390,26604000,8.7,94.2,0,0,0,2.4,163
7391,26607600,8.5,94.2,0,0,0,2.2,167
7392,26611200,8.1,94.6,0,0,0,2,152
7393,26614800,7.9,92.7,0,0,0,2.8,148
7394,26618400,7.9,91.3,0,0,0,3.3,124
7395,26622000,7.4,92.6,0,0,0,2.7,151
7396,26625600,7.3,92.8,0,0,0,2.3,153
7397,26629200,7.3,92.1,0,0,0,2.8,158
7398,26632800,6.7,92.1,0,0,0,2.3,169
7399,26636400,6.3,92.4,0,0,0,1.9,158
7400,26640000,6.6,91.7,27.6,27.1016,0,2.2,159
7401,26643600,8.1,88,125.4,101.886,0,2.6,163
7402,26647200,10.3,79.2,237.8,123.538,0,2.4,211
7403,26650800,12.8,69.9,313.1,114.733,0,3.1,195
7404,26654400,14.4,62.1,352,93.1162,0,3.3,180
7405,26658000,15.7,56.2,344.8,71.7085,0,3,192
7406,26661600,16.8,53.7,278.2,58.9132,0,2.8,186
7407,26665200,17.4,52.4,178.2,38.7192,0,2.3,180
7408,26668800,16.4,52.7,64.8,14.2156,0,2.4,184
7409,26672400,13.6,58.3,2,2,0,2.1,183
7410,26676000,11.9,65.5,0,0,0,2.7,157
7411,26679600,10.6,69.5,0,0,0,2.2,164
7412,26683200,9.4,74.5,0,0,0,2,145
7413,26686800,8.7,79.8,0,0,0,2.3,134
7414,26690400,8.7,81.3,0,0,0,3.2,130
7415,26694000,7.7,82,0,0,0,2.4,126
7416,26697600,7.4,83.3,0,0,0,2.5,117
7417,26701200,7.6,86.1,0,0,0,2.9,128
7418,26704800,6.9,89.9,0,0,0,2.9,135
7419,26708400,6.3,91.7,0,0,0,2.5,117
7420,26712000,6.3,93.5,0,0,0,2.8,112
7421,26715600,5.9,94.6,0,0,0,2.7,119
7422,26719200,6.1,94.1,0,0,0,2.9,132
7423,26722800,6.2,91.6,0,0,0,2.8,140
7424,26726400,6.6,91.1,27.3,26.7892,0,2.4,117
7425,26730000,9,86.6,126.7,100.102,0,2.8,123
7426,26733600,10.9,76,234.7,121.229,0,3.2,119
7427,26737200,12.2,67.6,312.7,109.651,0,4.1,109
7428,26740800,13.5,61.1,347.5,91.9691,0,4.7,128
7429,26744400,14.2,55.7,340.1,70.7665,0,4.7,119
7430,26748000,15,52.6,279.3,54.367,0,4.5,128
7431,26751600,14.9,52.6,183.4,32.4535,0,3.6,130
7432,26755200,13.8,56.6,71.4,71.4,0,2.9,123
7433,26758800,12,64.4,1,1,0,3.1,117
7434,26762400,11,72.5,0,0,0,2.3,116
7435,26766000,9.6,79.1,0,0,0,1.9,108
7436,26769600,8.8,84.8,0,0,0,2,105
7437,26773200,8.8,87.6,0,0,0,2.5,115
7438,26776800,8.3,89.3,0,0,0,3.2,109
7439,26780400,8,90.1,0,0,0,3.4,121
7440,26784000,8.2,89.1,0,0,0,3.2,129
7441,26787600,7.9,87.8,0,0,0,3.2,133
7442,26791200,8,88.1,0,0,0,3.4,134
7443,26794800,7.6,88.4,0,0,0,2.8,137
7444,26798400,7.1,88.2,0,0,0,2.8,135
7445,26802000,6.9,89.2,0,0,0,2.7,116
7446,26805600,6.4,90.8,0,0,0,2.4,117
7447,26809200,6,91.8,0,0,0,2.4,126
7448,26812800,6.3,91.4,24.7,24.2611,0,2.6,143
7449,26816400,7.7,90.2,124.4,97.9623,0,3.4,137
7450,26820000,9.3,86.4,235.9,115.613,0,3.5,151
7451,26823600,10.8,79,317.1,100.008,0,3.5,159
7452,26827200,11.8,72.8,355.9,80.103,0,4,149
7453,26830800,12.6,68.5,351.3,61.7542,0,3.9,158
7454,26834400,13,65.1,288.8,48.4984,0,3.5,165
7455,26838000,13.2,64.3,185.8,30.6931,0,3.2,155
7456,26841600,12.3,67.4,68.4,68.4,0,1.9,158
7457,26845200,10.5,75.8,0,0,0,1.4,139
7458,26848800,9.6,83.2,0,0,0,1.5,141
7459,26852400,8.5,86.8,0,0,0,1.4,158
7460,26856000,7.8,90.1,0,0,0,1.6,134
7461,26859600,6.7,92.9,0,0,0,1.5,121
7462,26863200,7.1,94.5,0,0,0,1.2,131
7463,26866800,7,93.5,0,0,0,1.7,129
7464,26870400,6.7,92.7,0,0,0,1.5,154
7465,26874000,5.9,91.5,0,0,0,1.7,127
7466,26877600,5.2,92,0,0,0,1,117
7467,26881200,4.7,93.7,0,0,0,1.1,130
7468,26884800,4.4,93,0,0,0,1.5,121
7469,26888400,4.5,92.5,0,0,0,1.8,126
7470,26892000,3.4,93.6,0,0,0,1.3,117
7471,26895600,3.1,94.8,0,0,0,1.4,112
7472,26899200,3.2,94.2,22,21.6338,0,1.3,142
7473,26902800,5.4,91.6,113.7,94.755,0,1.6,140
7474,26906400,6.5,87.2,218.7,123.591,0,1.6,178
7475,26910000,7.5,82.9,288.9,121.412,0,1.5,215
7476,26913600,7.8,81.2,282.3,141.162,0,1.9,212
7477,26917200,7.8,80.8,170.9,149.557,0,2,218
7478,26920800,8.1,80.4,101.8,97.9617,0,1.9,189
7479,26924400,8.5,79.1,92.6,77.4314,0,2.2,203
7480,26928000,8.1,78.6,54.9,54.9,0,1.9,211
7481,26931600,6.9,82.3,0,0,0,1.2,216
7482,26935200,6.1,87.3,0,0,0,1.1,175
7483,26938800,5.8,90.2,0,0,0,1,201
7484,26942400,5.6,92.7,0,0,0,0.7,139
7485,26946000,5.2,94.2,0,0,0,0.8,321
7486,26949600,5.3,93.7,0,0,0,1,234
7487,26953200,5.4,92.7,0,0,0,1,155
7488,26956800,3.9,92,0,0,0,1,216
7489,26960400,4.4,93.2,0,0,0,1.1,153
7490,26964000,4.3,95.1,0,0,0,1,168
7491,26967600,3.9,95.3,0,0,0,1.3,217
7492,26971200,3.9,95.6,0,0,0,1,125
7493,26974800,3.8,95.9,0,0,0,1.1,138
7494,26978400,3.6,96.1,0,0,0,0.9,125
7495,26982000,3.9,96.6,0,0,0,0.4,63
7496,26985600,4.1,96.7,11.1,11.0017,0,0.8,130
7497,26989200,4.6,96.8,77.5,74.4096,0,0.8,209
7498,26992800,5.8,95.9,154.5,132.026,0,0.7,210
7499,26996400,6.9,93.9,154.7,143.021,0,1.3,129
7500,27000000,7.8,90.7,139.6,133.652,0,1.9,141
7501,27003600,8,87.4,163.4,145.341,0,1.6,199
7502,27007200,8.3,85.6,94.5,91.6142,0,1.2,204
7503,27010800,8.8,83.8,30.7,30.3216,0,1.3,210
7504,27014400,8.8,82.9,23.7,23.7,0,1.2,166
7505,27018000,8.7,84.1,0,0,0,1,171
7506,27021600,8.8,85.3,0,0,0,1.3,218
7507,27025200,8.7,87,0,0,0,0.8,98
7508,27028800,8.5,89,0,0,0,1,164
7509,27032400,8.6,90.3,0,0,0,0.9,205
7510,27036000,8.6,90.6,0,0,0,1.5,244
7511,27039600,8.6,90.5,0,0,0,1.2,249
7512,27043200,8.5,91.9,0,0,0,1,278
7513,27046800,8.2,94.4,0,0,0,1.2,256
7514,27050400,7.8,96.7,0,0,0,0.9,225
7515,27054000,8,97.7,0,0,0,1.8,244
7516,27057600,7.9,97.4,0,0,0,1.3,243
7517,27061200,7.7,97.5,0,0,0,0.5,80
7518,27064800,8,97.7,0,0,0,0.8,168
7519,27068400,7.9,97.6,0,0,0,1.5,189
7520,27072000,8.1,97.3,9.8,9.71902,0,1.4,208
7521,27075600,8.3,97,42.1,41.5062,0,1.5,207
7522,27079200,8.6,96.4,76.4,75.0524,0,1.8,190
7523,27082800,8.8,97.1,70.4,69.4348,0,1.9,229
7524,27086400,9.3,98.7,83.7,82.3879,0,2,254
7525,27090000,9.9,97.8,65.2,64.3379,0,2.1,278
7526,27093600,10.4,95,43.6,43.1173,0,2.6,274
7527,27097200,10.9,89.7,37.7,37.1147,0,1.8,251
7528,27100800,10.3,85.9,11.2,11.2,0,2.3,242
7529,27104400,9.4,87.2,0,0,0,2.2,232
7530,27108000,9,89.9,0,0,0,2,230
7531,27111600,9.1,90,0,0,0,1.7,230
7532,27115200,8.8,88.5,0,0,0,1.7,214
7533,27118800,6.9,91.2,0,0,0,1,173
7534,27122400,6.8,94.7,0,0,0,1.3,150
7535,27126000,6.3,95.4,0,0,0,1.5,163
7536,27129600,5.5,96.6,0,0,0,1.8,145
7537,27133200,5.2,97.7,0,0,0,1.7,140
7538,27136800,5.1,98.1,0,0,0,1.6,161
7539,27140400,4.5,98.3,0,0,0,1.8,154
7540,27144000,4.3,98.3,0,0,0,2,144
7541,27147600,4.2,98.6,0,0,0,2.3,139
7542,27151200,4.4,98.9,0,0,0,2.2,140
7543,27154800,5.1,97.9,0,0,0,1.8,164
7544,27158400,5.3,96.7,6.9,6.85746,0,1.9,175
7545,27162000,5.7,97.1,23.3,23.1139,0,1.8,194
7546,27165600,6.8,96.8,30.5,30.2818,0,2.4,225
7547,27169200,8,95.6,67.9,66.99,0,3.1,239
7548,27172800,8.6,95.8,99.6,97.7183,0,2.5,249
7549,27176400,8.9,96.8,60.6,59.8452,0,2.2,236
7550,27180000,9.7,96.8,119,108.748,0,2.3,234
7551,27183600,10.6,93.9,74.6,67.4704,0,2.4,230
7552,27187200,10.7,90.7,23.8,23.8,0,2.4,228
7553,27190800,10.7,89.4,0,0,0,2.6,254
7554,27194400,10.8,88.7,0,0,0,2.3,236
7555,27198000,10.7,88.9,0,0,0,1.8,242
7556,27201600,10.5,90.4,0,0,0,2.2,233
7557,27205200,10.5,91.4,0,0,0,1.8,220
7558,27208800,9.5,92.6,0,0,0,1.5,169
7559,27212400,8.1,95.4,0,0,0,1.3,177
7560,27216000,6.6,97.3,0,0,0,1.6,191
7561,27219600,6.1,97.4,0,0,0,1.4,175
7562,27223200,6.1,97,0,0,0,1.9,180
7563,27226800,5.8,96,0,0,0,1.6,192
7564,27230400,5.5,95.1,0,0,0,1.8,163
7565,27234000,5.5,94.7,0,0,0,2.2,151
7566,27237600,5.4,94.8,0,0,0,2.3,158
7567,27241200,5.1,95.1,0,0,0,2,164
7568,27244800,5.2,94.8,12.9,12.7419,0,2.2,156
7569,27248400,5.9,93.4,80.6,75.6323,0,2.6,138
7570,27252000,7.3,90,158.8,128.339,0,2.8,143
7571,27255600,8.7,86.5,231.9,145.269,0,3.5,166
7572,27259200,10.9,81.8,264.6,137.006,0,3.9,165
7573,27262800,11.9,77.1,186.7,147.295,0,3.2,168
7574,27266400,12.2,74.6,171.3,113.168,0,3.3,174
7575,27270000,12.3,73.4,127.1,52.4798,0,3.3,168
7576,27273600,11.8,74.8,41.7,41.7,0,3.3,155
7577,27277200,10.2,79.3,0,0,0,2.8,165
7578,27280800,9.9,83.4,0,0,0,3.1,164
7579,27284400,10,84.7,0,0,0,3,159
7580,27288000,10.2,85.1,0,0,0,2.8,176
7581,27291600,10,84.4,0,0,0,2.5,170
7582,27295200,9,84.2,0,0,0,2.4,174
7583,27298800,8.9,83.2,0,0,0,2.4,174
7584,27302400,8.6,81.5,0,0,0,2.6,185
7585,27306000,7.6,85.4,0,0,0,2.5,170
7586,27309600,7.4,89.6,0,0,0,2.8,177
7587,27313200,7.4,89.5,0,0,0,2.8,188
7588,27316800,7.2,89.1,0,0,0,2.7,186
7589,27320400,6.5,88.6,0,0,0,2.4,179
7590,27324000,6.7,87.5,0,0,0,2.6,196
7591,27327600,7.4,87.1,0,0,0,2.6,182
7592,27331200,8.9,82.6,12,11.8572,0,2.8,203
7593,27334800,9.4,77,87.3,79.1058,0,2.7,198
7594,27338400,11.5,72.8,178.6,124.759,0,4.1,203
7595,27342000,13.4,66.8,223.1,145.852,0,4,216
7596,27345600,15.3,62,253.9,140.513,0,4.3,228
7597,27349200,16.3,58.9,215.2,139.712,0,4.7,240
7598,27352800,16.2,57.9,172.6,109.681,0,4.6,235
7599,27356400,16,59,90.8,68.9981,0,3.9,215
7600,27360000,15,62.5,32.4,32.4,0,3.1,212
7601,27363600,14.1,66.7,0,0,0,3.6,222
7602,27367200,13.2,70.6,0,0,0,2.8,213
7603,27370800,13.4,73.3,0,0,0,3.1,213
7604,27374400,13.7,73.2,0,0,0,3.2,215
7605,27378000,13.9,72.8,0,0,0,3.6,227
7606,27381600,14,72.7,0,0,0,3,226
7607,27385200,13.4,73.6,0,0,0,3.1,234
7608,27388800,13.1,75.5,0,0,0,2.8,220
7609,27392400,12.6,77.8,0,0,0,2.2,228
7610,27396000,12,80.9,0,0,0,1.7,203
7611,27399600,12,82.8,0,0,0,2.1,211
7612,27403200,11.2,85,0,0,0,1.5,210
7613,27406800,10.7,89.8,0,0,0,1.3,128
7614,27410400,10.7,92.4,0,0,0,1,184
7615,27414000,10.2,92.7,0,0,0,0.3,30
7616,27417600,10.1,94.5,1.6,1.59746,0,1.5,84
7617,27421200,10.6,93.5,24.5,24.279,0,1.9,121
7618,27424800,11.2,88.1,83.3,81.5562,0,1.2,105
7619,27428400,11.6,83.3,130.1,123.732,0,2.4,98
7620,27432000,12.2,79.4,128.6,123.51,0,2.7,125
7621,27435600,12.5,75.2,94.8,92.853,0,2.3,156
7622,27439200,12.3,75.7,38.3,37.9027,0,1.7,63
7623,27442800,11.9,78.3,33.5,32.9881,0,2.5,83
7624,27446400,11.4,80.2,13.6,13.6,0,2.4,79
7625,27450000,11.2,83,0,0,0,3.4,56
7626,27453600,10.6,88.2,0,0,0,4.3,41
7627,27457200,9.6,94.8,0,0,0,4,78
7628,27460800,9.4,96.6,0,0,0,3.5,347
7629,27464400,9.2,95.5,0,0,0,4.5,167
7630,27468000,9,95.3,0,0,0,3.1,5
7631,27471600,8.3,94.9,0,0,0,5.2,19
7632,27475200,7.7,93.6,0,0,0,5.1,36
7633,27478800,7.4,91.7,0,0,0,5.3,44
7634,27482400,7.1,90.8,0,0,0,5.3,55
7635,27486000,6.6,91.8,0,0,0,4.6,66
7636,27489600,6.5,91.7,0,0,0,4.7,59
7637,27493200,6.2,91.4,0,0,0,4.6,47
7638,27496800,6,92.6,0,0,0,5,60
7639,27500400,6,93,0,0,0,4.6,70
7640,27504000,5.9,92.3,2.8,2.79223,0,5.6,81
7641,27507600,5.8,92.1,23.1,22.8988,0,5.3,90
7642,27511200,5.6,92.2,44.1,43.6135,0,4.5,90
7643,27514800,5.4,92.2,60.6,59.8354,0,4.6,82
7644,27518400,5.5,92.3,65.4,64.5469,0,5.4,92
7645,27522000,5.5,92,77.6,76.2952,0,5,91
7646,27525600,5.5,91.3,64.7,63.5481,0,5.4,94
7647,27529200,5.9,91.6,43.2,42.3172,0,5,99
7648,27532800,5.9,91.6,12.9,12.9,0,4.3,112
7649,27536400,5.8,92.4,0,0,0,4.6,92
7650,27540000,5.7,93.7,0,0,0,4.4,91
7651,27543600,5.7,93.9,0,0,0,4.5,90
7652,27547200,5.6,93.4,0,0,0,4.5,101
7653,27550800,5.6,93.2,0,0,0,4.6,102
7654,27554400,5.6,93.5,0,0,0,3.9,107
7655,27558000,5.5,93.9,0,0,0,3,115
7656,27561600,5.5,94.7,0,0,0,3.5,111
7657,27565200,5.5,96.6,0,0,0,3.7,119
7658,27568800,5.7,98.1,0,0,0,3.4,131
7659,27572400,5.9,98.3,0,0,0,2.9,135
7660,27576000,6.2,98.5,0,0,0,2,137
7661,27579600,6.5,98.6,0,0,0,2.4,126
7662,27583200,6.9,98.6,0,0,0,1.8,150
7663,27586800,7,98.8,0,0,0,1.5,134
7664,27590400,7.1,99.1,5.4,5.4,0,1.5,154
7665,27594000,7.1,99.1,27.8,27.5013,0,1.1,157
7666,27597600,7.9,99.1,91.7,89.0144,0,1.1,257
7667,27601200,8.5,98.9,119,114.45,0,1.5,223
7668,27604800,9.4,97.4,141.8,132.615,0,1.6,230
7669,27608400,9.7,95,101.6,99.009,0,1.6,262
7670,27612000,9.7,94.3,52.6,51.8266,0,2.4,257
7671,27615600,9.1,95.8,38.7,37.9813,0,3.2,271
7672,27619200,8.1,97.8,16.2,16.2,0,3.6,312
7673,27622800,7.2,97.8,0,0,0,3.8,311
7674,27626400,6.7,96.9,0,0,0,3.2,324
7675,27630000,6.2,96.8,0,0,0,3.7,327
7676,27633600,6,97,0,0,0,3,331
7677,27637200,6.1,96.9,0,0,0,3.4,320
7678,27640800,6.1,97,0,0,0,3.1,319
7679,27644400,6.1,97.2,0,0,0,2.6,315
7680,27648000,6,96.8,0,0,0,2.9,316
7681,27651600,5.6,94.2,0,0,0,3.7,310
7682,27655200,5.2,92.3,0,0,0,2.2,291
7683,27658800,4.3,93.9,0,0,0,2.5,263
7684,27662400,4.1,95.6,0,0,0,3,242
7685,27666000,3.8,95.7,0,0,0,3.1,252
7686,27669600,3.7,94.8,0,0,0,3.2,237
7687,27673200,3.9,94.1,0,0,0,2.9,266
7688,27676800,4.3,92.6,8.8,8.8,0,2.7,266
7689,27680400,4.1,91.5,58.7,56.9946,0,4.2,290
7690,27684000,4,93,50.8,50.1332,0,4.8,321
7691,27687600,4.1,94.2,51.2,50.6396,0,4.2,326
7692,27691200,4.6,92.3,127.7,122.014,0,3.5,307
7693,27694800,5.6,87.1,125.4,118.117,0,3.9,303
7694,27698400,5.6,83.7,73.5,71.9094,0,4,298
7695,27702000,5.6,83,74.1,61.6838,0,4.2,320
7696,27705600,4.7,84.3,25.8,25.8,0,3.5,301
7697,27709200,3.5,88.1,0,0,0,3.7,286
7698,27712800,3.3,89.5,0,0,0,4.5,292
7699,27716400,3.1,90.1,0,0,0,4,278
7700,27720000,2.7,91.2,0,0,0,3.7,293
7701,27723600,2.5,91.8,0,0,0,3.8,291
7702,27727200,2.4,92.8,0,0,0,4.1,282
7703,27730800,2.2,93.6,0,0,0,3.9,281
7704,27734400,2.2,93.9,0,0,0,3.9,274
7705,27738000,1.9,93.2,0,0,0,3.5,265
7706,27741600,2,91.5,0,0,0,4.4,265
7707,27745200,2.1,89.2,0,0,0,4.4,268
7708,27748800,2.4,88.2,0,0,0,4.3,262
7709,27752400,3.2,88.8,0,0,0,4.3,253
7710,27756000,3.4,89.2,0,0,0,4.7,257
7711,27759600,3.2,89.9,0,0,0,4.1,256
7712,27763200,3.2,90.5,7.3,7.3,0,4.3,254
7713,27766800,3.5,90.3,53.6,52.3193,0,4.2,256
7714,27770400,4.3,88.3,89.8,87.0664,0,5.5,248
7715,27774000,5.2,84.8,105.4,102.516,0,5.1,256
7716,27777600,5.8,82.3,168.4,144.59,0,5.3,267
7717,27781200,6,81.4,147.1,129.992,0,5.4,245
7718,27784800,6.3,80.9,128.9,105.769,0,5.4,254
7719,27788400,6.5,80,91,58.0211,0,4.8,247
7720,27792000,6.2,80.1,36.9,36.9,0,4.2,228
7721,27795600,5.9,81.4,0,0,0,4.2,243
7722,27799200,5.5,83.5,0,0,0,4.6,234
7723,27802800,5,85.7,0,0,0,4.7,221
7724,27806400,4.8,87,0,0,0,4.3,222
7725,27810000,4.9,86.1,0,0,0,4.1,218
7726,27813600,4.9,84.3,0,0,0,3.5,212
7727,27817200,4.5,83.4,0,0,0,3.6,208
7728,27820800,4.2,83.1,0,0,0,5,221
7729,27824400,3.6,84.6,0,0,0,4.6,214
7730,27828000,3.4,86.6,0,0,0,4.6,218
7731,27831600,2.7,89.3,0,0,0,4.2,212
7732,27835200,2.9,92,0,0,0,4.9,219
7733,27838800,2.9,92.3,0,0,0,3.8,222
7734,27842400,2.9,91.9,0,0,0,3.6,225
7735,27846000,2.6,91.4,0,0,0,3.3,225
7736,27849600,2.3,91.7,7.7,7.7,0,2.8,194
7737,27853200,2.1,90.8,73,66.948,0,3.5,194
7738,27856800,3,86.8,175.4,108.093,0,4,203
7739,27860400,4.1,81.1,250.5,104.12,0,4.1,193
7740,27864000,4.8,75.3,288.4,84.5354,0,4,178
7741,27867600,5.5,71.4,279.1,65.1643,0,4.5,182
7742,27871200,5.7,69.4,199.7,66.8578,0,3.9,182
7743,27874800,5.3,70.1,80.9,58.9989,0,4.2,160
7744,27878400,4,79.3,8.2,8.2,0,4.6,185
7745,27882000,3.9,89.6,0,0,0,3.3,176
7746,27885600,4.2,91.1,0,0,0,3.1,154
7747,27889200,4.5,89.3,0,0,0,2.9,166
7748,27892800,4.6,88.5,0,0,0,3,158
7749,27896400,4.5,88.5,0,0,0,2.4,160
7750,27900000,4.6,86.4,0,0,0,3,156
7751,27903600,4.6,82.6,0,0,0,2.8,169
7752,27907200,4.8,79,0,0,0,2.9,166
7753,27910800,4.8,76,0,0,0,3.5,153
7754,27914400,3.3,81,0,0,0,4.4,188
7755,27918000,2.6,90.7,0,0,0,3.3,175
7756,27921600,2.4,93.7,0,0,0,3.5,180
7757,27925200,2.2,94.7,0,0,0,3.7,180
7758,27928800,2.2,95.3,0,0,0,3.3,174
7759,27932400,2.5,94.8,0,0,0,3.6,178
7760,27936000,2.7,93.7,4.3,4.3,0,3.2,171
7761,27939600,3.1,92.1,21,20.8115,0,2.8,201
7762,27943200,3.4,90.7,69.8,68.4785,0,3.9,221
7763,27946800,3.5,89.9,55.2,54.5226,0,4.3,244
7764,27950400,3.4,89.7,44,43.5897,0,4.1,263
7765,27954000,2.8,91,44,43.5532,0,4.6,263
7766,27957600,2.6,92.9,39.3,38.8413,0,4.7,275
7767,27961200,3.4,92.1,45.9,44.3391,0,4.6,279
7768,27964800,3.4,88.6,12,12,0,5.3,272
7769,27968400,3,87.1,0,0,0,6.2,277
7770,27972000,3,87.9,0,0,0,5.4,269
7771,27975600,2,87.7,0,0,0,4.8,273
7772,27979200,1.5,87.9,0,0,0,4.1,258
7773,27982800,1.1,89,0,0,0,4.6,265
7774,27986400,1,89.6,0,0,0,4.4,270
7775,27990000,0.7,90.4,0,0,0,3.6,254
7776,27993600,0.3,91.4,0,0,0,3.1,275
7777,27997200,-0.3,94.4,0,0,0,2.8,259
7778,28000800,-0.6,97.4,0,0,0,2.5,234
7779,28004400,-0.9,97.9,0,0,0,2.2,235
7780,28008000,-0.8,97.7,0,0,0,2,241
7781,28011600,-1.2,97.4,0,0,0,2.6,273
7782,28015200,-1.6,97.2,0,0,0,1.9,267
7783,28018800,-1.6,97.3,0,0,0,3,294
7784,28022400,-1.8,96.5,6,6,0,2.4,263
7785,28026000,-1.3,96.1,66.4,61.7853,0,2.2,249
7786,28029600,-0.5,94.6,165.6,106.643,0,2.5,272
7787,28033200,0.5,90.3,243,102.511,0,2.8,284
7788,28036800,1.8,83.9,283.4,80.9678,0,2.5,285
7789,28040400,2.6,78.4,275.3,61.3347,0,3,293
7790,28044000,2.8,77,221,42.5323,0,4.1,308
7791,28047600,2.8,76.7,131.6,21.714,0,3.5,319
7792,28051200,2.1,78.4,32,32,0,2.9,298
7793,28054800,1.4,85,0,0,0,2.4,251
7794,28058400,0.9,91.3,0,0,0,2,249
7795,28062000,0.7,93.3,0,0,0,2.4,265
7796,28065600,0.6,93,0,0,0,2.4,247
7797,28069200,0.6,93.1,0,0,0,2.1,272
7798,28072800,0.5,93.4,0,0,0,1.5,287
7799,28076400,0.5,93.1,0,0,0,2.6,293
7800,28080000,-0.3,92.9,0,0,0,2.1,285
7801,28083600,-0.7,93.1,0,0,0,1.9,286
7802,28087200,-1.1,93.7,0,0,0,1.4,255
7803,28090800,-1.9,93.9,0,0,0,1.1,242
7804,28094400,-2.1,93.7,0,0,0,1.3,248
7805,28098000,-2.2,93.8,0,0,0,1.6,215
7806,28101600,-2.4,93.6,0,0,0,1.7,229
7807,28105200,-1.8,93,0,0,0,1.9,258
7808,28108800,-1.7,92,4.6,4.6,0,1.7,222
7809,28112400,-2,91.2,59.7,56.7097,0,1.9,209
7810,28116000,-0.6,89.8,155.8,107.517,0,2.5,209
7811,28119600,0.7,85.9,235.7,104.999,0,2.2,226
7812,28123200,2,80.2,277,82.9951,0,2.4,212
7813,28126800,2.9,76,270.6,61.7343,0,2.6,206
7814,28130400,3.3,73.8,218.9,41.3873,0,2.6,220
7815,28134000,3.2,73,127.9,21.107,0,2.8,229
7816,28137600,2.5,75.4,28.3,28.3,0,2.2,203
7817,28141200,1.5,81,0,0,0,2.3,194
7818,28144800,0.8,85.9,0,0,0,2.1,176
7819,28148400,0.7,88.7,0,0,0,2.2,170
7820,28152000,0.7,88.6,0,0,0,2.2,201
7821,28155600,0.6,87.7,0,0,0,2.4,205
7822,28159200,0.5,88.3,0,0,0,2.1,182
7823,28162800,0.1,88.7,0,0,0,1.8,200
7824,28166400,-0.8,89.6,0,0,0,1.4,183
7825,28170000,-1,90.8,0,0,0,1.8,176
7826,28173600,-1.6,91.3,0,0,0,2,176
7827,28177200,-2,91.8,0,0,0,2,172
7828,28180800,-2.3,92.2,0,0,0,2.4,160
7829,28184400,-2.7,91.9,0,0,0,2.2,155
7830,28188000,-2.8,91.6,0,0,0,2.1,151
7831,28191600,-3,91.6,0,0,0,2.2,154
7832,28195200,-3.3,91.8,3.1,3.1,0,2.1,155
7833,28198800,-3,90.8,49.1,47.7805,0,2.4,145
7834,28202400,-2.6,89,134.3,107.63,0,2.4,150
7835,28206000,-1.5,85.2,206.6,122.876,0,2.6,169
7836,28209600,0.1,79.1,256.1,99.0424,0,3.2,148
7837,28213200,0.6,73.4,251.9,74.6591,0,4.2,137
7838,28216800,1.2,67.6,196.4,55.658,0,4,144
7839,28220400,0.9,64.8,113.1,25.042,0,4,145
7840,28224000,0,67.3,28.2,28.2,0,3,139
7841,28227600,-0.7,71.5,0,0,0,3.1,136
7842,28231200,-0.9,74.4,0,0,0,3.6,133
7843,28234800,-1.4,76.9,0,0,0,3.2,136
7844,28238400,-1.6,78,0,0,0,3.6,116
7845,28242000,-2,77.5,0,0,0,4.1,125
7846,28245600,-2.4,76.6,0,0,0,3.9,124
7847,28249200,-2.5,76.2,0,0,0,4.1,142
7848,28252800,-2.2,75.9,0,0,0,4.5,135
7849,28256400,-1.7,75.8,0,0,0,4.7,134
7850,28260000,-1.3,75.7,0,0,0,4.2,144
7851,28263600,-1.8,79.9,0,0,0,3.6,148
7852,28267200,-1.9,88.6,0,0,0,3.1,131
7853,28270800,-1.8,92.8,0,0,0,3.5,146
7854,28274400,-1.5,93.9,0,0,0,2.8,138
7855,28278000,-1,94.4,0,0,0,2.9,135
7856,28281600,-0.7,94.3,3.9,3.9,0,2.9,159
7857,28285200,0,93.4,43.2,42.2957,0,2.9,172
7858,28288800,0.8,91.1,78.4,76.3011,0,2.6,192
7859,28292400,2,87.2,68.8,67.6934,0,2.8,216
7860,28296000,3.2,83.1,126.9,119.235,0,2.6,221
7861,28299600,3.1,81.7,203.6,113.435,0,3.1,216
7862,28303200,3.7,81.6,190.6,57.861,0,2.1,192
7863,28306800,3.5,81.5,103.4,30.636,0,1.9,190
7864,28310400,3.1,83.3,16.9,16.9,0,2.5,163
7865,28314000,2.8,86.8,0,0,0,2,143
7866,28317600,2.8,89.4,0,0,0,2.3,135
7867,28321200,3.1,88.9,0,0,0,3.4,137
7868,28324800,2.8,87.4,0,0,0,3,130
7869,28328400,2.5,88,0,0,0,3,140
7870,28332000,2.4,89.1,0,0,0,2.7,133
7871,28335600,2.3,90,0,0,0,2.5,137
7872,28339200,2.2,91,0,0,0,3.2,135
7873,28342800,1.3,91.4,0,0,0,1.8,93
7874,28346400,1.6,92,0,0,0,2.9,109
7875,28350000,1.9,92.5,0,0,0,2.4,136
7876,28353600,1.9,92.1,0,0,0,1.6,108
7877,28357200,1.8,91.6,0,0,0,1.9,112
7878,28360800,1.8,91.6,0,0,0,2.4,115
7879,28364400,1.9,91.4,0,0,0,2.2,103
7880,28368000,1.8,90.7,1.5,1.5,0,2.7,124
7881,28371600,1.9,90.4,28.5,28.1041,0,2.1,113
7882,28375200,2.6,88.8,74,72.2406,0,2.1,130
7883,28378800,3.3,85.3,113.7,107.984,0,2.4,115
7884,28382400,4.1,81.3,191.8,135.039,0,1.3,69
7885,28386000,5.1,77.5,194.2,116.515,0,1.7,40
7886,28389600,4.7,77.1,151.6,88.0867,0,2,46
7887,28393200,5,78.5,71.8,50.9202,0,1.7,70
7888,28396800,4.4,79.7,17.1,17.1,0,2.7,49
7889,28400400,4,81.4,0,0,0,2.8,59
7890,28404000,3.8,82.3,0,0,0,2.2,47
7891,28407600,3.9,83.1,0,0,0,2.9,50
7892,28411200,3.8,83.6,0,0,0,2,51
7893,28414800,3.6,84.2,0,0,0,2.5,39
7894,28418400,2.9,84.6,0,0,0,3.2,25
7895,28422000,2.1,86,0,0,0,3.8,54
7896,28425600,1.1,88.8,0,0,0,3.6,36
7897,28429200,1.1,91.2,0,0,0,1.9,26
7898,28432800,1.4,91.3,0,0,0,3.1,350
7899,28436400,1.4,90.3,0,0,0,3.7,349
7900,28440000,1.3,89.1,0,0,0,3.3,357
7901,28443600,0.5,90.1,0,0,0,3.8,4
7902,28447200,0.3,92.4,0,0,0,3.3,8
7903,28450800,-0.1,92.8,0,0,0,2.8,343
7904,28454400,0.1,93.1,3,3,0,3.3,342
7905,28458000,0.7,92.8,36.2,35.544,0,2.8,339
7906,28461600,1.6,91.7,56.3,55.3543,0,3.5,327
7907,28465200,2.3,92.8,64.4,63.4067,0,3.6,319
7908,28468800,3,94.1,116,110.686,0,3.8,315
7909,28472400,4.1,92.9,77,75.5344,0,3.7,337
7910,28476000,4.6,91.5,56.1,55.085,0,3.5,348
7911,28479600,4.9,89.8,48.1,44.6825,0,4,317
7912,28483200,4.5,88.1,11.2,11.2,0,4.2,331
7913,28486800,4.1,89,0,0,0,3.3,322
7914,28490400,4.3,89.1,0,0,0,4.6,318
7915,28494000,4.2,88.4,0,0,0,4.3,323
7916,28497600,4.3,88.5,0,0,0,4.5,316
7917,28501200,4.2,89.2,0,0,0,3.9,314
7918,28504800,4.4,90.3,0,0,0,3.8,311
7919,28508400,4.2,91.1,0,0,0,3.4,284
7920,28512000,4,92.1,0,0,0,2.9,284
7921,28515600,3.7,91.7,0,0,0,3.6,274
7922,28519200,3.7,90.7,0,0,0,3.2,280
7923,28522800,3.8,90.5,0,0,0,3.2,283
7924,28526400,3.8,90.3,0,0,0,3.5,276
7925,28530000,3.5,90.1,0,0,0,3.6,272
7926,28533600,3.3,89.9,0,0,0,2.6,269
7927,28537200,3.1,88.1,0,0,0,2.9,267
7928,28540800,2.8,86,2,2,0,2.4,248
7929,28544400,2.4,85.7,44.9,43.6266,0,2.9,213
7930,28548000,3.1,83.5,139.2,100.54,0,2.6,200
7931,28551600,4.1,76.6,210.8,107.811,0,3.9,211
7932,28555200,5,70,248.1,92.194,0,3.8,215
7933,28558800,5.2,66.6,235.3,77.0335,0,4.1,205
7934,28562400,5.3,65.7,181.8,57.211,0,4.2,216
7935,28566000,4.9,66.3,94.1,31.331,0,5,212
7936,28569600,4,68.6,21,21,0,4.2,196
7937,28573200,3,72.7,0,0,0,3.5,191
7938,28576800,2.9,75.4,0,0,0,3.2,181
7939,28580400,3.2,75.9,0,0,0,3.3,183
7940,28584000,3.5,76,0,0,0,3.3,183
7941,28587600,4.1,75.3,0,0,0,4,199
7942,28591200,4.1,74.8,0,0,0,4,193
7943,28594800,4.4,74.9,0,0,0,3.6,204
7944,28598400,4.6,74.7,0,0,0,3.2,205
7945,28602000,4.7,74.3,0,0,0,3.9,203
7946,28605600,4.9,74.5,0,0,0,3.5,203
7947,28609200,5,76.5,0,0,0,3.8,204
7948,28612800,5.2,78.5,0,0,0,3.6,210
7949,28616400,5.3,79.3,0,0,0,4.1,207
7950,28620000,5.6,79.9,0,0,0,3.3,206
7951,28623600,5.5,80.4,0,0,0,3.3,205
7952,28627200,5.6,81,1,1,0,3.3,203
7953,28630800,5.6,80.9,26.6,26.2263,0,3.8,195
7954,28634400,6.1,79.5,50.9,50.103,0,4.1,199
7955,28638000,6.6,77.9,68.9,67.7362,0,4.2,205
7956,28641600,6.9,77.1,81.4,79.8669,0,3.4,207
7957,28645200,6.9,77.1,59.8,58.8976,0,3.2,197
7958,28648800,7,78.7,52.2,51.2995,0,3.5,193
7959,28652400,7.1,78.9,29.1,28.5625,0,3.6,203
7960,28656000,6.9,77.9,4.5,4.5,0,3,201
7961,28659600,6.9,79.3,0,0,0,2.4,185
7962,28663200,6.8,80.4,0,0,0,2.8,184
7963,28666800,6.8,80.8,0,0,0,2.7,180
7964,28670400,6.7,82,0,0,0,2.9,176
7965,28674000,6.7,82.7,0,0,0,2.7,189
7966,28677600,6.6,83,0,0,0,2.7,188
7967,28681200,6.3,84.8,0,0,0,2.3,187
7968,28684800,5.7,90,0,0,0,2.3,203
7969,28688400,5.5,95.5,0,0,0,2.1,205
7970,28692000,5.6,97.6,0,0,0,2.1,198
7971,28695600,5.8,98.2,0,0,0,1.9,214
7972,28699200,6,98.4,0,0,0,1.7,215
7973,28702800,6.3,98.3,0,0,0,1.9,235
7974,28706400,6.5,98.3,0,0,0,1.4,240
7975,28710000,6.5,98.5,0,0,0,1.6,219
7976,28713600,6.4,98.5,0,0,0,1.6,198
7977,28717200,6.4,98.3,25.6,25.2444,0,1.6,199
7978,28720800,6.5,97.8,98.6,90.0158,0,1.8,195
7979,28724400,6.7,97.3,85.7,83.7716,0,1.9,216
7980,28728000,6.8,97.3,61.1,60.2277,0,2,193
7981,28731600,7.1,97.1,40.7,40.2779,0,1.7,185
7982,28735200,7.3,96.5,38.5,38.0045,0,2.1,184
7983,28738800,7.4,96.2,55.5,46.6981,0,2.2,169
7984,28742400,7.1,95.9,3.8,3.8,0,1.6,161
7985,28746000,7.3,96,0,0,0,2.3,147
7986,28749600,7.4,96,0,0,0,2.5,167
7987,28753200,7.5,95.7,0,0,0,2.8,151
7988,28756800,7.1,95.6,0,0,0,3.1,137
7989,28760400,7.2,95.9,0,0,0,2.9,151
7990,28764000,7.5,95.6,0,0,0,3.4,140
7991,28767600,7.3,95.1,0,0,0,3.7,139
7992,28771200,6.9,95.1,0,0,0,3.7,154
7993,28774800,6.2,95.3,0,0,0,3.3,147
7994,28778400,5.9,95.8,0,0,0,3.4,146
7995,28782000,5.6,95.9,0,0,0,3.6,139
7996,28785600,5.8,95.4,0,0,0,3.4,139
7997,28789200,6,94.2,0,0,0,3.8,142
7998,28792800,6,93.2,0,0,0,3.2,147
7999,28796400,5.8,93.1,0,0,0,3.1,135
8000,28800000,5.2,94.4,0,0,0,3,142
8001,28803600,5.6,95,21.3,21.0471,0,3.2,146
8002,28807200,6.4,92,66,64.5644,0,3,147
8003,28810800,7.4,87.6,131.6,116.526,0,2.7,171
8004,28814400,8.5,82.6,173.8,129.825,0,3,191
8005,28818000,9.2,79,168.5,117.388,0,2.7,190
8006,28821600,8.8,79.1,114.3,90.7304,0,2.7,209
8007,28825200,8.7,81.5,58.9,46.5103,0,2,207
8008,28828800,8.3,84.1,11,11,0,2,186
8009,28832400,8.2,86.3,0,0,0,1.9,193
8010,28836000,8,89.6,0,0,0,2.2,212
8011,28839600,7.8,93.7,0,0,0,2.4,230
8012,28843200,7.9,95.2,0,0,0,2.3,216
8013,28846800,7.7,94.9,0,0,0,2.4,221
8014,28850400,7.7,95.4,0,0,0,2,215
8015,28854000,7.4,95.3,0,0,0,2.4,244
8016,28857600,7.1,94.4,0,0,0,2.7,262
8017,28861200,6.9,88.3,0,0,0,3,282
8018,28864800,5.5,88.4,0,0,0,2.7,286
8019,28868400,4.7,88.9,0,0,0,2.4,265
8020,28872000,3.9,89.1,0,0,0,2.4,267
8021,28875600,3.1,90.9,0,0,0,2.3,235
8022,28879200,2.6,93.6,0,0,0,2.2,235
8023,28882800,3.3,94.1,0,0,0,2.2,234
8024,28886400,3.8,93.1,0,0,0,2.1,242
8025,28890000,4.2,91.3,27.4,26.9701,0,2.2,244
8026,28893600,5,88.9,94.7,86.8139,0,2,215
8027,28897200,5.3,85.4,126.6,113.613,0,2.3,213
8028,28900800,5.7,81.7,163.8,128.87,0,3.1,192
8029,28904400,6,79.6,173.2,114.31,0,3.3,234
8030,28908000,6.8,77,138.9,83.5009,0,3.6,226
8031,28911600,6.5,75.4,83.6,32.4133,0,2.8,195
8032,28915200,5.4,79.2,17.4,17.4,0,2.4,172
8033,28918800,4.5,84.4,0,0,0,2,181
8034,28922400,3.8,88.3,0,0,0,2.2,166
8035,28926000,3.7,90.9,0,0,0,2.2,153
8036,28929600,2.8,91.8,0,0,0,2.3,161
8037,28933200,2.7,91.5,0,0,0,3.2,157
8038,28936800,2.2,90.1,0,0,0,3,154
8039,28940400,1.9,89.3,0,0,0,3,144
8040,28944000,1.6,88.6,0,0,0,3.2,152
8041,28947600,0.7,88.7,0,0,0,2.3,148
8042,28951200,0.8,90.5,0,0,0,2.2,139
8043,28954800,0.8,91.6,0,0,0,3.3,137
8044,28958400,0.6,91.8,0,0,0,3.2,130
8045,28962000,0.7,91.7,0,0,0,3.6,145
8046,28965600,0.6,92.6,0,0,0,3.2,145
8047,28969200,0.6,93.7,0,0,0,3,132
8048,28972800,0.7,94.4,0,0,0,3.3,137
8049,28976400,0.9,94.7,32.1,31.4939,0,2.8,139
8050,28980000,1.6,94.5,63.4,62.0516,0,3.1,141
8051,28983600,2.6,94,50.1,49.4573,0,3.6,150
8052,28987200,3.4,92.7,59.8,58.9408,0,4.6,150
8053,28990800,3.9,91.1,55.5,54.6934,0,3.8,142
8054,28994400,5,88.7,94.1,83.9852,0,3.5,150
8055,28998000,4.8,86.9,91.9,22.8028,0,3.3,144
8056,29001600,4.1,88.3,15.6,15.6,0,3.5,146
8057,29005200,3.5,91.4,0,0,0,3.1,142
8058,29008800,2.9,94.2,0,0,0,2.9,123
8059,29012400,2.9,95,0,0,0,3.1,132
8060,29016000,2.7,94.8,0,0,0,3.2,133
8061,29019600,2.1,95.2,0,0,0,2.7,124
8062,29023200,1.8,95.4,0,0,0,2.8,125
8063,29026800,1.3,95.4,0,0,0,2.1,116
8064,29030400,0.9,95.8,0,0,0,2,108
8065,29034000,1.3,97,0,0,0,2.6,109
8066,29037600,1.6,98,0,0,0,1.8,109
8067,29041200,1.9,97.9,0,0,0,1.9,111
8068,29044800,2,97.8,0,0,0,1.9,115
8069,29048400,2,97.9,0,0,0,2.2,114
8070,29052000,2,97.9,0,0,0,2.1,109
8071,29055600,2.1,97.8,0,0,0,2,111
8072,29059200,2.2,98.1,0,0,0,2.3,128
8073,29062800,2.4,98.6,13.6,13.4883,0,1.8,110
8074,29066400,3.1,99,49.3,48.496,0,2.2,130
8075,29070000,3.6,98.6,62,61.0056,0,2.6,122
8076,29073600,4.2,97,127.8,116.413,0,2.4,129
8077,29077200,4.6,94.4,122.5,109.522,0,2.5,125
8078,29080800,5.1,91,91.4,82.3136,0,2.8,134
8079,29084400,4.9,90.6,54.7,44.1077,0,2.9,128
8080,29088000,4.6,93.8,3.4,3.4,0,2.4,120
8081,29091600,4.2,95.9,0,0,0,2.7,112
8082,29095200,4.1,96.2,0,0,0,2.4,109
8083,29098800,4,96.4,0,0,0,2.7,130
8084,29102400,3.8,96.5,0,0,0,2.8,135
8085,29106000,3.8,96,0,0,0,2.8,133
8086,29109600,3.3,95.5,0,0,0,2.4,128
8087,29113200,3.3,94.6,0,0,0,2.8,131
8088,29116800,3,93.8,0,0,0,2.7,145
8089,29120400,2.4,92.4,0,0,0,2.7,144
8090,29124000,2,91.8,0,0,0,2.8,135
8091,29127600,1.9,92.4,0,0,0,2.3,117
8092,29131200,1.2,93.6,0,0,0,2.3,128
8093,29134800,1.2,94.5,0,0,0,2.8,139
8094,29138400,1.3,94.5,0,0,0,3.1,139
8095,29142000,1.4,93.8,0,0,0,2.7,140
8096,29145600,1.6,93.3,0,0,0,2.9,139
8097,29149200,1.6,93,23,22.6718,0,2.3,124
8098,29152800,2.4,91.6,81.6,77.2073,0,2.6,130
8099,29156400,3.3,88.4,152.9,117.5,0,3.6,137
8100,29160000,3.9,85.8,171.3,124.9,0,3.5,146
8101,29163600,4.4,84.2,129.7,112.016,0,3.4,136
8102,29167200,4.4,84.1,100,85.4157,0,3.7,141
8103,29170800,3.9,86,43.3,39.6782,0,3.9,130
8104,29174400,4.2,87.4,4,4,0,3.3,134
8105,29178000,4.7,86.9,0,0,0,2.6,118
8106,29181600,4.8,86.9,0,0,0,2.6,119
8107,29185200,4.5,88.3,0,0,0,2.9,92
8108,29188800,3.2,90.3,0,0,0,3.4,84
8109,29192400,2.6,92,0,0,0,3.1,93
8110,29196000,2.5,93,0,0,0,2.7,94
8111,29199600,2.6,93.1,0,0,0,2.5,107
8112,29203200,2.7,92.8,0,0,0,2.3,100
8113,29206800,2.8,92.4,0,0,0,1.7,115
8114,29210400,3,92.3,0,0,0,2.3,77
8115,29214000,3.2,92.6,0,0,0,1.9,104
8116,29217600,3.5,93.1,0,0,0,1.6,102
8117,29221200,3.7,93.6,0,0,0,1.9,111
8118,29224800,3.8,94.4,0,0,0,1.8,112
8119,29228400,4.1,96.1,0,0,0,1.3,101
8120,29232000,4.2,97.2,0,0,0,2.1,94
8121,29235600,4.4,97.4,8.1,8.05821,0,1.8,96
8122,29239200,4.5,97.1,37.8,37.3144,0,2,58
8123,29242800,4.5,96.9,54,53.231,0,1.8,93
8124,29246400,4.6,97.2,44.4,43.9145,0,1,166
8125,29250000,4.5,96.5,34.8,34.4753,0,1.1,226
8126,29253600,4.4,96.3,44.4,43.7017,0,0.8,71
8127,29257200,4.3,97.5,15.2,15.0351,0,1.4,239
8128,29260800,4.3,97.9,3.3,3.3,0,1.7,235
8129,29264400,4.3,97.2,0,0,0,2.6,241
8130,29268000,3.9,95.2,0,0,0,2.3,261
8131,29271600,3.8,92.7,0,0,0,2.2,236
8132,29275200,3.6,90.7,0,0,0,2.5,225
8133,29278800,3.2,89.8,0,0,0,2.8,242
8134,29282400,2.6,91,0,0,0,2.6,239
8135,29286000,2.4,92.5,0,0,0,2.9,231
8136,29289600,2.3,93,0,0,0,2.5,217
8137,29293200,2.6,93.7,0,0,0,1.7,201
8138,29296800,2.9,94.6,0,0,0,2.6,195
8139,29300400,2.9,94.7,0,0,0,2.3,217
8140,29304000,2.9,94.3,0,0,0,2.3,195
8141,29307600,2.8,94.1,0,0,0,2.5,153
8142,29311200,2.4,94.2,0,0,0,3,150
8143,29314800,1.5,95.2,0,0,0,2.9,138
8144,29318400,1.1,97.1,0,0,0,3.4,136
8145,29322000,0.9,97.6,15.6,15.4409,0,3.8,134
8146,29325600,1.7,95.8,61.8,60.4052,0,3.8,128
8147,29329200,2.8,93.1,109.4,101.816,0,4,139
8148,29332800,4.3,88.2,155,123.544,0,3.8,143
8149,29336400,4.2,84.8,95.2,91.2154,0,3.8,143
8150,29340000,4.5,84.4,83,76.8228,0,4,146
8151,29343600,4.4,85.1,53.7,42.4529,0,4.1,134
8152,29347200,4.6,86.5,1.9,1.9,0,3.6,145
8153,29350800,4.6,87.2,0,0,0,3.9,146
8154,29354400,4.6,87.5,0,0,0,3.3,145
8155,29358000,4.8,87.6,0,0,0,3,142
8156,29361600,4.9,87.1,0,0,0,2.8,151
8157,29365200,5.1,86.1,0,0,0,3,151
8158,29368800,4.9,86,0,0,0,2.8,157
8159,29372400,4.5,87.2,0,0,0,2.3,159
8160,29376000,3.9,89.7,0,0,0,3.2,146
8161,29379600,4.4,89.9,0,0,0,3.6,151
8162,29383200,4.2,88.7,0,0,0,3.1,155
8163,29386800,3.8,90,0,0,0,2.6,163
8164,29390400,4.2,90.9,0,0,0,2.5,162
8165,29394000,4.7,90.7,0,0,0,2.2,154
8166,29397600,5.1,90.3,0,0,0,2.6,166
8167,29401200,5.8,90.6,0,0,0,2.1,168
8168,29404800,6.1,92.5,0,0,0,2.3,167
8169,29408400,6.9,93.5,18.2,17.9778,0,2.6,176
8170,29412000,7.4,93,69,66.7489,0,2.8,186
8171,29415600,8,92.9,93.2,89.6831,0,2.8,202
8172,29419200,9.1,90.5,124.2,113.041,0,2.9,209
8173,29422800,9.5,87.4,128,110.033,0,2.8,213
8174,29426400,10.2,85.7,96.3,83.0272,0,2.8,226
8175,29430000,10.2,84.8,54.5,42.0143,0,2.2,215
8176,29433600,9.1,86.6,7,7,0,2.4,196
8177,29437200,8.5,90,0,0,0,2.1,171
8178,29440800,8.8,91.1,0,0,0,1.9,174
8179,29444400,8,91.1,0,0,0,2.1,156
8180,29448000,7.2,92.3,0,0,0,2.7,154
8181,29451600,6.6,94,0,0,0,2.9,145
8182,29455200,6.5,94.4,0,0,0,2.7,143
8183,29458800,6.5,93.6,0,0,0,3.3,148
8184,29462400,6.8,91.9,0,0,0,3.4,154
8185,29466000,7.2,91.9,0,0,0,3.5,150
8186,29469600,7.5,92.4,0,0,0,3.8,134
8187,29473200,7.5,92.5,0,0,0,3.9,132
8188,29476800,7.7,94.2,0,0,0,3.6,155
8189,29480400,8.5,96.5,0,0,0,3.5,175
8190,29484000,9.4,97.5,0,0,0,4.2,211
8191,29487600,9.8,97.2,0,0,0,3.8,221
8192,29491200,9.9,96.7,0,0,0,3.5,233
8193,29494800,10,96,26.4,25.9204,0,4.1,223
8194,29498400,10.7,94.2,107.1,86.674,0,3.3,240
8195,29502000,11.9,91.2,180.1,102.514,0,3.6,237
8196,29505600,12.9,84.7,220.3,89.2095,0,4.1,237
8197,29509200,13.8,77.1,187.8,94.8921,0,3.8,226
8198,29512800,13,75.7,98.3,83.3069,0,3.6,221
8199,29516400,13.2,77.9,64.9,38.323,0,3.4,227
8200,29520000,12.7,80.5,6.9,6.9,0,2.2,205
8201,29523600,12.3,84.6,0,0,0,2.6,188
8202,29527200,12.8,87.8,0,0,0,2.6,209
8203,29530800,12.7,92.9,0,0,0,2.4,228
8204,29534400,12.9,97,0,0,0,3.3,228
8205,29538000,13.1,97.4,0,0,0,3.4,214
8206,29541600,13,96.9,0,0,0,3.6,222
8207,29545200,12.9,96.3,0,0,0,3.5,222
8208,29548800,12.4,96.4,0,0,0,3.2,205
8209,29552400,12.2,95.7,0,0,0,3.1,223
8210,29556000,12,95.5,0,0,0,3.1,233
8211,29559600,11.9,96.4,0,0,0,2.8,231
8212,29563200,11.9,97,0,0,0,3,227
8213,29566800,11.9,97.5,0,0,0,2.8,224
8214,29570400,11.8,97.3,0,0,0,3.2,216
8215,29574000,11.5,96.6,0,0,0,2.6,225
8216,29577600,11.4,96.7,0,0,0,3,226
8217,29581200,11.4,96.7,13.1,12.9789,0,3,223
8218,29584800,11.7,95.8,44.5,43.7931,0,2.9,232
8219,29588400,11.9,96.1,67.4,66.1606,0,3,234
8220,29592000,12.1,97,72.7,71.3622,0,3,233
8221,29595600,12.1,97.2,74.6,73.0386,0,2.3,227
8222,29599200,12.1,97,80.1,74.5311,0,2.3,215
8223,29602800,11.9,97.2,69.6,34.3951,0,2,202
8224,29606400,11.8,97.6,5.2,5.2,0,1.8,211
8225,29610000,11.6,97.6,0,0,0,1.5,175
8226,29613600,11.4,97.4,0,0,0,2.5,156
8227,29617200,11.2,97.7,0,0,0,2.2,171
8228,29620800,11.3,97.5,0,0,0,2.6,166
8229,29624400,11.1,96.5,0,0,0,2.4,168
8230,29628000,11.5,96,0,0,0,2.1,175
8231,29631600,11.4,96.1,0,0,0,2.1,176
8232,29635200,11.2,95.8,0,0,0,2.3,205
8233,29638800,10.9,95.3,0,0,0,2.4,205
8234,29642400,10.9,95.1,0,0,0,2,215
8235,29646000,10.6,94.6,0,0,0,2.6,222
8236,29649600,10.5,94.1,0,0,0,2.3,208
8237,29653200,10.7,93.5,0,0,0,3,234
8238,29656800,10.7,92.5,0,0,0,3.5,235
8239,29660400,10.3,91.7,0,0,0,3.5,236
8240,29664000,10.4,91.9,0,0,0,2.8,230
8241,29667600,10.7,91.6,6.7,6.66755,0,2.9,229
8242,29671200,10.9,90.6,62,60.4022,0,3,230
8243,29674800,11.5,89.9,104.4,97.5761,0,3.3,238
8244,29678400,12,89.6,96.5,93.1,0,3.8,236
8245,29682000,12.4,88.9,82.8,80.5215,0,3.2,236
8246,29685600,12.6,88,72.4,68.996,0,3,227
8247,29689200,12.5,88.1,31.1,30.1914,0,3,221
8248,29692800,12,89.9,3.5,3.5,0,3.2,231
8249,29696400,11.8,92.2,0,0,0,3,222
8250,29700000,11.6,93.2,0,0,0,3.2,238
8251,29703600,11.7,93.5,0,0,0,2.9,241
8252,29707200,11.6,93.1,0,0,0,3.4,221
8253,29710800,11.5,93.2,0,0,0,3.3,240
8254,29714400,11.4,94,0,0,0,3.6,228
8255,29718000,11.3,94.9,0,0,0,3.4,236
8256,29721600,11.3,95,0,0,0,3.5,235
8257,29725200,11,94.4,0,0,0,3.5,226
8258,29728800,10.8,94.3,0,0,0,3.7,236
8259,29732400,10.4,94.6,0,0,0,3.5,239
8260,29736000,10.5,94.1,0,0,0,3.5,254
8261,29739600,10.9,90.7,0,0,0,3.4,248
8262,29743200,10.9,86.4,0,0,0,3.9,252
8263,29746800,10.9,82.8,0,0,0,3.8,255
8264,29750400,10.8,79.5,0,0,0,3.8,254
8265,29754000,10,79.7,22.2,21.8351,0,3.3,247
8266,29757600,10.2,80.3,80.7,74.8403,0,3.8,233
8267,29761200,11,77.8,131.8,109.677,0,4.7,248
8268,29764800,11,75,148.1,119.547,0,5.4,264
8269,29768400,11.1,73.7,116.6,104.233,0,5.1,275
8270,29772000,10.9,74.7,99.5,82.7325,0,4.4,253
8271,29775600,10.8,75.9,51.1,40.6969,0,4.5,257
8272,29779200,10.5,76.1,3.2,3.2,0,4.5,221
8273,29782800,9.9,77.6,0,0,0,3.2,252
8274,29786400,9,80.5,0,0,0,3.2,263
8275,29790000,8.9,81.6,0,0,0,3.8,262
8276,29793600,8.4,81.4,0,0,0,3,256
8277,29797200,7.1,85,0,0,0,2.7,241
8278,29800800,6.8,89.9,0,0,0,2.6,239
8279,29804400,6.7,91.6,0,0,0,2.4,231
8280,29808000,6.2,92.4,0,0,0,1.9,243
8281,29811600,5.3,93.5,0,0,0,2.8,248
8282,29815200,4.9,94.6,0,0,0,2.5,251
8283,29818800,4.7,95.5,0,0,0,2.2,254
8284,29822400,4.1,95.6,0,0,0,3.1,246
8285,29826000,4,95.6,0,0,0,2.5,249
8286,29829600,3.6,96.3,0,0,0,1.6,248
8287,29833200,2.9,97.5,0,0,0,1.4,193
8288,29836800,2.9,97.9,0,0,0,2.2,228
8289,29840400,3.5,97.2,16,15.806,0,2,238
8290,29844000,4.1,95.7,65.7,63.504,0,1.4,241
8291,29847600,4.8,94.2,111.7,101.548,0,1.1,222
8292,29851200,5,93.6,201.4,99.4282,0,1.1,205
8293,29854800,6.6,89.6,208.1,71.8701,0,0.9,220
8294,29858400,7.6,83.5,161.1,50.7693,0,0.9,190
8295,29862000,7,82.9,90.6,15.8532,0,1,93
8296,29865600,5.7,87.7,13,13,0,1.5,120
8297,29869200,5,92.8,0,0,0,1.9,117
8298,29872800,5.7,95.1,0,0,0,2.2,118
8299,29876400,5.8,95.9,0,0,0,2.1,109
8300,29880000,5.7,96.5,0,0,0,2.1,100
8301,29883600,5.9,96.6,0,0,0,2,112
8302,29887200,5.7,96.3,0,0,0,1.9,119
8303,29890800,5.8,95.7,0,0,0,1.6,167
8304,29894400,6,95.8,0,0,0,1.9,163
8305,29898000,6.1,96,0,0,0,1.4,179
8306,29901600,6.1,95.5,0,0,0,1.9,199
8307,29905200,6,95.4,0,0,0,2,229
8308,29908800,5.8,96.1,0,0,0,1.9,284
8309,29912400,5.9,97.1,0,0,0,1.6,216
8310,29916000,5.8,97.9,0,0,0,1.5,185
8311,29919600,5.8,98.5,0,0,0,2,211
8312,29923200,5.2,98.9,0,0,0,2.9,212
8313,29926800,4.9,99.1,10.1,10.021,0,2.6,208
8314,29930400,5,98.5,44,43.2795,0,2.4,217
8315,29934000,5.6,97.1,62.2,61.1155,0,2.5,220
8316,29937600,6.5,95.3,66.6,65.4542,0,2.8,253
8317,29941200,7.3,92.6,59.7,58.7038,0,3.1,230
8318,29944800,8.3,89.5,111.5,82.8649,0,3,227
8319,29948400,8.7,87.4,63.5,37.0863,0,3.3,244
8320,29952000,9,86.1,2.9,2.9,0,3.4,240
8321,29955600,8.9,86.9,0,0,0,3.4,239
8322,29959200,9,88.3,0,0,0,3.5,253
8323,29962800,9.2,88.2,0,0,0,3.4,253
8324,29966400,9.2,87.7,0,0,0,3.9,267
8325,29970000,8.6,88.8,0,0,0,3.7,268
8326,29973600,7.7,91.5,0,0,0,3,288
8327,29977200,7.7,92.9,0,0,0,2.9,292
8328,29980800,7.8,91.1,0,0,0,2.9,262
8329,29984400,7.6,88,0,0,0,2.5,263
8330,29988000,7.5,85.6,0,0,0,3,263
8331,29991600,7.2,85,0,0,0,3,265
8332,29995200,6.8,85.5,0,0,0,3.2,273
8333,29998800,6.1,86.6,0,0,0,3.9,272
8334,30002400,6,86.6,0,0,0,4.3,280
8335,30006000,5.9,85.9,0,0,0,3.8,256
8336,30009600,6.1,86.3,0,0,0,3.2,244
8337,30013200,6,87.3,13,12.8662,0,3.5,248
8338,30016800,5.6,89.4,72.8,68.8974,0,3,221
8339,30020400,4.8,92.1,157.7,105.918,0,3.3,214
8340,30024000,4.9,93,186,108.216,0,3.5,220
8341,30027600,6,90.1,175.4,98.0474,0,3.5,219
8342,30031200,6.5,85.5,110.6,82.7655,0,4.9,238
8343,30034800,6.4,82.1,22.9,22.502,0,4.5,199
8344,30038400,6.3,80.8,2,2,0,3.4,194
8345,30042000,6,81.4,0,0,0,3.6,212
8346,30045600,5.5,83.5,0,0,0,3.2,195
8347,30049200,5.7,85.7,0,0,0,3.4,209
8348,30052800,6.6,86.3,0,0,0,4.5,205
8349,30056400,6.6,86.7,0,0,0,3.8,212
8350,30060000,6.8,86.9,0,0,0,3.6,217
8351,30063600,7,85.8,0,0,0,3.6,213
8352,30067200,7,85.3,0,0,0,3.9,223
8353,30070800,6.9,84.5,0,0,0,3.3,220
8354,30074400,6.8,84.1,0,0,0,3.5,224
8355,30078000,6.7,84.6,0,0,0,4.2,222
8356,30081600,6.7,85.2,0,0,0,3.5,227
8357,30085200,6.8,84.9,0,0,0,3.7,199
8358,30088800,6.6,84.4,0,0,0,3.7,189
8359,30092400,6.5,84.7,0,0,0,3.3,181
8360,30096000,6,85.9,0,0,0,3.1,185
8361,30099600,5.5,87.3,17.6,17.3496,0,3,185
8362,30103200,5.5,87.5,84.8,76.0679,0,2.7,169
8363,30106800,6.1,85.6,156.9,105.385,0,4.1,179
8364,30110400,7.3,80.5,202,95.8817,0,3,175
8365,30114000,8.1,74.7,196.8,80.2713,0,3.8,178
8366,30117600,8.5,71.1,159.4,51.1417,0,3.7,178
8367,30121200,7.8,70.5,90.3,15.811,0,2.8,160
8368,30124800,7,72.9,12.7,12.7,0,2.7,180
8369,30128400,6,75.7,0,0,0,2.4,171
8370,30132000,5,78.4,0,0,0,2.4,172
8371,30135600,4.3,82.4,0,0,0,2.8,148
8372,30139200,4,85.5,0,0,0,2.6,146
8373,30142800,4.3,86.8,0,0,0,2.6,160
8374,30146400,3.8,87.3,0,0,0,2.7,166
8375,30150000,3.3,87.1,0,0,0,3.1,154
8376,30153600,3.3,87,0,0,0,2.7,153
8377,30157200,3,89,0,0,0,2.6,147
8378,30160800,2.8,90.6,0,0,0,2.2,147
8379,30164400,2.8,90.4,0,0,0,2,134
8380,30168000,2.4,90.9,0,0,0,2.3,135
8381,30171600,2.8,90.3,0,0,0,2.3,155
8382,30175200,2.5,89.5,0,0,0,2.5,143
8383,30178800,2.2,90.4,0,0,0,2.3,146
8384,30182400,2,92,0,0,0,1.9,141
8385,30186000,2.1,92.8,22.9,22.4677,0,2,138
8386,30189600,2.8,92.4,98.9,80.1249,0,2.2,120
8387,30193200,4.4,87.8,164.3,101.46,0,2.1,142
8388,30196800,5.3,81.8,197.1,99.0658,0,2.6,106
8389,30200400,6.3,78.1,193.2,83.0931,0,2,111
8390,30204000,6.4,76.4,153.3,56.8758,0,2,120
8391,30207600,6.3,77,90.9,15.7224,0,2.1,121
8392,30211200,4.9,81.1,16.2,16.2,0,2.5,114
8393,30214800,4.5,85.5,0,0,0,2.4,119
8394,30218400,4.4,86.6,0,0,0,3.1,134
8395,30222000,3.2,89,0,0,0,1.8,84
8396,30225600,3,91.9,0,0,0,1.6,91
8397,30229200,2.8,93.1,0,0,0,2.1,107
8398,30232800,2.3,94.3,0,0,0,2.4,112
8399,30236400,1.5,95.2,0,0,0,2.3,105
8400,30240000,1,94.9,0,0,0,2.3,132
8401,30243600,0.4,95.1,0,0,0,2.6,108
8402,30247200,0.1,95.7,0,0,0,2.2,102
8403,30250800,-0.1,95.7,0,0,0,2.2,111
8404,30254400,-0.4,96,0,0,0,2,122
8405,30258000,-0.6,95.9,0,0,0,2.2,114
8406,30261600,-0.7,96,0,0,0,1.6,137
8407,30265200,-0.7,95.8,0,0,0,2.6,119
8408,30268800,-1.1,95.9,0,0,0,2.2,118
8409,30272400,-1.2,95.9,18.2,17.9218,0,1.5,176
8410,30276000,-0.3,94.4,89.3,77.3801,0,2.3,163
8411,30279600,1.1,90.7,161.4,102.134,0,2.2,220
8412,30283200,2.1,85.8,200,96.14,0,2.5,241
8413,30286800,3.5,81.7,193.6,82.4281,0,2.3,230
8414,30290400,4.4,78.5,156.8,53.5578,0,2.4,236
8415,30294000,4.4,78.4,90.5,15.9912,0,2.6,228
8416,30297600,4.1,81.6,12.6,12.6,0,2.1,223
8417,30301200,3.6,85.1,0,0,0,2,219
8418,30304800,3.6,88,0,0,0,2.8,235
8419,30308400,4.1,89,0,0,0,3.2,236
8420,30312000,4.7,88.9,0,0,0,1.9,231
8421,30315600,5.2,89.8,0,0,0,2.4,231
8422,30319200,6,89.6,0,0,0,2.9,226
8423,30322800,6.4,88.2,0,0,0,2.4,234
8424,30326400,5.5,88.7,0,0,0,2.3,208
8425,30330000,5.2,88.6,0,0,0,2.2,195
8426,30333600,5.4,88.4,0,0,0,2.8,189
8427,30337200,5.2,88.7,0,0,0,2.7,176
8428,30340800,4.6,89.2,0,0,0,2.3,171
8429,30344400,5.1,88.2,0,0,0,3.4,173
8430,30348000,5.4,85.5,0,0,0,2.7,185
8431,30351600,5.9,84.5,0,0,0,2.8,198
8432,30355200,6.1,84.3,0,0,0,2.2,190
8433,30358800,6.5,84.3,12,11.8769,0,2.7,192
8434,30362400,7.3,83.3,58.2,56.6741,0,3.1,192
8435,30366000,8.6,81.1,129.3,106.28,0,2.9,181
8436,30369600,10,76.9,177.4,110.672,0,3.2,188
8437,30373200,10.3,73.9,178.1,94.9258,0,3.2,196
8438,30376800,10.7,73.3,155.6,54.8971,0,3.6,202
8439,30380400,10.5,73.7,86.9,18.1828,0,3.5,197
8440,30384000,9.4,76.2,10.6,10.6,0,2.9,177
8441,30387600,8.2,80.1,0,0,0,2.7,158
8442,30391200,8,82.6,0,0,0,3.3,155
8443,30394800,7.2,83.8,0,0,0,3.3,151
8444,30398400,6.7,85.5,0,0,0,3,163
8445,30402000,6.2,86.7,0,0,0,3,153
8446,30405600,5.7,87.1,0,0,0,2.9,155
8447,30409200,5.4,87.5,0,0,0,3.2,165
8448,30412800,5.4,88.2,0,0,0,2.8,157
8449,30416400,5.4,89.7,0,0,0,3.3,148
8450,30420000,5.1,91.1,0,0,0,2.8,146
8451,30423600,4.9,90.7,0,0,0,3.5,138
8452,30427200,4.5,90.9,0,0,0,3.2,162
8453,30430800,4.6,91.1,0,0,0,4,140
8454,30434400,4.9,89.4,0,0,0,3.9,156
8455,30438000,4.9,88.5,0,0,0,2.9,165
8456,30441600,5,88.1,0,0,0,2.9,173
8457,30445200,5.8,86.3,11.4,11.2871,0,2.9,175
8458,30448800,7.6,82,46.7,45.8515,0,3.3,188
8459,30452400,8.1,78,54.9,54.0332,0,3.9,179
8460,30456000,8.5,76.1,65.9,64.7602,0,3.3,182
8461,30459600,8.6,74.8,60.5,59.4679,0,4,195
8462,30463200,8.8,74.9,42.8,42.1225,0,3.5,194
8463,30466800,9.2,75.2,40.9,37.4673,0,3.4,196
8464,30470400,9.3,76.2,13,13,0,3.2,196
8465,30474000,9.3,78.1,0,0,0,3.3,194
8466,30477600,9.4,79.2,0,0,0,2.9,200
8467,30481200,9.6,80.1,0,0,0,2.9,195
8468,30484800,9.9,80,0,0,0,2.4,197
8469,30488400,9.9,79.6,0,0,0,2,192
8470,30492000,9.9,80.8,0,0,0,2.4,219
8471,30495600,9.7,82.9,0,0,0,2.4,221
8472,30499200,9,86.3,0,0,0,2.3,221
8473,30502800,8.7,89.6,0,0,0,2.3,227
8474,30506400,8.4,91,0,0,0,2,236
8475,30510000,8.4,92.1,0,0,0,1.8,236
8476,30513600,8.4,92.8,0,0,0,1.8,245
8477,30517200,8.5,93.4,0,0,0,1.5,250
8478,30520800,8.5,93.4,0,0,0,2.4,301
8479,30524400,7.6,93,0,0,0,2,311
8480,30528000,7,94.4,0,0,0,1.5,267
8481,30531600,6.8,96.7,9.1,9.02701,0,0.8,206
8482,30535200,7.3,96.6,50.5,49.5011,0,1.2,271
8483,30538800,8,94.5,116.3,102.118,0,1,292
8484,30542400,8.6,91.2,140.2,115.844,0,1.1,331
8485,30546000,9.1,86.7,156.9,106.22,0,0.9,27
8486,30549600,9.1,84.2,156.1,55.2417,0,0.4,11
8487,30553200,8.8,84.1,87.3,19.0293,0,0.9,176
8488,30556800,7.1,88.9,12.6,12.6,0,1.1,96
8489,30560400,4.7,94.9,0,0,0,2.2,77
8490,30564000,5.3,97.2,0,0,0,2.4,101
8491,30567600,5.4,98.4,0,0,0,2.1,79
8492,30571200,5.5,98.8,0,0,0,2,85
8493,30574800,5.8,98.6,0,0,0,1.4,97
8494,30578400,5.9,98.3,0,0,0,2.3,86
8495,30582000,6.1,98.4,0,0,0,1.7,111
8496,30585600,6.4,98.8,0,0,0,2.6,85
8497,30589200,6.6,99.1,0,0,0,3,90
8498,30592800,7,98.7,0,0,0,2.6,102
8499,30596400,7.1,98.5,0,0,0,2.6,93
8500,30600000,7.2,98.5,0,0,0,3.1,93
8501,30603600,7.3,98.9,0,0,0,3,97
8502,30607200,7.4,99.2,0,0,0,3.4,104
8503,30610800,7.3,99.2,0,0,0,3.1,99
8504,30614400,7.1,98.9,0,0,0,3.8,99
8505,30618000,6.8,98.5,4.4,4.38271,0,4.6,91
8506,30621600,6.7,98.4,22.1,21.9082,0,5.2,98
8507,30625200,6.7,98.1,36.6,36.2132,0,4.5,109
8508,30628800,6.6,97.6,50.7,50.0246,0,4.3,100
8509,30632400,6.8,96.8,60.5,59.4695,0,4.7,109
8510,30636000,6.8,95.5,104.8,83.3589,0,3.5,95
8511,30639600,6.9,94.1,72.5,33.3005,0,4.6,100
8512,30643200,7,93.8,11.7,11.7,0,4.6,96
8513,30646800,7,94.5,0,0,0,4.9,99
8514,30650400,6.8,94.9,0,0,0,4.8,97
8515,30654000,6.8,95.6,0,0,0,4,93
8516,30657600,6.7,96.5,0,0,0,5,84
8517,30661200,6.1,97.4,0,0,0,4.6,81
8518,30664800,5.7,98.2,0,0,0,4.4,87
8519,30668400,5.4,98.2,0,0,0,4.7,86
8520,30672000,5.1,98.1,0,0,0,4.2,83
8521,30675600,5.1,97.3,0,0,0,4.8,103
8522,30679200,4.8,96.3,0,0,0,4.5,108
8523,30682800,4.8,96,0,0,0,4.3,105
8524,30686400,4.3,96.6,0,0,0,4.3,85
8525,30690000,3.9,97.5,0,0,0,4,92
8526,30693600,3.8,97.8,0,0,0,3.9,84
8527,30697200,3.5,97.8,0,0,0,4.2,83
8528,30700800,3.4,98.4,0,0,0,4.3,92
8529,30704400,3.5,98.3,5.6,5.57165,0,4.7,94
8530,30708000,3.6,97.6,25.7,25.4397,0,4.7,91
8531,30711600,3.6,97.3,31.4,31.1149,0,4.9,87
8532,30715200,3.3,96.8,36.5,36.15,0,4.6,89
8533,30718800,3.1,96.4,34.3,33.9693,0,4.8,88
8534,30722400,2.8,96.5,27,26.7329,0,4.2,90
8535,30726000,2.6,96.2,15.7,15.521,0,5,91
8536,30729600,2.3,96.2,1.9,1.9,0,4.3,82
8537,30733200,2.1,96.7,0,0,0,4.4,82
8538,30736800,2.1,96.8,0,0,0,4.4,91
8539,30740400,2,95.9,0,0,0,5.3,90
8540,30744000,1.7,95.5,0,0,0,5.9,69
8541,30747600,1.5,95.9,0,0,0,5.5,69
8542,30751200,1.6,96,0,0,0,5.3,82
8543,30754800,1.6,95.5,0,0,0,5.4,73
8544,30758400,1.4,95.3,0,0,0,5.3,73
8545,30762000,1.2,96,0,0,0,5.6,71
8546,30765600,1.3,96.5,0,0,0,5.2,76
8547,30769200,1.6,95.5,0,0,0,5.5,78
8548,30772800,1.7,94.7,0,0,0,5,70
8549,30776400,1.8,93,0,0,0,5.3,84
8550,30780000,2.1,89.5,0,0,0,5.1,81
8551,30783600,2.3,87,0,0,0,5.2,80
8552,30787200,2.3,85.2,0,0,0,5.1,72
8553,30790800,2.3,83.3,9,8.92602,0,5.5,72
8554,30794400,2.4,81.9,40,39.3677,0,5.8,70
8555,30798000,2.3,79.6,44.4,43.8296,0,5.8,71
8556,30801600,2.3,76.7,50.6,49.9279,0,5.4,70
8557,30805200,2.5,74,45.2,44.627,0,5.5,79
8558,30808800,2.7,70.7,40,39.4164,0,5.7,79
8559,30812400,3,68,25.9,25.4186,0,5.7,77
8560,30816000,3.2,66.5,2.1,2.1,0,5.8,82
8561,30819600,3.5,65.6,0,0,0,4.7,82
8562,30823200,3.7,63.6,0,0,0,5.4,78
8563,30826800,3.6,61.7,0,0,0,4.4,78
8564,30830400,2.5,64.3,0,0,0,3.2,68
8565,30834000,3.3,67.1,0,0,0,4.1,57
8566,30837600,2.8,71,0,0,0,4.4,49
8567,30841200,2.3,77,0,0,0,4.3,58
8568,30844800,1.6,80.7,0,0,0,4.3,43
8569,30848400,1.1,83.2,0,0,0,4.3,58
8570,30852000,0.8,84.1,0,0,0,5.8,63
8571,30855600,0.2,84.3,0,0,0,4.6,60
8572,30859200,-0.6,82.5,0,0,0,4.6,67
8573,30862800,-0.9,80.4,0,0,0,4.9,63
8574,30866400,-1.1,80.3,0,0,0,5,65
8575,30870000,-0.7,78.9,0,0,0,4.5,65
8576,30873600,-0.7,76.7,0,0,0,4.8,66
8577,30877200,-1,75.8,17.4,17.1211,0,5.3,59
8578,30880800,-1.5,76.2,85.5,74.6694,0,5.4,66
8579,30884400,-1.4,74.3,156.8,101.992,0,5.6,71
8580,30888000,-1.1,70.2,205.1,91.2373,0,5.4,78
8581,30891600,-1.2,68.3,210.3,68.6537,0,5.6,57
8582,30895200,-1.5,68.8,177.7,39.1276,0,5.2,50
8583,30898800,-2.2,70.1,102.4,16.896,0,5,61
8584,30902400,-3,71.9,15.3,15.3,0,5.5,61
8585,30906000,-3.3,73.9,0,0,0,5.2,61
8586,30909600,-3.7,74.7,0,0,0,4.9,69
8587,30913200,-3.9,74.9,0,0,0,4.2,71
8588,30916800,-3.9,74.4,0,0,0,5.5,79
8589,30920400,-4.4,74.6,0,0,0,4.8,82
8590,30924000,-5,77,0,0,0,4.5,81
8591,30927600,-5.3,79.8,0,0,0,4.5,80
8592,30931200,-5.8,81.8,0,0,0,4.3,80
8593,30934800,-6.1,84,0,0,0,4.2,74
8594,30938400,-6.4,85.2,0,0,0,4,74
8595,30942000,-6.7,86.1,0,0,0,3.2,91
8596,30945600,-6.5,87.1,0,0,0,3.5,92
8597,30949200,-6.8,86.9,0,0,0,3.8,85
8598,30952800,-7.3,87.5,0,0,0,4.3,82
8599,30956400,-7.4,88.8,0,0,0,3.7,76
8600,30960000,-7.5,89,0,0,0,3.4,72
8601,30963600,-7.7,88.9,16.7,16.4413,0,2.9,93
8602,30967200,-7.2,87.5,91.8,76.5247,0,3.6,86
8603,30970800,-6.2,82.6,174.1,92.2171,0,3.3,97
8604,30974400,-5.1,77.5,211.4,86.0553,0,3,89
8605,30978000,-4.4,73.7,215.7,64.393,0,3.1,74
8606,30981600,-3.7,71.2,180.1,38.3799,0,3.3,63
8607,30985200,-3.3,70.7,95.1,18.4846,0,2.2,81
8608,30988800,-4.1,72,13,13,0,2.6,61
8609,30992400,-4.6,75.4,0,0,0,2,108
8610,30996000,-4.9,76.6,0,0,0,2.2,92
8611,30999600,-4.9,77.3,0,0,0,2.7,81
8612,31003200,-5,79.2,0,0,0,2.3,73
8613,31006800,-5.3,81.3,0,0,0,2.2,94
8614,31010400,-5.6,83.8,0,0,0,1.8,82
8615,31014000,-5.9,85.5,0,0,0,2.3,74
8616,31017600,-6.2,86.9,0,0,0,2.2,75
8617,31021200,-6.3,86.8,0,0,0,1.8,105
8618,31024800,-6.7,86.3,0,0,0,1.1,113
8619,31028400,-7,87.3,0,0,0,1.3,94
8620,31032000,-6.5,87.9,0,0,0,1,111
8621,31035600,-6.2,87.7,0,0,0,1.2,189
8622,31039200,-6.3,87.7,0,0,0,0.8,196
8623,31042800,-6.8,88.3,0,0,0,0.8,168
8624,31046400,-6.4,88.6,0,0,0,1.1,196
8625,31050000,-6.6,88.3,14.4,14.2066,0,1.2,223
8626,31053600,-5.3,85.8,84.1,74.0399,0,1.6,291
8627,31057200,-3.7,81,163.4,99.1622,0,1.4,292
8628,31060800,-2.2,74.6,198.6,97.7638,0,1.6,278
8629,31064400,-0.7,66.4,201.2,79.2613,0,1.3,276
8630,31068000,-0.1,61.8,157.3,60.112,0,2,358
8631,31071600,0,66.9,57,44.6081,0,1.9,49
8632,31075200,-0.1,80.5,3.3,3.3,0,1.7,319
8633,31078800,0,90.9,0,0,0,1.4,277
8634,31082400,0,91.7,0,0,0,1.9,286
8635,31086000,-0.1,92,0,0,0,1.3,274
8636,31089600,0,94.3,0,0,0,2,288
8637,31093200,0,95.2,0,0,0,1.5,271
8638,31096800,-0.1,95.7,0,0,0,1.7,279
8639,31100400,-0.1,96.5,0,0,0,1.9,278
8640,31104000,-0.1,96.7,0,0,0,1.9,275
8641,31107600,0,97,0,0,0,1.7,280
8642,31111200,-0.1,97.2,0,0,0,2.1,286
8643,31114800,0,97,0,0,0,2.3,277
8644,31118400,0.1,96.9,0,0,0,2.3,280
8645,31122000,0.1,97,0,0,0,2.3,251
8646,31125600,0.1,97.3,0,0,0,2.3,263
8647,31129200,0.1,97.2,0,0,0,2.8,271
8648,31132800,0.2,97.4,0,0,0,3.3,280
8649,31136400,0.1,97.6,4.5,4.48105,0,4.1,260
8650,31140000,-0.2,97.5,31.8,31.399,0,4.1,285
8651,31143600,-0.2,97.6,54.7,53.837,0,3.9,249
8652,31147200,-0.3,97.9,49,48.3748,0,5.4,274
8653,31150800,-0.2,97.9,48.3,47.6549,0,4.9,275
8654,31154400,0.1,98.4,38.9,38.3616,0,5.1,264
8655,31158000,0.6,99.1,18.7,18.4632,0,5,290
8656,31161600,1,99.1,3.6,3.6,0,4.1,282
8657,31165200,1.9,98.8,0,0,0,4.3,280
8658,31168800,2.9,98.3,0,0,0,4.4,288
8659,31172400,3.8,98,0,0,0,4.7,284
8660,31176000,4.6,96.9,0,0,0,4.3,300
8661,31179600,4.6,95.8,0,0,0,4.2,307
8662,31183200,3.4,95.8,0,0,0,3.7,316
8663,31186800,2.4,96.1,0,0,0,3.4,305
8664,31190400,2.1,95,0,0,0,3.8,313
8665,31194000,1.3,93.4,0,0,0,3.8,301
8666,31197600,1.1,92.9,0,0,0,3.5,285
8667,31201200,0.6,92.5,0,0,0,3.5,291
8668,31204800,0.8,91.1,0,0,0,4.3,309
8669,31208400,0.5,89.9,0,0,0,4,308
8670,31212000,0.1,91.1,0,0,0,3.5,301
8671,31215600,-0.2,93.2,0,0,0,3.3,302
8672,31219200,-0.9,94.2,0,0,0,3,311
8673,31222800,-0.9,94.6,16,15.7601,0,2.7,296
8674,31226400,0.4,92.1,93.4,76.9022,0,3.3,317
8675,31230000,1.5,86.3,178.1,90.3469,0,3.3,310
8676,31233600,2.4,81.3,221.7,78.7565,0,3.7,303
8677,31237200,3.2,77.6,226.3,58.1432,0,3.4,293
8678,31240800,3.7,74.3,185,38.5333,0,4,291
8679,31244400,3.4,73.6,104.2,17.7077,0,3.8,280
8680,31248000,2.3,78.2,15.5,15.5,0,3,271
8681,31251600,1.2,85.1,0,0,0,3.2,270
8682,31255200,1.1,89.8,0,0,0,3.3,281
8683,31258800,0.9,91.2,0,0,0,3.3,266
8684,31262400,1.1,92.4,0,0,0,3.5,264
8685,31266000,1.2,94,0,0,0,3.6,258
8686,31269600,0.7,94.3,0,0,0,3.8,263
8687,31273200,0.2,94.2,0,0,0,4.1,246
8688,31276800,0.4,94.4,0,0,0,4.5,274
8689,31280400,1,95.2,0,0,0,4.2,266
8690,31284000,1.4,96,0,0,0,3.9,281
8691,31287600,2,96.2,0,0,0,4.7,271
8692,31291200,2.5,95.6,0,0,0,5.2,283
8693,31294800,2.8,94.9,0,0,0,5.1,271
8694,31298400,3,94.4,0,0,0,5.3,280
8695,31302000,3.1,93.5,0,0,0,4.6,280
8696,31305600,3.2,92.7,0,0,0,4.3,271
8697,31309200,2.9,92.5,10.3,10.2006,0,4.2,272
8698,31312800,3.2,92.3,53.9,52.6791,0,4,279
8699,31316400,3.6,91.1,92.5,88.0973,0,4.8,271
8700,31320000,4.1,89,123.8,111.22,0,4.8,278
8701,31323600,4.9,86.7,161.7,109.344,0,5.7,279
8702,31327200,4.8,85.6,89.3,81.0341,0,4.6,279
8703,31330800,4.5,87.8,24.7,24.3011,0,4.8,280
8704,31334400,4.4,91.3,3,3,0,4.4,286
8705,31338000,4.5,92.3,0,0,0,5.2,286
8706,31341600,4.5,91.2,0,0,0,4.9,286
8707,31345200,4.5,91,0,0,0,4.1,299
8708,31348800,4.2,91.6,0,0,0,4.4,309
8709,31352400,2.8,90.7,0,0,0,3.4,357
8710,31356000,2.9,88.1,0,0,0,3.8,329
8711,31359600,2.2,83.3,0,0,0,4.8,328
8712,31363200,1.5,75.9,0,0,0,3.9,337
8713,31366800,0.8,72.8,0,0,0,4.3,322
8714,31370400,0.4,74.5,0,0,0,4.7,305
8715,31374000,-0.1,75.2,0,0,0,4,294
8716,31377600,-0.5,75.6,0,0,0,3.9,284
8717,31381200,-0.1,73.4,0,0,0,4.7,299
8718,31384800,0.3,74.5,0,0,0,4.9,294
8719,31388400,0.2,79.8,0,0,0,5,303
8720,31392000,0.4,82.5,0,0,0,4.8,284
8721,31395600,0.2,83.4,17.7,17.4071,0,5.5,285
8722,31399200,0.5,82.7,93.6,77.2123,0,5.6,285
8723,31402800,1.2,79.2,162.8,101.315,0,6.2,300
8724,31406400,1.7,76,204.3,96.87,0,6.3,309
8725,31410000,2.2,72.4,207.1,79.2724,0,6.1,311
8726,31413600,2.5,68.3,152.2,71.3174,0,6.9,320
8727,31417200,2.6,66.1,70.6,46.0439,0,6.6,319
8728,31420800,2.2,64.9,4.6,4.6,0,6.4,314
8729,31424400,1.6,66.3,0,0,0,5.5,315
8730,31428000,1,71.4,0,0,0,5.7,310
8731,31431600,0.6,75.7,0,0,0,5.2,297
8732,31435200,0.3,77.9,0,0,0,4.6,288
8733,31438800,0.2,81.6,0,0,0,5.4,289
8734,31442400,-0.3,84.5,0,0,0,5.1,296
8735,31446000,-0.6,85.8,0,0,0,4.4,290
8736,31449600,-0.9,85.9,0,0,0,4.6,287
8737,31453200,-1.2,83.3,0,0,0,4.3,279
8738,31456800,-1.1,80.3,0,0,0,4.5,272
8739,31460400,-1.3,78.7,0,0,0,4.2,281
8740,31464000,-1.9,78.3,0,0,0,3.6,270
8741,31467600,-1.9,78.1,0,0,0,3.3,271
8742,31471200,-2,77.4,0,0,0,3.3,248
8743,31474800,-1.2,76.8,0,0,0,3.3,254
8744,31478400,-0.3,79.1,0,0,0,3.9,254
8745,31482000,-0.2,87.5,8.3,8.23583,0,3.7,247
8746,31485600,0.3,94.6,20.1,19.9412,0,3.4,241
8747,31489200,0.9,96,56.6,55.6874,0,3.9,248
8748,31492800,1.3,96.5,63.6,62.5638,0,4.5,268
8749,31496400,2,96.8,55,54.1822,0,5,275
8750,31500000,2.6,96,50.6,49.72,0,5.6,279
8751,31503600,3.1,95.2,43.1,40.8639,0,5.7,289
8752,31507200,3.4,95.3,8.7,8.7,0,5,296
8753,31510800,3.4,94.8,0,0,0,4.1,287
8754,31514400,3.3,94.6,0,0,0,3.8,279
8755,31518000,3.3,94.2,0,0,0,3.2,271
8756,31521600,3.4,95.1,0,0,0,2.9,276
8757,31525200,3.4,96.5,0,0,0,3.1,272
8758,31528800,3.5,95.9,0,0,0,3.4,256
8759,31532400,3.8,95.7,0,0,0,4.1,252
0,0,4.1,95.9,0,0,0,4.2,259
