    0    2.70   81.40  215.00    5.30    0.00    0.00
    1    2.90   81.00  214.00    6.40    0.00    0.00
    2    2.70   80.20  215.00    6.20    0.00    0.00
    3    3.10   79.50  217.00    5.70    0.00    0.00
    4    3.40   78.50  223.00    6.40    0.00    0.00
    5    3.80   78.20  223.00    6.70    0.00    0.00
    6    4.20   78.20  213.00    6.40    0.00    0.00
    7    4.60   77.70  214.00    6.40    0.00    0.00
    8    4.80   77.10  221.00    7.00    0.76    7.45
    9    5.40   76.90  224.00    6.60    7.48   53.08
   10    6.20   75.90  222.00    7.20   19.85   89.24
   11    6.60   74.20  222.00    7.80    5.78   73.95
   12    7.10   72.50  224.00    8.40    7.65   77.88
   13    7.10   71.20  217.00    7.60    4.71   50.12
   14    7.10   70.30  224.00    7.20    1.31   14.76
   15    7.20   68.60  220.00    7.20    0.00    3.60
   16    7.20   66.30  219.00    7.60    0.00    0.00
   17    7.10   64.50  222.00    8.80    0.00    0.00
   18    7.20   64.10  232.00    8.70    0.00    0.00
   19    7.20   65.50  229.00    8.30    0.00    0.00
   20    7.70   67.00  224.00    8.90    0.00    0.00
   21    8.00   65.80  228.00    8.70    0.00    0.00
   22    8.10   63.60  222.00    8.80    0.00    0.00
   23    8.30   64.20  224.00    8.00    0.00    0.00
   24    8.50   67.10  230.00    8.10    0.00    0.00
   25    8.10   71.10  232.00    7.70    0.00    0.00
   26    7.70   75.30  241.00    7.20    0.00    0.00
   27    6.30   83.80  254.00    5.90    0.00    0.00
   28    6.30   91.20  242.00    5.40    0.00    0.00
   29    6.60   88.60  250.00    6.50    0.00    0.00
   30    5.50   83.40  261.00    8.90    0.00    0.00
   31    3.90   79.30  286.00    6.40    0.00    0.00
   32    3.30   79.20  284.00    5.70    4.14   17.41
   33    3.40   81.20  273.00    4.90   33.77   70.27
   34    3.90   81.60  262.00    5.20   32.99   96.65
   35    3.90   81.20  263.00    5.20  240.08  117.30
   36    4.70   79.70  259.00    5.50  435.72   93.57
   37    4.80   77.20  268.00    4.80  109.88   90.97
   38    4.90   76.30  267.00    4.50   12.00   38.53
   39    4.70   76.20  267.00    4.20    0.00    3.70
   40    4.00   77.50  286.00    3.40    0.00    0.00
   41    3.90   78.40  274.00    3.70    0.00    0.00
   42    3.90   78.70  263.00    3.60    0.00    0.00
   43    3.70   80.90  260.00    4.30    0.00    0.00
   44    3.10   82.40  265.00    4.50    0.00    0.00
   45    2.90   83.20  264.00    4.90    0.00    0.00
   46    2.50   84.60  268.00    5.20    0.00    0.00
   47    2.90   85.20  267.00    5.00    0.00    0.00
   48    3.00   85.00  267.00    5.70    0.00    0.00
   49    3.10   84.40  266.00    5.00    0.00    0.00
   50    3.00   82.50  270.00    5.20    0.00    0.00
   51    2.80   81.10  259.00    5.40    0.00    0.00
   52    2.80   81.10  270.00    5.20    0.00    0.00
   53    2.90   79.30  262.00    5.50    0.00    0.00
   54    3.00   78.20  254.00    5.80    0.00    0.00
   55    2.50   81.10  253.00    5.30    0.00    0.00
   56    2.60   83.00  259.00    6.30    0.26    4.48
   57    2.70   81.10  251.00    6.50   10.88   58.71
   58    3.00   77.70  257.00    7.50    7.71   74.65
   59    3.30   74.00  251.00    8.00    3.94   62.00
   60    3.40   70.70  251.00    8.30    4.51   63.11
   61    3.80   67.60  257.00    8.90    5.03   52.94
   62    1.10   78.30  263.00    8.40    1.64   17.22
   63    1.00   91.80  272.00    7.10    0.00    4.10
   64    0.70   88.90  281.00    7.60    0.00    0.00
   65    0.70   84.50  282.00    7.00    0.00    0.00
   66    0.00   81.20  272.00    6.20    0.00    0.00
   67   -0.30   81.50  270.00    5.80    0.00    0.00
   68   -0.20   84.70  272.00    6.30    0.00    0.00
   69   -0.40   86.30  262.00    6.00    0.00    0.00
   70   -0.40   86.70  270.00    6.40    0.00    0.00
   71   -0.30   86.90  273.00    6.70    0.00    0.00
   72    0.00   85.20  291.00    7.20    0.00    0.00
   73    0.30   82.40  280.00    6.00    0.00    0.00
   74    0.20   82.00  282.00    5.70    0.00    0.00
   75    0.40   82.10  291.00    5.60    0.00    0.00
   76    0.30   80.60  285.00    5.20    0.00    0.00
   77    0.20   80.60  289.00    4.80    0.00    0.00
   78    0.20   80.70  267.00    4.60    0.00    0.00
   79   -0.10   80.70  283.00    3.90    0.00    0.00
   80    0.20   81.50  285.00    3.40    0.46    5.97
   81    0.10   83.10  280.00    3.90    3.56   38.61
   82    0.10   84.70  268.00    3.60    6.01   68.83
   83    0.00   85.00  249.00    3.70    6.18   77.73
   84    0.30   84.40  236.00    3.10   55.29  110.76
   85    0.60   83.80  217.00    2.70   99.28   92.65
   86    0.80   82.90  212.00    2.80   57.00   50.59
   87    0.90   82.30  196.00    2.30    0.00   21.60
   88    0.80   82.20  201.00    2.80    0.00    0.00
   89    0.80   82.50  199.00    3.00    0.00    0.00
   90    0.90   83.50  200.00    3.20    0.00    0.00
   91    0.90   84.30  200.00    2.90    0.00    0.00
   92    0.90   84.50  209.00    2.50    0.00    0.00
   93    0.60   84.00  217.00    2.90    0.00    0.00
   94    0.20   84.20  197.00    2.80    0.00    0.00
   95    0.10   84.90  199.00    2.40    0.00    0.00
   96    0.20   86.30  197.00    2.30    0.00    0.00
   97    0.10   87.60  187.00    2.20    0.00    0.00
   98   -0.30   87.90  169.00    1.90    0.00    0.00
   99   -1.20   88.70  152.00    1.90    0.00    0.00
  100   -1.70   90.00  145.00    1.90    0.00    0.00
  101   -1.80   90.80  130.00    2.10    0.00    0.00
  102   -1.70   90.70  141.00    2.70    0.00    0.00
  103   -1.70   90.50  142.00    2.90    0.00    0.00
  104   -1.60   89.30  142.00    2.80    0.42    5.77
  105   -1.10   87.00  109.00    2.50    3.04   35.99
  106   -0.70   84.10  123.00    3.30   13.25   85.25
  107    0.10   80.90  134.00    3.40    5.80   76.01
  108    0.20   78.00  127.00    4.30    1.47   36.94
  109    0.70   75.10  127.00    4.60    1.66   31.37
  110    0.90   72.70  127.00    4.70    1.47   17.03
  111    0.40   76.30  126.00    5.00    0.00    1.90
  112   -0.40   85.90  117.00    4.80    0.00    0.00
  113   -0.20   92.30  117.00    5.20    0.00    0.00
  114   -0.10   93.80  121.00    5.80    0.00    0.00
  115    0.30   94.10  128.00    5.60    0.00    0.00
  116    0.60   94.60  126.00    5.30    0.00    0.00
  117    0.90   95.80  120.00    4.50    0.00    0.00
  118    1.00   96.70  134.00    4.30    0.00    0.00
  119    1.20   97.10  150.00    4.00    0.00    0.00
  120    1.70   97.60  155.00    3.10    0.00    0.00
  121    2.60   98.30  173.00    2.90    0.00    0.00
  122    3.50   98.60  179.00    2.50    0.00    0.00
  123    4.60   98.70  178.00    2.50    0.00    0.00
  124    6.40   98.10  194.00    3.30    0.00    0.00
  125    6.90   97.50  191.00    3.40    0.00    0.00
  126    7.60   96.40  194.00    3.90    0.00    0.00
  127    8.10   94.20  203.00    3.30    0.00    0.00
  128    8.30   93.10  194.00    3.70    0.46    6.17
  129    8.60   92.20  202.00    3.30    1.04   21.33
  130    9.60   87.70  205.00    4.80    4.15   58.24
  131    9.70   82.40  193.00    3.60    3.04   55.71
  132   10.10   78.00  191.00    4.90    1.45   37.04
  133   10.10   75.00  200.00    4.80    1.58   30.99
  134   10.00   75.30  165.00    3.80    2.19   21.25
  135   11.50   70.80  186.00    4.70    0.00    6.50
  136   11.00   66.80  175.00    4.10    0.00    0.00
  137    9.60   70.30  155.00    4.10    0.00    0.00
  138   10.50   71.20  165.00    3.90    0.00    0.00
  139   11.60   66.30  177.00    4.70    0.00    0.00
  140   12.90   62.90  216.00    7.40    0.00    0.00
  141   12.40   63.60  233.00    6.10    0.00    0.00
  142   11.50   62.40  258.00    6.40    0.00    0.00
  143   10.30   62.60  223.00    4.60    0.00    0.00
  144    9.90   61.80  231.00    5.30    0.00    0.00
  145    9.20   60.00  220.00    5.10    0.00    0.00
  146    8.30   64.40  211.00    3.30    0.00    0.00
  147    8.30   67.90  212.00    4.20    0.00    0.00
  148    8.30   66.40  208.00    5.10    0.00    0.00
  149    8.20   65.10  212.00    5.50    0.00    0.00
  150    7.80   65.40  204.00    4.10    0.00    0.00
  151    7.80   63.90  200.00    4.90    0.00    0.00
  152    7.40   64.20  208.00    4.90    5.63   21.58
  153    7.70   65.00  217.00    6.40   83.82   80.27
  154    7.80   63.90  230.00    6.10    7.14   75.03
  155    8.60   59.40  232.00    6.30   44.23  115.86
  156    7.80   56.10  243.00    6.80    6.23   76.44
  157    7.60   57.00  230.00    6.80    0.95   24.41
  158    7.60   57.60  231.00    5.90    3.20   26.22
  159    7.10   58.60  212.00    5.30    0.00   13.30
  160    7.10   59.80  223.00    6.00    0.00    0.00
  161    5.90   66.50  221.00    4.80    0.00    0.00
  162    3.10   81.20  260.00    6.40    0.00    0.00
  163    3.00   88.70  236.00    5.40    0.00    0.00
  164    2.50   87.00  221.00    4.50    0.00    0.00
  165    2.80   86.30  205.00    3.60    0.00    0.00
  166    3.00   86.00  227.00    5.70    0.00    0.00
  167    2.30   88.00  222.00    4.90    0.00    0.00
  168    1.80   91.00  215.00    5.10    0.00    0.00
  169    1.70   92.10  224.00    4.40    0.00    0.00
  170    1.80   92.40  217.00    4.00    0.00    0.00
  171    1.10   92.60  199.00    3.40    0.00    0.00
  172    1.90   91.90  210.00    4.40    0.00    0.00
  173    2.10   90.40  224.00    4.60    0.00    0.00
  174    1.90   89.20  229.00    4.70    0.00    0.00
  175    1.50   88.90  221.00    4.60    0.00    0.00
  176    1.30   89.10  229.00    4.60    2.43   14.52
  177    2.20   86.50  220.00    4.80   89.86   81.40
  178    3.10   82.00  222.00    4.80  451.86   90.33
  179    4.20   77.50  245.00    5.40  284.94  118.96
  180    4.40   72.70  247.00    5.90   11.90   91.60
  181    4.40   70.10  254.00    6.00    4.23   51.74
  182    4.30   69.00  233.00    4.80  116.98   58.40
  183    3.60   69.60  218.00    4.20    0.00   29.50
  184    2.90   71.20  232.00    4.70    0.00    0.00
  185    2.00   73.50  219.00    3.80    0.00    0.00
  186    1.50   77.50  211.00    3.10    0.00    0.00
  187    1.10   81.90  201.00    3.40    0.00    0.00
  188    0.60   85.20  192.00    2.80    0.00    0.00
  189    0.30   86.80  159.00    1.90    0.00    0.00
  190    0.90   88.00  147.00    2.40    0.00    0.00
  191    0.50   87.90  130.00    2.90    0.00    0.00
  192    1.60   85.70  124.00    2.40    0.00    0.00
  193    1.90   83.90  130.00    2.60    0.00    0.00
  194    1.60   88.00  109.00    1.90    0.00    0.00
  195    1.40   93.90   71.00    2.10    0.00    0.00
  196    1.50   95.80   87.00    2.40    0.00    0.00
  197    1.70   95.40  100.00    2.80    0.00    0.00
  198    1.60   95.50   83.00    3.20    0.00    0.00
  199    1.70   96.00   95.00    2.70    0.00    0.00
  200    1.40   95.80   18.00    1.30    0.30    5.28
  201    1.50   96.10  319.00    1.80    5.70   50.81
  202    1.60   95.60    4.00    2.70    6.58   74.24
  203    1.60   94.30   45.00    2.70    1.84   44.61
  204    1.80   93.70   81.00    2.50    1.51   38.82
  205    1.70   94.50   62.00    3.10    1.77   34.13
  206    1.60   94.80   31.00    3.10    2.47   24.19
  207    1.10   95.00   19.00    3.40    0.00   11.60
  208    1.00   95.30  351.00    4.20    0.00    0.00
  209    0.90   95.20  339.00    5.40    0.00    0.00
  210    1.30   94.30  329.00    6.50    0.00    0.00
  211    1.10   94.30  325.00    6.30    0.00    0.00
  212    1.10   94.20  311.00    6.70    0.00    0.00
  213    1.30   93.00  300.00    5.70    0.00    0.00
  214    1.20   93.50  280.00    5.20    0.00    0.00
  215    1.20   94.30  281.00    5.80    0.00    0.00
  216    1.50   94.70  274.00    6.00    0.00    0.00
  217    1.60   94.70  280.00    6.30    0.00    0.00
  218    1.70   94.20  273.00    6.70    0.00    0.00
  219    1.80   93.70  272.00    6.30    0.00    0.00
  220    1.90   93.00  281.00    6.60    0.00    0.00
  221    1.80   92.20  272.00    6.60    0.00    0.00
  222    1.90   91.70  271.00    5.30    0.00    0.00
  223    1.80   91.60  243.00    5.10    0.00    0.00
  224    1.90   90.70  250.00    4.70    1.33   11.20
  225    1.70   91.30  242.00    5.20    5.12   48.70
  226    1.50   93.10  251.00    4.90    1.83   40.16
  227    1.30   93.90  250.00    4.60    1.49   40.60
  228    1.10   95.30  254.00    4.30    3.56   59.98
  229    1.40   96.00  261.00    4.70    2.78   43.22
  230    1.10   96.10  265.00    4.40    2.57   25.27
  231    1.10   96.30  277.00    4.70    0.00    4.60
  232    1.10   96.30  272.00    4.60    0.00    0.00
  233    1.80   95.60  286.00    5.40    0.00    0.00
  234    1.70   94.90  281.00    4.30    0.00    0.00
  235    2.00   94.30  286.00    5.10    0.00    0.00
  236    1.80   93.10  282.00    4.80    0.00    0.00
  237    1.50   92.90  271.00    5.00    0.00    0.00
  238    1.60   91.80  282.00    6.20    0.00    0.00
  239    1.40   91.00  278.00    5.20    0.00    0.00
  240    1.20   90.70  283.00    5.40    0.00    0.00
  241    1.00   89.70  292.00    5.70    0.00    0.00
  242    1.00   89.00  288.00    6.10    0.00    0.00
  243    0.90   88.10  287.00    5.60    0.00    0.00
  244    1.00   86.50  289.00    6.40    0.00    0.00
  245    0.90   85.80  291.00    7.10    0.00    0.00
  246    0.60   87.20  280.00    6.90    0.00    0.00
  247    0.60   84.60  290.00    7.70    0.00    0.00
  248    0.40   80.90  281.00    7.60    0.72    8.44
  249    0.20   80.50  290.00    8.20   15.54   67.45
  250    0.50   79.50  288.00    8.50   38.97  105.77
  251    0.70   78.40  288.00    8.60   29.15  113.72
  252    0.60   77.90  289.00    8.70    3.39   59.22
  253    0.90   76.30  290.00    9.50    6.23   65.08
  254    1.10   74.70  290.00    8.20   60.99   60.04
  255    1.30   74.10  298.00    9.10    0.00   10.40
  256    1.40   73.50  298.00    8.30    0.00    0.00
  257    1.30   74.60  299.00    8.40    0.00    0.00
  258    0.90   78.70  299.00    7.60    0.00    0.00
  259    0.90   82.70  298.00    6.70    0.00    0.00
  260    0.80   85.20  291.00    5.50    0.00    0.00
  261    1.10   84.70  291.00    5.20    0.00    0.00
  262    1.80   78.60  317.00    7.20    0.00    0.00
  263    1.70   74.80  319.00    6.30    0.00    0.00
  264    1.70   75.50  316.00    5.90    0.00    0.00
  265    1.50   76.90  317.00    5.10    0.00    0.00
  266    1.60   77.60  316.00    5.60    0.00    0.00
  267    1.40   77.70  317.00    5.30    0.00    0.00
  268    1.30   78.00  326.00    5.30    0.00    0.00
  269    1.10   77.90  321.00    6.20    0.00    0.00
  270    1.00   76.70  318.00    5.40    0.00    0.00
  271    0.70   76.20  317.00    5.70    0.00    0.00
  272    0.40   76.70  318.00    5.70    0.99   10.12
  273    0.50   75.70  330.00    4.90    5.13   49.88
  274    0.90   73.70  322.00    4.80   57.38  111.68
  275    1.50   71.80  307.00    4.20  331.99  118.76
  276    1.80   70.80  316.00    5.30  242.05  122.56
  277    2.00   71.50  314.00    4.10   74.00  101.03
  278    2.10   73.50  312.00    4.30    7.96   44.34
  279    1.70   74.00  323.00    4.10    0.00   20.10
  280    1.90   74.10  325.00    3.50    0.00    0.00
  281    1.70   74.10  331.00    3.90    0.00    0.00
  282    1.70   72.50  349.00    3.90    0.00    0.00
  283    1.10   72.60   21.00    3.70    0.00    0.00
  284    0.60   73.70   39.00    3.90    0.00    0.00
  285    0.20   73.80    8.00    2.40    0.00    0.00
  286   -0.10   73.70    3.00    1.90    0.00    0.00
  287   -0.20   73.90   15.00    2.10    0.00    0.00
  288   -0.20   74.40  340.00    0.90    0.00    0.00
  289   -0.20   74.20   84.00    1.70    0.00    0.00
  290   -0.20   74.20  214.00    1.00    0.00    0.00
  291   -1.00   76.60  220.00    1.50    0.00    0.00
  292   -1.90   80.90  240.00    1.60    0.00    0.00
  293   -2.40   84.20  271.00    2.20    0.00    0.00
  294   -3.10   86.50  260.00    1.40    0.00    0.00
  295   -3.40   88.80  299.00    1.30    0.00    0.00
  296   -3.10   89.10  277.00    1.50    4.25   21.24
  297   -1.20   86.10  260.00    2.10  127.44   87.30
  298   -0.20   80.20  264.00    3.00  487.15   90.58
  299    0.50   74.50  231.00    3.30  626.66   82.56
  300    0.80   71.30  218.00    5.10  705.09   69.61
  301    1.40   68.90  232.00    4.50  816.43   46.40
  302    1.30   67.90  224.00    3.60  552.51   45.99
  303    1.10   69.20  250.00    3.50    0.00   37.10
  304    0.40   73.10  273.00    2.70    0.00    0.00
  305    0.50   76.10  207.00    2.50    0.00    0.00
  306    0.50   76.70  220.00    2.60    0.00    0.00
  307    0.40   77.70  207.00    2.20    0.00    0.00
  308    0.50   78.80  217.00    2.70    0.00    0.00
  309    0.20   79.70  213.00    3.00    0.00    0.00
  310    0.00   80.60  204.00    3.00    0.00    0.00
  311   -0.20   81.40  221.00    3.00    0.00    0.00
  312   -0.90   82.50  234.00    3.10    0.00    0.00
  313   -1.10   83.90  223.00    2.80    0.00    0.00
  314   -1.80   85.10  264.00    2.30    0.00    0.00
  315   -1.40   85.90  201.00    2.40    0.00    0.00
  316   -1.00   84.00  214.00    3.00    0.00    0.00
  317   -1.30   82.20  233.00    3.00    0.00    0.00
  318   -1.10   82.20  221.00    3.20    0.00    0.00
  319   -1.30   81.90  237.00    3.10    0.00    0.00
  320   -1.10   81.10  236.00    2.90    1.68   13.76
  321   -0.40   77.50  226.00    3.80    5.99   55.20
  322    0.00   73.50  235.00    3.90   14.83   94.30
  323    1.00   68.60  236.00    3.50   17.44  108.34
  324    1.80   63.40  231.00    3.60    7.37   87.41
  325    2.40   60.10  244.00    3.30    3.68   52.58
  326    2.70   57.60  236.00    3.40    2.00   24.62
  327    2.80   57.90  232.00    3.50    0.00    9.20
  328    3.10   59.60  245.00    3.40    0.00    0.00
  329    2.90   66.30  285.00    6.00    0.00    0.00
  330    1.80   82.80  262.00    4.30    0.00    0.00
  331    2.10   93.90  263.00    4.50    0.00    0.00
  332    2.40   94.90  269.00    4.60    0.00    0.00
  333    2.50   96.20  275.00    5.10    0.00    0.00
  334    2.60   96.90  278.00    4.40    0.00    0.00
  335    2.70   97.50  263.00    4.70    0.00    0.00
  336    2.90   98.10  280.00    4.60    0.00    0.00
  337    3.10   98.50  297.00    4.60    0.00    0.00
  338    3.40   98.50  281.00    4.40    0.00    0.00
  339    3.60   98.40  275.00    4.00    0.00    0.00
  340    4.10   97.90  285.00    4.40    0.00    0.00
  341    4.50   97.30  294.00    4.00    0.00    0.00
  342    4.70   97.10  301.00    3.70    0.00    0.00
  343    4.90   96.90  290.00    3.10    0.00    0.00
  344    5.10   96.30  304.00    3.50    1.55   13.56
  345    5.60   95.50  311.00    3.10    5.69   54.54
  346    5.80   94.70  315.00    3.60    3.31   56.66
  347    5.90   93.40  319.00    4.00    3.13   61.62
  348    6.10   91.70  308.00    4.00    3.45   62.56
  349    6.10   90.00  328.00    3.60    2.68   45.70
  350    6.10   88.50  343.00    3.20    2.69   29.21
  351    6.00   88.10  320.00    2.80    0.00    9.00
  352    5.70   88.90  348.00    2.10    0.00    0.00
  353    5.60   88.70  340.00    2.40    0.00    0.00
  354    5.40   88.60  347.00    2.00    0.00    0.00
  355    5.40   89.50  322.00    1.90    0.00    0.00
  356    5.10   90.40  297.00    2.30    0.00    0.00
  357    4.80   91.70  273.00    2.60    0.00    0.00
  358    4.60   92.90  334.00    2.10    0.00    0.00
  359    4.50   93.70  293.00    1.50    0.00    0.00
  360    4.40   93.70  309.00    1.80    0.00    0.00
  361    4.30   93.50  282.00    2.20    0.00    0.00
  362    4.30   94.00  285.00    1.70    0.00    0.00
  363    4.20   93.90  279.00    2.40    0.00    0.00
  364    4.00   93.30  267.00    2.90    0.00    0.00
  365    3.90   93.40  258.00    2.60    0.00    0.00
  366    3.50   93.70  271.00    3.20    0.00    0.00
  367    3.30   94.50  253.00    3.10    0.00    0.00
  368    3.30   95.30  252.00    3.90    0.62    8.84
  369    3.40   95.20  254.00    3.60    3.07   40.82
  370    3.10   95.30  264.00    3.80    2.19   46.74
  371    3.10   94.40  257.00    4.10    2.19   52.18
  372    3.40   93.50  253.00    3.60    2.02   48.54
  373    3.60   92.80  250.00    3.20    1.62   36.13
  374    3.40   90.70  247.00    3.80    2.01   25.90
  375    3.30   89.70  251.00    3.70    0.00    7.60
  376    3.30   89.50  227.00    3.10    0.00    0.00
  377    3.40   88.70  231.00    3.50    0.00    0.00
  378    3.40   88.90  223.00    3.90    0.00    0.00
  379    3.20   89.40  226.00    3.90    0.00    0.00
  380    3.00   89.90  225.00    3.60    0.00    0.00
  381    2.90   90.40  235.00    3.40    0.00    0.00
  382    2.70   90.80  242.00    2.90    0.00    0.00
  383    2.40   91.50  244.00    3.10    0.00    0.00
  384    2.30   93.40  233.00    3.10    0.00    0.00
  385    2.00   95.50  217.00    3.30    0.00    0.00
  386    1.80   96.70  228.00    2.90    0.00    0.00
  387    1.40   97.90  230.00    3.10    0.00    0.00
  388    1.20   98.90  244.00    3.10    0.00    0.00
  389    1.10   99.30  232.00    2.00    0.00    0.00
  390    0.90   99.50  233.00    2.50    0.00    0.00
  391    0.70   99.70  231.00    2.70    0.00    0.00
  392    0.70   99.80  240.00    2.40    0.87   10.72
  393    0.60   99.90  237.00    3.10    4.03   47.33
  394    0.80   99.90  250.00    2.40    4.21   65.21
  395    0.90   99.90  235.00    2.00    4.40   74.43
  396    1.40   98.10  260.00    2.00    7.58   91.38
  397    1.40   95.40  233.00    2.20   40.23  102.14
  398    1.50   93.90  205.00    2.20  103.27   72.29
  399    1.30   93.90  227.00    2.60    0.00   27.40
  400    0.90   94.80  210.00    2.60    0.00    0.00
  401    0.80   96.70  226.00    2.60    0.00    0.00
  402    0.50   98.60  219.00    1.90    0.00    0.00
  403    0.40   98.70  308.00    2.20    0.00    0.00
  404    0.20   98.40  236.00    1.70    0.00    0.00
  405    0.10   98.60  255.00    2.00    0.00    0.00
  406   -0.20   98.80  244.00    2.50    0.00    0.00
  407   -0.50   98.60  212.00    2.30    0.00    0.00
  408   -0.80   98.90  269.00    1.80    0.00    0.00
  409   -1.00   99.00   72.00    1.00    0.00    0.00
  410   -1.10   98.60  304.00    2.30    0.00    0.00
  411   -1.10   98.40  254.00    2.20    0.00    0.00
  412   -1.40   98.40  268.00    2.40    0.00    0.00
  413   -1.50   98.40  287.00    1.40    0.00    0.00
  414   -1.70   98.30  233.00    1.30    0.00    0.00
  415   -1.80   98.50  211.00    1.10    0.00    0.00
  416   -1.90   98.70  211.00    1.50    1.63   15.05
  417   -1.90   98.70  234.00    1.30    8.56   65.54
  418   -2.00   98.60  180.00    1.30   12.33   95.38
  419   -1.30   98.60  257.00    1.20   37.28  126.63
  420   -1.00   98.70   47.00    1.20   41.82  124.76
  421   -0.60   98.50  111.00    1.70   15.74   90.28
  422   -0.50   98.20  122.00    1.30   19.95   61.51
  423   -0.70   98.60   76.00    1.30    0.00   24.10
  424   -0.80   99.20   65.00    1.20    0.00    0.00
  425   -0.90   99.20   84.00    0.90    0.00    0.00
  426   -1.00   98.90   36.00    0.70    0.00    0.00
  427   -1.00   98.40   54.00    0.50    0.00    0.00
  428   -0.90   98.20   71.00    1.50    0.00    0.00
  429   -1.10   98.20   89.00    1.50    0.00    0.00
  430   -1.60   97.90   80.00    1.10    0.00    0.00
  431   -1.80   97.40   79.00    1.20    0.00    0.00
  432   -2.10   96.90   69.00    1.50    0.00    0.00
  433   -2.30   96.50   92.00    1.60    0.00    0.00
  434   -2.40   96.50   79.00    1.60    0.00    0.00
  435   -2.40   96.50   71.00    1.70    0.00    0.00
  436   -2.40   96.60   67.00    2.00    0.00    0.00
  437   -2.30   97.00   87.00    1.60    0.00    0.00
  438   -2.50   96.50  105.00    1.40    0.00    0.00
  439   -2.50   95.90   93.00    1.20    0.00    0.00
  440   -2.70   95.00   83.00    1.60    4.52   25.56
  441   -1.60   94.10   83.00    2.10  120.09   94.73
  442   -0.40   93.10  109.00    2.40  396.48  107.80
  443    1.80   88.10  102.00    2.30  527.89  102.34
  444    4.70   79.90   98.00    2.60  700.46   75.41
  445    6.30   73.40  102.00    2.60  719.82   60.99
  446    6.90   69.70   92.00    3.00  728.76   39.64
  447    6.20   70.50   94.00    2.90    0.00   63.80
  448    4.70   77.20   74.00    2.70    0.00    0.00
  449    3.60   84.10   89.00    2.70    0.00    0.00
  450    3.20   86.90   94.00    3.20    0.00    0.00
  451    2.80   87.70  102.00    2.70    0.00    0.00
  452    2.60   88.00   91.00    2.70    0.00    0.00
  453    2.50   88.50   85.00    3.00    0.00    0.00
  454    2.40   89.20   92.00    2.60    0.00    0.00
  455    2.30   89.30  102.00    2.20    0.00    0.00
  456    2.40   90.30   92.00    2.70    0.00    0.00
  457    2.00   91.70   95.00    1.50    0.00    0.00
  458    1.80   93.10  100.00    1.90    0.00    0.00
  459    1.90   94.00  112.00    2.20    0.00    0.00
  460    2.10   93.90  110.00    2.80    0.00    0.00
  461    2.60   91.90  108.00    3.20    0.00    0.00
  462    2.40   90.30  124.00    2.10    0.00    0.00
  463    1.50   91.90  104.00    2.10    0.00    0.00
  464    1.60   92.40  109.00    2.00    5.21   28.18
  465    3.00   90.90  103.00    2.00  125.09   96.27
  466    5.20   82.80  132.00    2.30  386.37  110.29
  467    6.00   74.60  132.00    2.30  516.43  105.18
  468    6.80   70.70  136.00    2.40  676.20   79.74
  469    7.10   68.10  137.00    2.70  552.47   81.77
  470    7.30   67.90  150.00    2.50  412.07   65.19
  471    7.70   67.00  168.00    2.50    0.00   33.00
  472    6.50   68.70  223.00    2.20    0.00    0.00
  473    5.70   73.70  230.00    2.60    0.00    0.00
  474    4.60   78.70  246.00    2.20    0.00    0.00
  475    3.20   84.30  281.00    2.40    0.00    0.00
  476    1.80   88.70  288.00    2.30    0.00    0.00
  477    1.40   92.10  283.00    2.60    0.00    0.00
  478    1.00   94.30  295.00    2.50    0.00    0.00
  479    1.20   95.70  288.00    2.70    0.00    0.00
  480    1.20   96.60  286.00    3.30    0.00    0.00
  481    0.90   96.40  272.00    4.00    0.00    0.00
  482    0.80   95.80  286.00    3.10    0.00    0.00
  483    0.70   95.10  274.00    3.00    0.00    0.00
  484    0.60   94.50  270.00    3.10    0.00    0.00
  485    0.30   92.70  255.00    3.20    0.00    0.00
  486   -0.10   90.90  298.00    3.30    0.00    0.00
  487   -0.50   90.70  289.00    2.40    0.00    0.00
  488   -0.70   90.80  266.00    2.50    2.76   21.21
  489   -0.90   90.30  250.00    2.20    4.79   54.73
  490   -0.80   90.30  266.00    1.50    6.98   86.41
  491   -0.70   90.10  240.00    1.40    4.06   74.97
  492   -0.50   89.30  234.00    1.30    1.98   51.32
  493   -0.60   89.20  196.00    1.80    2.37   47.21
  494   -0.50   89.50  158.00    2.10    4.07   41.42
  495   -0.60   90.70  152.00    2.40    5.79   17.78
  496   -0.80   92.20  182.00    2.50    0.00    0.00
  497   -0.50   93.30  176.00    2.40    0.00    0.00
  498   -0.60   93.60  167.00    2.80    0.00    0.00
  499   -0.70   93.90  181.00    2.10    0.00    0.00
  500   -0.70   94.30  204.00    2.10    0.00    0.00
  501   -1.00   95.00  185.00    2.20    0.00    0.00
  502   -1.30   96.10  168.00    2.60    0.00    0.00
  503   -1.40   96.50  170.00    2.10    0.00    0.00
  504   -1.60   97.30  178.00    1.40    0.00    0.00
  505   -1.60   97.90  149.00    1.30    0.00    0.00
  506   -1.60   98.30  114.00    1.20    0.00    0.00
  507   -1.90   97.80  146.00    1.70    0.00    0.00
  508   -1.80   97.70  106.00    1.90    0.00    0.00
  509   -1.70   98.00  113.00    2.20    0.00    0.00
  510   -1.70   97.80  107.00    2.00    0.00    0.00
  511   -1.90   97.70  108.00    2.50    0.00    0.00
  512   -1.80   97.60  111.00    2.40    1.27   14.87
  513   -1.60   97.70  105.00    2.40   10.89   73.55
  514   -1.10   97.10   99.00    2.40  232.24  128.33
  515    0.30   93.60   94.00    2.10  314.04  134.86
  516    2.00   84.60   94.00    2.40  253.38  137.56
  517    2.90   77.50   98.00    2.90  158.59  121.13
  518    3.50   74.60  106.00    3.40   69.80   79.39
  519    3.30   73.40  116.00    3.40   86.40   30.55
  520    2.70   75.10  109.00    3.50    0.00    0.00
  521    2.60   77.60  113.00    3.70    0.00    0.00
  522    2.60   78.90  108.00    3.80    0.00    0.00
  523    2.70   79.50  116.00    4.10    0.00    0.00
  524    2.80   80.90  127.00    4.40    0.00    0.00
  525    2.60   82.80  128.00    4.50    0.00    0.00
  526    2.00   84.40  120.00    3.80    0.00    0.00
  527    1.50   85.20  124.00    4.00    0.00    0.00
  528    1.00   85.30  136.00    3.60    0.00    0.00
  529    0.80   85.30  136.00    4.20    0.00    0.00
  530    0.50   85.60  129.00    4.10    0.00    0.00
  531    0.60   85.90  128.00    4.20    0.00    0.00
  532    0.70   85.60  134.00    4.20    0.00    0.00
  533    1.00   85.10  135.00    4.50    0.00    0.00
  534    1.60   83.00  135.00    5.20    0.00    0.00
  535    1.90   80.10  134.00    4.20    0.00    0.00
  536    1.50   83.40  145.00    4.40    0.15    5.28
  537    1.40   90.60  159.00    3.70    0.91   24.91
  538    1.90   93.50  188.00    3.50    0.56   25.85
  539    2.70   94.50  220.00    4.10    0.55   28.53
  540    3.30   95.40  243.00    4.30    2.20   55.44
  541    4.30   94.70  260.00    5.40    2.28   47.82
  542    4.70   93.00  263.00    4.80    1.56   27.03
  543    5.10   91.00  252.00    4.60    3.95   15.75
  544    5.10   89.00  241.00    4.80    0.00    1.00
  545    4.90   89.00  234.00    4.40    0.00    0.00
  546    5.10   88.30  223.00    4.10    0.00    0.00
  547    5.10   85.80  230.00    4.60    0.00    0.00
  548    5.00   84.40  215.00    4.60    0.00    0.00
  549    4.90   82.60  226.00    3.90    0.00    0.00
  550    4.80   79.80  226.00    3.60    0.00    0.00
  551    4.60   79.20  212.00    3.50    0.00    0.00
  552    4.10   80.30  192.00    3.10    0.00    0.00
  553    3.80   81.40  176.00    2.90    0.00    0.00
  554    3.70   82.30  185.00    2.70    0.00    0.00
  555    3.10   82.50  190.00    2.50    0.00    0.00
  556    3.30   82.50  200.00    3.00    0.00    0.00
  557    3.80   83.70  209.00    2.90    0.00    0.00
  558    4.10   86.20  197.00    2.80    0.00    0.00
  559    4.50   86.60  210.00    3.50    0.00    0.00
  560    4.10   86.10  196.00    3.20    7.00   35.91
  561    5.00   83.70  209.00    4.20  179.86  102.02
  562    6.50   78.70  206.00    4.50  342.82  121.14
  563    6.90   76.20  176.00    4.50  163.79  150.53
  564    7.70   73.90  196.00    5.10  454.41  116.75
  565    7.90   72.20  185.00    4.60  360.42  109.99
  566    8.20   72.70  185.00    4.70   46.39   79.80
  567    8.30   73.30  164.00    4.50   68.43   31.46
  568    8.30   74.50  164.00    4.20    0.00    1.00
  569    8.00   78.30  189.00    4.40    0.00    0.00
  570    7.80   84.40  178.00    3.50    0.00    0.00
  571    7.90   87.10  191.00    3.60    0.00    0.00
  572    8.00   87.60  194.00    4.00    0.00    0.00
  573    7.80   89.30  203.00    3.30    0.00    0.00
  574    7.80   89.80  211.00    3.50    0.00    0.00
  575    7.80   88.80  212.00    3.30    0.00    0.00
  576    7.90   88.80  214.00    3.60    0.00    0.00
  577    7.80   89.20  196.00    3.10    0.00    0.00
  578    7.90   87.70  195.00    2.70    0.00    0.00
  579    7.60   87.40  174.00    2.50    0.00    0.00
  580    7.70   88.10  154.00    2.50    0.00    0.00
  581    7.90   87.70  160.00    2.50    0.00    0.00
  582    8.30   86.10  164.00    2.70    0.00    0.00
  583    8.40   84.70  163.00    2.90    0.00    0.00
  584    9.50   80.90  181.00    3.70    0.10    4.49
  585    9.90   77.60  185.00    4.40    0.81   24.32
  586   10.90   74.80  187.00    4.10    2.99   61.04
  587   11.40   70.10  176.00    4.20    3.93   77.55
  588   12.20   64.00  182.00    4.70   17.66  120.72
  589   13.80   55.60  202.00    4.50  229.74  123.72
  590   14.40   51.80  225.00    5.20    7.91   60.55
  591   14.50   52.30  213.00    4.30    3.15   15.77
  592   14.30   52.60  221.00    3.60    0.00    1.10
  593   14.10   53.30  222.00    3.10    0.00    0.00
  594   12.90   57.80  247.00    2.30    0.00    0.00
  595   11.50   70.20  291.00    3.90    0.00    0.00
  596   10.50   82.60  310.00    4.40    0.00    0.00
  597    9.50   86.80  317.00    3.30    0.00    0.00
  598    8.70   86.80  333.00    2.40    0.00    0.00
  599    8.10   88.00   52.00    1.20    0.00    0.00
  600    7.80   92.70   75.00    2.30    0.00    0.00
  601    7.70   95.70   59.00    1.90    0.00    0.00
  602    7.90   96.00   49.00    2.50    0.00    0.00
  603    7.80   94.30   51.00    1.80    0.00    0.00
  604    7.40   91.00  112.00    3.10    0.00    0.00
  605    7.10   88.80  114.00    2.50    0.00    0.00
  606    6.40   89.40  123.00    2.80    0.00    0.00
  607    6.00   90.90  120.00    2.50    0.00    0.00
  608    6.10   90.70  144.00    3.00    3.19   26.32
  609    7.00   88.00  179.00    2.70   27.44   91.85
  610    9.00   83.10  212.00    3.80    6.07   87.54
  611    9.60   79.90  224.00    4.10   41.14  141.36
  612   10.50   78.40  228.00    3.70  133.72  151.33
  613   10.60   76.20  224.00    3.50   31.56  114.12
  614    9.70   75.70  263.00    4.90    5.79   55.41
  615    8.70   81.50  251.00    3.00    1.69   12.27
  616    8.70   86.10  247.00    3.50    0.00    0.90
  617    7.80   87.00  250.00    4.40    0.00    0.00
  618    6.80   89.00  276.00    5.30    0.00    0.00
  619    6.00   89.80  270.00    3.20    0.00    0.00
  620    5.70   90.50  236.00    2.70    0.00    0.00
  621    5.10   90.80  242.00    1.00    0.00    0.00
  622    4.30   92.90  163.00    1.90    0.00    0.00
  623    4.20   95.00  129.00    2.30    0.00    0.00
  624    4.40   93.90  149.00    2.70    0.00    0.00
  625    4.60   90.60  148.00    2.60    0.00    0.00
  626    4.90   86.20  131.00    2.90    0.00    0.00
  627    5.30   82.70  131.00    3.40    0.00    0.00
  628    5.70   79.60  137.00    3.60    0.00    0.00
  629    5.90   76.60  151.00    4.20    0.00    0.00
  630    6.50   74.20  145.00    4.60    0.00    0.00
  631    6.20   76.90  156.00    3.80    0.00    0.00
  632    6.10   84.00  148.00    4.00    3.75   29.34
  633    7.10   88.30  150.00    4.30    9.03   76.67
  634    9.10   84.40  163.00    4.80   19.27  115.84
  635   10.60   76.60  198.00    6.00   35.51  140.53
  636   11.20   72.50  193.00    5.10    4.72   85.20
  637   11.50   71.00  188.00    4.20    3.16   59.94
  638   11.00   74.30  178.00    3.60    0.92   22.92
  639   10.90   78.30  152.00    3.40    6.67   25.26
  640   11.20   78.10  178.00    3.40    0.00    1.00
  641   11.00   78.40  165.00    3.40    0.00    0.00
  642   10.40   81.60  208.00    2.00    0.00    0.00
  643   10.30   86.50  193.00    2.60    0.00    0.00
  644    9.70   89.90  146.00    2.70    0.00    0.00
  645   10.00   88.60  177.00    2.90    0.00    0.00
  646    9.80   87.00  190.00    2.80    0.00    0.00
  647    8.90   88.50  163.00    2.60    0.00    0.00
  648    9.00   89.80  161.00    3.20    0.00    0.00
  649    8.80   87.30  163.00    2.80    0.00    0.00
  650    8.30   84.30  171.00    2.60    0.00    0.00
  651    7.50   85.20  166.00    2.30    0.00    0.00
  652    7.40   86.00  162.00    2.70    0.00    0.00
  653    6.90   86.20  162.00    3.10    0.00    0.00
  654    7.00   85.50  166.00    2.50    0.00    0.00
  655    6.60   85.90  162.00    2.10    0.00    0.00
  656    6.90   87.10  194.00    2.00    1.19   17.15
  657    7.30   85.60  173.00    1.30    1.87   38.67
  658    7.80   83.30  165.00    2.00    2.75   60.98
  659    8.30   82.10  201.00    1.20    8.35  110.64
  660    8.90   80.30  228.00    2.30    8.74  109.57
  661    8.50   79.90  206.00    1.90    1.88   47.08
  662    7.80   86.40  229.00    1.50    5.27   55.37
  663    7.70   93.30  160.00    1.50   12.30   30.96
  664    7.60   95.50  206.00    1.70    0.00    2.20
  665    7.50   96.70  164.00    2.00    0.00    0.00
  666    7.50   97.20  208.00    2.20    0.00    0.00
  667    7.40   97.00  205.00    1.90    0.00    0.00
  668    7.40   96.90  197.00    2.00    0.00    0.00
  669    7.10   96.90  174.00    2.20    0.00    0.00
  670    6.70   96.10  183.00    2.00    0.00    0.00
  671    6.20   95.70  187.00    2.30    0.00    0.00
  672    5.80   95.80  196.00    2.80    0.00    0.00
  673    5.50   95.00  194.00    3.30    0.00    0.00
  674    5.40   94.50  192.00    2.90    0.00    0.00
  675    5.50   94.40  177.00    2.80    0.00    0.00
  676    5.60   94.30  162.00    2.50    0.00    0.00
  677    5.70   93.90  179.00    1.90    0.00    0.00
  678    6.30   91.40  189.00    2.90    0.00    0.00
  679    6.80   88.00  189.00    3.60    0.00    0.00
  680    7.30   85.70  191.00    3.90    2.01   22.84
  681    7.80   84.10  190.00    3.70   14.99   87.82
  682    8.60   81.70  202.00    4.40    5.86   89.73
  683    8.10   84.30  213.00    4.50    1.94   57.65
  684    9.40   86.10  222.00    5.00   13.44  121.49
  685   10.70   76.70  236.00    6.00  197.55  133.94
  686   10.30   68.20  242.00    6.00   66.22   92.90
  687    9.80   66.10  254.00    6.90    8.08   29.68
  688    8.80   67.80  261.00    7.10    0.00    1.00
  689    8.50   70.40  236.00    5.50    0.00    0.00
  690    7.80   72.50  237.00    5.10    0.00    0.00
  691    8.10   74.60  219.00    4.50    0.00    0.00
  692    8.10   74.80  220.00    4.50    0.00    0.00
  693    8.00   74.70  233.00    4.50    0.00    0.00
  694    8.00   75.80  224.00    3.80    0.00    0.00
  695    8.00   77.10  220.00    4.10    0.00    0.00
  696    7.60   78.70  214.00    3.60    0.00    0.00
  697    6.40   81.70  203.00    2.60    0.00    0.00
  698    5.30   86.00  201.00    2.90    0.00    0.00
  699    5.10   88.00  214.00    3.00    0.00    0.00
  700    4.50   87.70  208.00    2.50    0.00    0.00
  701    4.00   88.30  192.00    2.60    0.00    0.00
  702    3.70   89.50  173.00    2.30    0.00    0.00
  703    3.70   89.90  173.00    2.80    0.00    0.00
  704    4.60   87.90  179.00    2.70    1.76   22.06
  705    5.50   83.60  189.00    2.40   42.55  104.24
  706    6.20   80.70  195.00    2.10  149.29  147.16
  707    7.20   78.40  177.00    2.90  136.68  162.95
  708    7.50   76.80  171.00    2.60   60.71  152.42
  709    8.30   75.90  190.00    2.70  105.36  136.97
  710    8.70   72.60  186.00    2.10  138.99   98.74
  711    8.60   71.40  189.00    1.80   19.07   36.91
  712    8.10   73.20  169.00    2.10    0.00    1.60
  713    8.10   74.50  202.00    2.10    0.00    0.00
  714    7.70   77.10  209.00    1.80    0.00    0.00
  715    7.80   79.50  230.00    1.70    0.00    0.00
  716    7.90   79.60  229.00    1.70    0.00    0.00
  717    7.60   82.50  265.00    2.30    0.00    0.00
  718    7.10   87.20  273.00    2.30    0.00    0.00
  719    6.40   90.00  303.00    4.00    0.00    0.00
  720    5.60   91.20  324.00    5.40    0.00    0.00
  721    4.50   91.90  324.00    3.90    0.00    0.00
  722    4.50   92.60  306.00    3.50    0.00    0.00
  723    4.60   93.70  279.00    4.20    0.00    0.00
  724    4.50   93.80  291.00    4.70    0.00    0.00
  725    5.00   93.30  282.00    4.60    0.00    0.00
  726    4.70   90.20  290.00    5.70    0.00    0.00
  727    4.20   88.40  282.00    4.90    0.00    0.00
  728    4.00   90.00  283.00    4.90    2.80   28.51
  729    4.00   88.30  279.00    5.10   23.32   97.69
  730    4.50   85.80  277.00    5.10   20.48  123.64
  731    4.90   82.10  277.00    5.80   75.55  160.64
  732    5.80   75.20  272.00    6.40   93.62  159.94
  733    6.60   69.60  269.00    5.80  122.91  139.86
  734    6.50   65.60  266.00    6.00  143.13  100.93
  735    6.40   63.10  263.00    5.50  256.53   45.17
  736    6.10   63.30  266.00    5.60    0.00    2.10
  737    5.90   66.10  269.00    5.10    0.00    0.00
  738    5.80   69.40  272.00    4.80    0.00    0.00
  739    5.30   72.60  271.00    4.70    0.00    0.00
  740    5.00   75.70  272.00    4.10    0.00    0.00
  741    5.10   76.20  287.00    3.70    0.00    0.00
  742    4.50   77.00  271.00    3.60    0.00    0.00
  743    4.20   79.50  272.00    3.50    0.00    0.00
  744    3.10   84.60  276.00    3.10    0.00    0.00
  745    2.50   85.60  275.00    3.40    0.00    0.00
  746    1.70   87.90  283.00    2.80    0.00    0.00
  747    1.20   90.50  286.00    2.60    0.00    0.00
  748    1.00   92.50  272.00    2.20    0.00    0.00
  749    1.10   94.10  237.00    2.00    0.00    0.00
  750    2.10   94.20  283.00    2.00    0.00    0.00
  751    2.30   93.00  286.00    2.10    0.00    0.00
  752    2.70   91.70  298.00    2.20    0.32   10.05
  753    3.30   89.40  281.00    1.90    5.16   68.34
  754    3.80   87.00  256.00    1.60   20.76  125.66
  755    4.50   84.00  274.00    2.30   46.28  154.98
  756    5.10   80.70  290.00    2.60   38.76  148.85
  757    5.20   78.80  282.00    2.60   38.75  129.02
  758    5.30   78.30  273.00    2.60    7.69   70.35
  759    5.00   79.60  267.00    2.20    2.89   21.60
  760    4.90   81.20  281.00    2.00    0.00    2.00
  761    4.50   83.00  287.00    2.30    0.00    0.00
  762    4.40   85.00  316.00    1.90    0.00    0.00
  763    4.30   85.80  313.00    1.70    0.00    0.00
  764    4.50   85.60  298.00    1.90    0.00    0.00
  765    4.40   84.90  270.00    1.70    0.00    0.00
  766    4.20   82.70  237.00    1.90    0.00    0.00
  767    3.60   80.60  300.00    1.70    0.00    0.00
  768    3.50   75.70  279.00    2.20    0.00    0.00
  769    2.70   73.30  268.00    1.70    0.00    0.00
  770    2.60   76.40  272.00    1.70    0.00    0.00
  771    2.80   76.30  300.00    1.50    0.00    0.00
  772    2.50   77.80  280.00    1.60    0.00    0.00
  773    2.50   82.10  283.00    1.40    0.00    0.00
  774    2.50   85.00  259.00    1.20    0.00    0.00
  775    2.50   87.30  274.00    1.70    0.00    1.00
  776    2.60   88.50  291.00    1.60    1.62   23.06
  777    3.10   87.80  257.00    1.30   11.35   89.37
  778    3.80   85.20  285.00    1.30   31.32  135.38
  779    4.50   80.90  301.00    1.20   30.36  148.78
  780    4.90   76.70  222.00    1.30    8.49  116.46
  781    4.80   75.20  296.00    1.60    5.22   84.43
  782    4.80   75.80  256.00    2.00    2.18   40.02
  783    4.60   77.30  288.00    2.40    9.37   36.99
  784    4.30   79.30   13.00    1.70    0.00    2.00
  785    4.20   79.70   27.00    1.10    0.00    0.00
  786    3.90   79.60  356.00    0.80    0.00    0.00
  787    3.30   81.80   21.00    1.10    0.00    0.00
  788    3.10   84.30    0.00    1.10    0.00    0.00
  789    2.50   85.00  359.00    0.60    0.00    0.00
  790    2.10   86.10   21.00    1.30    0.00    0.00
  791    2.40   86.50   28.00    0.80    0.00    0.00
  792    1.60   89.50  311.00    0.70    0.00    0.00
  793    1.30   94.00    1.00    0.90    0.00    0.00
  794    0.20   96.10   32.00    1.20    0.00    0.00
  795   -0.10   96.90  202.00    1.50    0.00    0.00
  796   -0.80   97.00  172.00    1.10    0.00    0.00
  797   -1.80   97.40  189.00    0.80    0.00    0.00
  798   -1.00   97.50  146.00    0.80    0.00    0.00
  799   -2.40   97.30  171.00    0.70    0.00    3.00
  800   -0.40   96.50  185.00    0.80   18.06   58.68
  801    2.00   95.70  192.00    1.50  268.64  115.51
  802    3.60   90.30  160.00    1.90  533.30  111.06
  803    5.00   80.30  153.00    2.40  411.89  142.74
  804    5.00   74.20  147.00    2.30  203.95  166.03
  805    5.70   66.50  133.00    2.30  529.32  105.29
  806    6.20   59.30  175.00    2.70  688.27   59.83
  807    5.80   57.20  150.00    2.60  962.48   21.33
  808    4.70   59.00  157.00    2.10    0.00   23.00
  809    3.30   67.10  150.00    1.60    0.00    0.00
  810    2.50   75.40  135.00    2.00    0.00    0.00
  811    2.10   79.70  169.00    1.30    0.00    0.00
  812    1.50   83.60  166.00    1.40    0.00    0.00
  813    1.10   86.30  159.00    1.60    0.00    0.00
  814    0.50   87.80  171.00    1.20    0.00    0.00
  815    0.20   89.90  155.00    1.70    0.00    0.00
  816    0.00   89.90  175.00    1.60    0.00    0.00
  817   -0.20   88.90  160.00    1.80    0.00    0.00
  818   -0.80   90.60  170.00    1.20    0.00    0.00
  819   -0.90   92.20  150.00    1.10    0.00    0.00
  820   -1.10   92.70  148.00    1.20    0.00    0.00
  821   -0.90   92.80  170.00    1.50    0.00    0.00
  822   -1.10   92.40  170.00    1.40    0.00    0.00
  823   -1.30   92.60  162.00    1.80    0.00    2.70
  824   -0.70   92.10  183.00    1.80   19.75   61.24
  825    0.60   89.50  207.00    2.30  288.64  115.82
  826    1.90   84.30  215.00    2.00  586.21  104.12
  827    3.40   78.50  226.00    2.30  757.83   84.91
  828    4.80   73.00  218.00    2.30  855.46   69.59
  829    5.80   68.10  207.00    1.90  879.63   58.53
  830    6.20   64.70  204.00    2.00  919.39   41.87
  831    6.20   64.10  179.00    1.90 1018.87   23.53
  832    5.00   68.70  171.00    1.60    0.00   21.10
  833    3.60   76.00  178.00    1.30    0.00    0.00
  834    3.00   80.70  212.00    1.60    0.00    0.00
  835    2.60   83.00  213.00    1.50    0.00    0.00
  836    2.10   84.00  200.00    1.70    0.00    0.00
  837    1.60   85.30  187.00    1.90    0.00    0.00
  838    1.10   86.90  220.00    0.70    0.00    0.00
  839    0.60   87.00  205.00    1.60    0.00    0.00
  840    0.40   88.50  236.00    1.70    0.00    0.00
  841   -0.10   90.50  204.00    1.70    0.00    0.00
  842    0.00   90.40  213.00    2.70    0.00    0.00
  843   -0.20   89.80  232.00    1.80    0.00    0.00
  844   -0.30   89.60  230.00    2.00    0.00    0.00
  845   -0.40   89.80  230.00    1.90    0.00    0.00
  846   -0.20   90.30  219.00    1.90    0.00    0.00
  847    0.80   89.90  263.00    1.60    0.00    1.00
  848    1.50   88.30  247.00    2.10    2.25   29.54
  849    2.20   88.10  257.00    2.60    4.28   66.87
  850    3.10   88.00  260.00    3.00    1.74   54.52
  851    3.40   86.20  272.00    3.60    3.06   79.18
  852    3.80   86.00  283.00    4.00    3.23   80.03
  853    3.60   89.50  280.00    4.30    2.33   59.56
  854    4.20   92.80  275.00    3.90    2.34   44.15
  855    4.20   93.30  272.00    4.00    2.27   22.62
  856    4.30   93.20  274.00    3.70    0.00    4.00
  857    4.60   93.00  266.00    3.20    0.00    0.00
  858    4.70   92.50  275.00    2.70    0.00    0.00
  859    4.90   91.50  271.00    2.80    0.00    0.00
  860    4.90   90.80  262.00    2.40    0.00    0.00
  861    4.90   90.40  266.00    2.20    0.00    0.00
  862    4.70   90.60  270.00    2.70    0.00    0.00
  863    4.50   91.40  270.00    2.30    0.00    0.00
  864    4.20   91.80  273.00    2.70    0.00    0.00
  865    4.20   92.40  296.00    2.80    0.00    0.00
  866    4.10   93.40  314.00    2.50    0.00    0.00
  867    3.80   94.70  317.00    2.20    0.00    0.00
  868    3.80   95.90  336.00    2.60    0.00    0.00
  869    3.80   96.70  324.00    1.90    0.00    0.00
  870    3.80   96.50  325.00    2.30    0.00    0.00
  871    3.70   95.90  314.00    1.50    0.00    0.90
  872    3.70   96.40  327.00    2.20    0.70   16.99
  873    3.90   96.70  309.00    2.50    3.69   63.31
  874    4.40   95.30  327.00    2.80    4.40   87.31
  875    4.40   93.50    1.00    2.70    5.05  102.72
  876    5.00   90.50   17.00    2.00    4.24   92.75
  877    5.90   85.00    6.00    2.20   29.56  134.52
  878    6.00   80.90   18.00    3.10   93.96  113.16
  879    5.80   79.60   22.00    3.10  116.17   60.42
  880    5.60   79.70   38.00    2.90    0.00    8.60
  881    5.30   83.10   39.00    3.60    0.00    0.00
  882    5.00   86.80   49.00    4.50    0.00    0.00
  883    5.00   86.80   59.00    3.70    0.00    0.00
  884    4.80   84.80   73.00    3.80    0.00    0.00
  885    4.60   81.80   88.00    4.90    0.00    0.00
  886    4.20   80.00  102.00    4.30    0.00    0.00
  887    4.10   79.90   69.00    3.40    0.00    0.00
  888    3.10   82.00   70.00    3.60    0.00    0.00
  889    3.10   84.10   69.00    3.90    0.00    0.00
  890    2.80   84.90   63.00    3.60    0.00    0.00
  891    2.10   88.30   49.00    3.40    0.00    0.00
  892    3.10   89.20   60.00    4.60    0.00    0.00
  893    3.40   85.40   70.00    5.00    0.00    0.00
  894    3.40   81.80   61.00    4.70    0.00    0.00
  895    3.00   81.80   85.00    5.20    0.00    1.10
  896    2.50   83.80   93.00    5.20    1.90   28.68
  897    2.20   84.30   88.00    4.90    3.27   60.71
  898    2.00   85.60   80.00    4.50    2.40   65.68
  899    2.30   85.20   66.00    4.50    5.11  104.67
  900    3.20   80.70   85.00    4.40  124.41  177.80
  901    3.80   75.80   88.00    4.70  114.41  155.63
  902    3.80   74.00   79.00    5.10    6.40   75.14
  903    3.70   74.90   70.00    4.90  190.49   62.22
  904    3.70   76.00   92.00    5.10    0.00   10.40
  905    3.30   77.80   84.00    4.50    0.00    0.00
  906    3.30   80.50   96.00    5.10    0.00    0.00
  907    3.10   82.70   88.00    5.00    0.00    0.00
  908    3.40   79.50   99.00    5.70    0.00    0.00
  909    2.70   72.50   97.00    5.90    0.00    0.00
  910    2.50   68.70   90.00    5.70    0.00    0.00
  911    2.10   69.20   88.00    5.30    0.00    0.00
  912    1.60   71.20   88.00    5.60    0.00    0.00
  913    1.50   72.70   94.00    5.00    0.00    0.00
  914    1.50   73.30   92.00    5.10    0.00    0.00
  915    1.60   73.10   85.00    4.80    0.00    0.00
  916    1.70   72.70   97.00    4.90    0.00    0.00
  917    1.70   72.10  102.00    4.70    0.00    0.00
  918    1.60   72.40   95.00    4.30    0.00    0.00
  919    1.60   73.30   99.00    4.60    0.00    1.90
  920    1.70   73.60  101.00    4.30    4.21   43.67
  921    2.20   72.80  104.00    4.60   49.87  124.27
  922    3.20   70.20  104.00    4.80  337.46  149.78
  923    4.40   65.80   96.00    4.60  617.01  114.93
  924    5.20   62.40   94.00    4.70  737.14   91.40
  925    5.60   61.10   91.00    4.40  796.64   71.67
  926    5.50   61.20   89.00    4.50  839.97   49.73
  927    5.00   62.80   73.00    4.20  816.49   28.37
  928    4.20   66.00   87.00    3.80    0.00   23.50
  929    3.20   70.10   89.00    3.00    0.00    0.00
  930    2.50   74.00   89.00    3.10    0.00    0.00
  931    2.00   76.40   82.00    3.60    0.00    0.00
  932    1.50   79.00   90.00    3.60    0.00    0.00
  933    1.00   81.10   90.00    3.50    0.00    0.00
  934    0.50   83.00   95.00    3.70    0.00    0.00
  935    0.30   84.70   89.00    3.10    0.00    0.00
  936   -0.10   85.30   97.00    2.60    0.00    0.00
  937   -0.60   86.30   70.00    3.20    0.00    0.00
  938   -0.60   87.00   75.00    3.00    0.00    0.00
  939   -0.80   87.00   79.00    3.40    0.00    0.00
  940   -0.80   87.30   80.00    3.60    0.00    0.00
  941   -0.60   87.10   79.00    4.00    0.00    0.00
  942   -1.10   87.20   78.00    2.70    0.00    0.00
  943   -1.20   88.10   67.00    2.90    0.00    5.90
  944   -0.60   87.50   70.00    3.10   28.46   74.23
  945    0.60   84.60   71.00    3.10  278.80  127.27
  946    1.70   79.50   80.00    3.50  523.69  122.35
  947    3.10   73.90   61.00    2.80  691.95  102.29
  948    4.30   69.20   50.00    3.50  807.22   80.95
  949    4.90   65.90   41.00    3.50  845.20   66.48
  950    4.80   65.00   46.00    4.00  877.70   47.75
  951    4.10   67.10   56.00    4.30  958.08   26.66
  952    3.30   71.50   59.00    3.70    0.00   35.90
  953    2.70   76.10   49.00    3.40    0.00    0.00
  954    2.40   78.90   50.00    2.90    0.00    0.00
  955    2.30   80.20   47.00    3.00    0.00    0.00
  956    2.20   80.60   44.00    2.40    0.00    0.00
  957    2.40   80.80   62.00    2.90    0.00    0.00
  958    2.00   81.00   74.00    2.90    0.00    0.00
  959    1.50   82.40   72.00    3.20    0.00    0.00
  960    1.60   83.30   74.00    2.60    0.00    0.00
  961    1.30   82.90   65.00    3.00    0.00    0.00
  962    1.00   82.50   60.00    3.80    0.00    0.00
  963    0.90   82.20   73.00    3.80    0.00    0.00
  964    0.50   82.10   71.00    3.40    0.00    0.00
  965    0.60   81.60   82.00    3.10    0.00    0.00
  966    0.30   81.40   80.00    3.90    0.00    0.00
  967    0.10   81.70   84.00    4.10    0.41    4.68
  968    0.20   81.80   84.00    4.30    9.30   62.70
  969    0.70   81.20   84.00    4.10    8.67   96.91
  970    1.20   79.40   94.00    4.50    5.18  100.24
  971    2.20   76.10   69.00    4.40  102.43  186.75
  972    2.70   73.30   71.00    4.50   88.36  182.32
  973    3.30   71.60   80.00    4.50  217.20  159.72
  974    3.40   70.10   86.00    5.30  464.24   96.74
  975    3.10   70.50   82.00    4.60  859.64   28.13
  976    2.70   72.10   73.00    4.70    0.00   35.20
  977    2.10   73.70   82.00    5.90    0.00    0.00
  978    1.10   74.50   81.00    5.80    0.00    0.00
  979    0.60   74.80   91.00    5.40    0.00    0.00
  980    0.60   74.90   88.00    4.90    0.00    0.00
  981    0.50   74.70   90.00    4.90    0.00    0.00
  982    0.10   74.70   88.00    4.80    0.00    0.00
  983   -0.20   74.40   80.00    5.10    0.00    0.00
  984   -0.50   73.20   90.00    5.60    0.00    0.00
  985   -1.00   72.50   88.00    5.60    0.00    0.00
  986   -1.40   73.10   89.00    5.30    0.00    0.00
  987   -1.50   73.50   90.00    5.10    0.00    0.00
  988   -1.90   74.30   90.00    5.20    0.00    0.00
  989   -2.10   75.30   91.00    6.00    0.00    0.00
  990   -2.40   75.90   90.00    5.70    0.00    0.00
  991   -2.60   76.70   92.00    4.80    2.77   12.54
  992   -2.10   76.00   92.00    5.50   68.57   86.82
  993   -0.70   72.00   99.00    5.90  342.29  124.87
  994    0.60   65.10  100.00    6.60  571.02  117.39
  995    2.30   56.80  100.00    6.70  711.86  101.12
  996    3.60   50.20   98.00    5.70  786.76   86.33
  997    4.70   45.00   91.00    6.30  800.79   74.22
  998    5.00   41.40   91.00    6.60  756.94   61.54
  999    3.80   42.90   90.00    6.20  631.42   44.09
 1000    3.40   46.20   91.00    6.40    0.00   11.40
 1001    2.70   48.40  100.00    5.40    0.00    0.00
 1002    2.20   51.20   99.00    5.10    0.00    0.00
 1003    1.60   54.80   99.00    5.40    0.00    0.00
 1004    0.80   60.40   99.00    5.00    0.00    0.00
 1005    0.40   65.50   98.00    4.70    0.00    0.00
 1006   -0.30   68.40   93.00    5.50    0.00    0.00
 1007   -0.80   71.10   92.00    4.90    0.00    0.00
 1008   -1.30   73.60   99.00    4.60    0.00    0.00
 1009   -1.80   75.00   91.00    5.00    0.00    0.00
 1010   -2.40   76.10  101.00    4.70    0.00    0.00
 1011   -3.00   77.70   91.00    4.80    0.00    0.00
 1012   -3.60   79.70   90.00    4.80    0.00    0.00
 1013   -4.10   81.80   85.00    4.70    0.00    0.00
 1014   -4.50   83.50   89.00    5.10    0.00    0.00
 1015   -4.40   84.00   94.00    5.10    1.07    8.13
 1016   -3.80   83.30   88.00    5.40    5.66   56.21
 1017   -3.60   81.50   91.00    5.60   21.82  119.20
 1018   -2.80   79.30   88.00    5.20  112.90  176.18
 1019   -1.90   75.70   76.00    5.40  451.38  153.05
 1020   -0.90   71.70   79.00    5.50  684.10  106.05
 1021   -0.20   69.40   81.00    5.10  745.87   83.64
 1022   -0.40   68.60   74.00    5.10  721.36   67.05
 1023   -0.60   69.70   89.00    4.80  544.29   52.12
 1024   -0.70   71.20   85.00    3.90    0.00   29.70
 1025   -0.70   72.50   81.00    4.00    0.00    0.00
 1026   -0.60   73.40   88.00    4.20    0.00    0.00
 1027   -0.30   73.80   94.00    3.50    0.00    0.00
 1028   -0.10   74.20   95.00    3.10    0.00    0.00
 1029    0.00   74.90   74.00    3.30    0.00    0.00
 1030   -0.70   79.80   75.00    2.90    0.00    0.00
 1031   -0.70   84.50   72.00    3.30    0.00    0.00
 1032   -0.90   84.20   76.00    2.50    0.00    0.00
 1033   -0.80   82.20   69.00    2.60    0.00    0.00
 1034   -1.00   83.60   85.00    2.60    0.00    0.00
 1035   -1.00   87.30   41.00    2.70    0.00    0.00
 1036   -1.00   88.10   59.00    2.50    0.00    0.00
 1037   -1.00   88.30   30.00    2.30    0.00    0.00
 1038   -1.20   89.50    6.00    2.00    0.00    0.00
 1039   -1.20   90.50   22.00    1.80    0.46    5.67
 1040   -1.10   89.20    0.00    2.20    2.13   35.68
 1041   -0.90   88.10   10.00    2.30    2.14   54.65
 1042   -0.80   87.70   22.00    2.70    0.86   43.18
 1043   -0.70   87.20    4.00    2.20    1.99   71.19
 1044   -0.60   87.30   10.00    1.80    1.72   65.31
 1045   -0.50   87.80  355.00    2.00    1.51   54.16
 1046   -0.50   88.80  325.00    2.80    1.11   35.70
 1047   -0.40   90.10  354.00    3.20    1.31   22.69
 1048   -0.30   91.30  298.00    2.70    0.00    7.30
 1049   -0.30   92.70  325.00    2.90    0.00    0.00
 1050   -0.30   93.20  162.00    2.40    0.00    0.00
 1051   -0.20   92.70    8.00    5.90    0.00    0.00
 1052    0.00   93.20  330.00    2.50    0.00    0.00
 1053    0.00   93.70  341.00    2.90    0.00    0.00
 1054   -0.10   94.20  331.00    2.60    0.00    0.00
 1055   -0.10   94.30  349.00    2.90    0.00    0.00
 1056    0.10   94.80  358.00    3.50    0.00    0.00
 1057    0.00   94.20   15.00    3.60    0.00    0.00
 1058    0.00   92.90   13.00    3.10    0.00    0.00
 1059    0.00   92.90  352.00    3.10    0.00    0.00
 1060   -0.10   92.00  343.00    3.30    0.00    0.00
 1061   -0.10   90.80  342.00    3.00    0.00    0.00
 1062   -0.10   90.00  353.00    3.00    0.00    0.00
 1063    0.10   89.50    2.00    3.10    1.52   10.99
 1064   -0.50   88.90  346.00    2.20   47.08   90.23
 1065    1.00   86.30  350.00    3.80  170.89  146.72
 1066    1.70   81.80  359.00    3.30   81.56  177.99
 1067    1.70   80.70   11.00    3.20    9.73  143.27
 1068    1.80   81.90  351.00    3.30    6.53  126.53
 1069    1.90   81.30  354.00    3.00    6.21  110.05
 1070    2.00   78.70  359.00    2.80    5.02   76.70
 1071    1.90   78.50  346.00    3.20    5.45   47.30
 1072    0.90   84.10  351.00    3.60    0.00   16.40
 1073    0.90   88.20  338.00    2.80    0.00    0.00
 1074    1.00   86.60    2.00    2.50    0.00    0.00
 1075    0.80   83.70   34.00    1.40    0.00    0.00
 1076    0.70   84.10  352.00    1.70    0.00    0.00
 1077    0.70   85.80  308.00    2.30    0.00    0.00
 1078    0.80   84.60  305.00    2.10    0.00    0.00
 1079    0.40   84.20  309.00    1.90    0.00    0.00
 1080    0.40   85.20  275.00    1.50    0.00    0.00
 1081    0.10   85.50  320.00    1.50    0.00    0.00
 1082    0.10   86.10  222.00    1.30    0.00    0.00
 1083   -0.30   86.40  274.00    1.60    0.00    0.00
 1084   -0.20   86.60  210.00    1.10    0.00    0.00
 1085   -0.10   87.30  209.00    1.40    0.00    0.00
 1086   -0.20   88.30  274.00    1.40    0.00    0.00
 1087   -0.20   88.30  234.00    2.00    0.69    7.95
 1088   -0.50   89.10  249.00    1.40    6.41   64.16
 1089   -0.70   87.50  214.00    1.80   12.25  113.66
 1090   -0.50   83.20  285.00    1.40   27.93  160.03
 1091   -0.30   78.30  323.00    2.70  272.54  189.50
 1092    0.30   72.30  276.00    2.00   81.74  193.50
 1093    0.30   68.70  308.00    2.10   26.83  151.54
 1094    0.40   67.80  308.00    2.70    5.04   78.27
 1095    0.10   69.40  307.00    2.30   49.02   76.04
 1096   -0.70   70.30  324.00    2.30    0.00   56.30
 1097   -1.00   71.80  340.00    2.10    0.00    0.00
 1098   -1.00   74.90  317.00    1.40    0.00    0.00
 1099   -2.20   77.70  327.00    2.20    0.00    0.00
 1100   -2.90   82.40  126.00    0.40    0.00    0.00
 1101   -3.30   87.00  260.00    0.00    0.00    0.00
 1102   -2.30   87.00  258.00    1.10    0.00    0.00
 1103   -2.00   83.80  280.00    1.60    0.00    0.00
 1104   -1.80   82.20  318.00    1.70    0.00    0.00
 1105   -1.30   80.70  229.00    2.00    0.00    0.00
 1106   -1.20   80.00  229.00    1.70    0.00    0.00
 1107   -1.30   81.00  245.00    1.50    0.00    0.00
 1108   -1.70   82.60  224.00    1.40    0.00    0.00
 1109   -1.20   82.80  240.00    1.80    0.00    0.00
 1110   -1.30   83.70  145.00    1.20    0.00    0.00
 1111   -1.40   85.90  137.00    1.30    1.38   11.99
 1112   -0.80   84.10   86.00    1.80   42.31   93.66
 1113   -0.60   80.60   82.00    2.80   66.59  146.76
 1114   -0.50   79.80   95.00    3.00    6.31  119.63
 1115   -0.20   78.40   81.00    3.00    8.24  141.30
 1116   -0.50   76.70   58.00    3.40    4.54  109.50
 1117   -0.40   75.90   63.00    3.90   56.98  168.86
 1118   -0.20   69.80   58.00    4.00  705.29   74.11
 1119    0.40   60.30   80.00    2.60  851.52   34.14
 1120   -0.60   57.70   59.00    2.90    0.00   59.10
 1121   -1.60   61.00   74.00    2.00    0.00    0.00
 1122   -2.20   65.00   92.00    1.10    0.00    0.00
 1123   -3.50   71.10   79.00    1.20    0.00    0.00
 1124   -4.30   77.30   49.00    1.30    0.00    0.00
 1125   -4.40   81.00   49.00    1.50    0.00    0.00
 1126   -4.90   83.30   62.00    1.50    0.00    0.00
 1127   -4.90   85.30   55.00    1.00    0.00    0.00
 1128   -4.90   88.00   32.00    0.80    0.00    0.00
 1129   -5.40   90.90   23.00    1.10    0.00    0.00
 1130   -5.70   92.20   22.00    1.00    0.00    0.00
 1131   -6.10   91.60   24.00    0.80    0.00    0.00
 1132   -6.30   91.10   12.00    0.70    0.00    0.00
 1133   -6.50   90.80  175.00    0.60    0.00    0.00
 1134   -7.40   90.00  163.00    0.80    0.00    0.00
 1135   -6.70   90.20  194.00    0.50    4.05   21.65
 1136   -5.80   90.30  273.00    0.40  202.08  103.02
 1137   -2.00   85.60  341.00    0.60  486.37  117.37
 1138   -0.40   74.10   47.00    1.00  650.09  111.91
 1139    0.60   63.70   96.00    1.00  576.64  137.00
 1140   -0.10   59.90   14.00    2.20   24.40  172.54
 1141    0.10   57.70   51.00    1.80    3.38   85.42
 1142    0.20   55.70   85.00    1.40  140.08  140.79
 1143    0.40   54.10  309.00    1.30  177.35   85.68
 1144    0.30   53.10   31.00    1.60    0.00   37.40
 1145   -0.30   55.90   91.00    1.00    0.00    0.00
 1146   -1.40   61.60   53.00    1.00    0.00    0.00
 1147   -2.20   68.40  174.00    0.90    0.00    0.00
 1148   -3.60   74.20  277.00    0.90    0.00    0.00
 1149   -4.10   78.50  316.00    1.20    0.00    0.00
 1150   -4.60   82.30  331.00    1.00    0.00    0.00
 1151   -4.60   85.50  332.00    1.10    0.00    0.00
 1152   -5.50   85.60  351.00    0.80    0.00    0.00
 1153   -5.80   85.50  212.00    1.20    0.00    0.00
 1154   -6.70   87.70  189.00    1.10    0.00    0.00
 1155   -6.50   87.80  238.00    1.80    0.00    0.00
 1156   -7.30   88.00   80.00    2.40    0.00    0.00
 1157   -7.50   88.60   21.00    1.80    0.00    0.00
 1158   -7.90   88.50  294.00    1.80    0.00    0.00
 1159   -7.50   88.80  289.00    2.00    4.54   24.28
 1160   -4.70   88.20  256.00    1.50  150.08  107.10
 1161   -2.30   75.10  279.00    2.70  360.62  137.88
 1162   -0.50   58.70  296.00    2.40  506.59  141.52
 1163    0.40   50.50  302.00    2.80  592.08  135.36
 1164    0.80   46.00  301.00    2.90  551.10  141.98
 1165    1.00   41.90  289.00    3.20  567.17  123.63
 1166    1.30   38.70  316.00    3.00  782.62   66.13
 1167    1.50   38.60  285.00    2.60  799.62   39.58
 1168    1.00   41.10  290.00    2.10    0.00   60.80
 1169   -0.40   47.30  278.00    1.50    0.00    0.00
 1170   -1.50   54.30  285.00    1.70    0.00    0.00
 1171   -1.50   59.00  239.00    2.10    0.00    0.00
 1172   -2.10   63.90  232.00    1.90    0.00    0.00
 1173   -2.80   68.40  247.00    2.50    0.00    0.00
 1174   -4.00   72.30  227.00    1.50    0.00    0.00
 1175   -4.40   76.70  144.00    1.00    0.00    0.00
 1176   -5.10   80.40  187.00    0.60    0.00    0.00
 1177   -6.00   82.40  244.00    1.10    0.00    0.00
 1178   -5.80   81.80  112.00    0.60    0.00    0.00
 1179   -6.10   82.10  154.00    1.00    0.00    0.00
 1180   -6.50   83.20  113.00    0.90    0.00    0.00
 1181   -6.20   83.50  152.00    1.10    0.00    0.00
 1182   -7.20   83.90  264.00    0.80    0.00    0.00
 1183   -7.00   84.40  177.00    0.90    5.87   29.12
 1184   -4.70   80.80  133.00    1.00  188.95  108.63
 1185   -0.20   66.10  130.00    2.10  526.70  114.73
 1186    1.50   52.80  144.00    2.70  748.99   95.80
 1187    2.30   49.40  144.00    3.10  838.63   87.59
 1188    3.00   47.70  160.00    2.50  755.25  101.04
 1189    3.50   44.90  121.00    2.70  732.15   94.31
 1190    3.90   42.60  122.00    3.20  927.83   55.98
 1191    3.80   41.80  107.00    3.50 1010.31   38.07
 1192    3.20   43.60  107.00    3.00 1315.65   13.68
 1193    1.70   48.80  106.00    3.10    0.00    0.00
 1194    0.70   55.90   91.00    3.10    0.00    0.00
 1195    0.40   62.10  106.00    2.90    0.00    0.00
 1196    0.30   65.30  116.00    2.90    0.00    0.00
 1197    0.10   66.90  107.00    3.20    0.00    0.00
 1198   -0.20   68.60  116.00    3.00    0.00    0.00
 1199   -0.90   70.50  106.00    3.10    0.00    0.00
 1200   -1.00   71.20  107.00    2.90    0.00    0.00
 1201   -1.30   71.10  114.00    3.10    0.00    0.00
 1202   -1.90   72.10  114.00    3.50    0.00    0.00
 1203   -2.10   73.00  118.00    3.10    0.00    0.00
 1204   -2.90   74.60  115.00    2.80    0.00    0.00
 1205   -3.60   76.40  110.00    2.80    0.00    0.00
 1206   -4.20   78.00  107.00    3.20    0.00    0.00
 1207   -4.20   78.10  116.00    3.50    5.42   29.54
 1208   -2.70   73.40  115.00    3.20  156.76  112.17
 1209   -0.20   64.40  125.00    4.10  448.20  129.26
 1210    0.80   56.10  155.00    4.80  609.06  124.63
 1211    2.10   49.90  134.00    4.30  630.22  130.25
 1212    2.80   46.10  129.00    5.00  598.49  135.18
 1213    4.00   43.60  137.00    4.30  567.54  126.84
 1214    4.50   42.40  127.00    4.70  789.36   67.41
 1215    4.70   42.90  126.00    4.30  873.11   36.69
 1216    4.40   44.50  143.00    4.10 1118.40   12.70
 1217    4.30   47.80  123.00    4.00    0.00    0.00
 1218    4.40   50.90  125.00    3.50    0.00    0.00
 1219    4.30   52.40  124.00    4.00    0.00    0.00
 1220    3.90   54.30  130.00    3.70    0.00    0.00
 1221    3.80   55.90  142.00    3.50    0.00    0.00
 1222    3.40   58.00  141.00    3.40    0.00    0.00
 1223    3.40   60.80  139.00    3.00    0.00    0.00
 1224    3.20   63.40  128.00    3.20    0.00    0.00
 1225    3.20   66.00  124.00    2.90    0.00    0.00
 1226    3.30   68.20  139.00    2.80    0.00    0.00
 1227    3.00   70.20  156.00    2.50    0.00    0.00
 1228    3.00   72.20  136.00    2.70    0.00    0.00
 1229    2.50   74.60  133.00    3.00    0.00    0.00
 1230    2.00   77.50  155.00    2.20    0.00    0.00
 1231    2.80   78.40  130.00    2.50    0.70   11.32
 1232    3.60   77.00  134.00    2.60   14.97   90.49
 1233    4.20   76.70  132.00    2.20   19.36  135.88
 1234    4.80   76.50  134.00    2.70   31.08  176.17
 1235    5.70   75.20  127.00    2.70   31.13  190.49
 1236    6.60   74.30  139.00    2.70   23.16  179.86
 1237    7.50   73.80  136.00    2.70   98.83  188.80
 1238    8.70   71.90  141.00    2.90  206.58  147.94
 1239    9.60   70.10  120.00    3.30  494.87   71.62
 1240    7.80   75.10  137.00    3.40 1145.93   14.12
 1241    6.90   81.60  121.00    3.80    0.00    1.20
 1242    5.80   83.60  114.00    3.70    0.00    0.00
 1243    5.10   82.80  119.00    3.60    0.00    0.00
 1244    4.60   79.90  126.00    3.70    0.00    0.00
 1245    4.10   80.20  140.00    3.70    0.00    0.00
 1246    3.60   82.00  139.00    3.20    0.00    0.00
 1247    3.30   83.00  128.00    2.80    0.00    0.00
 1248    3.00   83.00  137.00    3.50    0.00    0.00
 1249    2.90   82.40  136.00    3.60    0.00    0.00
 1250    3.00   81.40  132.00    4.00    0.00    0.00
 1251    2.90   81.20  125.00    4.20    0.00    0.00
 1252    2.70   80.60  134.00    3.90    0.00    0.00
 1253    2.60   78.60  134.00    3.80    0.00    0.00
 1254    2.60   76.70  128.00    3.70    0.00    0.00
 1255    2.60   74.60  126.00    4.00    4.91   31.14
 1256    3.80   69.70  127.00    4.40  158.00  117.40
 1257    5.80   62.30  135.00    4.80  436.50  135.28
 1258    7.80   55.60  144.00    4.50  629.98  123.49
 1259    9.10   50.80  141.00    4.80  744.12  108.43
 1260   10.30   47.60  141.00    4.80  800.28   95.87
 1261   11.40   44.30  146.00    4.50  846.79   78.92
 1262   11.70   42.00  143.00    5.20  904.00   58.36
 1263   11.50   42.20  143.00    3.90  758.31   47.35
 1264   11.20   43.80  138.00    3.80  404.96   26.76
 1265    9.70   47.10  126.00    3.40    0.00    0.00
 1266    8.70   50.60  138.00    4.10    0.00    0.00
 1267    7.70   52.70  153.00    3.50    0.00    0.00
 1268    6.90   55.70  148.00    3.40    0.00    0.00
 1269    6.00   58.70  146.00    2.70    0.00    0.00
 1270    5.50   61.00  153.00    2.50    0.00    0.00
 1271    5.20   63.40  164.00    2.30    0.00    0.00
 1272    5.20   65.80  167.00    1.70    0.00    0.00
 1273    5.40   68.20  179.00    1.60    0.00    0.00
 1274    6.00   70.70  186.00    1.50    0.00    0.00
 1275    6.50   73.20  185.00    1.50    0.00    0.00
 1276    7.40   74.80  230.00    2.70    0.00    0.00
 1277    7.60   76.30  240.00    2.80    0.00    0.00
 1278    7.90   78.60  241.00    2.40    0.00    0.00
 1279    9.00   81.10  263.00    3.10    0.18    6.38
 1280    9.90   83.10  275.00    3.80    4.02   62.08
 1281   10.00   85.00  283.00    3.50    5.50  102.73
 1282   10.80   84.40  279.00    4.50    7.02  136.48
 1283   11.30   80.50  280.00    5.00   57.11  209.97
 1284   11.10   77.70  281.00    5.50    8.38  152.37
 1285   11.00   75.80  271.00    4.10   11.64  146.92
 1286   11.40   73.00  266.00    3.50  244.01  149.64
 1287   11.70   70.40  281.00    2.90  568.66   67.60
 1288   11.80   68.30  285.00    3.60  133.49   34.37
 1289    9.90   70.90  279.00    1.70    0.00    1.00
 1290    7.90   79.00  276.00    2.00    0.00    0.00
 1291    5.50   87.00  179.00    1.10    0.00    0.00
 1292    5.40   92.30  188.00    1.10    0.00    0.00
 1293    4.90   94.70  172.00    1.10    0.00    0.00
 1294    3.70   96.40  183.00    1.50    0.00    0.00
 1295    3.50   97.30  196.00    1.20    0.00    0.00
 1296    2.40   96.50  182.00    1.40    0.00    0.00
 1297    2.30   96.00  167.00    1.60    0.00    0.00
 1298    2.60   95.80  176.00    1.70    0.00    0.00
 1299    1.90   95.80  166.00    1.40    0.00    0.00
 1300    2.30   96.00  141.00    1.70    0.00    0.00
 1301    2.20   95.50  132.00    1.30    0.00    0.00
 1302    3.10   95.20  134.00    2.00    0.00    0.00
 1303    2.90   95.10  148.00    2.00    6.40   38.69
 1304    4.60   93.50  125.00    2.40  106.25  122.26
 1305    7.20   88.20  154.00    2.90  127.81  173.25
 1306    9.90   78.60  165.00    2.80  477.85  158.82
 1307   13.30   65.70  186.00    3.80  736.89  112.43
 1308   14.70   56.20  194.00    4.70  790.30   99.92
 1309   15.30   52.00  183.00    5.10  824.22   84.15
 1310   15.40   50.90  191.00    4.80  854.25   63.69
 1311   15.40   51.40  181.00    4.50  616.02   64.16
 1312   14.60   52.50  174.00    3.20 1022.57   15.58
 1313   14.10   53.70  164.00    2.70    0.00    2.70
 1314   13.80   54.80  166.00    2.90    0.00    0.00
 1315   13.60   57.10  149.00    3.00    0.00    0.00
 1316   13.20   60.70  169.00    3.00    0.00    0.00
 1317   12.90   63.20  174.00    3.00    0.00    0.00
 1318   12.50   65.30  187.00    3.40    0.00    0.00
 1319   12.00   67.80  194.00    3.20    0.00    0.00
 1320   11.50   69.20  195.00    2.90    0.00    0.00
 1321   11.10   71.40  196.00    3.60    0.00    0.00
 1322   10.20   76.70  203.00    2.60    0.00    0.00
 1323    9.90   82.00  198.00    2.70    0.00    0.00
 1324    9.40   87.30  204.00    2.60    0.00    0.00
 1325    9.10   93.10  217.00    2.70    0.00    0.00
 1326    9.00   95.80  228.00    2.60    0.00    0.00
 1327    8.80   96.60  224.00    2.30    1.69   21.08
 1328    9.00   97.10  228.00    2.40   27.88  109.14
 1329    9.40   97.20  241.00    2.50   12.31  133.75
 1330    9.80   96.40  254.00    2.10   13.38  162.38
 1331   10.90   92.40  259.00    2.50   88.05  222.99
 1332   12.10   83.20  259.00    2.40   78.61  217.93
 1333   12.90   70.70  259.00    2.50  114.20  199.96
 1334   13.20   63.40  173.00    1.90  293.16  148.99
 1335   12.80   63.80  171.00    1.50  289.34   98.09
 1336   12.10   69.10  171.00    1.70  866.70   15.43
 1337   10.90   76.40  153.00    1.90    0.00    3.20
 1338    9.10   85.10  116.00    2.20    0.00    0.00
 1339    8.90   91.40  134.00    2.00    0.00    0.00
 1340    8.60   94.30  116.00    1.20    0.00    0.00
 1341    8.60   95.70  110.00    2.20    0.00    0.00
 1342    7.90   95.50  127.00    1.40    0.00    0.00
 1343    7.60   96.60   99.00    1.90    0.00    0.00
 1344    7.70   96.60  118.00    2.20    0.00    0.00
 1345    6.70   96.10   87.00    1.90    0.00    0.00
 1346    7.10   96.20   98.00    2.20    0.00    0.00
 1347    6.80   96.30  115.00    2.50    0.00    0.00
 1348    6.60   95.90  117.00    1.90    0.00    0.00
 1349    6.70   95.70  121.00    2.20    0.00    0.00
 1350    6.60   96.20  108.00    2.00    0.00    0.00
 1351    6.60   96.80  110.00    2.40    0.27    8.86
 1352    6.70   97.00  116.00    2.60    2.09   48.04
 1353    7.10   97.30  102.00    2.70    5.77  110.23
 1354    7.20   96.80  127.00    2.00    6.35  137.05
 1355    7.60   95.20  124.00    2.40    6.16  145.53
 1356    8.10   93.00  149.00    1.90    7.61  153.89
 1357    9.40   90.00  112.00    1.80    4.67  112.90
 1358    9.20   88.80  125.00    2.60    6.34  104.63
 1359    8.70   91.40  128.00    2.40    2.13   40.62
 1360    8.90   93.90  194.00    2.10    0.98   10.61
 1361    8.20   94.80  272.00    3.90    0.00    1.00
 1362    8.00   96.00  296.00    3.30    0.00    0.00
 1363    7.70   95.50  293.00    4.20    0.00    0.00
 1364    7.80   95.70  292.00    3.40    0.00    0.00
 1365    8.00   96.40  299.00    2.90    0.00    0.00
 1366    8.00   95.90  280.00    3.80    0.00    0.00
 1367    8.00   95.50  275.00    3.10    0.00    0.00
 1368    7.60   95.30  276.00    2.00    0.00    0.00
 1369    7.70   95.70  261.00    2.50    0.00    0.00
 1370    7.50   95.90  269.00    2.30    0.00    0.00
 1371    7.40   95.40  236.00    1.60    0.00    0.00
 1372    7.10   94.80  231.00    2.10    0.00    0.00
 1373    6.90   93.30  227.00    1.80    0.00    0.00
 1374    6.50   92.30  193.00    1.20    0.00    0.00
 1375    5.80   93.70  151.00    1.20    2.45   27.55
 1376    6.30   92.90  158.00    2.20   15.33  103.67
 1377    7.70   84.80  170.00    2.70  174.04  180.46
 1378    9.10   73.40  183.00    3.20  567.85  145.10
 1379   10.20   63.60  203.00    4.20  661.65  133.48
 1380   10.50   57.60  211.00    4.60  494.75  170.49
 1381   10.00   57.70  211.00    4.80  129.89  205.52
 1382    8.70   63.60  235.00    4.30  105.13  164.25
 1383    7.80   70.50  224.00    3.60  132.65  110.00
 1384    7.60   73.30  223.00    2.70  283.59   40.85
 1385    7.40   75.40  240.00    2.50    0.00    1.00
 1386    7.40   78.40  218.00    2.20    0.00    0.00
 1387    7.30   80.60  217.00    1.40    0.00    0.00
 1388    7.20   83.00  245.00    2.10    0.00    0.00
 1389    7.00   84.90  250.00    1.70    0.00    0.00
 1390    6.50   87.90  243.00    1.80    0.00    0.00
 1391    6.30   90.80  218.00    1.90    0.00    0.00
 1392    5.80   91.60  237.00    1.90    0.00    0.00
 1393    5.20   92.80  252.00    1.70    0.00    0.00
 1394    5.10   93.10  266.00    2.00    0.00    0.00
 1395    4.20   93.10  251.00    1.00    0.00    0.00
 1396    3.50   94.60  289.00    2.20    0.00    0.00
 1397    2.90   95.80  271.00    1.80    0.00    0.00
 1398    2.30   96.00  286.00    2.30    0.00    0.00
 1399    2.40   96.80  286.00    2.70    3.46   33.98
 1400    3.20   96.80  264.00    2.50   38.84  121.56
 1401    3.60   96.70  292.00    3.10   85.42  180.98
 1402    5.10   93.30  285.00    3.20  125.27  218.29
 1403    5.00   89.60  279.00    4.30   44.50  216.45
 1404    4.70   89.70  286.00    3.70   30.93  203.47
 1405    5.00   88.90  304.00    4.20    6.20  132.59
 1406    5.60   85.80  283.00    3.80   17.50  135.62
 1407    5.20   86.20  302.00    4.40    4.38   60.56
 1408    4.50   89.80  297.00    5.10   11.37   34.40
 1409    4.80   92.20  288.00    4.20    0.00    2.40
 1410    5.20   94.30  320.00    4.00    0.00    0.00
 1411    5.30   94.50  295.00    3.80    0.00    0.00
 1412    5.20   93.60    3.00    4.60    0.00    0.00
 1413    5.00   92.40  339.00    4.20    0.00    0.00
 1414    4.50   91.70  359.00    5.70    0.00    0.00
 1415    4.20   91.90   10.00    4.50    0.00    0.00
 1416    4.20   90.00    9.00    4.30    0.00    0.00
 1417    4.20   88.40   15.00    4.40    0.00    0.00
 1418    4.20   85.90   11.00    4.40    0.00    0.00
 1419    4.20   85.00  352.00    2.90    0.00    0.00
 1420    4.20   86.90  320.00    3.30    0.00    0.00
 1421    4.10   89.30  320.00    2.60    0.00    0.00
 1422    3.90   90.40  315.00    2.90    0.00    0.00
 1423    4.00   91.20  304.00    2.80    1.35   22.19
 1424    4.10   90.60  280.00    3.30    4.39   73.74
 1425    4.40   90.10  292.00    4.00    4.64  103.58
 1426    4.60   89.50  309.00    3.50    3.69  109.58
 1427    5.00   85.50  308.00    4.50    3.66  116.97
 1428    5.70   80.80  308.00    4.10    2.84  101.60
 1429    6.70   75.00  308.00    4.20   12.37  160.21
 1430    7.10   67.60  296.00    4.30  401.44  142.37
 1431    7.30   62.90  314.00    5.00  762.92   54.62
 1432    6.90   63.30  301.00    4.60  977.11   19.64
 1433    5.60   67.50  329.00    4.00    0.00    8.00
 1434    4.10   74.40  291.00    2.50    0.00    0.00
 1435    3.70   80.00  289.00    3.10    0.00    0.00
 1436    3.40   82.40  275.00    2.90    0.00    0.00
 1437    2.60   85.50  272.00    2.60    0.00    0.00
 1438    3.10   86.70  316.00    3.20    0.00    0.00
 1439    2.50   88.20  328.00    3.80    0.00    0.00
 1440    2.30   90.50  339.00    3.90    0.00    0.00
 1441    2.30   90.40  322.00    2.00    0.00    0.00
 1442    2.50   90.70  298.00    2.90    0.00    0.00
 1443    2.60   91.20  301.00    4.30    0.00    0.00
 1444    3.10   90.70  292.00    3.60    0.00    0.00
 1445    3.20   89.60  268.00    3.50    0.00    0.00
 1446    2.90   89.00  275.00    3.70    0.00    0.00
 1447    2.80   89.40  301.00    3.60    1.52   24.45
 1448    2.70   89.50  282.00    4.00    9.84  101.21
 1449    3.00   87.60  282.00    4.60   78.65  185.27
 1450    4.10   83.00  284.00    4.30  291.77  208.08
 1451    4.90   78.20  272.00    4.20  639.70  143.17
 1452    6.10   73.30  274.00    4.80  809.52  102.59
 1453    8.00   68.30  284.00    5.40  849.25   86.29
 1454    8.10   65.80  270.00    5.40  318.40  156.84
 1455    8.40   64.80  283.00    4.50    6.05   73.91
 1456    8.00   65.80  320.00    4.50   22.51   42.60
 1457    8.10   67.70  300.00    4.10    0.00    3.00
 1458    7.90   68.00  285.00    3.80    0.00    0.00
 1459    8.00   68.40  275.00    3.90    0.00    0.00
 1460    7.80   68.90  267.00    3.30    0.00    0.00
 1461    7.80   69.30  269.00    3.60    0.00    0.00
 1462    7.50   70.10  269.00    3.20    0.00    0.00
 1463    7.30   71.10  265.00    3.00    0.00    0.00
 1464    7.40   70.80  273.00    3.40    0.00    0.00
 1465    7.10   70.80  268.00    3.20    0.00    0.00
 1466    7.10   71.10  273.00    3.20    0.00    0.00
 1467    7.00   70.60  260.00    3.20    0.00    0.00
 1468    6.70   71.40  265.00    3.20    0.00    0.00
 1469    5.60   73.30  257.00    2.70    0.00    0.00
 1470    4.50   75.70  248.00    2.90    0.00    1.00
 1471    4.30   77.10  240.00    3.00    8.64   55.86
 1472    5.50   74.30  276.00    3.50  205.75  139.65
 1473    6.90   69.00  294.00    5.30  473.41  147.60
 1474    8.20   63.50  298.00    6.30  647.96  133.34
 1475    8.70   56.90  283.00    5.90  760.08  115.78
 1476    9.20   51.50  273.00    5.10  817.55  102.07
 1477   10.20   47.90  280.00    6.00  856.83   86.19
 1478   10.40   45.50  252.00    5.10  890.86   67.10
 1479   10.30   44.30  260.00    4.90  866.77   47.08
 1480    9.90   41.90  260.00    4.60  943.29   20.79
 1481    8.40   43.30  269.00    3.60    0.00   10.00
 1482    7.60   47.40  280.00    2.60    0.00    0.00
 1483    6.60   50.50  245.00    2.20    0.00    0.00
 1484    5.80   55.50  247.00    2.30    0.00    0.00
 1485    5.00   59.60  256.00    2.60    0.00    0.00
 1486    4.30   62.70  266.00    2.30    0.00    0.00
 1487    3.90   65.20  267.00    2.00    0.00    0.00
 1488    3.00   69.90  249.00    1.60    0.00    0.00
 1489    2.80   74.60  223.00    1.40    0.00    0.00
 1490    2.20   76.60  233.00    1.90    0.00    0.00
 1491    1.90   78.20  233.00    1.60    0.00    0.00
 1492    1.20   79.30  235.00    2.00    0.00    0.00
 1493    1.40   79.20  233.00    2.30    0.00    0.00
 1494    1.40   77.10  234.00    3.10    0.00    1.70
 1495    2.20   75.50  236.00    2.30    5.47   49.35
 1496    3.80   71.80  240.00    2.00  177.83  143.94
 1497    6.90   63.60  278.00    2.80  435.31  156.94
 1498    8.80   54.10  285.00    4.20  559.13  155.86
 1499   10.00   46.20  267.00    4.90  708.92  128.99
 1500   11.10   42.20  274.00    4.70  823.09  102.04
 1501   11.70   38.20  242.00    5.20  885.07   84.02
 1502   12.70   33.80  269.00    5.00  919.96   68.01
 1503   12.70   33.40  267.00    4.50  918.94   46.66
 1504   12.50   34.00  254.00    4.20  944.35   21.73
 1505   10.70   35.70  262.00    3.50    0.00   11.10
 1506    9.20   39.20  263.00    2.10    0.00    0.00
 1507    8.90   42.50  242.00    2.50    0.00    0.00
 1508    7.60   46.70  236.00    2.60    0.00    0.00
 1509    6.90   51.60  249.00    2.60    0.00    0.00
 1510    6.40   55.30  268.00    2.00    0.00    0.00
 1511    5.40   59.10  230.00    2.40    0.00    0.00
 1512    3.90   64.70  243.00    2.00    0.00    0.00
 1513    4.10   67.90  225.00    2.40    0.00    0.00
 1514    3.60   69.00  233.00    2.30    0.00    0.00
 1515    3.20   71.50  229.00    2.70    0.00    0.00
 1516    2.90   73.80  226.00    3.20    0.00    0.00
 1517    2.80   73.80  222.00    2.70    0.00    0.00
 1518    2.50   73.40  212.00    2.30    0.00    3.00
 1519    3.70   70.90  220.00    3.30   17.76   68.82
 1520    6.20   64.40  240.00    3.00  271.26  139.44
 1521    9.60   53.80  234.00    3.70  517.82  142.86
 1522   12.50   43.20  232.00    3.80  690.96  126.22
 1523   14.50   33.30  255.00    5.40  795.81  110.20
 1524   16.00   25.90  245.00    5.60  858.37   97.06
 1525   17.20   22.20  259.00    5.00  875.85   85.78
 1526   17.70   20.80  265.00    5.70  878.11   69.75
 1527   17.90   21.10  256.00    5.00  921.20   47.70
 1528   17.60   23.40  242.00    3.80  994.90   23.86
 1529   15.70   28.10  217.00    3.30    0.00   13.00
 1530   13.90   33.20  225.00    2.60    0.00    0.00
 1531   12.70   37.10  224.00    2.50    0.00    0.00
 1532   11.40   41.00  218.00    2.00    0.00    0.00
 1533   10.50   44.90  224.00    2.30    0.00    0.00
 1534    8.90   48.20  206.00    1.30    0.00    0.00
 1535    7.40   52.00  203.00    1.40    0.00    0.00
 1536    6.50   55.70  160.00    1.70    0.00    0.00
 1537    5.20   58.80  174.00    1.80    0.00    0.00
 1538    4.90   61.40  177.00    1.80    0.00    0.00
 1539    5.50   60.40  190.00    1.90    0.00    0.00
 1540    5.50   59.20  180.00    2.00    0.00    0.00
 1541    5.00   60.80  181.00    1.80    0.00    0.00
 1542    4.80   64.00  189.00    1.80    0.00    4.00
 1543    5.80   64.40  183.00    1.30   19.35   72.12
 1544    8.40   59.20  222.00    2.30  265.79  142.63
 1545   11.10   52.80  233.00    2.30  514.40  145.49
 1546   13.50   45.30  214.00    2.40  692.59  127.21
 1547   15.10   38.90  180.00    2.90  820.60  106.18
 1548   16.60   33.90  224.00    3.90  880.76   95.18
 1549   17.50   30.50  237.00    3.70  913.85   85.12
 1550   17.90   29.00  222.00    3.70  931.26   70.78
 1551   18.10   27.80  203.00    3.60  938.73   49.55
 1552   17.80   27.70  215.00    3.40  983.38   24.54
 1553   16.20   31.20  224.00    2.20    0.00   14.00
 1554   15.20   36.90  187.00    1.70    0.00    0.00
 1555   14.00   41.80  207.00    1.90    0.00    0.00
 1556   12.80   46.30  218.00    1.80    0.00    0.00
 1557   11.40   50.30  212.00    1.10    0.00    0.00
 1558    9.60   55.50  179.00    1.20    0.00    0.00
 1559    9.40   59.30  182.00    1.20    0.00    0.00
 1560    8.50   62.30  172.00    1.20    0.00    0.00
 1561    8.10   64.10  181.00    1.70    0.00    0.00
 1562    6.40   67.00  132.00    1.00    0.00    0.00
 1563    5.40   72.70  149.00    1.10    0.00    0.00
 1564    6.00   73.40  178.00    1.10    0.00    0.00
 1565    5.60   72.30  169.00    1.00    0.00    0.00
 1566    3.50   75.30  342.00    1.00    0.00    3.70
 1567    5.70   76.00  169.00    1.00    3.95   46.44
 1568    8.70   68.80  157.00    1.50   70.83  148.56
 1569   13.00   55.90  173.00    1.60  412.52  167.86
 1570   15.20   45.50  191.00    2.50  648.87  139.12
 1571   17.50   39.00  203.00    2.60  783.18  115.11
 1572   18.80   33.70  167.00    2.90  863.75   98.17
 1573   19.60   30.60  154.00    2.60  904.82   85.85
 1574   19.50   29.20  172.00    2.80  919.60   70.85
 1575   19.30   28.10  136.00    2.40  924.35   49.71
 1576   19.20   28.20  125.00    1.80 1018.62   26.40
 1577   17.30   29.90  124.00    2.00    0.00   26.00
 1578   15.40   32.80  125.00    1.70    0.00    0.00
 1579   11.20   41.30  102.00    1.40    0.00    0.00
 1580   11.70   48.20  169.00    1.00    0.00    0.00
 1581    9.70   51.70  102.00    1.40    0.00    0.00
 1582    9.90   56.40  113.00    1.20    0.00    0.00
 1583    8.50   59.40  119.00    1.00    0.00    0.00
 1584    7.40   63.90   84.00    1.50    0.00    0.00
 1585    7.30   66.20   67.00    1.20    0.00    0.00
 1586    6.70   67.90   63.00    1.20    0.00    0.00
 1587    6.50   69.20   56.00    1.00    0.00    0.00
 1588    6.10   70.50  298.00    0.50    0.00    0.00
 1589    6.20   70.90   80.00    0.80    0.00    0.00
 1590    5.30   71.60   92.00    1.40    0.00    5.00
 1591    7.10   69.80   78.00    1.30   21.33   77.99
 1592   10.70   62.90   73.00    3.10  234.99  150.96
 1593   13.30   53.40   90.00    3.70  474.53  157.65
 1594   15.50   44.30   92.00    4.00  650.28  140.26
 1595   16.70   39.20  101.00    3.20  790.70  114.52
 1596   17.40   36.30   65.00    4.00  870.59   98.19
 1597   17.70   34.00   51.00    3.50  905.99   86.79
 1598   18.10   33.00   62.00    3.70  914.34   71.42
 1599   17.80   32.90   52.00    4.80  911.14   50.01
 1600   17.40   32.50   76.00    4.30  992.46   26.68
 1601   15.30   35.80   69.00    3.00    0.00   28.00
 1602   13.80   41.60   63.00    2.80    0.00    0.00
 1603   12.80   46.50   59.00    3.30    0.00    0.00
 1604   13.00   49.80   69.00    4.20    0.00    0.00
 1605   12.30   51.00   71.00    4.10    0.00    0.00
 1606   11.80   52.90   80.00    3.80    0.00    0.00
 1607   10.80   55.40   80.00    3.40    0.00    0.00
 1608   10.40   57.80   70.00    2.60    0.00    0.00
 1609    9.10   60.80   69.00    1.90    0.00    0.00
 1610    8.10   65.30   65.00    3.00    0.00    0.00
 1611    7.70   68.30   60.00    1.90    0.00    0.00
 1612    7.50   69.20   70.00    2.80    0.00    0.00
 1613    6.60   70.90   72.00    2.80    0.00    0.00
 1614    6.30   72.70   71.00    2.10    0.93    6.95
 1615    7.00   72.10   81.00    2.60   23.98   81.82
 1616    8.90   67.40   71.00    2.40  241.44  153.05
 1617   11.00   60.20   77.00    2.60  474.90  159.62
 1618   12.50   54.00   89.00    2.40  658.49  139.69
 1619   14.30   48.60   54.00    1.90  797.08  114.18
 1620   15.70   44.50   52.00    2.40  867.41   99.52
 1621   16.30   41.10   75.00    1.70  904.11   87.71
 1622   16.80   39.30  103.00    2.50  915.64   72.44
 1623   17.10   40.20  106.00    2.70  920.34   51.33
 1624   16.70   42.20  106.00    1.70 1005.52   28.00
 1625   15.20   45.80   87.00    1.40    0.00   30.90
 1626   12.20   53.90   68.00    1.40    0.00    0.00
 1627   11.70   61.40   33.00    0.70    0.00    0.00
 1628   10.70   65.80    5.00    0.50    0.00    0.00
 1629   10.00   71.10   12.00    0.70    0.00    0.00
 1630    8.60   76.10  349.00    0.80    0.00    0.00
 1631    8.70   78.70   73.00    0.60    0.00    0.00
 1632    7.40   80.20  306.00    0.90    0.00    0.00
 1633    7.20   82.20  270.00    0.90    0.00    0.00
 1634    6.00   84.50  283.00    0.60    0.00    0.00
 1635    5.70   87.30  283.00    0.80    0.00    0.00
 1636    5.70   88.00  302.00    0.80    0.00    0.00
 1637    5.20   87.80  306.00    1.30    0.00    0.00
 1638    5.20   86.90  295.00    0.90    0.59    5.87
 1639    5.60   85.60  296.00    1.00   23.87   84.20
 1640    9.40   77.80    3.00    0.70  232.25  156.62
 1641   12.50   65.70  319.00    1.40  459.69  164.86
 1642   14.60   56.10  310.00    2.20  640.74  145.61
 1643   16.10   49.30  298.00    2.40  774.04  120.49
 1644   16.50   42.70  318.00    2.90  850.49  102.96
 1645   16.90   36.80  308.00    3.70  890.21   89.09
 1646   17.30   34.30  316.00    4.20  897.95   73.06
 1647   17.10   33.80  288.00    4.40  903.00   51.70
 1648   16.60   35.60  263.00    3.50  984.55   28.36
 1649   15.00   40.30  284.00    3.30    0.00   32.40
 1650   12.90   47.70  290.00    2.90    0.00    0.00
 1651   12.00   54.50  278.00    2.40    0.00    0.00
 1652   10.80   60.70  300.00    3.40    0.00    0.00
 1653   10.90   66.60  315.00    3.80    0.00    0.00
 1654    9.00   71.60  318.00    2.40    0.00    0.00
 1655    8.20   78.30  298.00    1.50    0.00    0.00
 1656    7.20   82.40  284.00    2.30    0.00    0.00
 1657    6.40   85.10  299.00    1.70    0.00    0.00
 1658    5.80   87.80  269.00    2.20    0.00    0.00
 1659    5.80   90.70  279.00    2.50    0.00    0.00
 1660    5.20   93.10  306.00    2.20    0.00    0.00
 1661    4.90   93.40  331.00    1.70    0.00    0.00
 1662    4.90   93.30  239.00    0.80    0.06    2.00
 1663    4.50   92.80  317.00    1.30    0.90   25.21
 1664    4.20   92.70   61.00    1.30    1.85   58.06
 1665    4.30   92.00  209.00    0.70    4.92  122.67
 1666    3.80   91.20  242.00    2.00    6.97  165.04
 1667    3.50   91.10  235.00    1.90   17.52  213.04
 1668    4.10   89.70  229.00    1.50   57.89  246.09
 1669    4.90   86.60  243.00    1.60   87.37  231.50
 1670    5.50   83.70  165.00    1.60  296.88  179.37
 1671    6.80   80.20   99.00    1.10  519.32   99.22
 1672    7.00   78.10   74.00    1.00  472.63   54.50
 1673    6.30   79.50   51.00    1.20    0.00   20.00
 1674    5.50   83.20   51.00    1.00    0.00    0.00
 1675    4.90   86.60   55.00    0.90    0.00    0.00
 1676    3.80   89.80  103.00    1.10    0.00    0.00
 1677    3.60   92.00  122.00    1.10    0.00    0.00
 1678    2.70   92.60    2.00    1.40    0.00    0.00
 1679    4.30   91.90  269.00    0.50    0.00    0.00
 1680    4.60   90.90  170.00    1.30    0.00    0.00
 1681    4.50   91.40  164.00    0.80    0.00    0.00
 1682    4.80   91.70  203.00    1.20    0.00    0.00
 1683    5.30   92.10  236.00    1.70    0.00    0.00
 1684    5.30   92.80  278.00    1.20    0.00    0.00
 1685    5.40   92.40  268.00    2.10    0.00    0.00
 1686    5.50   91.80  266.00    2.10    0.12    2.99
 1687    5.80   90.20  283.00    2.70    3.13   48.01
 1688    6.00   87.60  289.00    2.90   20.96  139.47
 1689    6.60   82.60  274.00    3.10  101.00  215.45
 1690    7.40   74.70  294.00    2.80    8.55  176.46
 1691    7.00   69.10  264.00    1.50    2.17  101.68
 1692    8.00   64.90  256.00    2.10    4.92  149.48
 1693    7.40   62.30  299.00    2.00   24.88  203.18
 1694    7.70   62.60  315.00    2.50    9.64  142.09
 1695    7.90   62.40  284.00    2.00    3.29   65.92
 1696    7.40   62.70  285.00    2.70    3.22   34.10
 1697    7.00   65.30  306.00    2.10    0.00   12.40
 1698    6.90   66.80  333.00    2.60    0.00    0.00
 1699    6.80   65.50  342.00    2.80    0.00    0.00
 1700    6.30   67.20  356.00    1.20    0.00    0.00
 1701    5.70   75.80  193.00    2.00    0.00    0.00
 1702    5.00   86.40  157.00    2.00    0.00    0.00
 1703    4.80   91.20  195.00    1.90    0.00    0.00
 1704    4.50   92.70  208.00    1.30    0.00    0.00
 1705    4.10   92.20  242.00    1.70    0.00    0.00
 1706    4.10   91.40  241.00    1.20    0.00    0.00
 1707    3.50   93.40  315.00    0.70    0.00    0.00
 1708    3.20   95.70  216.00    0.90    0.00    0.00
 1709    3.10   96.30  264.00    1.60    0.00    0.00
 1710    2.40   96.50  273.00    1.10    0.68    7.85
 1711    2.70   97.20  318.00    0.90    8.28   75.21
 1712    4.70   90.70    6.00    1.30   71.81  165.11
 1713    5.70   79.10  349.00    2.40   95.94  217.60
 1714    6.90   68.20    2.00    3.70  152.66  252.95
 1715    7.60   59.40   16.00    3.20  135.81  268.20
 1716    7.60   55.10    8.00    3.30  118.33  263.17
 1717    8.10   52.90  329.00    4.40   43.18  220.94
 1718    8.40   50.90  332.00    3.90   50.14  186.09
 1719    8.60   50.20  311.00    4.40   37.26  128.94
 1720    8.30   52.50  318.00    4.30    8.18   52.69
 1721    7.60   55.50  309.00    4.40    0.00    5.80
 1722    6.20   59.20  300.00    2.70    0.00    0.00
 1723    6.20   62.40  276.00    1.90    0.00    0.00
 1724    5.50   65.70  251.00    1.80    0.00    0.00
 1725    4.60   70.40  277.00    2.30    0.00    0.00
 1726    4.70   72.60  283.00    2.40    0.00    0.00
 1727    4.80   72.80  231.00    1.50    0.00    0.00
 1728    4.60   72.70  275.00    2.00    0.00    0.00
 1729    4.80   72.30  253.00    2.30    0.00    0.00
 1730    4.80   72.10  252.00    1.80    0.00    0.00
 1731    4.30   74.60  204.00    1.50    0.00    0.00
 1732    4.10   77.00  261.00    1.30    0.00    0.00
 1733    4.20   77.20  300.00    1.00    0.00    0.00
 1734    4.40   76.30  238.00    1.30    0.57    7.75
 1735    4.50   76.00  279.00    1.30    4.84   62.77
 1736    5.20   74.70  318.00    1.20   23.95  147.12
 1737    5.60   71.60   18.00    1.10   76.43  217.03
 1738    6.70   67.80  243.00    1.70  133.49  255.86
 1739    7.60   63.70  237.00    1.90  235.02  261.66
 1740    8.40   57.00  242.00    2.10  153.36  265.76
 1741    9.00   51.90  306.00    2.40   11.48  181.90
 1742    8.30   54.50  307.00    3.00    3.40   95.95
 1743    8.30   55.90  341.00    3.10    4.72   81.25
 1744    8.10   53.10  321.00    3.40   76.97   75.99
 1745    8.00   51.10  309.00    2.50    0.00   23.20
 1746    7.00   53.70  329.00    2.80    0.00    0.00
 1747    6.40   64.50   59.00    2.80    0.00    0.00
 1748    6.20   73.30   60.00    3.10    0.00    0.00
 1749    5.90   75.20   77.00    2.90    0.00    0.00
 1750    5.70   76.40   38.00    3.20    0.00    0.00
 1751    4.90   77.70   33.00    2.10    0.00    0.00
 1752    4.50   79.60   30.00    3.50    0.00    0.00
 1753    4.50   81.40   20.00    3.10    0.00    0.00
 1754    4.10   83.60   30.00    3.30    0.00    0.00
 1755    3.80   85.80   26.00    2.90    0.00    0.00
 1756    3.60   87.30   44.00    3.00    0.00    0.00
 1757    3.30   88.70   36.00    3.10    0.00    0.00
 1758    3.50   89.80   43.00    3.00    0.20    4.98
 1759    3.80   90.00   51.00    3.70    2.18   43.48
 1760    3.80   90.60   61.00    3.70    2.97   78.49
 1761    4.10   90.80   49.00    3.40    2.16   86.07
 1762    4.40   89.60   76.00    4.00    3.68  128.28
 1763    5.20   85.00   45.00    3.10   19.74  225.66
 1764    6.60   78.60   85.00    2.80  222.79  261.36
 1765    7.20   73.70   62.00    3.30  259.07  232.72
 1766    8.10   67.20   46.00    2.50  101.68  201.76
 1767    8.60   61.30   76.00    4.20  173.57  146.23
 1768    8.00   61.30   42.00    4.60  562.59   53.89
 1769    7.00   66.30   42.00    3.90    0.00   31.60
 1770    5.50   72.50   28.00    3.10    0.00    0.00
 1771    4.50   77.00   20.00    2.90    0.00    0.00
 1772    4.30   79.80   29.00    2.90    0.00    0.00
 1773    3.50   82.40   32.00    2.00    0.00    0.00
 1774    3.10   84.40   21.00    0.70    0.00    0.00
 1775    2.40   86.60   26.00    1.10    0.00    0.00
 1776    2.50   88.30  346.00    1.00    0.00    0.00
 1777    1.80   89.50  358.00    1.20    0.00    0.00
 1778    0.60   92.20  352.00    1.70    0.00    0.00
 1779    1.60   93.50   27.00    1.10    0.00    0.00
 1780    0.40   93.40   12.00    1.60    0.00    0.00
 1781    0.70   93.70  342.00    1.80    0.00    0.00
 1782   -0.20   93.50  352.00    0.90    2.74   19.44
 1783    2.80   92.00  311.00    0.70   36.58  104.87
 1784    4.70   87.50  348.00    1.40  212.05  174.73
 1785    6.00   80.20  329.00    2.30  554.76  155.15
 1786    7.60   70.40  310.00    3.10  521.60  186.66
 1787    8.30   60.00  315.00    3.40  491.89  205.51
 1788    8.80   49.80  293.00    3.60  847.47  108.90
 1789    9.50   43.00  303.00    4.30  921.42   95.47
 1790    9.50   38.50  317.00    4.90  931.38   80.29
 1791    9.80   38.20  310.00    5.20  952.48   59.66
 1792    9.90   39.30  316.00    5.60 1009.73   34.86
 1793    9.30   43.70  312.00    5.10    0.00   48.90
 1794    9.40   52.40  329.00    5.30    0.00    0.00
 1795    9.30   56.30  304.00    3.90    0.00    0.00
 1796    9.00   59.00  302.00    5.20    0.00    0.00
 1797    8.50   63.10  296.00    4.00    0.00    0.00
 1798    8.40   68.80  302.00    5.30    0.00    0.00
 1799    8.10   73.40  314.00    4.70    0.00    0.00
 1800    5.80   78.10   25.00    6.50    0.00    0.00
 1801    5.20   74.70   40.00    6.90    0.00    0.00
 1802    4.00   65.00   36.00    5.50    0.00    0.00
 1803    3.30   61.70   22.00    4.90    0.00    0.00
 1804    2.10   66.50   19.00    3.50    0.00    0.00
 1805    1.80   74.40   17.00    3.40    0.00    0.00
 1806    1.70   77.70   17.00    3.60    3.76   24.21
 1807    2.80   75.20   18.00    4.00  122.71  118.96
 1808    4.20   67.10   39.00    4.40  405.89  150.38
 1809    5.00   57.00   48.00    6.00  527.82  163.32
 1810    5.20   49.70   49.00    5.00  624.22  160.35
 1811    5.80   44.00   13.00    5.30  824.55  116.21
 1812    6.70   38.10   48.00    4.30  876.47  105.57
 1813    6.60   32.30   65.00    4.70  828.16  103.44
 1814    6.30   30.50   27.00    4.30  876.18   80.25
 1815    6.10   31.40    7.00    4.90  944.50   60.08
 1816    6.20   30.30   13.00    4.90 1017.28   36.09
 1817    5.30   30.70   10.00    4.10    0.00   55.00
 1818    3.50   34.60   38.00    3.00    0.00    0.00
 1819    3.00   39.50   36.00    2.70    0.00    0.00
 1820    2.70   44.10   63.00    2.20    0.00    0.00
 1821    2.10   49.30   77.00    1.60    0.00    0.00
 1822    1.50   54.20  102.00    1.10    0.00    0.00
 1823    1.00   57.80  200.00    1.20    0.00    0.00
 1824    0.70   60.70  216.00    1.70    0.00    0.00
 1825   -0.30   64.20  208.00    1.20    0.00    0.00
 1826   -0.50   66.40  225.00    1.20    0.00    0.00
 1827   -0.30   65.30  237.00    1.40    0.00    0.00
 1828   -0.80   66.00  220.00    1.40    0.00    0.00
 1829   -0.30   65.80  237.00    1.80    0.00    0.00
 1830   -0.30   63.40  233.00    1.80    4.43   27.82
 1831    1.80   59.80  256.00    2.30  133.43  121.92
 1832    4.90   51.50  264.00    2.90  430.39  148.32
 1833    6.70   42.00  259.00    3.50  641.92  137.50
 1834    7.20   35.40  267.00    3.70  782.97  120.19
 1835    7.70   30.80  280.00    3.30  869.21  109.25
 1836    8.50   26.50  250.00    3.10  909.53  105.37
 1837    9.50   24.10  242.00    2.80  934.24   98.72
 1838    9.90   22.40  261.00    2.90  952.12   83.97
 1839   10.10   21.70  285.00    2.40  975.41   62.98
 1840    9.80   23.30  281.00    2.90 1020.90   37.17
 1841    8.40   27.10  293.00    2.70    0.00   57.10
 1842    7.00   31.30  288.00    1.90    0.00    0.00
 1843    6.90   33.00  236.00    0.80    0.00    0.00
 1844    5.60   36.80  197.00    1.30    0.00    0.00
 1845    3.80   43.20  195.00    1.40    0.00    0.00
 1846    3.90   46.10  206.00    1.40    0.00    0.00
 1847    3.00   47.30  204.00    1.00    0.00    0.00
 1848    1.90   49.80  156.00    1.10    0.00    0.00
 1849    1.20   52.70  166.00    1.30    0.00    0.00
 1850    1.00   56.30  151.00    1.20    0.00    0.00
 1851    0.20   59.30  102.00    1.00    0.00    0.00
 1852    0.10   61.30  103.00    1.10    0.00    0.00
 1853   -0.30   64.60   95.00    1.30    0.00    0.00
 1854    0.10   67.20  100.00    1.10    4.45   29.49
 1855    2.50   61.80  158.00    1.50  138.06  124.77
 1856    5.30   50.90  126.00    1.70  442.50  148.29
 1857    7.40   43.10  199.00    2.10  661.27  134.27
 1858    9.60   37.80  194.00    2.30  796.61  118.08
 1859   11.30   32.80  205.00    2.50  879.85  108.91
 1860   12.10   29.10  205.00    2.70  916.17  107.07
 1861   13.60   27.10  159.00    2.60  942.94  100.60
 1862   13.80   26.00  175.00    2.50  962.51   85.83
 1863   14.50   24.30  175.00    2.70  981.05   64.28
 1864   14.50   24.30  145.00    2.50 1024.86   38.28
 1865   14.00   26.60  195.00    2.10    0.00   62.30
 1866   12.00   29.80  173.00    1.30    0.00    0.00
 1867   10.90   34.20  166.00    1.50    0.00    0.00
 1868    9.80   38.60  150.00    2.10    0.00    0.00
 1869    8.60   43.20  142.00    1.70    0.00    0.00
 1870    7.60   47.30  144.00    1.10    0.00    0.00
 1871    7.60   49.60  139.00    1.30    0.00    0.00
 1872    4.60   56.10  151.00    1.40    0.00    0.00
 1873    3.80   65.30  151.00    1.00    0.00    0.00
 1874    3.10   69.20  137.00    1.10    0.00    0.00
 1875    2.70   71.90  137.00    1.30    0.00    0.00
 1876    2.40   74.10  132.00    0.90    0.00    0.00
 1877    1.80   76.30  131.00    1.30    0.00    0.00
 1878    2.10   75.60  136.00    1.20    4.53   31.35
 1879    5.40   67.20  165.00    1.40  132.60  127.59
 1880    8.20   56.20  198.00    1.90  413.73  155.70
 1881   11.10   47.10  203.00    2.10  623.63  144.97
 1882   13.90   39.60  218.00    2.30  765.02  126.65
 1883   15.80   34.00  205.00    2.30  860.35  112.29
 1884   17.00   30.00  230.00    2.80  906.10  107.00
 1885   17.30   27.90  274.00    2.90  927.93   99.94
 1886   18.10   26.10  231.00    2.50  946.19   85.31
 1887   18.30   25.20  217.00    2.20  960.29   63.84
 1888   18.50   25.80  345.00    1.30  998.12   38.21
 1889   17.20   28.00   24.00    1.40    0.00   65.10
 1890   15.00   33.30  226.00    1.40    0.00    0.00
 1891   12.50   40.10  196.00    0.90    0.00    0.00
 1892   11.70   45.20  249.00    0.90    0.00    0.00
 1893   10.60   49.70  182.00    0.90    0.00    0.00
 1894    9.20   54.50  184.00    0.90    0.00    0.00
 1895    7.80   59.70   88.00    1.30    0.00    0.00
 1896    6.80   64.50  125.00    1.20    0.00    0.00
 1897    6.50   67.20  176.00    0.90    0.00    0.00
 1898    6.00   69.70  119.00    0.80    0.00    0.00
 1899    5.50   71.60  145.00    1.20    0.00    0.00
 1900    4.80   74.60  107.00    1.10    0.00    0.00
 1901    3.80   78.30   98.00    0.90    0.00    0.00
 1902    4.70   78.00  106.00    1.10    4.05   31.18
 1903    7.50   72.50  124.00    1.10  108.82  129.88
 1904   11.50   60.10  110.00    1.20  365.25  166.55
 1905   14.40   46.20   92.00    1.70  580.20  157.40
 1906   16.50   37.30  119.00    3.10  731.05  136.50
 1907   17.70   30.90  109.00    3.90  829.34  118.88
 1908   18.60   28.20   84.00    4.10  881.34  108.50
 1909   18.30   28.00  119.00    4.20  907.40   98.70
 1910   18.60   28.40  101.00    4.00  921.77   84.00
 1911   18.40   29.20   74.00    5.30  934.06   62.98
 1912   18.00   30.80   79.00    5.30  952.11   37.34
 1913   16.90   34.10   89.00    4.50    0.00   71.20
 1914   15.60   36.10   88.00    4.30    0.00    0.00
 1915   14.80   37.80   89.00    3.90    0.00    0.00
 1916   14.00   39.70   89.00    3.90    0.00    0.00
 1917   13.60   41.50  100.00    4.40    0.00    0.00
 1918   13.10   43.30   99.00    4.50    0.00    0.00
 1919   12.50   44.90  100.00    4.30    0.00    0.00
 1920   12.00   46.00   90.00    4.30    0.00    0.00
 1921   11.40   47.00   91.00    4.80    0.00    0.00
 1922   10.40   49.10   89.00    4.90    0.00    0.00
 1923    9.50   53.00   89.00    5.80    0.00    0.00
 1924    8.70   58.50   81.00    5.70    0.00    0.00
 1925    8.20   63.80   84.00    5.90    0.00    0.00
 1926    7.40   66.70   90.00    6.10    4.39   34.01
 1927    8.50   64.70   81.00    6.20  123.53  133.13
 1928   10.00   58.20   89.00    6.00  380.24  166.22
 1929   11.70   52.50   75.00    7.20  594.83  155.30
 1930   12.60   48.50   81.00    7.50  743.77  134.26
 1931   13.90   45.20   98.00    7.60  844.06  116.83
 1932   15.10   41.90   81.00    7.40  889.22  108.79
 1933   15.40   39.40   71.00    7.40  911.24   99.97
 1934   15.20   38.90   71.00    7.90  928.73   85.54
 1935   14.70   37.60   80.00    7.90  942.16   64.42
 1936   13.90   36.10   80.00    7.50  967.51   38.84
 1937   12.80   37.20   80.00    7.30    0.00   76.80
 1938   11.80   39.70   81.00    6.30    0.00    0.00
 1939   10.90   43.20   81.00    5.90    0.00    0.00
 1940   10.50   47.70   81.00    5.40    0.00    0.00
 1941   10.40   51.50   90.00    6.00    0.00    0.00
 1942   10.20   53.80   93.00    5.40    0.00    0.00
 1943   10.00   54.80   93.00    4.90    0.00    0.00
 1944    9.30   55.40   91.00    4.90    0.00    0.00
 1945    8.70   56.50   85.00    4.70    0.00    0.00
 1946    8.20   58.10   89.00    5.20    0.00    0.00
 1947    8.30   58.40   91.00    5.60    0.00    0.00
 1948    7.70   58.50   84.00    5.30    0.00    0.00
 1949    7.00   60.20   91.00    5.30    0.00    0.00
 1950    7.00   61.20   92.00    5.10    2.70   28.02
 1951    7.50   60.60   83.00    5.50  101.41  135.09
 1952    9.10   57.00   90.00    6.10  342.53  175.13
 1953   11.30   51.90   96.00    6.00  481.87  185.67
 1954   11.20   50.60   81.00    4.80  305.62  255.52
 1955   11.70   51.60  102.00    5.40  258.29  278.48
 1956   13.00   51.40   97.00    5.50  490.48  213.97
 1957   13.60   50.70   80.00    4.70  268.94  248.03
 1958   14.20   50.10  109.00    4.30  124.08  220.76
 1959   14.40   50.30   87.00    3.90  251.77  157.19
 1960   14.10   52.40   70.00    4.80  365.07   84.42
 1961   13.80   55.50   93.00    5.00    0.00   53.80
 1962   13.10   58.50   90.00    3.30    0.00    0.00
 1963   12.50   61.40   87.00    2.20    0.00    0.00
 1964   11.60   64.50   86.00    1.90    0.00    0.00
 1965   10.90   68.90   80.00    2.30    0.00    0.00
 1966   11.40   70.70   95.00    2.10    0.00    0.00
 1967   11.00   70.80   88.00    2.00    0.00    0.00
 1968   10.10   73.60   89.00    1.70    0.00    0.00
 1969    9.60   77.90   84.00    2.10    0.00    0.00
 1970    9.70   81.10  119.00    1.30    0.00    0.00
 1971    9.30   83.50   85.00    1.80    0.00    0.00
 1972    9.40   85.50   46.00    1.20    0.00    0.00
 1973    9.60   84.90   73.00    1.70    0.00    0.00
 1974    9.50   84.30   79.00    1.70    0.50   12.73
 1975    9.90   82.50   59.00    1.40    2.06   51.89
 1976   10.60   79.30   76.00    1.90    4.16  106.02
 1977   11.00   76.30  104.00    1.80    8.02  172.84
 1978   12.10   71.50  117.00    1.90   41.39  257.96
 1979   13.30   65.50   28.00    1.30  456.09  229.95
 1980   15.10   58.00   98.00    1.40  749.96  138.75
 1981   14.70   53.50  333.00    1.70  231.22  256.50
 1982   15.20   53.70  309.00    2.50  302.36  204.94
 1983   14.90   54.50  293.00    3.00  204.69  163.64
 1984   14.80   55.70  330.00    1.90  106.24   99.12
 1985   14.30   58.60  340.00    2.40  234.30   29.93
 1986   13.60   61.80   33.00    2.30    0.00    0.00
 1987   13.00   64.70   62.00    1.90    0.00    0.00
 1988   11.90   69.20   97.00    2.60    0.00    0.00
 1989   10.90   75.10  136.00    1.80    0.00    0.00
 1990    9.30   82.00  106.00    1.30    0.00    0.00
 1991    8.50   86.50  148.00    1.70    0.00    0.00
 1992    8.20   88.00   23.00    1.20    0.00    0.00
 1993    8.30   89.50  229.00    0.60    0.00    0.00
 1994    9.20   87.40  180.00    1.40    0.00    0.00
 1995    7.70   87.70   95.00    1.00    0.00    0.00
 1996    7.70   91.00   87.00    1.40    0.00    0.00
 1997    7.30   92.40  269.00    0.70    0.00    0.00
 1998    6.80   94.20  155.00    1.30    3.31   33.70
 1999    9.30   90.90  280.00    2.30   91.66  139.90
 2000   10.90   81.50  300.00    3.40  223.78  197.41
 2001   12.00   72.00  291.00    3.80  510.43  182.05
 2002   13.50   63.60  313.00    4.10  716.71  144.94
 2003   14.40   57.90  291.00    4.40  809.90  126.76
 2004   14.60   55.60  265.00    4.00  548.13  199.80
 2005   13.30   58.50  290.00    5.00   58.74  254.70
 2006   12.50   62.90  289.00    5.40  286.53  209.60
 2007   11.00   65.80  297.00    5.70  711.36   87.09
 2008    8.80   71.50  277.00    4.70  883.17   38.93
 2009    7.60   78.00  283.00    4.50  931.97   11.70
 2010    7.90   80.70  283.00    4.10    0.00    0.00
 2011    8.00   81.30  305.00    4.70    0.00    0.00
 2012    8.20   82.10  291.00    3.60    0.00    0.00
 2013    8.10   82.00  270.00    2.80    0.00    0.00
 2014    8.10   81.90  252.00    2.10    0.00    0.00
 2015    8.20   82.50  235.00    1.90    0.00    0.00
 2016    7.90   83.50  223.00    2.20    0.00    0.00
 2017    7.80   84.30  243.00    2.10    0.00    0.00
 2018    7.90   84.20  234.00    2.30    0.00    0.00
 2019    8.10   83.10  263.00    2.00    0.00    0.00
 2020    8.50   82.40  255.00    2.40    0.00    0.00
 2021    7.90   87.30  266.00    2.70    0.00    0.00
 2022    7.80   93.80  256.00    2.70    0.14    7.28
 2023    8.10   95.80  269.00    3.20    0.48   26.35
 2024    8.20   95.70  313.00    4.90    2.08   77.29
 2025    8.50   92.70  307.00    4.40    5.45  153.44
 2026    7.70   92.00  324.00    3.70    3.07  130.42
 2027    8.50   86.50  305.00    5.00    3.55  146.63
 2028    9.20   78.40  312.00    4.10    2.83  128.62
 2029    9.50   75.70  301.00    4.60    2.30  106.48
 2030    9.90   74.30  311.00    5.20    2.69   97.09
 2031   10.40   72.80  301.00    4.10    6.71  112.65
 2032   11.00   70.30  303.00    2.90   72.23  100.88
 2033   11.10   68.30  292.00    3.10  146.57   30.84
 2034   10.60   69.00  301.00    2.60    0.00    0.00
 2035   10.10   72.10  270.00    2.10    0.00    0.00
 2036    9.20   75.80  273.00    1.90    0.00    0.00
 2037    7.70   80.60  274.00    2.20    0.00    0.00
 2038    6.80   85.20  268.00    2.10    0.00    0.00
 2039    6.60   87.60  263.00    1.90    0.00    0.00
 2040    5.80   88.90  287.00    2.10    0.00    0.00
 2041    5.90   90.20  306.00    3.60    0.00    0.00
 2042    5.30   91.50  316.00    3.10    0.00    0.00
 2043    5.10   93.00  319.00    2.70    0.00    0.00
 2044    4.90   94.90  305.00    1.90    0.00    0.00
 2045    4.70   96.50  288.00    2.90    0.00    0.00
 2046    4.90   97.30  296.00    3.20    1.51   24.75
 2047    5.10   97.70  293.00    3.30    4.83   83.78
 2048    5.40   97.70  291.00    3.30    5.16  122.60
 2049    5.70   97.40  255.00    2.30    5.47  155.40
 2050    5.90   97.10  283.00    2.40    4.13  152.25
 2051    6.20   95.40  277.00    2.40    3.62  149.36
 2052    6.70   93.30  291.00    2.20    3.53  144.57
 2053    7.20   90.00  274.00    2.60    4.13  143.20
 2054    7.40   86.10  239.00    2.40    4.58  127.26
 2055    7.70   83.40  271.00    2.30    9.11  123.83
 2056    8.40   81.10  278.00    1.50  106.02  105.40
 2057    8.70   79.50  249.00    1.80  575.44   21.63
 2058    7.60   81.30  190.00    1.80    0.00    1.10
 2059    6.50   86.30  161.00    1.90    0.00    0.00
 2060    5.80   91.00  171.00    1.90    0.00    0.00
 2061    5.40   94.40  175.00    1.50    0.00    0.00
 2062    4.70   95.80  161.00    1.80    0.00    0.00
 2063    3.90   96.30  164.00    1.90    0.00    0.00
 2064    3.50   96.50  154.00    1.50    0.00    0.00
 2065    2.30   96.70  158.00    1.40    0.00    0.00
 2066    3.00   97.10  128.00    1.50    0.00    0.00
 2067    2.60   97.70  137.00    1.80    0.00    0.00
 2068    2.50   98.10  134.00    1.90    0.00    0.00
 2069    2.60   98.50  138.00    2.30    0.00    0.00
 2070    3.00   98.70  112.00    1.90    1.33   24.07
 2071    3.50   98.80  131.00    2.70    7.49  102.20
 2072    4.30   98.90  139.00    2.90   21.22  176.43
 2073    5.90   98.10  123.00    2.60  105.01  257.72
 2074    8.60   89.20  138.00    2.80  671.39  161.53
 2075   12.00   71.60  128.00    3.40  875.54  117.03
 2076   13.70   57.70  114.00    3.00  912.79  115.09
 2077   15.20   47.50  107.00    3.10  933.56  107.89
 2078   16.70   39.00  128.00    3.30  950.04   92.89
 2079   17.10   34.30  111.00    3.60  962.89   71.18
 2080   17.40   33.60  120.00    2.90  989.63   45.16
 2081   16.40   36.30  116.00    3.50 1179.60   17.51
 2082   14.20   43.20  109.00    2.10    0.00    2.70
 2083   12.40   52.50  108.00    2.50    0.00    0.00
 2084   11.20   58.80  115.00    2.50    0.00    0.00
 2085   10.60   63.30   95.00    2.50    0.00    0.00
 2086    9.80   67.40  109.00    1.80    0.00    0.00
 2087    9.10   70.70  106.00    2.00    0.00    0.00
 2088    8.30   74.40   92.00    1.40    0.00    0.00
 2089    8.00   77.80   75.00    1.30    0.00    0.00
 2090    7.00   81.30   11.00    1.30    0.00    0.00
 2091    6.40   85.50   22.00    1.20    0.00    0.00
 2092    6.40   87.30  351.00    1.40    0.00    0.00
 2093    6.50   86.70   15.00    1.30    0.00    0.30
 2094    7.40   84.60  345.00    1.40    3.84   42.12
 2095    9.40   78.70  319.00    2.30   24.51  130.40
 2096   10.30   71.70  305.00    3.50   49.77  200.16
 2097   10.50   68.90  311.00    4.30  137.61  261.59
 2098   12.10   66.50  312.00    5.40  262.34  277.98
 2099   12.60   64.00  317.00    5.60  274.47  287.96
 2100   13.50   63.50  313.00    4.70  437.64  239.28
 2101   14.20   61.90  308.00    6.30  486.90  205.79
 2102   14.90   58.60  326.00    5.90  575.07  152.95
 2103   13.40   58.60  326.00    6.40  699.29   93.19
 2104   12.10   63.00  337.00    6.40  642.92   64.30
 2105   11.50   66.40  339.00    5.10  469.98   28.45
 2106   11.40   67.60  336.00    3.60    0.00    0.90
 2107   11.40   67.20  327.00    3.50    0.00    0.00
 2108   11.00   63.60  338.00    4.00    0.00    0.00
 2109    9.20   60.90  342.00    2.90    0.00    0.00
 2110    7.80   63.10  345.00    2.20    0.00    0.00
 2111    6.60   68.00  273.00    1.20    0.00    0.00
 2112    5.70   70.40  279.00    2.80    0.00    0.00
 2113    4.70   71.50  267.00    1.70    0.00    0.00
 2114    4.20   74.40  265.00    1.20    0.00    0.00
 2115    4.00   77.10  192.00    1.50    0.00    0.00
 2116    2.50   81.10  221.00    1.90    0.00    0.00
 2117    4.00   81.80  217.00    1.50    0.00    2.30
 2118    4.70   78.00  207.00    3.00    5.64   52.57
 2119    6.40   73.60  209.00    3.20   12.33  118.40
 2120    8.80   65.60  208.00    4.30   83.39  212.31
 2121    9.20   62.10  242.00    5.80    4.49  145.26
 2122    6.50   74.40  237.00    5.20    1.17   83.76
 2123    6.70   88.40  221.00    5.80    3.66  153.68
 2124    8.20   85.80  231.00    5.60    5.98  191.42
 2125    9.50   79.50  226.00    5.50    4.91  159.58
 2126    9.00   79.80  225.00    5.20   12.20  179.25
 2127    7.70   86.20  233.00    4.50    5.18  105.61
 2128    8.10   90.10  221.00    3.30    2.61   47.17
 2129    8.80   89.40  251.00    3.70   24.83   33.71
 2130    9.10   87.30  283.00    4.60    0.00    1.00
 2131    8.40   86.90  291.00    5.40    0.00    0.00
 2132    8.00   88.20  288.00    5.00    0.00    0.00
 2133    7.90   89.80  289.00    5.10    0.00    0.00
 2134    8.10   91.30  281.00    3.70    0.00    0.00
 2135    7.90   91.20  280.00    3.80    0.00    0.00
 2136    8.00   91.10  280.00    4.20    0.00    0.00
 2137    8.00   91.00  288.00    4.60    0.00    0.00
 2138    7.70   90.60  279.00    4.10    0.00    0.00
 2139    7.70   91.60  295.00    4.20    0.00    0.00
 2140    7.70   91.10  309.00    4.80    0.00    0.00
 2141    7.30   88.80  326.00    5.00    0.00    1.00
 2142    7.10   87.20  324.00    4.90    2.42   35.84
 2143    7.20   86.70  316.00    4.70    4.47   86.69
 2144    7.20   87.80  314.00    4.40    4.38  118.85
 2145    8.10   86.40  335.00    4.70   16.05  213.04
 2146    9.20   81.00  348.00    4.20    5.70  184.26
 2147    9.40   77.90  339.00    4.60    2.66  132.13
 2148    9.90   76.10    0.00    4.60    2.68  130.05
 2149    9.30   76.00  347.00    5.00    4.29  150.43
 2150    9.50   74.10  359.00    6.10   12.08  180.46
 2151    9.30   70.10    4.00    5.50   14.95  143.00
 2152    7.80   75.60  342.00    4.20   18.90   93.78
 2153    7.90   80.60  343.00    4.00  140.14   41.46
 2154    8.10   77.30  356.00    3.60    0.00    2.00
 2155    7.70   75.90    3.00    3.90    0.00    0.00
 2156    7.40   78.40  356.00    3.90    0.00    0.00
 2157    7.40   81.90    7.00    3.00    0.00    0.00
 2158    7.40   81.50    7.00    3.30    0.00    0.00
 2159    7.30   80.80  359.00    3.20    0.00    0.00
 2160    7.00   83.40  354.00    3.30    0.00    0.00
 2161    6.70   84.40  359.00    3.10    0.00    0.00
 2162    6.60   85.70    8.00    2.40    0.00    0.00
 2163    6.40   85.30   15.00    3.20    0.00    0.00
 2164    6.30   84.30   15.00    2.10    0.00    0.00
 2165    6.00   84.20    5.00    2.30    0.00    2.00
 2166    6.90   83.10   25.00    1.80    9.10   65.22
 2167    8.20   76.60   37.00    2.50  250.86  153.37
 2168    9.70   67.20   22.00    2.70  498.50  162.35
 2169   11.20   61.50   39.00    3.70  648.68  155.12
 2170   11.80   57.10   31.00    4.20  474.54  227.67
 2171   12.70   50.80   36.00    4.50  402.67  259.72
 2172   13.00   48.00   27.00    5.20  663.62  172.33
 2173   13.30   48.10   57.00    5.30  575.64  184.11
 2174   13.10   49.00   52.00    5.70  261.01  227.13
 2175   13.30   50.00   41.00    4.40  277.96  171.37
 2176   13.30   50.80   41.00    4.30  537.45   80.57
 2177   13.10   52.30   42.00    3.80 1064.67   19.64
 2178   12.00   55.20   26.00    3.50    0.00    7.00
 2179   11.20   59.10   29.00    3.60    0.00    0.00
 2180   10.50   63.60   19.00    3.50    0.00    0.00
 2181    9.50   67.70   31.00    3.50    0.00    0.00
 2182    8.60   70.90   32.00    2.80    0.00    0.00
 2183    8.00   74.50   37.00    2.10    0.00    0.00
 2184    7.40   78.10   39.00    2.90    0.00    0.00
 2185    6.80   81.20   24.00    2.50    0.00    0.00
 2186    6.50   83.60   14.00    2.40    0.00    0.00
 2187    6.10   85.60   14.00    2.50    0.00    0.00
 2188    5.70   87.70   27.00    2.20    0.00    0.00
 2189    5.40   90.30   28.00    2.30    0.00    2.00
 2190    5.80   91.90   28.00    2.60    9.14   67.26
 2191    6.60   89.80   36.00    4.00   62.20  156.53
 2192    7.40   86.60   41.00    4.40   87.72  220.52
 2193    8.90   82.00   33.00    4.40  426.22  218.69
 2194   10.90   74.80   39.00    3.60  788.38  133.32
 2195   13.20   68.30   56.00    4.10  861.87  122.69
 2196   15.10   62.00   32.00    4.70  899.59  117.91
 2197   16.10   53.80   60.00    5.00  919.43  110.55
 2198   16.60   48.20   49.00    5.40  932.54   95.42
 2199   17.20   45.70   53.00    4.50  940.83   73.75
 2200   17.20   40.50   32.00    5.00  958.98   48.03
 2201   16.30   38.00   49.00    4.70 1048.86   20.28
 2202   14.70   40.30   49.00    4.10    0.00    7.70
 2203   13.80   45.40   29.00    3.90    0.00    0.00
 2204   12.60   50.90   30.00    3.60    0.00    0.00
 2205   11.30   53.40   31.00    3.10    0.00    0.00
 2206   10.20   57.10   42.00    2.70    0.00    0.00
 2207    9.20   61.10   53.00    3.10    0.00    0.00
 2208    8.30   65.30   55.00    2.40    0.00    0.00
 2209    7.90   68.40   61.00    2.60    0.00    0.00
 2210    8.00   68.70   68.00    2.90    0.00    0.00
 2211    7.20   69.40   62.00    2.70    0.00    0.00
 2212    6.70   71.80   53.00    1.70    0.00    0.00
 2213    7.10   70.20   74.00    2.50    0.00    5.60
 2214    8.40   63.50   85.00    2.60   24.39   82.45
 2215   10.70   56.40   85.00    2.50  230.69  160.42
 2216   12.30   51.30  107.00    2.00  523.87  159.92
 2217   14.30   47.80  101.00    2.00  661.75  153.93
 2218   16.30   45.60   88.00    2.10  774.91  137.76
 2219   17.20   41.90   93.00    3.10  853.40  124.80
 2220   18.10   38.10   81.00    3.10  892.11  118.43
 2221   19.00   38.50   70.00    2.60  911.59  110.43
 2222   19.30   40.70   60.00    3.30  923.74   95.34
 2223   19.70   42.40   74.00    2.80  931.70   73.85
 2224   19.80   42.50   83.00    3.30  946.07   48.21
 2225   19.20   43.80   98.00    3.10 1016.69   20.56
 2226   17.40   49.50   53.00    2.40    0.00    8.30
 2227   15.60   57.90   10.00    1.20    0.00    0.00
 2228   14.60   65.30   27.00    2.60    0.00    0.00
 2229   14.20   69.00   30.00    1.50    0.00    0.00
 2230   13.30   71.60   38.00    1.70    0.00    0.00
 2231   12.30   75.00    2.00    1.10    0.00    0.00
 2232   11.30   78.90    9.00    0.90    0.00    0.00
 2233   10.80   82.30  321.00    1.00    0.00    0.00
 2234    9.70   84.80  304.00    0.90    0.00    0.00
 2235    9.50   87.60  334.00    0.60    0.00    0.00
 2236    9.10   89.00   93.00    0.70    0.00    0.00
 2237    8.90   89.90  331.00    0.90    0.66    5.96
 2238   11.20   87.20  339.00    0.80   25.00   85.08
 2239   14.10   75.40    2.00    0.70  257.73  160.02
 2240   16.50   61.40  310.00    0.90  498.38  167.62
 2241   18.40   52.20  345.00    1.20  675.60  151.20
 2242   19.50   46.60   30.00    1.80  783.32  136.37
 2243   20.00   43.70  348.00    2.00  852.61  125.67
 2244   20.80   41.90   51.00    1.80  891.58  119.20
 2245   21.30   40.10  331.00    1.70  894.26  109.60
 2246   20.50   40.10  322.00    2.50  672.31  135.27
 2247   21.60   40.50  303.00    2.50  857.35   73.82
 2248   21.60   39.60  299.00    3.40  937.83   48.61
 2249   21.30   39.50  279.00    3.30  975.68   20.59
 2250   19.80   42.80  304.00    3.20    0.00    9.00
 2251   18.10   49.90  325.00    3.00    0.00    0.00
 2252   18.80   53.60   10.00    3.60    0.00    0.00
 2253   17.60   55.00   26.00    3.10    0.00    0.00
 2254   15.90   59.70   16.00    2.60    0.00    0.00
 2255   15.00   61.90   21.00    3.40    0.00    0.00
 2256   13.40   62.00   10.00    2.40    0.00    0.00
 2257   12.30   64.90   11.00    3.90    0.00    0.00
 2258   10.90   68.30    5.00    4.20    0.00    0.00
 2259    9.50   71.70   15.00    4.30    0.00    0.00
 2260    8.40   74.20   15.00    4.40    0.00    0.00
 2261    7.40   73.60   31.00    4.20    0.03    1.30
 2262    7.40   70.90   34.00    3.30    5.67   62.96
 2263    7.80   66.20   20.00    4.10  143.77  170.90
 2264    7.80   61.50   22.00    3.70  249.48  220.85
 2265    8.70   57.40    3.00    4.20  228.20  269.52
 2266   10.00   49.10  350.00    4.00  617.22  187.99
 2267   10.50   46.40  358.00    4.80  444.64  253.21
 2268   11.60   45.90   20.00    6.30  348.72  276.56
 2269   10.60   40.60   24.00    7.40  596.38  182.49
 2270   10.60   36.80   12.00    7.30  758.10  115.35
 2271   10.00   35.00    8.00    7.90  889.83   72.67
 2272    9.10   37.70    1.00    7.40  921.19   48.54
 2273    7.30   41.70   34.00    7.70  983.93   21.63
 2274    5.90   43.40   29.00    6.70    0.00    9.60
 2275    5.20   44.60   29.00    5.70    0.00    0.00
 2276    4.50   47.10   31.00    4.10    0.00    0.00
 2277    4.10   49.40   27.00    4.10    0.00    0.00
 2278    3.70   49.70   24.00    4.10    0.00    0.00
 2279    3.50   51.40   15.00    3.50    0.00    0.00
 2280    3.00   54.30   16.00    3.10    0.00    0.00
 2281    2.40   57.60   10.00    2.60    0.00    0.00
 2282    2.40   60.30  356.00    3.40    0.00    0.00
 2283    2.70   62.60  338.00    2.60    0.00    0.00
 2284    3.00   64.50  353.00    2.90    0.00    0.00
 2285    2.90   65.80  354.00    2.80    0.17    3.39
 2286    3.40   66.30    2.00    3.00   12.22   79.65
 2287    4.50   63.90  356.00    4.00  291.23  160.59
 2288    5.20   55.60    2.00    6.00  453.81  181.63
 2289    6.30   46.30   25.00    6.20  560.36  187.28
 2290    6.80   40.40  346.00    6.40  654.24  177.15
 2291    7.00   40.50  349.00    5.40  652.16  184.92
 2292    8.30   40.00    5.00    5.70  837.47  127.32
 2293    8.40   33.10  350.00    5.60  918.62  113.73
 2294    8.70   29.20    7.00    6.50  943.71   99.86
 2295    8.60   31.40   39.00    5.90  952.50   77.96
 2296    8.30   34.10   24.00    6.40  967.12   51.79
 2297    7.90   35.60   18.00    4.50 1058.13   24.19
 2298    7.20   38.90   37.00    4.30    0.00   19.90
 2299    6.30   42.20   21.00    2.60    0.00    0.00
 2300    5.80   46.60  358.00    1.30    0.00    0.00
 2301    6.70   49.10  313.00    2.50    0.00    0.00
 2302    7.10   47.80  307.00    3.10    0.00    0.00
 2303    7.10   46.90  309.00    3.20    0.00    0.00
 2304    6.80   47.50  296.00    3.00    0.00    0.00
 2305    6.70   48.10  302.00    4.10    0.00    0.00
 2306    6.60   48.80  302.00    4.20    0.00    0.00
 2307    6.70   49.90  315.00    3.50    0.00    0.00
 2308    6.60   50.90  318.00    3.90    0.00    0.00
 2309    6.60   52.60  321.00    3.10    0.10    2.89
 2310    6.70   54.40  324.00    3.90    1.67   36.31
 2311    7.10   56.10  321.00    4.10   78.11  172.13
 2312    8.60   54.40  330.00    3.90  450.73  184.14
 2313   10.70   49.30  336.00    4.70  543.34  193.73
 2314   11.60   44.70  324.00    5.00  354.01  273.54
 2315   12.10   41.50  359.00    4.80  295.99  300.19
 2316   13.20   40.60  329.00    5.10  278.86  298.08
 2317   12.20   41.00  330.00    5.70  128.50  293.32
 2318   12.60   40.30  346.00    6.30  203.17  246.43
 2319   12.50   41.00  306.00    6.20   81.16  190.83
 2320   12.40   41.60  313.00    4.70   50.80  120.31
 2321   12.20   40.40  313.00    4.70  380.61   47.39
 2322   12.00   40.00  344.00    4.20    0.00   11.20
 2323   10.80   42.20    5.00    2.80    0.00    0.00
 2324    9.60   46.80   14.00    2.90    0.00    0.00
 2325    8.40   52.60  358.00    2.40    0.00    0.00
 2326    6.80   61.20  347.00    1.50    0.00    0.00
 2327    5.70   69.00  348.00    2.10    0.00    0.00
 2328    4.90   74.10  359.00    1.90    0.00    0.00
 2329    4.70   78.00    3.00    1.20    0.00    0.00
 2330    5.90   78.50  338.00    1.40    0.00    0.00
 2331    6.60   75.80  349.00    1.30    0.00    0.00
 2332    6.70   75.50   25.00    1.50    0.00    0.00
 2333    6.70   78.40   39.00    1.10    0.06    2.40
 2334    7.20   79.40   32.00    1.00    1.66   37.11
 2335    8.70   73.00   44.00    1.90   15.64  142.19
 2336   10.00   62.40   59.00    2.60  231.13  230.31
 2337   11.10   51.00   73.00    2.70  686.73  152.43
 2338   12.20   42.10   66.00    3.20  818.40  130.69
 2339   12.90   38.00   39.00    2.10  695.94  172.23
 2340   12.70   37.90   28.00    2.80  404.52  264.89
 2341   13.60   38.50   52.00    2.90  494.83  217.13
 2342   13.50   37.20  341.00    3.00  778.03  113.10
 2343   13.40   36.50  349.00    2.90  680.84  106.28
 2344   14.00   36.60  343.00    1.90  544.54   88.83
 2345   13.40   37.70  341.00    3.20  638.41   33.83
 2346   12.40   40.30   21.00    1.90    0.00   17.00
 2347   10.50   46.50   49.00    2.40    0.00    0.00
 2348    9.80   52.60   76.00    2.30    0.00    0.00
 2349    8.90   55.20   87.00    2.00    0.00    0.00
 2350    8.60   57.20  137.00    1.50    0.00    0.00
 2351    7.90   58.00  126.00    1.40    0.00    0.00
 2352    6.60   59.80  120.00    1.10    0.00    0.00
 2353    6.40   62.40  163.00    1.00    0.00    0.00
 2354    6.70   62.60  183.00    1.20    0.00    0.00
 2355    6.50   62.80  197.00    0.90    0.00    0.00
 2356    6.10   65.00  214.00    0.90    0.00    0.00
 2357    6.40   65.40   29.00    1.40    0.09    3.09
 2358    6.80   64.80  161.00    1.90    1.02   29.85
 2359    7.50   62.40  179.00    1.50    3.07   82.71
 2360    8.60   58.70  224.00    1.60   44.89  222.95
 2361   11.10   56.20  218.00    1.60  614.84  174.91
 2362   13.60   52.00  278.00    2.90  619.39  191.89
 2363   13.70   47.70  310.00    3.50  320.69  297.12
 2364   14.40   43.30  314.00    4.70  269.42  303.75
 2365   13.90   42.00  303.00    5.70   51.54  279.64
 2366   13.90   43.30  312.00    5.30   19.43  210.25
 2367   13.80   44.40  308.00    5.90   31.32  175.63
 2368   13.70   47.00  320.00    5.70  129.19  131.82
 2369   13.20   49.60  321.00    5.90  230.87   57.85
 2370   12.40   52.20  322.00    4.80    0.00   16.60
 2371   11.40   56.40  336.00    4.10    0.00    0.00
 2372   10.20   63.50  337.00    5.30    0.00    0.00
 2373    9.30   69.40  324.00    5.10    0.00    0.00
 2374    8.60   71.90  316.00    5.30    0.00    0.00
 2375    8.10   73.30  307.00    5.30    0.00    0.00
 2376    7.50   74.90  299.00    4.70    0.00    0.00
 2377    6.90   77.80  306.00    4.90    0.00    0.00
 2378    6.70   80.80  305.00    4.10    0.00    0.00
 2379    6.60   83.30  307.00    4.40    0.00    0.00
 2380    6.60   84.80  318.00    4.00    0.00    0.00
 2381    6.80   85.10  317.00    3.60    0.07    2.99
 2382    7.00   83.90  311.00    4.20    1.12   31.92
 2383    7.60   80.80  314.00    4.20    6.00  116.43
 2384    8.20   75.70  321.00    3.80   82.51  238.44
 2385    9.60   69.90  302.00    4.40  527.63  202.69
 2386   10.60   64.20  302.00    4.90  597.64  200.31
 2387   10.80   60.70  286.00    5.40  784.11  146.27
 2388   12.00   58.30  287.00    5.90  864.85  125.24
 2389   13.10   54.80  300.00    5.70  858.63  116.16
 2390   13.90   52.40  294.00    5.50  716.57  129.31
 2391   14.00   51.30  275.00    5.90  687.75  106.69
 2392   14.30   49.60  290.00    5.50  781.10   59.35
 2393   13.80   50.40  288.00    5.40  948.61   24.96
 2394   13.20   54.50  273.00    3.80    0.00   24.30
 2395   12.50   57.70  278.00    5.30    0.00    0.00
 2396   11.30   61.50  272.00    6.20    0.00    0.00
 2397   10.10   65.80  270.00    5.50    0.00    0.00
 2398    9.70   68.60  272.00    5.60    0.00    0.00
 2399    9.70   70.50  270.00    5.90    0.00    0.00
 2400    9.30   72.20  273.00    6.30    0.00    0.00
 2401    8.90   75.00  285.00    6.90    0.00    0.00
 2402    8.00   76.40  309.00    8.80    0.00    0.00
 2403    7.70   76.50  281.00    6.80    0.00    0.00
 2404    7.90   77.00  287.00    6.70    0.00    0.00
 2405    8.00   77.30  296.00    6.70    0.06    2.99
 2406    8.30   77.10  290.00    6.90    1.16   33.21
 2407    8.50   76.50  289.00    6.60    4.04   97.38
 2408    9.40   74.60  291.00    6.80   98.97  243.21
 2409   11.30   69.90  294.00    7.10  187.73  287.98
 2410   11.10   66.00  288.00    6.70    4.44  176.52
 2411   11.20   65.20  299.00    7.50    2.38  134.59
 2412   11.30   66.10  300.00    7.30    2.37  131.34
 2413   11.60   67.40  305.00    6.80    2.62  127.30
 2414   12.70   65.90  295.00    4.80    5.17  152.72
 2415   14.50   60.90  288.00    5.90  138.99  201.90
 2416   14.80   57.60  307.00    5.20  472.26  102.75
 2417   14.60   56.80  285.00    4.30  860.17   24.73
 2418   13.00   59.70  288.00    3.20    0.00   26.30
 2419   12.30   64.80  281.00    2.10    0.00    0.00
 2420   10.20   70.30   37.00    1.40    0.00    0.00
 2421    9.50   77.20  313.00    0.70    0.00    0.00
 2422    9.50   80.20   97.00    1.10    0.00    0.00
 2423    7.40   84.20  161.00    0.90    0.00    0.00
 2424    6.40   90.30   18.00    1.20    0.00    0.00
 2425    8.10   90.20   51.00    2.60    0.00    0.00
 2426   10.10   86.00  265.00    2.20    0.00    0.00
 2427   10.30   84.10  273.00    2.30    0.00    0.00
 2428   10.10   85.40  277.00    2.50    0.00    0.00
 2429   10.20   86.80  314.00    2.90    1.19   13.58
 2430   10.60   85.90  287.00    3.20    5.50   73.18
 2431   10.90   83.50  315.00    3.70   83.56  184.90
 2432   11.50   80.70  298.00    3.60  109.60  246.44
 2433   11.40   78.40  249.00    3.00   21.36  245.98
 2434   11.10   78.30  248.00    3.10   16.25  259.46
 2435   11.90   77.40  271.00    3.10  206.57  328.52
 2436   13.70   71.40  227.00    2.00  843.77  129.92
 2437   16.00   63.80  229.00    1.70  877.87  115.43
 2438   16.30   56.50  195.00    1.60  906.74  100.47
 2439   17.40   50.00   61.00    1.50  907.06   78.75
 2440   17.60   46.60   73.00    1.40  910.81   53.36
 2441   17.10   46.80  153.00    1.90  965.82   27.06
 2442   15.80   51.20  141.00    1.40    0.00   27.00
 2443   13.00   60.50   93.00    1.30    0.00    0.00
 2444   11.00   71.70   95.00    1.20    0.00    0.00
 2445   10.80   78.20   94.00    2.10    0.00    0.00
 2446   10.40   81.60   97.00    1.80    0.00    0.00
 2447   10.30   84.30   95.00    2.40    0.00    0.00
 2448   10.10   86.30   94.00    2.70    0.00    0.00
 2449   10.30   87.40  117.00    2.60    0.00    0.00
 2450    9.70   87.90  117.00    2.50    0.00    0.00
 2451    9.60   89.10  118.00    2.50    0.00    0.00
 2452    9.50   89.20  113.00    3.00    0.00    0.00
 2453   10.10   87.50  131.00    2.70    3.55   24.62
 2454   12.00   82.30  137.00    3.20   24.13  104.53
 2455   14.70   72.70  141.00    3.70  250.88  181.68
 2456   17.30   61.70  140.00    4.20  546.87  169.53
 2457   18.80   54.00  153.00    4.40  591.15  186.98
 2458   20.60   48.30  156.00    4.40  672.70  178.09
 2459   21.40   43.80  202.00    4.20  254.12  320.82
 2460   21.30   42.60  202.00    4.40    8.14  230.50
 2461   22.30   42.10  212.00    6.90  336.74  269.78
 2462   22.10   42.20  218.00    6.10  176.74  259.68
 2463   21.10   44.50  254.00    5.60    1.91   74.45
 2464   20.90   48.10  275.00    5.50   44.99  129.18
 2465   20.80   50.00  224.00    4.20  721.64   33.70
 2466   19.80   52.20  264.00    2.40    0.00   27.00
 2467   18.10   58.70  206.00    1.70    0.00    0.00
 2468   18.10   63.50  218.00    2.30    0.00    0.00
 2469   18.30   63.80  249.00    3.00    0.00    0.00
 2470   17.60   65.60  263.00    2.20    0.00    0.00
 2471   16.60   69.40  238.00    2.30    0.00    0.00
 2472   14.80   75.20  240.00    2.10    0.00    0.00
 2473   14.00   82.00  258.00    1.80    0.00    0.00
 2474   12.10   87.40  250.00    1.10    0.00    0.00
 2475   11.00   91.40  225.00    1.40    0.00    0.00
 2476   10.60   92.90  247.00    1.30    0.00    0.00
 2477   10.70   93.00  210.00    1.20    2.08   19.86
 2478   13.10   90.10  209.00    1.40   63.76  120.11
 2479   15.30   81.20  262.00    1.80  328.19  172.39
 2480   17.20   70.20  248.00    2.40  366.92  216.41
 2481   17.90   64.50  256.00    3.20  377.50  252.95
 2482   18.10   63.40  247.00    3.00  203.70  321.13
 2483   18.80   59.20  231.00    3.80  317.48  306.15
 2484   20.20   53.10  241.00    3.10  384.97  279.56
 2485   20.00   49.90  244.00    3.20  252.05  291.45
 2486   20.30   46.00  190.00    2.60  621.43  158.13
 2487   20.50   42.30  155.00    1.60  660.94  115.84
 2488   20.90   40.10  238.00    2.30  893.09   53.85
 2489   20.50   40.30   40.00    1.70  983.92   29.22
 2490   18.60   45.50   31.00    2.00    0.00   32.90
 2491   16.90   52.70   82.00    2.40    0.00    0.00
 2492   15.90   58.60  106.00    2.30    0.00    0.00
 2493   15.60   63.10   73.00    2.50    0.00    0.00
 2494   15.50   66.30   79.00    3.50    0.00    0.00
 2495   16.40   66.30   77.00    3.70    0.00    0.00
 2496   16.40   67.70   81.00    4.40    0.00    0.00
 2497   16.10   71.10   84.00    4.00    0.00    0.00
 2498   16.10   71.50   85.00    4.30    0.00    0.00
 2499   15.80   72.00   90.00    3.80    0.00    0.00
 2500   14.60   74.80   88.00    4.20    0.00    0.00
 2501   13.90   78.20   80.00    3.50    3.41   26.59
 2502   14.90   77.90   76.00    3.60   85.22  125.26
 2503   17.00   72.60   88.00    4.50  303.93  178.33
 2504   19.50   64.00   98.00    5.00  523.59  178.50
 2505   21.60   55.70  112.00    6.60  643.39  172.81
 2506   21.70   51.40  123.00    6.30  249.75  314.17
 2507   21.30   51.60  129.00    6.90   59.52  325.59
 2508   21.50   51.70  144.00    6.40   21.36  279.42
 2509   21.10   51.70  131.00    6.00    5.29  184.09
 2510   20.50   54.00  131.00    6.10    2.42  108.01
 2511   20.20   56.00  134.00    5.40    3.25   98.53
 2512   19.60   58.30  138.00    5.40    4.18   76.21
 2513   18.60   63.40  117.00    5.40   31.08   63.30
 2514   18.50   67.70  119.00    4.70    0.00    6.40
 2515   17.60   69.60  118.00    4.70    0.00    0.00
 2516   16.90   71.80  138.00    5.10    0.00    0.00
 2517   16.30   73.20  146.00    4.40    0.00    0.00
 2518   16.00   74.80  133.00    3.40    0.00    0.00
 2519   15.50   76.60  122.00    3.00    0.00    0.00
 2520   14.80   79.30  142.00    2.60    0.00    0.00
 2521   14.10   82.90  140.00    2.80    0.00    0.00
 2522   13.20   87.20  185.00    1.90    0.00    0.00
 2523   13.80   89.80  239.00    2.90    0.00    0.00
 2524   13.50   90.60  248.00    2.10    0.00    0.00
 2525   13.70   90.60  258.00    1.90    3.52   28.26
 2526   14.80   88.40  229.00    2.10   82.35  127.32
 2527   16.90   82.60  268.00    1.50  292.94  182.07
 2528   18.70   73.50  245.00    2.10  505.28  184.79
 2529   19.90   65.60  200.00    1.70  666.24  166.65
 2530   21.00   60.00  206.00    2.60  743.99  157.30
 2531   22.40   54.10  178.00    2.60  822.92  139.81
 2532   23.50   49.80  174.00    2.10  862.69  129.17
 2533   24.60   46.10  163.00    2.30  876.04  118.00
 2534   25.20   42.90  111.00    2.30  877.90  101.73
 2535   25.90   41.40  117.00    2.70  854.64   81.98
 2536   26.20   38.60  129.00    3.40  841.94   57.30
 2537   24.70   39.20  101.00    3.20  713.59   37.05
 2538   23.00   45.30   81.00    3.30    0.00   27.50
 2539   21.40   53.00   68.00    3.60    0.00    0.00
 2540   21.60   58.20   80.00    4.60    0.00    0.00
 2541   21.60   58.90   97.00    4.20    0.00    0.00
 2542   20.60   59.60   88.00    4.10    0.00    0.00
 2543   19.50   62.10   88.00    4.00    0.00    0.00
 2544   19.00   65.10   87.00    4.20    0.00    0.00
 2545   18.30   67.50   86.00    3.90    0.00    0.00
 2546   17.70   70.10   92.00    4.20    0.00    0.00
 2547   17.30   72.80   96.00    3.00    0.00    0.00
 2548   16.90   74.80   92.00    3.00    0.00    0.00
 2549   16.60   76.40   92.00    2.40    4.12   31.86
 2550   17.60   74.20   95.00    2.60   40.68  120.98
 2551   18.90   67.80  121.00    3.20   18.39  163.37
 2552   20.40   61.00  145.00    3.20  146.92  257.72
 2553   22.10   55.20  143.00    3.40  589.00  192.22
 2554   23.60   50.00  146.00    3.90  721.08  165.38
 2555   24.60   45.80  157.00    3.20  793.12  148.29
 2556   25.30   43.30  136.00    3.60  528.15  234.93
 2557   25.60   42.30  171.00    3.40  283.40  289.08
 2558   25.20   44.40  303.00    2.90  446.25  210.02
 2559   23.30   50.00  290.00    5.00  559.62  141.14
 2560   22.90   54.20  326.00    4.60  352.51  127.80
 2561   21.90   57.70  324.00    4.50  297.84   69.19
 2562   20.00   64.30  312.00    3.60    0.00   23.60
 2563   19.20   70.30  317.00    3.60    0.00    0.00
 2564   18.30   73.90  305.00    4.10    0.00    0.00
 2565   17.40   76.50  298.00    3.00    0.00    0.00
 2566   17.00   78.60  302.00    2.50    0.00    0.00
 2567   16.30   80.70  283.00    2.40    0.00    0.00
 2568   15.90   82.90  295.00    2.30    0.00    0.00
 2569   15.40   85.10  230.00    2.90    0.00    0.00
 2570   15.00   87.80  252.00    3.00    0.00    0.00
 2571   15.20   89.00  261.00    2.60    0.00    0.00
 2572   15.00   89.10  246.00    3.40    0.00    0.00
 2573   14.30   92.20  236.00    2.50    0.13    5.88
 2574   13.50   94.90  240.00    3.60    0.35   21.00
 2575   13.00   95.00  261.00    4.10    0.77   46.57
 2576   12.50   93.90  266.00    4.00    1.19   74.73
 2577   12.20   92.20  275.00    3.50    1.89  110.15
 2578   11.90   91.60  259.00    3.70    1.76  116.62
 2579   12.30   89.20  278.00    3.70    3.27  163.55
 2580   12.40   85.60  277.00    3.20    5.65  209.27
 2581   12.60   83.60  275.00    3.30    2.73  135.25
 2582   12.20   83.00  275.00    4.20    2.05  101.50
 2583   12.20   83.10  270.00    4.10    1.57   70.57
 2584   11.90   83.70  291.00    4.00    2.70   63.83
 2585   11.90   84.80  289.00    3.70    1.96   28.37
 2586   11.70   86.50  309.00    3.80    0.00    4.00
 2587   11.60   89.00  302.00    3.50    0.00    0.00
 2588   11.30   92.00  298.00    3.60    0.00    0.00
 2589   10.80   94.20  306.00    4.00    0.00    0.00
 2590   10.10   95.70  279.00    3.90    0.00    0.00
 2591    9.90   96.30  279.00    3.90    0.00    0.00
 2592    9.80   95.80  260.00    2.80    0.00    0.00
 2593    9.50   95.50  269.00    2.70    0.00    0.00
 2594    9.50   94.80  276.00    2.90    0.00    0.00
 2595    9.40   94.20  256.00    2.70    0.00    0.00
 2596    9.40   93.90  252.00    1.70    0.00    0.00
 2597    9.20   95.00  232.00    2.60    0.07    4.69
 2598    9.20   96.30  212.00    4.10    0.60   27.82
 2599    9.10   95.90  231.00    3.60    2.69   87.51
 2600    9.50   93.90  228.00    3.50    4.64  147.17
 2601    9.80   91.20  245.00    3.30    4.53  170.59
 2602   10.20   87.10  236.00    3.90    3.79  171.14
 2603    9.30   85.30  222.00    3.80    1.28  103.54
 2604    9.50   84.80  190.00    3.50    1.82  120.36
 2605    9.10   85.60  233.00    3.40    2.72  135.75
 2606    8.60   90.30  213.00    2.80    1.35   82.91
 2607    9.30   91.20  211.00    2.80    4.88  124.22
 2608    9.50   87.10  215.00    3.80   10.75  111.61
 2609    9.80   83.60  222.00    2.40   20.26   65.73
 2610   10.00   82.70  203.00    2.00    0.00   15.00
 2611   10.00   83.70  179.00    2.10    0.00    0.00
 2612    9.90   85.20  166.00    2.00    0.00    0.00
 2613    9.70   86.60  166.00    1.80    0.00    0.00
 2614    9.00   88.20  153.00    1.60    0.00    0.00
 2615    7.70   91.50  142.00    1.30    0.00    0.00
 2616    6.90   95.90  122.00    1.30    0.00    0.00
 2617    6.70   97.00  122.00    1.80    0.00    0.00
 2618    6.30   96.90  118.00    1.50    0.00    0.00
 2619    6.30   97.10  117.00    2.00    0.00    0.00
 2620    5.80   97.10  119.00    1.10    0.00    0.00
 2621    6.40   97.70  154.00    0.90    2.96   30.37
 2622    7.40   97.90  155.00    1.40   51.92  130.88
 2623    9.30   97.30  136.00    1.60  286.01  191.01
 2624   12.60   85.20  174.00    1.60  547.44  178.55
 2625   15.00   68.30  144.00    2.20  717.43  154.28
 2626   16.00   58.40  194.00    2.20  804.59  142.17
 2627   17.20   54.40  175.00    2.00  854.15  135.61
 2628   18.00   49.80  254.00    1.70  891.49  130.40
 2629   18.90   44.30  154.00    1.50  907.23  122.56
 2630   19.50   40.70  163.00    2.10  915.64  107.10
 2631   20.20   40.50   50.00    1.60  889.25   82.89
 2632   20.40   41.40   11.00    1.00  476.22  113.96
 2633   20.50   41.80  174.00    1.30  384.77   68.09
 2634   19.20   47.60   78.00    0.90    0.00   28.10
 2635   16.80   59.70  122.00    0.80    0.00    0.00
 2636   15.50   70.80  101.00    0.70    0.00    0.00
 2637   15.10   75.00  275.00    0.80    0.00    0.00
 2638   14.70   78.10   69.00    0.90    0.00    0.00
 2639   14.90   80.90  139.00    0.80    0.00    0.00
 2640   14.70   82.10  209.00    1.30    0.00    0.00
 2641   15.50   84.00  237.00    2.90    0.00    0.00
 2642   15.00   88.00  277.00    2.20    0.00    0.00
 2643   14.80   92.30  170.00    1.00    0.00    0.00
 2644   13.90   94.30  184.00    1.20    0.00    0.00
 2645   14.30   95.20  176.00    1.80    0.08    5.19
 2646   15.10   94.40  224.00    1.80    0.63   29.61
 2647   15.20   92.90  187.00    1.60    4.67  117.30
 2648   15.60   88.10  179.00    1.90   33.51  237.79
 2649   16.20   82.60  239.00    2.30  249.09  296.57
 2650   17.20   77.30  197.00    2.20  171.99  337.53
 2651   17.30   73.10  200.00    2.90   51.85  330.58
 2652   17.60   70.80  220.00    3.10   22.50  289.97
 2653   18.30   63.20  193.00    2.50   39.02  289.18
 2654   18.40   56.20  266.00    2.80   42.17  252.98
 2655   18.70   51.60  175.00    2.50   35.28  197.15
 2656   18.30   50.10  185.00    2.70   17.16  124.29
 2657   18.20   52.90  162.00    2.30   48.59   77.39
 2658   17.60   59.90  188.00    2.80    0.00   11.10
 2659   15.80   72.70  161.00    2.10    0.00    0.00
 2660   14.50   82.80  196.00    1.80    0.00    0.00
 2661   13.70   88.40  176.00    1.70    0.00    0.00
 2662   12.40   93.30  175.00    1.60    0.00    0.00
 2663   11.30   96.60  171.00    1.20    0.00    0.00
 2664   10.70   97.00  227.00    1.50    0.00    0.00
 2665   11.10   95.60  247.00    1.60    0.00    0.00
 2666   10.90   95.50  209.00    1.50    0.00    0.00
 2667   11.20   94.80  275.00    1.40    0.00    0.00
 2668   11.30   93.40  273.00    1.30    0.00    0.00
 2669   12.00   93.70  296.00    2.50    1.75   25.03
 2670   13.40   90.30  266.00    2.10    8.86  102.25
 2671   13.90   85.30  311.00    2.10   25.25  180.60
 2672   14.80   80.00    4.00    2.00  274.07  250.74
 2673   15.80   74.10  279.00    3.30  629.52  184.02
 2674   16.90   66.10  276.00    2.20  622.03  203.70
 2675   17.80   58.90  220.00    2.60  286.87  326.50
 2676   18.00   55.60  224.00    2.50   16.08  276.08
 2677   17.20   58.80  257.00    2.60    4.47  175.91
 2678   17.60   61.20  235.00    3.30    8.31  194.32
 2679   17.40   60.70  287.00    2.90   20.32  183.58
 2680   18.10   60.50  246.00    3.00  283.25  144.20
 2681   17.90   57.80  255.00    2.60  312.91   76.55
 2682   17.10   60.00  280.00    2.50    0.00   33.40
 2683   15.40   68.90  272.00    1.60    0.00    0.00
 2684   14.80   76.60  285.00    2.00    0.00    0.00
 2685   13.50   81.50  287.00    1.60    0.00    0.00
 2686   12.40   87.00  223.00    1.10    0.00    0.00
 2687   11.80   90.20  278.00    1.70    0.00    0.00
 2688   12.20   90.60  231.00    1.60    0.00    0.00
 2689   11.50   90.20  260.00    1.40    0.00    0.00
 2690   11.10   92.00  246.00    1.20    0.00    0.00
 2691   10.50   94.10  339.00    0.90    0.00    0.00
 2692   10.10   94.90  320.00    1.80    0.00    0.00
 2693   10.00   95.40   28.00    0.80    5.03   43.49
 2694   12.70   92.70   60.00    0.70   83.86  142.94
 2695   14.60   85.40   92.00    1.90  263.69  200.09
 2696   16.50   76.20   63.00    0.90  283.27  250.57
 2697   17.10   66.80   54.00    1.60  313.70  284.44
 2698   17.80   60.70   83.00    1.20  278.99  319.92
 2699   17.90   57.30  130.00    1.60  119.20  353.37
 2700   18.40   56.00   71.00    1.60   72.54  336.64
 2701   17.80   57.00   84.00    2.20   33.73  286.57
 2702   17.00   62.70   64.00    3.60   47.99  259.67
 2703   17.20   68.00   29.00    3.90  131.56  222.08
 2704   17.60   65.70   51.00    3.60  163.59  156.13
 2705   17.30   64.80   67.00    2.90  167.43   85.84
 2706   17.10   67.10   54.00    3.30    0.00   36.70
 2707   15.10   71.60   45.00    3.50    0.00    0.00
 2708   14.40   77.30   55.00    3.20    0.00    0.00
 2709   14.30   78.80   48.00    3.60    0.00    0.00
 2710   13.80   78.30   60.00    3.60    0.00    0.00
 2711   12.90   79.80   53.00    2.80    0.00    0.00
 2712   12.40   80.20   62.00    2.70    0.00    0.00
 2713   11.40   79.50   36.00    2.40    0.00    0.00
 2714   11.40   80.10   16.00    2.40    0.00    0.00
 2715   11.10   81.10   37.00    2.60    0.00    0.00
 2716   10.70   82.50   25.00    2.70    0.00    0.00
 2717   11.60   79.40   44.00    3.20    0.35   11.94
 2718   12.20   75.30   49.00    3.90    4.32   80.12
 2719   13.00   72.80   48.00    4.10   50.99  201.31
 2720   14.10   68.00   32.00    4.70  190.49  267.74
 2721   15.50   61.80   33.00    4.90  328.20  282.03
 2722   16.50   53.90   28.00    5.20  534.20  237.50
 2723   17.50   48.00   53.00    5.70  652.53  200.35
 2724   18.00   47.00   26.00    5.20  686.15  183.84
 2725   17.70   47.00   33.00    4.60  337.25  284.45
 2726   18.20   46.20   29.00    5.10  580.78  178.68
 2727   17.40   47.80   22.00    4.70  647.19  127.37
 2728   17.00   51.60   34.00    5.00  670.09   86.45
 2729   16.40   55.50   22.00    4.90  473.92   66.27
 2730   15.70   58.50   10.00    4.40    0.00   23.30
 2731   15.00   61.30   18.00    3.50    0.00    0.00
 2732   14.20   64.80   18.00    4.10    0.00    0.00
 2733   13.30   69.30   27.00    4.20    0.00    0.00
 2734   12.00   75.40   19.00    4.20    0.00    0.00
 2735   10.70   81.50   18.00    3.70    0.00    0.00
 2736   10.30   85.40   10.00    4.10    0.00    0.00
 2737   10.20   86.60   12.00    4.30    0.00    0.00
 2738   10.20   86.50   16.00    4.00    0.00    0.00
 2739   10.20   86.40   31.00    4.00    0.00    0.00
 2740   10.10   86.60   26.00    4.40    0.00    0.00
 2741    9.90   86.30   30.00    4.20    0.08    6.09
 2742    9.90   84.90   23.00    4.60    1.36   45.96
 2743    9.40   83.30   40.00    4.30    3.89  111.47
 2744   10.00   81.40   41.00    3.80   33.45  244.35
 2745   10.80   76.80   23.00    3.00  339.80  280.23
 2746   13.10   69.10  359.00    3.60  580.38  221.47
 2747   14.70   61.20    9.00    4.00  709.26  180.32
 2748   16.20   48.20   50.00    3.60  844.17  136.85
 2749   16.40   35.90   88.00    4.30  870.05  123.35
 2750   17.00   32.30   20.00    4.00  866.44  107.49
 2751   17.10   32.40   42.00    3.80  874.66   85.84
 2752   17.20   33.60   56.00    3.90  896.70   61.63
 2753   16.60   35.40   33.00    3.80  923.23   35.61
 2754   15.40   39.60   32.00    4.10    0.00   66.10
 2755   14.30   46.20   31.00    4.50    0.00    0.00
 2756   13.20   51.40   30.00    4.40    0.00    0.00
 2757   12.00   56.50   38.00    3.80    0.00    0.00
 2758   11.00   61.30   47.00    3.40    0.00    0.00
 2759   10.40   65.10   33.00    3.50    0.00    0.00
 2760    9.50   68.60   57.00    3.10    0.00    0.00
 2761    8.90   71.90   81.00    2.90    0.00    0.00
 2762    8.40   74.70   73.00    2.80    0.00    0.00
 2763    8.20   76.80   81.00    3.60    0.00    0.00
 2764    8.10   76.40   95.00    3.40    0.00    1.00
 2765    8.20   75.20   92.00    3.70   12.31   61.84
 2766    9.40   69.80   94.00    3.80  228.13  146.55
 2767   10.90   60.70   87.00    4.10  459.53  166.92
 2768   12.20   52.90   89.00    3.80  625.11  162.74
 2769   13.00   47.10   81.00    4.00  763.10  144.78
 2770   14.10   42.50   61.00    4.20  845.59  136.01
 2771   14.20   39.40   72.00    5.10  883.56  136.47
 2772   14.70   39.20   62.00    5.20  911.95  137.21
 2773   15.30   38.40   62.00    4.90  931.21  129.74
 2774   15.30   36.50   60.00    4.90  937.30  113.62
 2775   15.60   36.00   39.00    5.30  946.39   92.17
 2776   15.40   35.00   67.00    4.70  952.56   66.17
 2777   15.20   34.70   64.00    4.30  976.03   38.40
 2778   14.20   37.40   69.00    3.40    0.00   73.70
 2779   12.70   42.20   64.00    2.80    0.00    0.00
 2780   11.60   48.30   63.00    3.10    0.00    0.00
 2781   12.10   51.50   58.00    3.90    0.00    0.00
 2782   11.30   51.60   64.00    3.70    0.00    0.00
 2783   10.30   52.90   76.00    3.70    0.00    0.00
 2784    8.60   56.70   78.00    3.30    0.00    0.00
 2785    7.30   62.50   79.00    2.70    0.00    0.00
 2786    7.10   66.40   91.00    2.80    0.00    0.00
 2787    7.30   66.70   97.00    3.40    0.00    0.00
 2788    6.80   67.40   96.00    3.30    0.00    2.00
 2789    7.20   66.90   94.00    3.50   15.57   66.19
 2790    8.50   62.30  107.00    3.10  240.99  147.23
 2791   10.50   55.90  114.00    3.20  476.61  164.41
 2792   12.90   48.40   91.00    3.60  640.87  159.05
 2793   14.20   42.50   93.00    4.10  773.31  142.46
 2794   15.20   38.90  120.00    4.30  851.27  135.54
 2795   15.80   37.00  100.00    4.00  887.97  137.34
 2796   16.60   35.70   92.00    4.00  917.61  138.68
 2797   17.00   32.70   91.00    4.00  932.66  130.56
 2798   17.70   29.70   94.00    3.70  939.27  114.49
 2799   18.30   28.60  107.00    3.70  949.77   93.16
 2800   18.30   27.80   97.00    3.50  959.16   67.32
 2801   18.00   28.30  115.00    3.20  980.47   39.32
 2802   16.70   32.30  110.00    3.00    0.00   77.70
 2803   14.10   39.90   85.00    2.50    0.00    0.00
 2804   12.80   47.30   96.00    3.10    0.00    0.00
 2805   11.80   53.80  106.00    2.80    0.00    0.00
 2806   11.70   58.00  118.00    2.30    0.00    0.00
 2807   10.50   59.60  108.00    2.30    0.00    0.00
 2808    9.20   63.70   99.00    1.80    0.00    0.00
 2809    8.40   68.60   76.00    1.40    0.00    0.00
 2810    8.10   72.20   84.00    1.50    0.00    0.00
 2811    7.70   74.20   74.00    1.60    0.00    0.00
 2812    7.40   76.00   77.00    1.30    0.00    2.00
 2813    8.60   76.40   97.00    1.70   15.31   67.67
 2814   11.10   69.60   99.00    1.50  233.84  149.79
 2815   13.50   58.90  103.00    1.60  469.18  167.40
 2816   16.00   49.30   64.00    1.80  633.57  162.05
 2817   17.70   40.70   86.00    2.70  765.24  145.34
 2818   18.40   34.70   26.00    2.50  841.70  137.72
 2819   18.70   31.80  334.00    2.40  880.75  137.48
 2820   19.60   29.00   57.00    1.70  909.38  138.04
 2821   20.20   26.50   96.00    1.80  924.67  130.05
 2822   21.10   25.60  149.00    1.60  933.35  114.39
 2823   21.50   23.40  187.00    1.70  941.66   93.01
 2824   22.10   22.40  202.00    1.60  945.02   67.01
 2825   22.00   25.70  329.00    1.60  959.08   39.19
 2826   20.30   29.00  314.00    2.60 1221.10   13.05
 2827   17.90   35.10  206.00    2.40    0.00    0.00
 2828   15.90   44.20  251.00    1.00    0.00    0.00
 2829   14.70   50.00  260.00    1.40    0.00    0.00
 2830   13.50   56.20  282.00    1.60    0.00    0.00
 2831   12.20   63.40  218.00    1.40    0.00    0.00
 2832   11.20   70.20   45.00    0.90    0.00    0.00
 2833   10.80   74.40  211.00    1.40    0.00    0.00
 2834   10.30   76.60  269.00    1.20    0.00    0.00
 2835   10.60   76.90  287.00    1.60    0.00    0.00
 2836   11.00   74.50  266.00    1.80    0.00    2.00
 2837   12.00   71.40  307.00    2.20   11.30   65.56
 2838   14.70   66.10  327.00    1.70  180.50  155.85
 2839   17.40   56.90  298.00    2.50  391.83  185.95
 2840   18.40   51.60  314.00    3.40  419.08  225.81
 2841   18.30   51.50  301.00    3.70  366.32  277.71
 2842   19.80   49.10  309.00    4.10  703.54  179.36
 2843   20.20   45.20  287.00    3.60  815.65  148.29
 2844   20.60   44.00  305.00    3.80  814.02  145.42
 2845   21.70   43.10  282.00    3.40  882.17  125.11
 2846   22.10   42.40  307.00    4.50  885.60  109.27
 2847   22.30   42.70  330.00    4.20  866.53   88.38
 2848   22.20   44.20  317.00    4.40  754.67   76.59
 2849   21.90   46.70  314.00    4.10  711.18   48.55
 2850   21.10   50.30  301.00    3.30  976.12   11.38
 2851   19.40   55.90    0.00    3.20    0.00    0.00
 2852   18.00   61.60    8.00    2.40    0.00    0.00
 2853   16.60   66.70    0.00    2.20    0.00    0.00
 2854   15.70   70.70   16.00    1.80    0.00    0.00
 2855   14.20   75.40   13.00    1.00    0.00    0.00
 2856   13.00   81.60   39.00    1.20    0.00    0.00
 2857   12.60   84.90  332.00    0.70    0.00    0.00
 2858   11.50   87.30  245.00    0.80    0.00    0.00
 2859   11.00   90.80  243.00    1.20    0.00    0.00
 2860   10.80   93.00  237.00    1.20    0.00    3.00
 2861   11.70   92.60  321.00    1.10    4.98   52.03
 2862   14.50   88.60  309.00    1.60   62.01  152.89
 2863   16.50   78.20  314.00    2.00  344.52  197.26
 2864   17.90   67.60  279.00    2.30  519.69  197.83
 2865   19.10   63.10  303.00    3.60  550.22  218.09
 2866   19.80   59.10  311.00    4.00  520.56  248.01
 2867   20.50   53.10  290.00    3.50  670.12  197.61
 2868   21.10   48.60  303.00    3.90  813.16  146.06
 2869   21.70   44.60  294.00    3.10  867.27  125.98
 2870   22.40   42.00  312.00    3.80  863.12  110.26
 2871   23.10   41.50  288.00    3.80  889.58   89.07
 2872   22.80   40.70  340.00    3.70  887.95   64.23
 2873   22.50   40.60  344.00    3.00  865.32   37.64
 2874   21.20   44.30  311.00    3.10 1075.86   13.20
 2875   19.10   52.30  326.00    2.70    0.00    1.00
 2876   17.40   61.50   13.00    1.90    0.00    0.00
 2877   16.10   68.60   14.00    2.90    0.00    0.00
 2878   16.50   69.70   19.00    2.40    0.00    0.00
 2879   15.20   71.80   22.00    1.60    0.00    0.00
 2880   14.30   78.00  355.00    1.00    0.00    0.00
 2881   12.90   80.90   78.00    1.20    0.00    0.00
 2882   12.20   86.00   26.00    0.80    0.00    0.00
 2883   11.50   89.40  133.00    0.60    0.00    0.00
 2884   10.90   91.70   71.00    0.80    0.00    3.00
 2885   12.40   90.10  208.00    0.90   19.52   75.42
 2886   15.90   84.60  166.00    1.20  227.78  155.74
 2887   18.50   72.00  138.00    2.10  447.07  176.27
 2888   20.40   58.10  198.00    1.90  604.95  173.12
 2889   21.40   51.20  126.00    1.90  731.75  157.19
 2890   22.10   46.10  116.00    2.10  812.21  145.82
 2891   22.50   42.10  204.00    1.70  848.98  141.78
 2892   23.70   38.90  162.00    1.80  867.11  136.33
 2893   23.90   34.80  223.00    1.90  850.11  128.41
 2894   24.40   32.70  305.00    2.20  880.66  110.12
 2895   24.80   31.30  300.00    1.60  911.08   91.82
 2896   25.00   30.10   62.00    2.10  920.22   67.19
 2897   25.00   31.50   85.00    1.40  934.38   40.26
 2898   23.50   36.40  100.00    1.70 1083.67   14.14
 2899   21.10   43.70  104.00    1.40    0.00    1.00
 2900   19.20   50.70  116.00    2.50    0.00    0.00
 2901   18.10   56.10  117.00    2.40    0.00    0.00
 2902   17.00   60.70  124.00    2.30    0.00    0.00
 2903   16.70   63.70  150.00    1.70    0.00    0.00
 2904   15.90   65.80  142.00    2.00    0.00    0.00
 2905   14.70   68.90  116.00    2.70    0.00    0.00
 2906   14.70   71.40  129.00    2.30    0.00    0.00
 2907   15.20   71.30  144.00    2.70    0.00    0.00
 2908   15.30   69.40  150.00    1.80    0.00    1.90
 2909   15.10   70.70  181.00    1.30    5.94   59.10
 2910   16.70   69.90  184.00    2.10   48.49  152.48
 2911   19.50   63.30  212.00    2.20  232.42  219.96
 2912   22.50   55.10  228.00    2.90  284.16  263.98
 2913   24.80   47.20  233.00    3.50  356.00  284.36
 2914   25.30   43.00  267.00    4.30  533.89  244.64
 2915   27.10   38.00  242.00    5.20  806.16  152.10
 2916   27.80   33.50  247.00    6.70  405.59  293.46
 2917   28.20   31.10  241.00    5.90   97.41  329.62
 2918   27.50   29.70  258.00    5.80  301.93  265.30
 2919   27.90   28.40  292.00    6.30  819.03   95.56
 2920   27.10   27.40  251.00    5.40  528.37  118.53
 2921   21.50   37.70  303.00    9.10   10.84   75.90
 2922   16.70   66.70  356.00    4.70    5.31   19.33
 2923   16.60   88.40  354.00    1.80    0.00    0.00
 2924   17.10   91.30  220.00    1.30    0.00    0.00
 2925   17.00   92.60  247.00    2.40    0.00    0.00
 2926   16.10   93.50  281.00    2.20    0.00    0.00
 2927   15.50   93.70  256.00    2.90    0.00    0.00
 2928   15.20   94.00  253.00    2.50    0.00    0.00
 2929   15.50   94.60  293.00    2.40    0.00    0.00
 2930   14.70   94.10  313.00    2.90    0.00    0.00
 2931   14.00   93.00  328.00    2.50    0.00    0.00
 2932   13.60   90.30  343.00    2.20    0.02    1.10
 2933   13.00   86.80  315.00    2.60    2.82   41.92
 2934   13.10   82.10  318.00    3.00  103.51  163.73
 2935   13.50   76.10  315.00    3.10  408.25  187.64
 2936   14.40   71.10  305.00    3.50  635.67  165.42
 2937   15.40   62.90  288.00    4.00  772.47  145.87
 2938   15.90   55.70  298.00    3.80  542.22  242.24
 2939   16.50   54.20  280.00    2.40  171.99  364.92
 2940   16.40   53.00  272.00    2.60   75.10  350.72
 2941   15.60   51.60  275.00    2.10   14.53  262.92
 2942   15.20   55.50  212.00    2.50    3.03  133.47
 2943   14.30   65.90  220.00    1.60    2.98  107.36
 2944   14.70   72.80  195.00    1.10    5.39  104.77
 2945   14.60   74.10   70.00    0.90   41.20   94.91
 2946   15.10   74.70  192.00    1.40   19.36   27.97
 2947   15.00   77.00  164.00    1.10    0.00    0.70
 2948   15.10   81.50  289.00    1.90    0.00    0.00
 2949   14.10   85.60  281.00    2.70    0.00    0.00
 2950   13.70   86.70  290.00    3.70    0.00    0.00
 2951   13.20   85.00  284.00    4.50    0.00    0.00
 2952   13.00   79.10  291.00    6.00    0.00    0.00
 2953   12.00   70.60  289.00    6.40    0.00    0.00
 2954   11.30   67.70  308.00    5.50    0.00    0.00
 2955   10.20   72.10  287.00    5.40    0.00    0.00
 2956   10.00   76.60  268.00    5.70    0.02    1.10
 2957   10.20   75.90  283.00    6.40    0.84   23.42
 2958   10.20   73.80  277.00    6.00    2.59   70.36
 2959   10.70   72.60  281.00    5.90   12.09  176.40
 2960   11.00   72.80  275.00    5.60   27.84  250.93
 2961   11.10   70.50  281.00    6.10   12.70  254.63
 2962   10.90   68.60  265.00    5.80    5.01  210.08
 2963   11.60   71.20  285.00    5.90   65.28  355.67
 2964   11.70   67.40  254.00    6.10  113.36  359.69
 2965   12.50   57.50  269.00    5.80   22.69  283.62
 2966   12.90   52.10  264.00    5.20   35.35  264.10
 2967   14.10   49.30  236.00    5.30  306.13  216.67
 2968   13.60   49.20  258.00    5.20  170.43  172.87
 2969   12.90   53.00  319.00    4.50   63.53  100.95
 2970   11.60   61.60  343.00    3.20  277.33   33.17
 2971   11.50   68.60  335.00    2.30    0.00    1.10
 2972   10.30   70.30  352.00    3.40    0.00    0.00
 2973    8.90   79.70   29.00    2.40    0.00    0.00
 2974    8.70   85.70   40.00    2.70    0.00    0.00
 2975    8.60   81.70   57.00    3.00    0.00    0.00
 2976    7.30   82.30   45.00    3.50    0.00    0.00
 2977    6.20   85.60   72.00    2.90    0.00    0.00
 2978    5.70   86.90   76.00    3.20    0.00    0.00
 2979    5.40   86.70   65.00    3.60    0.00    0.00
 2980    5.20   84.90   77.00    3.10    0.06    2.00
 2981    6.40   81.60   76.00    3.20    0.41   16.71
 2982    6.90   77.60   71.00    3.50    1.68   57.48
 2983    7.70   74.30   63.00    4.00    7.65  160.61
 2984    8.70   68.70   53.00    4.50  291.49  266.22
 2985   10.80   56.70   78.00    5.10  784.03  143.50
 2986   12.30   47.10   70.00    4.00  850.80  139.17
 2987   13.10   43.00   75.00    4.80  883.49  141.15
 2988   13.30   41.00   36.00    4.60  882.83  137.98
 2989   13.40   39.60   21.00    4.10  735.27  159.96
 2990   12.90   39.40  353.00    4.00  325.66  262.77
 2991   13.30   39.30   12.00    4.60  397.29  198.02
 2992   12.70   39.60   30.00    2.90  546.86  117.98
 2993   13.30   40.20    4.00    3.30  871.91   40.56
 2994   12.50   39.40   48.00    2.70 1020.54   16.42
 2995   11.20   41.00   36.00    3.00    0.00    3.70
 2996    9.70   46.70   23.00    2.50    0.00    0.00
 2997    9.30   53.50   39.00    2.40    0.00    0.00
 2998    8.70   57.00   25.00    2.30    0.00    0.00
 2999    7.80   60.90  335.00    0.80    0.00    0.00
 3000    6.90   66.00  354.00    1.50    0.00    0.00
 3001    6.30   69.30   50.00    1.40    0.00    0.00
 3002    5.70   73.00    3.00    0.90    0.00    0.00
 3003    5.20   77.80  330.00    0.80    0.00    0.00
 3004    4.80   80.50   98.00    1.20    2.81   13.81
 3005    6.40   78.90  276.00    1.00   63.81   96.61
 3006    9.80   68.80  306.00    2.00  294.53  155.86
 3007   11.80   55.50  285.00    2.90  512.41  166.12
 3008   13.00   46.50  310.00    3.80  664.07  158.90
 3009   13.60   39.50  317.00    2.90  769.14  148.22
 3010   14.00   35.30  332.00    2.90  837.84  141.87
 3011   14.70   34.20  294.00    3.80  877.25  141.26
 3012   15.60   33.90  304.00    4.10  906.50  142.00
 3013   16.20   34.00  313.00    4.40  920.13  133.90
 3014   17.20   34.30  334.00    4.70  887.16  113.16
 3015   14.90   42.80  345.00    5.60  416.75  194.45
 3016   15.20   51.70  298.00    5.60  629.33  103.30
 3017   14.90   50.40  279.00    3.20  915.87   42.72
 3018   14.80   51.70  241.00    2.70 1000.25   16.83
 3019   14.40   54.90  341.00    2.50    0.00    3.40
 3020   14.40   58.50  345.00    2.50    0.00    0.00
 3021   14.00   62.50  359.00    1.30    0.00    0.00
 3022   12.20   68.80   46.00    1.20    0.00    0.00
 3023   10.60   76.30   33.00    1.80    0.00    0.00
 3024   10.00   80.60   72.00    2.40    0.00    0.00
 3025    9.90   82.90   78.00    2.70    0.00    0.00
 3026    9.70   84.20   75.00    3.30    0.00    0.00
 3027    9.70   83.80   71.00    3.20    0.00    0.00
 3028    9.10   83.20   77.00    2.80    0.57    6.66
 3029    9.30   81.30   68.00    2.80   22.37   86.31
 3030   10.50   73.60   77.00    4.30   94.87  169.60
 3031   11.60   61.70   84.00    4.60  238.64  226.29
 3032   12.70   50.80   81.00    4.00  397.93  240.79
 3033   13.80   43.80   53.00    4.50  536.08  228.67
 3034   14.90   35.90   63.00    5.70  662.30  198.78
 3035   15.30   30.50   69.00    5.90  753.28  170.62
 3036   15.20   29.90   75.00    4.90  810.73  149.35
 3037   15.20   28.60   78.00    5.40  822.99  135.90
 3038   15.30   28.10   49.00    5.90  813.24  121.19
 3039   15.60   28.00   83.00    4.80  784.88  104.26
 3040   14.70   28.50   89.00    4.70  679.51   94.69
 3041   14.60   29.90   59.00    4.80  302.33   99.99
 3042   13.80   31.30   58.00    4.10  371.47   34.60
 3043   12.80   34.90   71.00    3.30    0.00    3.50
 3044   11.20   40.20   77.00    2.40    0.00    0.00
 3045   10.40   46.40  105.00    2.40    0.00    0.00
 3046    9.70   51.20   60.00    2.30    0.00    0.00
 3047    8.80   54.60   67.00    2.30    0.00    0.00
 3048    7.60   58.70   66.00    2.10    0.00    0.00
 3049    6.30   65.00   87.00    1.70    0.00    0.00
 3050    5.40   71.80   70.00    2.20    0.00    0.00
 3051    5.90   73.70   85.00    2.20    0.00    0.00
 3052    5.00   74.60   68.00    1.10    0.17    3.79
 3053    7.00   74.70   87.00    1.80   26.99   90.18
 3054    9.70   64.50   68.00    1.80  178.12  171.12
 3055   11.40   51.80  121.00    1.50   98.24  235.44
 3056   13.20   43.20  123.00    1.50  523.71  203.90
 3057   14.50   36.90   56.00    2.30  715.97  165.88
 3058   14.10   34.80   55.00    2.90  367.07  310.63
 3059   14.50   35.20   99.00    2.10  177.70  369.78
 3060   15.60   35.10   70.00    3.80  210.94  356.22
 3061   16.30   35.50   59.00    4.70   19.86  281.76
 3062   15.40   36.20   20.00    4.20   20.63  248.77
 3063   15.70   36.30   32.00    1.60   80.11  238.67
 3064   15.30   36.90   61.00    2.90   55.79  170.78
 3065   15.00   38.70   53.00    3.30  178.46  110.05
 3066   13.90   41.90   66.00    2.60  858.24   16.22
 3067   13.80   46.10  113.00    1.50    0.00    2.10
 3068   13.30   50.50  140.00    1.50    0.00    0.00
 3069   11.10   56.70  122.00    1.60    0.00    0.00
 3070    9.70   64.00   88.00    0.70    0.00    0.00
 3071    9.50   69.50   68.00    0.80    0.00    0.00
 3072    9.30   72.00   66.00    0.80    0.00    0.00
 3073    8.20   74.90   45.00    0.50    0.00    0.00
 3074    7.70   79.10   73.00    1.60    0.00    0.00
 3075    6.10   84.20   66.00    0.50    0.00    0.00
 3076    5.80   87.90   67.00    0.60    2.87   16.37
 3077    6.90   87.90   80.00    0.90   68.54  102.10
 3078   10.80   78.00   90.00    0.90  293.27  160.21
 3079   13.60   61.00  324.00    1.40  500.18  172.01
 3080   15.30   47.90  352.00    1.80  610.80  177.27
 3081   16.00   39.90  310.00    1.70  638.38  193.24
 3082   16.90   34.60  123.00    2.30  785.96  156.34
 3083   17.40   32.10   89.00    2.60  721.66  182.62
 3084   17.20   31.90  176.00    1.60  562.47  239.60
 3085   18.40   30.90  261.00    3.10  494.95  247.28
 3086   19.10   29.30  257.00    3.80  238.78  286.81
 3087   18.70   30.00  293.00    3.70  304.87  222.64
 3088   19.00   31.30  328.00    2.80  539.82  122.88
 3089   19.40   31.10   77.00    1.90  463.86   85.44
 3090   18.60   32.70  296.00    2.30  607.43   26.63
 3091   16.50   39.10  276.00    2.20    0.00    6.00
 3092   15.10   47.00  260.00    2.40    0.00    0.00
 3093   14.30   51.50  254.00    2.60    0.00    0.00
 3094   13.90   54.00  246.00    2.50    0.00    0.00
 3095   13.80   55.00  249.00    2.50    0.00    0.00
 3096   13.90   55.30  314.00    2.60    0.00    0.00
 3097   13.60   55.40  291.00    2.30    0.00    0.00
 3098   13.20   56.50  269.00    1.70    0.00    0.00
 3099   12.50   60.10  322.00    2.50    0.00    0.00
 3100   10.60   66.80  325.00    2.40    2.22   15.11
 3101   11.90   71.90  320.00    1.90   60.12  102.42
 3102   13.00   73.50  323.00    2.00  283.90  162.83
 3103   14.20   73.30  326.00    2.40  429.46  190.47
 3104   14.90   68.60  321.00    3.50  330.98  262.15
 3105   15.20   63.70  312.00    3.40  149.84  337.51
 3106   15.90   61.20  344.00    3.20  107.39  363.91
 3107   15.50   60.00  356.00    3.30   33.53  336.06
 3108   15.50   60.80  343.00    3.90   46.52  342.22
 3109   16.40   60.40  337.00    3.40  438.72  267.89
 3110   17.20   54.80  308.00    3.60  848.53  116.11
 3111   18.80   50.40  327.00    4.10  459.88  187.53
 3112   18.00   50.50  356.00    3.90  369.94  155.41
 3113   17.50   52.10   12.00    3.60  482.69   84.29
 3114   16.70   55.60   28.00    3.50  802.71   18.91
 3115   15.10   60.30   34.00    3.30    0.00    6.00
 3116   13.90   64.30   63.00    4.20    0.00    0.00
 3117   12.80   67.90   46.00    4.70    0.00    0.00
 3118   11.10   72.00   52.00    3.70    0.00    0.00
 3119    9.60   77.00   31.00    2.60    0.00    0.00
 3120    9.10   79.80   56.00    2.20    0.00    0.00
 3121    8.00   81.90   73.00    2.00    0.00    0.00
 3122    7.50   84.00   78.00    2.30    0.00    0.00
 3123    7.10   84.50   69.00    2.50    0.00    0.00
 3124    7.40   85.00   80.00    2.70    0.03    2.00
 3125    8.50   83.90   79.00    2.10    0.79   25.51
 3126    9.60   80.20   90.00    2.70   29.39  155.80
 3127   11.20   74.90   81.00    2.80  283.90  223.54
 3128   12.90   69.20   99.00    2.10  530.88  203.92
 3129   14.60   64.10  111.00    2.70  421.23  272.02
 3130   15.50   56.50   78.00    3.40  609.63  221.07
 3131   16.60   48.30   93.00    2.70  827.63  149.69
 3132   17.10   43.00   90.00    3.30  884.10  140.83
 3133   17.80   39.30   54.00    3.10  902.31  133.73
 3134   18.40   36.80  130.00    2.60  887.76  115.71
 3135   18.10   34.90   97.00    3.40  875.83   94.08
 3136   18.20   34.80   60.00    3.50  876.81   69.97
 3137   17.90   36.30   44.00    3.50  895.60   44.76
 3138   16.80   37.90   80.00    4.10  951.15   19.39
 3139   14.80   41.20   79.00    3.20    0.00    8.30
 3140   13.40   46.10   76.00    2.40    0.00    0.00
 3141   13.40   50.80   46.00    4.80    0.00    0.00
 3142   12.20   55.90   57.00    4.50    0.00    0.00
 3143   11.20   59.70   71.00    3.30    0.00    0.00
 3144   10.20   62.00   55.00    2.60    0.00    0.00
 3145    9.50   64.10   60.00    2.50    0.00    0.00
 3146    8.60   66.20   38.00    2.00    0.00    0.00
 3147    7.60   69.50   53.00    2.00    0.00    0.00
 3148    7.30   72.30   31.00    2.10    2.81   18.44
 3149    8.70   70.40   70.00    2.30   76.59  107.54
 3150    9.80   65.80   68.00    2.90  305.10  162.32
 3151   11.50   60.20   85.00    2.20  520.01  169.49
 3152   13.50   53.40   59.00    2.10  667.74  161.20
 3153   15.20   46.90  106.00    2.00  770.48  150.18
 3154   16.60   40.70  125.00    1.80  818.27  148.30
 3155   17.00   35.60  138.00    2.70  784.30  162.04
 3156   16.70   33.10    1.00    2.60  775.79  161.21
 3157   17.80   32.00   63.00    3.30  782.94  147.96
 3158   18.30   31.20   64.00    3.10  800.97  125.82
 3159   18.60   30.30   21.00    3.70  843.61   96.51
 3160   19.10   29.40   93.00    4.00  859.87   70.78
 3161   18.90   30.40   68.00    3.70  886.55   44.88
 3162   17.80   32.80   74.00    3.80  947.73   19.97
 3163   16.30   36.60   87.00    3.20    0.00    9.70
 3164   15.00   42.20   92.00    3.10    0.00    0.00
 3165   13.60   48.20  105.00    3.10    0.00    0.00
 3166   12.50   53.60   70.00    2.50    0.00    0.00
 3167   11.80   57.80   71.00    2.20    0.00    0.00
 3168   10.90   61.30   90.00    1.90    0.00    0.00
 3169   10.10   65.60   44.00    1.30    0.00    0.00
 3170    9.60   70.20  353.00    0.80    0.00    0.00
 3171    8.80   74.50   63.00    1.30    0.00    0.00
 3172    8.70   77.70   70.00    1.30    2.64   18.55
 3173   10.60   77.00   69.00    1.40   73.27  108.60
 3174   13.60   64.60   72.00    1.70  295.27  164.95
 3175   15.90   49.20   61.00    1.50  497.60  176.07
 3176   17.00   39.10   60.00    1.80  647.57  168.01
 3177   17.60   34.20   84.00    2.90  747.69  157.57
 3178   17.80   32.70    8.00    3.40  819.88  148.19
 3179   18.30   31.10   46.00    2.70  867.65  144.06
 3180   18.90   29.30  238.00    1.70  896.97  143.75
 3181   20.20   27.50  342.00    3.10  908.98  135.63
 3182   20.70   26.60  134.00    2.50  913.33  120.00
 3183   21.10   26.70   89.00    2.50  915.30   98.87
 3184   21.70   27.10  333.00    2.30  914.34   73.77
 3185   21.80   27.70   27.00    1.40  916.19   46.96
 3186   21.20   30.10   19.00    2.20  946.47   20.58
 3187   19.60   34.60  297.00    2.90    0.00   11.80
 3188   16.70   42.70   30.00    1.60    0.00    0.00
 3189   16.10   51.80   42.00    1.00    0.00    0.00
 3190   15.10   55.30  294.00    1.40    0.00    0.00
 3191   13.90   58.40  264.00    1.80    0.00    0.00
 3192   13.70   61.90  265.00    1.70    0.00    0.00
 3193   13.50   63.30  277.00    2.00    0.00    0.00
 3194   12.70   65.10  268.00    1.40    0.00    0.00
 3195   12.80   68.00  243.00    1.80    0.00    0.00
 3196   13.10   68.90  260.00    1.70    0.03    2.00
 3197   13.80   67.60  273.00    1.50    0.45   20.19
 3198   15.20   65.50  295.00    2.50   78.14  177.28
 3199   17.40   59.00  266.00    3.50  358.45  211.08
 3200   19.00   51.60  267.00    4.60  411.92  243.03
 3201   19.50   46.90  286.00    6.80  555.70  225.99
 3202   20.30   41.50  278.00    6.00  760.03  166.20
 3203   20.70   38.00  294.00    7.10  838.29  148.23
 3204   21.80   36.30  314.00    6.00  880.71  141.64
 3205   21.40   34.90  300.00    6.60  874.72  131.55
 3206   22.50   33.60  306.00    6.00  775.50  132.85
 3207   22.20   32.70  307.00    7.00  716.68  123.07
 3208   21.20   33.90  284.00    6.60  415.77  151.32
 3209   20.80   35.80  305.00    6.30  233.46  115.21
 3210   20.00   36.10  321.00    6.20  151.83   51.59
 3211   18.80   38.20  326.00    5.70    0.00   11.10
 3212   17.40   46.00  324.00    5.20    0.00    0.00
 3213   16.40   55.50  310.00    5.70    0.00    0.00
 3214   15.50   64.00  313.00    6.30    0.00    0.00
 3215   14.60   68.80  320.00    6.30    0.00    0.00
 3216   13.10   65.00  350.00    7.00    0.00    0.00
 3217   11.60   63.30  342.00    6.60    0.00    0.00
 3218   10.70   67.80  346.00    5.40    0.00    0.00
 3219    9.80   70.60    4.00    3.80    0.00    0.00
 3220    8.70   69.50   20.00    2.80    3.15   21.68
 3221    9.60   64.70  359.00    4.20  117.10  114.05
 3222   10.90   61.00  354.00    3.90  391.11  151.49
 3223   12.60   57.00  341.00    4.60  598.80  150.95
 3224   13.30   51.80  347.00    5.60  520.33  209.96
 3225   14.40   44.30  335.00    7.20  519.72  239.75
 3226   14.40   37.90  345.00    7.60  352.13  321.26
 3227   14.00   37.90  341.00    7.50   33.96  340.89
 3228   13.80   41.10  329.00    8.00    3.91  193.31
 3229   13.00   45.40   16.00    7.80   31.17  307.31
 3230   14.50   47.60  353.00    7.00  289.14  281.67
 3231   12.40   53.50   37.00    6.60    6.87  168.61
 3232   12.30   61.10  356.00    4.70  166.35  187.71
 3233   12.70   59.30   17.00    5.70  249.47  115.23
 3234   11.90   60.30   24.00    4.10  593.67   32.94
 3235   12.00   61.20   22.00    3.30    0.00   11.10
 3236   11.40   61.90   32.00    2.40    0.00    0.00
 3237   10.80   66.60   52.00    2.30    0.00    0.00
 3238   10.20   75.20  350.00    2.40    0.00    0.00
 3239   10.00   83.80  248.00    2.20    0.00    0.00
 3240    9.90   88.10  237.00    2.60    0.00    0.00
 3241   10.20   90.60  250.00    2.40    0.00    0.00
 3242   10.40   90.00  277.00    3.40    0.00    0.00
 3243    9.90   88.30  287.00    3.80    0.00    0.00
 3244    9.90   85.90  295.00    4.70    0.18    5.38
 3245    9.90   82.70  311.00    4.50    3.50   56.91
 3246   10.50   79.50  314.00    4.70   19.28  151.74
 3247   12.10   73.50  301.00    5.50   88.34  243.81
 3248   12.50   69.20  306.00    4.80    7.30  205.77
 3249   11.60   72.10  306.00    4.60    2.42  141.37
 3250   12.60   72.50  294.00    5.60   23.72  316.68
 3251   13.50   66.50  311.00    6.60  310.65  344.39
 3252   14.80   62.20  301.00    5.80   99.99  370.21
 3253   15.00   60.40   25.00    3.50    3.23  164.34
 3254   14.20   56.60  266.00    3.00  402.38  251.20
 3255   16.10   49.60    4.00    4.00  915.67  100.37
 3256   16.30   43.90   34.00    5.90  899.95   74.15
 3257   15.20   42.00   29.00    5.50  817.00   49.40
 3258   15.30   42.20   32.00    5.10   88.81   53.95
 3259   14.30   45.40   29.00    4.70    0.00    2.10
 3260   13.40   50.30   27.00    2.70    0.00    0.00
 3261   12.80   55.10  312.00    1.50    0.00    0.00
 3262   12.00   61.00  253.00    2.30    0.00    0.00
 3263   12.10   62.30  275.00    2.80    0.00    0.00
 3264   11.50   61.30  295.00    3.90    0.00    0.00
 3265   11.40   61.10  294.00    4.50    0.00    0.00
 3266   11.00   62.00  290.00    4.80    0.00    0.00
 3267   11.30   64.70  296.00    4.80    0.00    0.00
 3268   10.90   68.40  288.00    5.00    0.06    3.19
 3269   11.00   73.50  290.00    4.80    4.70   66.50
 3270   12.20   74.90  300.00    5.00   68.16  178.87
 3271   13.40   71.60  289.00    5.30  396.58  204.72
 3272   15.40   65.50  290.00    5.40  572.77  194.11
 3273   15.80   60.00  283.00    6.10   62.39  331.55
 3274   15.70   56.30  296.00    6.60    6.10  239.32
 3275   16.80   53.60  326.00    6.70   80.43  374.41
 3276   15.70   52.10  325.00    6.80   30.79  330.85
 3277   11.50   63.20   41.00    6.50   36.29  315.16
 3278   10.60   76.30   32.00    4.90    4.53  171.94
 3279   11.00   71.30    9.00    5.80    5.13  150.84
 3280   10.80   68.20    4.00    3.20    2.93   86.27
 3281   11.20   69.90    3.00    3.10   14.96   98.13
 3282   11.40   70.70  341.00    2.30  255.78   53.11
 3283   10.90   72.60  310.00    2.60    0.00   11.90
 3284    9.50   78.30  307.00    2.70    0.00    0.00
 3285    9.70   84.30  314.00    2.90    0.00    0.00
 3286    9.60   85.50  319.00    2.80    0.00    0.00
 3287    8.90   85.30  312.00    2.60    0.00    0.00
 3288    8.00   86.90  318.00    2.60    0.00    0.00
 3289    7.60   89.30  298.00    2.60    0.00    0.00
 3290    7.90   90.90  305.00    3.10    0.00    0.00
 3291    7.90   89.60  310.00    3.40    0.00    0.00
 3292    8.20   88.30  276.00    2.20    1.65   17.22
 3293    8.50   88.10  276.00    2.80    3.06   54.41
 3294    9.40   86.40  279.00    3.40    5.42  113.49
 3295   10.50   80.70  287.00    4.80   70.85  242.04
 3296   11.80   75.90  297.00    5.30  203.27  297.34
 3297   13.90   71.20  298.00    5.60  172.43  343.14
 3298   14.10   65.00  289.00    5.60   86.71  367.42
 3299   14.60   59.60  322.00    5.60    9.72  279.43
 3300   15.10   56.50  293.00    5.60   20.30  312.11
 3301   15.10   56.80  305.00    5.10   12.82  269.37
 3302   14.20   60.80  329.00    4.10    5.36  187.27
 3303   14.00   59.10  334.00    4.50    4.17  136.87
 3304   13.90   55.80  347.00    5.50    2.05   72.74
 3305   13.00   59.70  350.00    5.80    4.31   68.22
 3306   12.80   63.70  323.00    4.60   27.25   50.06
 3307   12.70   67.70  315.00    5.00    0.00    6.00
 3308   11.90   75.10  332.00    4.80    0.00    0.00
 3309   11.60   83.90  322.00    5.00    0.00    0.00
 3310   11.90   86.50  323.00    4.40    0.00    0.00
 3311   11.20   89.00  327.00    1.90    0.00    0.00
 3312   11.40   92.80  318.00    3.20    0.00    0.00
 3313   11.60   92.60  313.00    3.70    0.00    0.00
 3314   11.50   92.40  314.00    4.00    0.00    0.00
 3315   11.60   92.60  313.00    4.10    0.00    0.00
 3316   11.50   91.80  318.00    4.40    0.05    2.99
 3317   11.50   90.50  328.00    5.30    0.33   18.11
 3318   11.40   89.10  338.00    4.00    1.27   55.88
 3319   11.50   87.20  316.00    4.70    2.48  103.94
 3320   12.00   85.50  317.00    4.70    2.33  122.84
 3321   12.20   82.20  326.00    5.10    2.62  148.10
 3322   12.90   79.20  325.00    5.40    3.23  176.85
 3323   13.40   77.50  327.00    4.70    3.10  177.89
 3324   13.60   75.50  327.00    4.80    2.63  160.53
 3325   14.00   75.50  326.00    4.10    4.52  195.52
 3326   14.50   75.90  336.00    4.60    8.16  217.16
 3327   15.00   75.50  330.00    3.90   55.77  243.34
 3328   15.30   74.10  339.00    4.30   42.46  178.55
 3329   15.30   73.80  334.00    3.50   54.07  119.70
 3330   14.90   74.80  358.00    3.40  299.54   53.76
 3331   14.70   75.90  339.00    2.30    0.00   13.00
 3332   13.90   80.30  323.00    1.80    0.00    0.00
 3333   13.40   85.10  303.00    1.50    0.00    0.00
 3334   13.00   87.70  290.00    1.80    0.00    0.00
 3335   13.00   89.10  296.00    1.50    0.00    0.00
 3336   11.60   91.70  280.00    1.10    0.00    0.00
 3337   10.80   94.80  265.00    1.10    0.00    0.00
 3338   10.40   96.30  250.00    1.40    0.00    0.00
 3339    9.60   97.20   44.00    1.00    0.00    0.00
 3340   10.20   96.10  250.00    1.40    3.27   25.32
 3341   12.40   92.90  267.00    1.80   95.78  119.35
 3342   15.20   86.00  264.00    2.10  310.31  169.86
 3343   17.60   72.90  275.00    2.70  505.68  178.77
 3344   19.40   61.80  291.00    3.10  648.30  170.86
 3345   20.00   54.70  305.00    2.80  740.18  162.11
 3346   20.90   49.30  275.00    2.40  813.99  151.40
 3347   20.90   46.20  242.00    2.40  791.61  161.77
 3348   22.30   43.80  254.00    3.50  761.88  167.91
 3349   22.90   40.10  232.00    4.00  796.83  146.37
 3350   23.20   38.10  284.00    3.10  687.74  160.85
 3351   24.00   38.20  292.00    3.40  628.36  149.21
 3352   24.20   37.00  247.00    3.50  808.50   79.51
 3353   24.50   36.10  288.00    2.90  873.72   48.57
 3354   24.10   37.30  280.00    3.10  912.24   23.86
 3355   22.40   42.70  245.00    2.10    0.00   26.30
 3356   20.80   51.70  235.00    2.10    0.00    0.00
 3357   20.00   58.90  224.00    2.30    0.00    0.00
 3358   19.30   63.60  241.00    2.60    0.00    0.00
 3359   18.90   68.20  244.00    2.70    0.00    0.00
 3360   18.70   72.90  258.00    1.80    0.00    0.00
 3361   18.70   74.00  278.00    2.20    0.00    0.00
 3362   18.20   72.60  255.00    2.00    0.00    0.00
 3363   17.00   72.00  290.00    2.30    0.00    0.00
 3364   16.70   65.70  302.00    3.80    0.04    2.90
 3365   17.00   58.40  273.00    2.80    1.05   33.02
 3366   17.10   55.70  279.00    4.00  124.04  188.69
 3367   18.20   49.50  291.00    4.40  437.28  197.36
 3368   18.80   42.00  265.00    5.10  599.06  187.31
 3369   19.30   37.50  265.00    5.60  715.04  170.83
 3370   20.30   33.00  265.00    5.50  803.67  154.38
 3371   21.50   29.60  259.00    5.60  853.28  147.50
 3372   21.20   27.90  269.00    7.70  882.16  144.39
 3373   20.60   29.00  261.00    7.00  895.19  136.77
 3374   20.70   33.20  263.00    6.50  484.28  228.61
 3375   21.50   34.90  238.00    6.10  888.18   99.54
 3376   22.00   33.60  283.00    6.20  874.14   74.57
 3377   21.60   33.30  284.00    6.50  801.85   53.19
 3378   20.80   35.60  298.00    6.20  715.59   30.16
 3379   19.70   39.10  262.00    4.00    0.00   22.80
 3380   17.80   43.70  283.00    3.20    0.00    0.00
 3381   16.00   51.00  250.00    2.20    0.00    0.00
 3382   16.10   54.60  309.00    4.80    0.00    0.00
 3383   14.50   56.60  310.00    4.80    0.00    0.00
 3384   12.70   60.90  288.00    3.70    0.00    0.00
 3385   11.80   64.70  276.00    4.00    0.00    0.00
 3386   11.60   67.80  282.00    4.60    0.00    0.00
 3387   11.10   70.00  275.00    4.20    0.00    0.00
 3388   10.70   70.50  299.00    5.20    0.24    7.27
 3389   10.80   67.40  296.00    5.40    0.59   24.94
 3390   11.00   66.40  275.00    4.70    6.54  125.27
 3391   11.50   66.00  279.00    5.10  106.70  251.60
 3392   12.10   60.70  293.00    6.70  210.86  299.24
 3393   13.10   52.40  285.00    6.50  260.02  329.17
 3394   12.90   46.20  266.00    7.00   86.21  370.17
 3395   13.30   46.20  276.00    7.30  252.17  365.75
 3396   14.00   45.70  258.00    6.60  480.54  278.75
 3397   15.80   39.40  246.00    7.30  358.30  303.45
 3398   15.00   34.60  268.00    8.60  286.68  288.07
 3399   15.40   32.20  272.00    6.40  343.18  226.55
 3400   12.70   36.70  283.00    8.90  396.37  162.29
 3401   12.20   45.40  256.00    6.70  683.96   67.80
 3402   11.10   49.90  281.00    6.60  861.17   23.97
 3403    9.70   56.70  301.00    6.70    0.00   22.20
 3404    8.30   64.10  277.00    5.30    0.00    0.00
 3405    8.00   68.20  313.00    3.10    0.00    0.00
 3406    7.60   68.90  269.00    4.20    0.00    0.00
 3407    7.10   69.90  246.00    3.20    0.00    0.00
 3408    6.60   74.00  247.00    2.70    0.00    0.00
 3409    6.50   76.40  246.00    2.60    0.00    0.00
 3410    6.30   76.70  227.00    2.50    0.00    0.00
 3411    6.00   78.00  230.00    2.60    0.00    0.00
 3412    6.20   78.30  248.00    3.00    4.23   30.67
 3413    8.00   75.40  260.00    3.30  177.06  122.36
 3414    9.60   70.40  243.00    4.50  398.90  156.73
 3415   11.10   64.40  251.00    4.50  318.32  227.35
 3416   11.40   59.70  261.00    5.20  111.45  306.75
 3417   11.70   55.70  233.00    6.10  118.33  348.99
 3418   12.10   56.30  227.00    4.30   95.61  372.94
 3419   10.80   61.20  239.00    5.20   60.12  369.73
 3420   10.20   64.20  262.00    7.40   60.18  362.22
 3421   10.30   69.10  234.00    4.60  224.30  341.59
 3422   11.40   67.90  244.00    3.00  309.51  282.95
 3423   12.20   59.70  208.00    3.50  121.27  259.56
 3424   10.20   63.00  271.00    4.00    7.66  136.76
 3425   11.60   65.80  214.00    3.30  225.64  126.70
 3426   12.00   61.50  235.00    2.60 1040.59   29.01
 3427   11.00   66.20  203.00    2.60    0.00   34.20
 3428    9.90   77.40  176.00    2.30    0.00    0.00
 3429   10.00   80.80  224.00    2.80    0.00    0.00
 3430   10.00   77.10  214.00    2.50    0.00    0.00
 3431    9.30   78.40  234.00    2.40    0.00    0.00
 3432    8.90   82.50  221.00    2.70    0.00    0.00
 3433    8.80   84.90  240.00    2.80    0.00    0.00
 3434    8.40   86.10  239.00    2.70    0.00    0.00
 3435    8.00   87.10  230.00    2.50    0.00    0.00
 3436    7.80   87.40  239.00    2.30    3.55   28.65
 3437    8.70   86.50  241.00    3.00   45.17  115.72
 3438   10.40   81.90  245.00    4.00  255.37  181.33
 3439   12.10   72.50  248.00    4.10  440.24  198.33
 3440   13.20   62.90  252.00    4.40  193.85  303.22
 3441   13.70   54.60  235.00    4.10   67.19  338.81
 3442   13.80   50.00  254.00    4.60  165.67  374.66
 3443   14.40   46.30  233.00    4.20  343.81  337.99
 3444   15.50   40.80  199.00    6.00  674.58  201.11
 3445   16.70   36.40  235.00    4.50  817.32  142.08
 3446   17.60   34.00  237.00    3.70  645.94  175.94
 3447   18.20   33.70  267.00    4.40  471.41  194.99
 3448   18.50   34.50  226.00    3.20  594.92  122.42
 3449   19.00   35.50  206.00    5.30  761.84   58.92
 3450   18.30   37.70  176.00    2.70  921.23   26.19
 3451   16.50   44.60  190.00    2.20    0.00   29.50
 3452   15.50   52.10  159.00    2.60    0.00    0.00
 3453   15.60   52.60  191.00    2.40    0.00    0.00
 3454   14.00   55.80  209.00    2.80    0.00    0.00
 3455   13.20   63.50  186.00    2.50    0.00    0.00
 3456   12.50   67.60  177.00    1.80    0.00    0.00
 3457   13.30   66.20  191.00    2.30    0.00    0.00
 3458   13.10   64.40  175.00    2.30    0.00    0.00
 3459   13.70   63.60  181.00    2.60    0.00    0.00
 3460   13.30   63.20  161.00    2.80    0.18    6.58
 3461   13.90   62.80  161.00    2.80    0.27   17.42
 3462   14.30   62.70  200.00    3.70    1.17   55.20
 3463   14.20   66.40  203.00    4.30    5.97  162.85
 3464   14.60   70.40  211.00    4.80   19.09  255.21
 3465   14.50   72.40  201.00    4.60    7.67  242.57
 3466   14.60   74.10  209.00    4.10    4.26  205.16
 3467   14.10   77.00  192.00    4.30    3.05  178.40
 3468   14.10   82.50  193.00    3.70    3.19  178.74
 3469   14.90   88.00  186.00    3.50    5.63  220.90
 3470   15.50   89.70  194.00    3.80   11.19  236.55
 3471   15.80   90.40  193.00    4.30    5.18  156.51
 3472   15.50   91.60  217.00    4.50    3.62  100.30
 3473   15.40   93.50  192.00    3.40   20.42  111.30
 3474   15.80   94.30  197.00    3.50   95.70   65.97
 3475   15.80   93.80  200.00    2.80    0.00   11.20
 3476   15.50   95.00  190.00    2.30    0.00    0.00
 3477   15.20   95.90  196.00    2.30    0.00    0.00
 3478   15.20   95.90  231.00    2.40    0.00    0.00
 3479   14.70   96.30  255.00    1.60    0.00    0.00
 3480   13.50   97.30  303.00    1.40    0.00    0.00
 3481   12.60   97.80  278.00    1.60    0.00    0.00
 3482   13.90   97.60  293.00    1.30    0.00    0.00
 3483   13.20   97.40  268.00    2.00    0.00    0.00
 3484   14.10   96.90  279.00    2.50    0.04    3.10
 3485   14.30   95.70  288.00    4.10    1.28   37.94
 3486   14.40   93.80  298.00    3.90    3.08   89.39
 3487   14.30   89.20  306.00    4.20   66.53  247.14
 3488   16.20   79.10  322.00    3.80  288.82  285.22
 3489   17.00   66.80  283.00    3.80  363.57  300.61
 3490   17.90   55.80  288.00    4.80  418.22  303.24
 3491   19.10   48.60  264.00    4.90  567.98  249.78
 3492   19.30   45.10  304.00    4.50  767.28  167.32
 3493   20.20   40.90  317.00    4.20  602.84  215.48
 3494   20.70   37.70  303.00    4.20  303.17  286.69
 3495   21.00   36.80  228.00    4.30  725.61  125.75
 3496   20.30   37.00  243.00    4.80  221.76  194.57
 3497   17.90   45.00  297.00    3.90    5.32   81.43
 3498   17.90   53.10  309.00    3.50  181.96   66.95
 3499   16.90   54.10  318.00    2.70    0.00   25.90
 3500   16.50   58.10  328.00    2.50    0.00    0.00
 3501   14.90   64.60  308.00    1.70    0.00    0.00
 3502   13.80   73.30  258.00    1.10    0.00    0.00
 3503   14.60   76.80  221.00    1.70    0.00    0.00
 3504   12.90   80.00  204.00    1.30    0.00    0.00
 3505   11.60   86.00  219.00    1.20    0.00    0.00
 3506   11.00   88.70  202.00    1.20    0.00    0.00
 3507   11.20   88.20  185.00    1.50    0.00    0.00
 3508   11.40   86.80  206.00    1.60    0.25    8.17
 3509   12.90   85.60  202.00    1.80    0.46   23.07
 3510   14.60   79.70  210.00    2.40   40.95  178.11
 3511   17.00   68.40  228.00    3.00  131.36  256.12
 3512   17.70   60.50  200.00    3.10   38.37  282.77
 3513   19.50   54.80  233.00    4.40  240.77  336.60
 3514   20.40   48.40  228.00    5.00  502.59  270.35
 3515   19.60   45.80  233.00    5.30  279.67  360.56
 3516   20.20   44.20  239.00    5.50  240.28  364.25
 3517   21.20   42.20  218.00    4.80  136.53  355.71
 3518   20.60   42.80  238.00    5.50   13.10  244.88
 3519   21.40   43.50  236.00    5.40  102.24  261.86
 3520   20.90   43.90  227.00    4.90  181.06  199.57
 3521   21.10   44.60  233.00    4.30   90.39  133.91
 3522   20.70   45.70  226.00    3.50   93.54   68.20
 3523   20.30   48.60  204.00    3.20    0.00    6.40
 3524   20.00   51.10  189.00    2.80    0.00    0.00
 3525   19.60   52.80  198.00    2.60    0.00    0.00
 3526   18.90   55.30  194.00    2.70    0.00    0.00
 3527   18.80   57.10  190.00    3.10    0.00    0.00
 3528   18.20   60.40  213.00    3.60    0.00    0.00
 3529   17.10   67.80  205.00    3.30    0.00    0.00
 3530   16.10   76.90  210.00    3.30    0.00    0.00
 3531   14.90   87.10  194.00    3.60    0.00    0.00
 3532   14.90   92.90  202.00    3.80    0.16    6.48
 3533   15.20   92.60  211.00    3.70    0.27   17.62
 3534   15.80   91.00  217.00    3.70    0.50   36.59
 3535   16.20   89.70  224.00    4.40    0.43   45.05
 3536   15.40   92.20  233.00    4.20    0.70   68.92
 3537   16.10   94.20  241.00    4.40    4.58  198.44
 3538   17.30   89.10  230.00    4.30   43.40  350.74
 3539   17.40   87.60  231.00    3.80   89.34  384.11
 3540   18.20   82.20  240.00    4.20    7.23  259.52
 3541   16.30   81.20  264.00    3.00    1.12  100.42
 3542   16.20   83.80  307.00    4.20   10.93  237.17
 3543   18.70   75.60  293.00    4.90  140.89  263.94
 3544   18.60   69.60  276.00    4.50  341.05  177.66
 3545   18.50   68.60  260.00    4.30  527.72   93.80
 3546   18.50   69.50  269.00    3.90  284.40   64.72
 3547   17.90   68.70  322.00    4.30    0.00   13.10
 3548   16.60   70.70  326.00    4.20    0.00    0.00
 3549   16.20   74.40  320.00    5.10    0.00    0.00
 3550   15.30   77.60  312.00    4.60    0.00    0.00
 3551   14.40   82.00  310.00    5.10    0.00    0.00
 3552   13.60   83.80  312.00    5.00    0.00    0.00
 3553   13.50   82.60  310.00    4.60    0.00    0.00
 3554   12.70   83.40  312.00    4.70    0.00    0.00
 3555   12.50   86.20  306.00    4.70    0.00    0.00
 3556   12.30   86.90  308.00    4.90    0.08    4.69
 3557   12.30   85.80  307.00    5.40    0.74   29.39
 3558   12.60   83.20  298.00    5.10    7.73  135.27
 3559   13.30   78.90  295.00    4.90  193.29  253.18
 3560   14.00   73.80  289.00    5.70  351.96  269.56
 3561   15.90   68.30  272.00    5.60  410.11  285.79
 3562   16.00   62.30  293.00    5.60  447.44  292.94
 3563   17.10   56.10  274.00    5.10  302.88  354.14
 3564   17.20   52.10  275.00    5.10  243.94  364.34
 3565   18.50   50.20  271.00    5.90  448.97  275.15
 3566   18.70   45.80  255.00    5.90  523.14  219.57
 3567   19.50   41.50  283.00    5.50  605.08  159.91
 3568   19.40   41.30  278.00    4.40  752.29   92.26
 3569   18.80   43.10  271.00    3.80  502.89   98.11
 3570   18.50   46.00  268.00    3.30   52.48   67.17
 3571   18.00   48.90  241.00    2.40    0.00   13.30
 3572   17.80   51.40  261.00    3.00    0.00    0.00
 3573   17.30   56.20  261.00    3.20    0.00    0.00
 3574   16.80   63.30  263.00    3.70    0.00    0.00
 3575   15.10   75.00  244.00    3.70    0.00    0.00
 3576   14.40   87.80  217.00    3.00    0.00    0.00
 3577   14.40   93.50  211.00    3.60    0.00    0.00
 3578   14.70   95.80  214.00    3.10    0.00    0.00
 3579   15.40   95.60  244.00    3.40    0.00    0.00
 3580   15.60   95.20  242.00    3.10    0.16    6.68
 3581   16.30   95.00  244.00    3.30    0.33   19.81
 3582   17.20   92.90  252.00    3.20    2.62   83.77
 3583   17.50   90.20  274.00    4.10    4.21  139.50
 3584   18.00   87.10  264.00    4.00    5.89  198.15
 3585   18.70   84.00  279.00    3.90   30.12  312.13
 3586   21.10   77.30  269.00    3.70   88.32  375.07
 3587   22.30   68.70  243.00    4.20   39.51  356.73
 3588   22.50   64.30  268.00    4.40   21.46  321.61
 3589   22.60   62.40  273.00    5.30  334.57  315.54
 3590   24.40   58.40  280.00    5.10  578.65  200.92
 3591   24.60   53.20  279.00    5.70  567.80  171.01
 3592   24.40   51.30  267.00    5.10  725.89   97.71
 3593   24.50   52.20  278.00    4.70  485.90  101.28
 3594   24.20   51.40  284.00    4.50  640.80   40.75
 3595   22.90   53.00  277.00    3.40    0.00   35.30
 3596   21.60   59.50  280.00    2.70    0.00    0.00
 3597   20.40   66.00  242.00    1.90    0.00    0.00
 3598   19.90   70.00  234.00    2.30    0.00    0.00
 3599   18.70   74.40  272.00    2.20    0.00    0.00
 3600   17.70   80.30  237.00    1.60    0.00    0.00
 3601   17.60   83.50  247.00    1.90    0.00    0.00
 3602   17.10   85.20  252.00    2.10    0.00    0.00
 3603   16.10   88.30  245.00    1.50    0.00    0.00
 3604   16.30   91.00  282.00    1.00    0.48   11.73
 3605   18.10   89.20   22.00    1.10    4.61   73.48
 3606   19.30   80.90    1.00    1.50    4.14  105.21
 3607   20.10   73.20  335.00    1.20   64.62  249.25
 3608   21.00   68.10    8.00    1.40  108.09  310.95
 3609   21.90   63.90  350.00    2.20  140.85  353.36
 3610   22.30   60.60  302.00    2.00  238.43  364.37
 3611   23.30   59.50  340.00    2.00  320.04  349.18
 3612   23.40   59.00  334.00    3.20  489.99  278.24
 3613   24.10   56.60  335.00    3.20  544.23  239.64
 3614   24.80   54.00  319.00    3.00  705.35  158.66
 3615   25.60   50.80   45.00    2.20  783.36  113.40
 3616   25.40   49.90    8.00    3.00  393.56  169.65
 3617   25.70   50.90  337.00    2.10  126.41  139.31
 3618   25.00   51.90  331.00    1.50  481.07   53.86
 3619   23.70   58.20   50.00    1.20    0.00   27.80
 3620   21.30   66.10   75.00    2.90    0.00    0.00
 3621   20.80   69.30   87.00    3.10    0.00    0.00
 3622   20.40   71.20  112.00    2.70    0.00    0.00
 3623   19.30   74.80  107.00    2.00    0.00    0.00
 3624   18.80   78.90   94.00    2.30    0.00    0.00
 3625   18.60   80.60   62.00    1.70    0.00    0.00
 3626   18.30   83.10   81.00    1.90    0.00    0.00
 3627   17.90   84.60  101.00    1.30    0.00    0.00
 3628   17.40   86.30  120.00    1.70    7.08   43.69
 3629   19.20   85.40  139.00    2.50    8.65   93.01
 3630   20.50   81.70  151.00    3.00   10.78  147.02
 3631   21.50   76.60  199.00    2.30   29.97  228.57
 3632   22.40   71.20  248.00    2.90   62.64  300.59
 3633   22.20   65.90  248.00    3.30   31.27  314.46
 3634   22.10   62.80  240.00    3.10   23.22  324.19
 3635   22.30   61.00  229.00    4.00   26.55  339.20
 3636   24.40   56.50  212.00    3.30  609.98  228.99
 3637   25.80   51.80  220.00    3.70  758.47  160.34
 3638   26.70   49.50  200.00    3.70  426.37  253.26
 3639   26.60   47.10  213.00    5.20  247.85  254.30
 3640   25.40   46.30  234.00    5.30   68.44  199.85
 3641   23.40   50.50  231.00    6.90    3.95   73.58
 3642   22.30   57.10  218.00    3.60    4.09   39.53
 3643   21.60   62.90  254.00    3.40    0.00    8.10
 3644   20.70   67.40  221.00    2.80    0.00    0.00
 3645   19.80   71.30  224.00    3.40    0.00    0.00
 3646   19.20   75.80  244.00    2.80    0.00    0.00
 3647   18.40   79.10  315.00    4.70    0.00    0.00
 3648   17.90   81.70  319.00    2.90    0.00    0.00
 3649   17.60   82.60  290.00    2.40    0.00    0.00
 3650   16.30   81.80  324.00    2.50    0.00    0.00
 3651   15.30   82.80  310.00    1.80    0.00    0.00
 3652   15.50   83.40  290.00    1.00    0.13    6.38
 3653   16.80   77.20  269.00    1.30    0.43   22.88
 3654   17.30   67.80  258.00    1.60   12.47  151.57
 3655   18.40   61.50  206.00    2.20  133.04  259.14
 3656   19.40   58.70  236.00    2.20  197.45  307.09
 3657   19.70   57.40  294.00    2.20   45.84  330.13
 3658   19.50   57.50  219.00    3.00   21.90  321.67
 3659   20.10   59.70  341.00    3.10   45.14  363.62
 3660   19.60   61.20  331.00    3.00   17.53  312.75
 3661   19.70   61.90  312.00    2.10   15.29  286.36
 3662   20.00   64.80  194.00    2.00  350.71  277.35
 3663   21.90   61.60  202.00    2.70  846.01  103.09
 3664   22.00   54.90  222.00    2.30  226.43  199.82
 3665   22.60   51.40  213.00    1.80  226.45  136.31
 3666   22.60   45.30  296.00    3.50  159.60   74.75
 3667   20.50   46.70  281.00    2.50    0.00   40.40
 3668   18.10   58.30  340.00    2.40    0.00    0.00
 3669   18.80   62.40  352.00    3.10    0.00    0.00
 3670   18.50   62.20    6.00    2.10    0.00    0.00
 3671   17.50   67.20  349.00    2.40    0.00    0.00
 3672   15.70   74.10  311.00    2.30    0.00    0.00
 3673   15.40   79.90  320.00    1.60    0.00    0.00
 3674   15.00   82.40  303.00    1.70    0.00    0.00
 3675   15.20   82.40  285.00    2.10    0.00    0.00
 3676   14.70   82.40  310.00    2.00    4.10   35.10
 3677   16.10   80.70  328.00    2.10   99.27  130.65
 3678   17.80   72.60  248.00    1.60  310.42  178.46
 3679   19.00   64.00  290.00    2.10  492.62  187.89
 3680   20.00   55.20  257.00    1.90  629.86  180.35
 3681   21.10   46.30  238.00    2.60  719.78  171.30
 3682   21.60   42.40  261.00    2.30  678.21  200.20
 3683   21.80   41.30  214.00    2.60  477.04  289.75
 3684   23.20   38.70  241.00    4.10  502.69  273.83
 3685   23.30   35.90  197.00    3.80  662.91  194.64
 3686   24.30   34.30  213.00    5.20  785.97  135.50
 3687   24.60   34.10  161.00    4.70  792.45  112.17
 3688   25.00   33.90  190.00    3.80  837.22   80.68
 3689   25.30   34.90  218.00    3.20  761.07   63.06
 3690   25.30   37.90  196.00    2.30  759.47   33.85
 3691   23.70   44.20  183.00    1.60    0.00   44.80
 3692   21.90   53.60  174.00    1.60    0.00    0.00
 3693   21.00   60.20  161.00    1.90    0.00    0.00
 3694   20.30   64.10  171.00    2.00    0.00    0.00
 3695   19.70   67.30  179.00    1.80    0.00    0.00
 3696   18.90   70.10  175.00    1.50    0.00    0.00
 3697   18.70   72.90  169.00    1.70    0.00    0.00
 3698   18.60   75.00  171.00    1.80    0.00    0.00
 3699   18.20   77.10  159.00    2.10    0.00    0.00
 3700   18.20   78.80  149.00    1.70    0.05    3.99
 3701   19.80   77.30  186.00    2.70    1.13   37.37
 3702   21.10   74.00  174.00    2.50   30.27  175.15
 3703   22.60   69.70  214.00    3.40  193.10  255.69
 3704   24.00   62.70  235.00    3.50  359.29  269.23
 3705   25.40   52.10  229.00    3.30  592.43  218.67
 3706   25.30   45.40  192.00    4.50  286.29  352.23
 3707   24.20   47.70  195.00    5.00   10.65  292.08
 3708   23.60   51.60  187.00    4.80   22.93  326.82
 3709   23.90   53.70  210.00    5.60  120.84  359.98
 3710   24.30   55.80  210.00    5.20   21.80  270.84
 3711   23.60   57.60  271.00    4.70    6.75  179.78
 3712   22.80   61.60  263.00    3.30    7.31  142.43
 3713   23.10   62.50  226.00    4.80    4.67   81.33
 3714   22.70   63.50  181.00    3.30  458.14   58.41
 3715   22.20   68.40  203.00    2.40    0.00   48.30
 3716   21.30   73.70  208.00    2.20    0.00    0.00
 3717   20.20   79.80  181.00    1.40    0.00    0.00
 3718   20.20   83.10  201.00    2.00    0.00    0.00
 3719   20.50   81.00  228.00    2.10    0.00    0.00
 3720   20.10   80.90  200.00    1.80    0.00    0.00
 3721   19.90   83.30  204.00    2.00    0.00    0.00
 3722   18.90   85.40  239.00    1.90    0.00    0.00
 3723   18.20   87.00  344.00    2.90    0.00    0.00
 3724   17.50   84.20   10.00    2.70    1.05   18.24
 3725   18.20   79.40   70.00    1.60    1.91   48.54
 3726   19.00   75.20  296.00    1.50   14.10  155.92
 3727   20.20   71.70  219.00    1.80  164.84  258.78
 3728   20.60   68.80  187.00    2.20  125.20  313.58
 3729   20.20   67.60  260.00    3.50   21.54  299.19
 3730   19.90   69.40  283.00    3.10   26.23  331.16
 3731   19.40   75.80  234.00    4.50   43.04  362.60
 3732   20.80   72.90  237.00    4.20  117.36  384.27
 3733   20.60   64.60  269.00    3.30   33.38  323.28
 3734   19.20   68.80  265.00    4.20    7.04  217.40
 3735   20.80   70.90  206.00    3.20  487.11  196.79
 3736   22.00   61.20  222.00    3.60  506.87  148.11
 3737   21.80   55.50  264.00    4.30  233.45  138.01
 3738   21.60   53.70  268.00    2.50  313.88   69.90
 3739   19.90   54.80  276.00    4.40    0.00   29.10
 3740   19.20   59.90  236.00    2.60    0.00    0.00
 3741   18.10   64.20  235.00    3.80    0.00    0.00
 3742   17.20   67.70  235.00    2.80    0.00    0.00
 3743   16.50   71.20  223.00    2.40    0.00    0.00
 3744   15.00   76.50  168.00    1.70    0.00    0.00
 3745   15.40   79.00  181.00    1.90    0.00    0.00
 3746   15.50   77.10  164.00    2.60    0.00    0.00
 3747   16.20   75.60  169.00    2.20    0.00    0.00
 3748   16.50   75.90  169.00    2.40    0.16    7.28
 3749   17.00   79.50  189.00    2.80    0.29   19.11
 3750   17.50   82.80  180.00    3.80    1.50   64.54
 3751   19.40   78.30  202.00    4.80   39.40  238.41
 3752   20.10   70.70  229.00    6.80   58.28  300.04
 3753   21.00   65.70  227.00    6.80   84.48  350.10
 3754   22.10   60.40  228.00    7.00   41.03  351.53
 3755   19.90   65.20  224.00    6.40   18.27  322.05
 3756   20.70   71.60  229.00    5.70   81.03  378.29
 3757   21.20   63.20  256.00    7.50   31.61  321.35
 3758   21.90   54.10  263.00    7.90  242.76  307.55
 3759   22.30   44.90  279.00    8.30  584.03  168.93
 3760   22.20   39.50  267.00    7.10  867.57   79.89
 3761   22.30   39.80  250.00    6.10  865.07   54.95
 3762   21.80   40.40  277.00    4.70  864.47   29.88
 3763   21.10   42.70  255.00    3.00    0.00   52.30
 3764   18.80   50.20  239.00    1.80    0.00    0.00
 3765   17.30   60.80  183.00    2.40    0.00    0.00
 3766   17.00   66.70  198.00    2.30    0.00    0.00
 3767   16.70   69.20  229.00    2.90    0.00    0.00
 3768   16.00   72.40  194.00    2.30    0.00    0.00
 3769   15.70   76.70  191.00    2.40    0.00    0.00
 3770   15.10   80.50  193.00    2.30    0.00    0.00
 3771   15.50   83.20  198.00    1.70    0.00    0.00
 3772   15.80   84.30  188.00    2.40    0.81   16.18
 3773   17.50   82.50  187.00    2.60    2.49   55.67
 3774   19.00   77.90  199.00    3.20   27.67  173.83
 3775   20.70   70.90  227.00    4.00  250.68  247.56
 3776   21.30   64.00  245.00    4.60  140.26  313.94
 3777   21.30   59.90  230.00    4.60   56.62  338.96
 3778   22.00   55.50  202.00    4.70  177.20  378.73
 3779   20.00   58.20  192.00    4.20   40.45  360.48
 3780   22.50   54.50  240.00    3.80  480.25  283.86
 3781   21.30   50.60  197.00    5.40   14.98  287.22
 3782   15.80   69.10  272.00    2.80   43.68  298.84
 3783   17.90   81.90  245.00    3.30  340.71  237.32
 3784   19.70   71.40  245.00    3.50  435.58  164.79
 3785   19.40   68.40  219.00    4.50  354.50  125.19
 3786   15.30   78.40  302.00    2.60    7.42   54.40
 3787   16.20   86.80  247.00    1.90    0.00   10.60
 3788   16.10   86.40  224.00    2.40    0.00    0.00
 3789   15.90   86.50  222.00    2.60    0.00    0.00
 3790   15.30   87.50  205.00    2.70    0.00    0.00
 3791   14.90   88.60  221.00    2.70    0.00    0.00
 3792   14.30   91.30  190.00    2.50    0.00    0.00
 3793   13.60   94.20  188.00    2.10    0.00    0.00
 3794   14.10   94.60  206.00    2.50    0.00    0.00
 3795   14.20   93.90  172.00    2.30    0.00    0.00
 3796   14.00   93.10  153.00    2.40    0.12    6.38
 3797   15.00   90.80  185.00    2.60    0.30   19.51
 3798   15.80   88.00  176.00    3.00    1.39   62.49
 3799   16.90   84.20  181.00    3.80    5.88  166.01
 3800   18.30   77.50  198.00    5.10    6.80  210.47
 3801   14.90   82.70  208.00    3.90    9.16  257.09
 3802   17.50   86.10  222.00    5.30  244.50  364.94
 3803   19.00   74.00  227.00    6.20  370.78  332.98
 3804   19.10   62.10  263.00    7.50  363.91  329.53
 3805   18.30   53.70  262.00    8.90  275.25  337.10
 3806   17.50   52.70  269.00    8.10  121.60  322.72
 3807   17.90   53.90  273.00    7.90  265.93  254.78
 3808   17.20   54.60  278.00    9.60  192.20  207.67
 3809   17.00   56.10  277.00    8.70  232.58  140.13
 3810   15.00   64.80  266.00    7.40   60.09   76.67
 3811   13.60   76.00  271.00    7.10    0.00   30.00
 3812   13.80   78.60  272.00    6.20    0.00    0.00
 3813   13.40   81.10  264.00    5.90    0.00    0.00
 3814   12.40   86.00  267.00    6.20    0.00    0.00
 3815   12.60   89.20  270.00    6.70    0.00    0.00
 3816   12.40   86.50  278.00    6.40    0.00    0.00
 3817   12.40   84.20  275.00    5.50    0.00    0.00
 3818   12.50   83.40  270.00    5.70    0.00    0.00
 3819   12.40   82.40  270.00    6.00    0.00    0.00
 3820   12.50   81.60  280.00    5.60    0.07    4.79
 3821   12.40   80.70  274.00    6.10    0.38   21.89
 3822   12.60   78.60  279.00    6.40    3.83  103.11
 3823   12.70   73.50  279.00    6.70   40.69  239.89
 3824   13.70   67.40  267.00    5.30   72.94  306.55
 3825   13.70   65.50  250.00    5.20   47.77  333.27
 3826   14.50   64.90  252.00    5.70  128.22  382.69
 3827   15.60   61.80  269.00    5.70  323.21  350.39
 3828   16.60   57.00  257.00    6.10  224.54  373.18
 3829   17.40   51.90  276.00    7.20  370.51  307.16
 3830   17.80   48.70  235.00    5.80  557.64  211.15
 3831   18.70   46.70  278.00    5.50  623.20  158.31
 3832   18.60   45.40  296.00    5.60  626.57  122.40
 3833   18.40   44.80  301.00    5.00  551.83   96.48
 3834   18.10   45.20  275.00    3.90  590.27   49.82
 3835   17.10   48.50  264.00    2.00    0.00   49.10
 3836   15.10   58.00  229.00    1.70    0.00    0.00
 3837   13.90   68.30  175.00    1.80    0.00    0.00
 3838   13.50   72.70  207.00    2.00    0.00    0.00
 3839   12.40   76.40  202.00    1.60    0.00    0.00
 3840   12.90   79.40  193.00    1.60    0.00    0.00
 3841   12.60   79.60  176.00    1.60    0.00    0.00
 3842   12.10   80.90  159.00    1.80    0.00    0.00
 3843   12.40   82.90  148.00    1.80    0.00    0.00
 3844   13.00   81.80  151.00    1.90    0.07    4.99
 3845   14.00   78.30  169.00    2.10    2.45   55.57
 3846   15.30   73.70  174.00    2.50    3.73  101.85
 3847   16.30   69.30  196.00    2.90    3.58  130.53
 3848   17.60   64.30  191.00    2.90    9.80  230.67
 3849   17.80   59.20  182.00    3.20    4.26  194.04
 3850   18.40   56.10  202.00    4.40    6.72  255.50
 3851   19.00   55.60  209.00    4.70   13.16  305.35
 3852   19.50   54.80  237.00    5.10    7.61  267.00
 3853   19.10   53.30  226.00    4.50    4.71  207.42
 3854   16.40   64.70  238.00    3.90    3.66  163.68
 3855   16.20   80.10  217.00    3.80    5.25  164.43
 3856   16.30   83.30  249.00    3.70    5.95  135.70
 3857   15.50   88.70  271.00    3.90    5.80   93.01
 3858   15.20   92.60  248.00    3.90   21.10   68.30
 3859   15.50   92.70  245.00    4.00    0.00   22.60
 3860   15.50   90.80  263.00    4.60    0.00    0.00
 3861   14.50   91.00  261.00    3.00    0.00    0.00
 3862   15.00   93.70  236.00    3.70    0.00    0.00
 3863   15.40   92.50  258.00    4.90    0.00    0.00
 3864   14.70   89.90  270.00    6.50    0.00    0.00
 3865   14.30   87.80  278.00    6.70    0.00    0.00
 3866   13.50   84.50  286.00    6.50    0.00    0.00
 3867   13.40   83.10  273.00    5.60    0.00    0.00
 3868   13.60   83.10  281.00    5.50    0.07    4.79
 3869   13.80   82.30  286.00    5.60    0.79   31.77
 3870   14.10   80.50  285.00    7.00   17.28  162.46
 3871   14.50   76.10  298.00    6.10   25.81  226.07
 3872   15.10   70.30  306.00    6.70  103.57  313.15
 3873   15.60   65.20  312.00    5.80  134.92  356.10
 3874   16.40   61.90  297.00    5.90  265.62  359.54
 3875   17.90   58.20  292.00    5.30  385.44  327.79
 3876   19.10   53.00  287.00    5.60  545.07  257.55
 3877   19.20   49.00  273.00    5.00  772.60  157.03
 3878   20.10   45.90  302.00    5.10  876.55  124.31
 3879   20.70   43.70  301.00    5.20  871.57  104.17
 3880   20.40   42.60  296.00    5.30  836.21   82.56
 3881   20.40   42.30  311.00    4.90  783.86   62.45
 3882   19.90   43.80  323.00    4.00  801.64   33.56
 3883   19.00   46.60  316.00    3.30    0.00   51.00
 3884   16.60   54.80  330.00    2.40    0.00    0.00
 3885   15.00   67.00  339.00    2.20    0.00    0.00
 3886   13.70   73.60    3.00    1.30    0.00    0.00
 3887   12.90   78.50  358.00    2.20    0.00    0.00
 3888   12.50   83.00   25.00    1.20    0.00    0.00
 3889   11.80   86.70    8.00    0.80    0.00    0.00
 3890   11.50   89.80  354.00    1.10    0.00    0.00
 3891   11.70   90.10   31.00    1.30    0.00    0.00
 3892   12.20   88.80   33.00    1.50    2.80   30.57
 3893   14.90   85.60   32.00    0.80  107.55  133.66
 3894   16.80   76.40   78.00    2.00  338.21  175.32
 3895   18.50   64.30   97.00    2.40  533.95  177.23
 3896   19.20   54.30   72.00    2.10  651.34  173.58
 3897   20.20   45.50  110.00    1.60  740.94  164.26
 3898   21.00   40.30   42.00    1.60  814.63  153.41
 3899   21.60   36.70   89.00    2.30  857.58  150.02
 3900   21.80   33.90   94.00    2.70  880.32  148.98
 3901   23.00   30.80   64.00    3.30  895.44  142.31
 3902   23.30   28.40   63.00    3.20  901.42  128.01
 3903   23.60   28.70   79.00    3.30  917.06  109.69
 3904   24.00   31.20   70.00    3.40  916.28   85.47
 3905   24.10   34.90   76.00    4.50  910.06   58.97
 3906   23.50   37.90   60.00    4.60  917.92   33.15
 3907   22.90   41.40   74.00    4.40    0.00   63.50
 3908   21.40   44.20   78.00    4.20    0.00    0.00
 3909   20.70   43.60   68.00    4.70    0.00    0.00
 3910   19.20   43.70   79.00    4.70    0.00    0.00
 3911   18.50   47.10   80.00    4.00    0.00    0.00
 3912   18.00   50.50   81.00    4.50    0.00    0.00
 3913   17.20   54.70   92.00    3.70    0.00    0.00
 3914   16.50   58.70   96.00    3.60    0.00    0.00
 3915   15.80   61.80   90.00    3.70    0.00    0.00
 3916   15.90   63.70   91.00    4.30    5.85   43.90
 3917   16.70   63.80  101.00    3.40  152.51  133.87
 3918   17.80   61.50  101.00    4.90  356.91  171.89
 3919   18.90   57.20  102.00    5.00  537.09  176.32
 3920   19.80   53.50  116.00    4.00  661.77  170.09
 3921   20.60   50.20   85.00    4.80  740.82  164.27
 3922   21.10   46.10   91.00    4.80  800.24  157.24
 3923   22.30   41.80  112.00    4.50  839.08  152.25
 3924   22.90   37.00   95.00    4.70  864.47  147.33
 3925   23.80   32.60   94.00    4.90  881.23  140.18
 3926   24.90   28.20   94.00    4.40  889.41  126.46
 3927   25.60   24.60   96.00    4.40  908.23  108.82
 3928   25.30   24.10   95.00    4.00  905.29   84.64
 3929   25.50   26.00  104.00    4.30  732.73   69.65
 3930   25.10   28.10  112.00    4.60  598.18   50.54
 3931   23.70   32.20  110.00    3.90    0.00   56.40
 3932   21.30   40.70   97.00    3.10    0.00    0.00
 3933   19.90   49.20   97.00    2.80    0.00    0.00
 3934   19.40   54.80  108.00    3.30    0.00    0.00
 3935   18.40   61.70  109.00    2.90    0.00    0.00
 3936   18.00   67.20  102.00    3.00    0.00    0.00
 3937   17.90   70.60  108.00    3.40    0.00    0.00
 3938   17.70   73.70  108.00    3.10    0.00    0.00
 3939   17.00   76.40  104.00    2.80    0.00    0.00
 3940   17.00   78.30   97.00    3.30    4.89   40.35
 3941   18.90   74.80  113.00    3.70  120.61  134.13
 3942   20.30   68.10  111.00    4.40  334.73  175.97
 3943   22.10   61.00  112.00    5.20  507.74  184.56
 3944   23.60   53.50  111.00    5.70  636.66  178.42
 3945   24.40   48.10  126.00    5.60  734.86  166.23
 3946   25.10   44.20  127.00    5.60  799.88  157.32
 3947   25.80   40.60  104.00    5.70  837.14  152.60
 3948   26.80   37.30  123.00    5.40  865.69  147.42
 3949   28.00   34.70  121.00    4.60  878.93  139.94
 3950   29.10   31.30  133.00    4.50  886.07  126.13
 3951   29.70   28.60  135.00    4.10  899.11  107.89
 3952   29.90   27.80  129.00    4.40  898.01   84.15
 3953   29.70   28.60  118.00    4.90  887.01   57.88
 3954   29.00   31.20  110.00    4.30  872.67   31.94
 3955   27.40   35.30  107.00    3.70    0.00   62.00
 3956   25.50   40.80  116.00    3.20    0.00    0.00
 3957   24.00   48.70  116.00    3.00    0.00    0.00
 3958   23.70   53.80  118.00    3.10    0.00    0.00
 3959   22.70   56.20  111.00    3.20    0.00    0.00
 3960   21.40   61.80   92.00    3.10    0.00    0.00
 3961   20.80   65.80  102.00    2.50    0.00    0.00
 3962   20.20   67.50   93.00    3.00    0.00    0.00
 3963   19.30   69.70   89.00    2.60    0.00    0.00
 3964   19.60   70.30   78.00    2.20    1.94   25.60
 3965   20.90   66.50   89.00    2.00    4.17   72.36
 3966   21.90   61.80   92.00    2.10   49.32  187.67
 3967   23.60   56.20  104.00    2.70  428.85  206.23
 3968   25.40   49.30  119.00    1.90  579.17  197.87
 3969   27.40   43.10  212.00    1.30  681.34  185.20
 3970   28.60   39.00  106.00    2.30  750.93  173.01
 3971   30.10   36.10  194.00    2.30  789.59  164.71
 3972   31.10   34.20  207.00    1.90  752.27  174.31
 3973   30.70   33.70  278.00    3.80  293.53  333.52
 3974   32.10   32.40  259.00    3.60  380.46  272.65
 3975   30.80   33.60  294.00    4.60  431.78  215.81
 3976   26.90   44.60  295.00    6.80    5.52  132.68
 3977   24.60   63.30  301.00    6.90    5.02   88.34
 3978   22.90   73.60  301.00    6.00    1.63   28.50
 3979   22.50   74.20  316.00    5.70    0.00    6.90
 3980   21.30   76.40  304.00    6.10    0.00    0.00
 3981   20.10   82.50  311.00    5.50    0.00    0.00
 3982   20.00   86.80  319.00    5.20    0.00    0.00
 3983   19.50   84.00  320.00    5.90    0.00    0.00
 3984   18.80   82.10  303.00    5.70    0.00    0.00
 3985   18.50   84.10  307.00    5.50    0.00    0.00
 3986   18.40   84.90  305.00    4.50    0.00    0.00
 3987   18.30   84.20  301.00    5.20    0.00    2.70
 3988   17.80   82.20  298.00    6.00    0.43   12.13
 3989   17.10   80.20  297.00    6.40    0.27   18.82
 3990   16.70   77.50  307.00    6.70    2.22   78.92
 3991   17.20   72.50  295.00    5.20   30.36  231.23
 3992   17.40   68.40  302.00    5.20   22.24  266.39
 3993   17.60   66.30  290.00    6.00    6.89  239.66
 3994   18.20   65.00  285.00    6.10   20.70  321.02
 3995   19.80   61.40  289.00    6.10  139.29  393.70
 3996   21.60   55.80  288.00    5.70  402.91  315.92
 3997   21.60   53.00  291.00    5.90  122.58  363.89
 3998   21.50   50.90  306.00    6.20   40.18  298.90
 3999   21.90   48.00  306.00    5.50  130.67  274.73
 4000   22.50   47.40  306.00    4.30  250.78  203.91
 4001   21.80   48.50  291.00    5.90  326.96  133.08
 4002   21.30   50.70  309.00    4.90  833.75   32.85
 4003   20.50   52.00  313.00    4.80    0.00   67.30
 4004   18.90   55.20  291.00    3.10    0.00    0.00
 4005   17.80   62.40  272.00    2.40    0.00    0.00
 4006   17.20   68.10  284.00    2.90    0.00    0.00
 4007   16.90   71.80  288.00    3.10    0.00    0.00
 4008   16.40   75.20  291.00    3.30    0.00    0.00
 4009   15.90   77.60  301.00    3.90    0.00    0.00
 4010   15.00   80.70  284.00    2.90    0.00    0.00
 4011   14.20   84.90  262.00    2.40    0.00    3.40
 4012   14.60   87.50  283.00    2.90    3.17   32.61
 4013   16.30   84.90  285.00    2.80   71.06  130.48
 4014   17.20   79.00  330.00    3.40  142.01  199.39
 4015   17.50   74.40  320.00    2.80  291.25  239.75
 4016   18.70   69.60  282.00    3.20  559.59  204.39
 4017   19.90   64.60  293.00    3.10  717.68  171.97
 4018   21.60   57.30  268.00    3.80  781.59  162.67
 4019   23.90   49.40  297.00    3.80  822.12  155.70
 4020   24.60   43.10  301.00    4.10  805.79  157.26
 4021   26.00   37.80  281.00    3.30  837.92  140.96
 4022   27.00   35.80  245.00    2.60  846.70  125.03
 4023   27.50   35.60  255.00    3.30  855.86  104.89
 4024   27.30   34.70  271.00    3.00  861.57   81.92
 4025   27.10   36.20  290.00    2.90  648.83   83.19
 4026   27.30   38.40  266.00    2.20  580.88   53.17
 4027   25.20   43.90  327.00    2.30    0.00   65.40
 4028   23.80   53.60  327.00    1.10    0.00    0.00
 4029   21.70   60.90  323.00    0.80    0.00    0.00
 4030   20.50   67.60  233.00    0.90    0.00    0.00
 4031   19.90   72.30  207.00    1.50    0.00    0.00
 4032   19.20   76.40  233.00    1.50    0.00    0.00
 4033   20.10   77.10  224.00    2.20    0.00    0.00
 4034   19.30   75.60  246.00    2.50    0.00    0.00
 4035   18.40   77.90  283.00    1.50    0.00    4.00
 4036   19.00   79.40  268.00    1.60    2.02   26.09
 4037   19.80   77.20  299.00    1.90   41.09  123.30
 4038   21.80   70.80  291.00    2.50  203.91  195.06
 4039   23.10   62.90  309.00    3.90  396.76  214.38
 4040   23.70   56.30  276.00    4.30  588.58  194.38
 4041   25.10   49.80  281.00    5.40  632.70  203.22
 4042   25.20   45.90  288.00    6.10  677.27  200.68
 4043   26.30   42.10  293.00    6.10  774.07  169.63
 4044   26.80   39.80  302.00    6.10  766.08  169.53
 4045   26.00   40.90  290.00    5.90  659.86  197.44
 4046   26.40   41.10  311.00    6.00  535.27  220.51
 4047   27.50   40.00  315.00    5.70  404.95  223.94
 4048   25.80   41.40  337.00    5.80  718.86  103.75
 4049   25.40   44.70  325.00    4.90  486.17  109.79
 4050   25.10   46.40  312.00    3.80  162.83   84.75
 4051   24.30   48.80  327.00    3.30  341.63   27.29
 4052   24.10   52.20  325.00    2.20    0.00    0.00
 4053   23.60   55.00  286.00    2.40    0.00    0.00
 4054   23.50   56.50  311.00    4.10    0.00    0.00
 4055   22.90   58.30  301.00    3.00    0.00    0.00
 4056   21.70   62.60  295.00    4.20    0.00    0.00
 4057   20.40   66.50  294.00    4.80    0.00    0.00
 4058   18.90   70.70  306.00    4.90    0.00    0.00
 4059   17.50   74.10  300.00    4.90    0.00    5.00
 4060   16.60   75.20  308.00    4.70   11.20   51.99
 4061   16.40   75.10  309.00    5.40  166.10  133.02
 4062   16.70   72.90  298.00    5.00  382.75  166.42
 4063   17.70   66.70  311.00    5.30  548.86  172.45
 4064   18.50   57.40  305.00    6.20  639.85  176.89
 4065   19.60   49.80  309.00    6.10  656.29  194.18
 4066   19.90   46.60  295.00    7.00  512.95  268.30
 4067   19.80   45.50  296.00    7.40  355.88  339.24
 4068   20.60   43.20  304.00    7.50  398.51  317.73
 4069   20.70   42.20  296.00    5.80  553.08  239.39
 4070   21.60   40.10  313.00    7.10  694.24  165.13
 4071   21.40   38.60  316.00    7.10  692.44  139.95
 4072   21.70   38.60  310.00    6.50  809.36   86.98
 4073   21.00   38.60  341.00    5.50  828.29   59.09
 4074   20.90   39.30  315.00    5.10  884.23   33.12
 4075   20.00   41.30  324.00    4.50 1066.44   11.19
 4076   18.70   46.80  316.00    3.40    0.00    0.30
 4077   16.80   56.40  358.00    3.20    0.00    0.00
 4078   17.10   61.70  352.00    2.90    0.00    0.00
 4079   15.40   65.90  323.00    2.70    0.00    0.00
 4080   14.40   73.00  329.00    2.40    0.00    0.00
 4081   13.60   76.90  312.00    2.40    0.00    0.00
 4082   13.20   80.50  323.00    2.70    0.00    0.00
 4083   12.80   82.50  310.00    2.30    0.00    5.00
 4084   13.10   83.10  292.00    2.40    4.52   38.61
 4085   14.90   78.90  315.00    2.60   94.90  132.48
 4086   16.20   72.70  322.00    2.60  322.25  177.48
 4087   17.30   66.30  330.00    2.70  441.24  202.24
 4088   17.90   59.40  290.00    3.10  429.54  247.56
 4089   19.00   53.30  304.00    3.20  640.37  200.08
 4090   20.00   47.90  297.00    3.60  769.75  166.28
 4091   20.40   43.70  338.00    2.90  841.24  151.83
 4092   21.30   39.80  331.00    3.20  875.92  148.78
 4093   22.60   37.40  327.00    3.20  887.94  141.87
 4094   23.20   35.80  318.00    3.30  897.50  128.39
 4095   23.70   33.70  359.00    2.20  908.49  109.77
 4096   24.20   32.30  342.00    2.70  909.30   86.05
 4097   24.70   31.70  324.00    2.70  911.55   60.37
 4098   24.50   32.30   21.00    2.20  924.03   34.72
 4099   23.40   34.90   18.00    2.30 1120.93   11.88
 4100   21.20   41.90  356.00    1.90    0.00    1.00
 4101   19.60   50.90    6.00    1.70    0.00    0.00
 4102   18.80   56.80   36.00    1.00    0.00    0.00
 4103   17.40   62.20  345.00    0.80    0.00    0.00
 4104   17.50   67.30    7.00    1.60    0.00    0.00
 4105   16.80   70.80   42.00    0.80    0.00    0.00
 4106   16.10   74.90  226.00    0.80    0.00    0.00
 4107   15.40   78.70  127.00    0.80    0.00    5.00
 4108   15.30   80.60  105.00    0.70    5.49   42.36
 4109   18.30   77.20  119.00    0.70  112.92  133.10
 4110   20.90   65.10  138.00    0.80  321.44  177.39
 4111   23.30   49.90  252.00    1.50  522.39  179.59
 4112   24.30   38.90  274.00    1.90  648.72  173.65
 4113   24.70   33.40  243.00    2.20  720.63  170.54
 4114   25.40   30.50  135.00    2.20  763.93  168.14
 4115   25.70   28.60  244.00    2.10  812.37  157.96
 4116   26.70   24.90  277.00    3.10  864.70  147.62
 4117   27.80   20.50  269.00    2.90  882.19  140.99
 4118   28.40   19.00  321.00    2.70  888.28  127.13
 4119   29.10   19.10  270.00    2.40  895.95  108.34
 4120   29.60   19.10  234.00    2.00  889.35   84.25
 4121   29.80   21.90  242.00    2.20  880.77   58.43
 4122   29.70   27.40  256.00    1.60  877.77   33.07
 4123   27.80   34.50  277.00    2.60 1071.39   11.45
 4124   25.90   41.60  271.00    0.90    0.00    1.00
 4125   24.00   47.70  251.00    1.10    0.00    0.00
 4126   22.00   54.60   75.00    0.70    0.00    0.00
 4127   21.90   58.40  230.00    1.70    0.00    0.00
 4128   20.70   62.00  223.00    1.20    0.00    0.00
 4129   19.80   65.30  227.00    0.90    0.00    0.00
 4130   19.30   67.00  241.00    0.70    0.00    0.00
 4131   18.60   70.00  184.00    1.10    0.00    4.70
 4132   19.50   69.80  216.00    1.30    6.58   45.30
 4133   21.30   62.40  194.00    1.30  136.37  133.04
 4134   24.30   50.50  221.00    2.00  331.87  175.29
 4135   27.20   39.00  205.00    1.40  502.07  185.08
 4136   29.00   31.40  164.00    1.90  608.22  187.11
 4137   30.00   26.20  175.00    2.80  727.32  168.10
 4138   31.20   22.90  164.00    3.90  798.68  157.19
 4139   31.70   21.20  192.00    4.10  835.36  152.74
 4140   33.00   19.50  184.00    3.50  859.64  147.61
 4141   33.10   19.70  179.00    4.10  869.42  139.16
 4142   33.80   20.30  231.00    3.90  864.90  124.41
 4143   34.00   19.60  219.00    4.10  772.94  119.02
 4144   34.20   19.90  207.00    4.10  693.40  109.59
 4145   33.30   20.70  194.00    3.40  643.06   84.75
 4146   33.10   22.00  202.00    3.20  378.50   72.29
 4147   31.00   27.10  176.00    2.10  291.10   27.95
 4148   28.60   35.20  169.00    2.20    0.00    1.00
 4149   27.20   40.30  158.00    2.30    0.00    0.00
 4150   26.10   43.40  171.00    2.00    0.00    0.00
 4151   25.60   45.50  151.00    2.30    0.00    0.00
 4152   25.40   46.10  152.00    2.50    0.00    0.00
 4153   25.20   46.50  167.00    2.70    0.00    0.00
 4154   25.00   47.10  234.00    1.90    0.00    0.00
 4155   24.20   49.90  253.00    2.90    0.00    4.00
 4156   21.20   61.50  286.00    4.50    5.38   41.59
 4157   22.00   72.90  283.00    3.90   92.97  131.52
 4158   23.50   69.20  273.00    4.00  311.85  178.50
 4159   24.80   60.60  237.00    5.20  479.38  191.16
 4160   25.20   53.00  256.00    6.90  496.83  224.74
 4161   27.00   44.70  243.00    7.10  366.91  302.13
 4162   26.40   40.60  251.00    8.10   64.53  369.32
 4163   25.90   41.40  251.00    7.30   66.40  380.91
 4164   26.30   41.30  246.00   11.10  107.84  386.28
 4165   26.50   40.30  238.00    9.30  186.07  359.85
 4166   26.90   39.40  240.00    7.90  121.27  326.51
 4167   26.20   39.40  246.00    8.60   64.07  266.35
 4168   16.70   54.70  284.00    8.90   35.02  195.29
 4169   18.30   72.60  296.00    7.70  192.17  149.24
 4170   18.90   63.00  301.00    9.50  883.16   33.40
 4171   18.30   56.40  289.00    7.00 1053.54   11.38
 4172   17.40   55.60  289.00    6.60    0.00    1.00
 4173   16.80   57.50  279.00    4.30    0.00    0.00
 4174   16.60   60.00  269.00    4.30    0.00    0.00
 4175   16.30   61.60  270.00    3.90    0.00    0.00
 4176   15.60   60.90  263.00    4.60    0.00    0.00
 4177   15.40   59.40  265.00    4.40    0.00    0.00
 4178   14.90   60.50  247.00    4.60    0.00    0.00
 4179   14.40   62.30  247.00    3.80    0.00    0.00
 4180   15.10   61.90  254.00    4.20    0.08    4.99
 4181   15.30   61.00  232.00    4.10    0.39   22.18
 4182   16.20   59.10  235.00    6.20    4.40  109.67
 4183   17.70   54.10  243.00    5.70   30.75  230.10
 4184   19.60   49.30  249.00    7.10  208.04  305.50
 4185   19.60   46.50  260.00    7.30   66.89  343.72
 4186   19.90   45.30  227.00    8.40   25.05  329.64
 4187   20.40   43.60  274.00    8.40   13.88  308.68
 4188   19.60   49.20  240.00    6.20   17.52  316.14
 4189   21.40   52.40  283.00    6.20   59.48  349.37
 4190   21.90   44.90  295.00    7.20   75.04  319.30
 4191   23.10   40.00  270.00    8.20  425.84  218.73
 4192   23.20   39.70  286.00    6.80  278.14  201.07
 4193   22.00   42.50  281.00    4.90   36.06  137.46
 4194   20.80   47.60  259.00    5.50  141.54   86.28
 4195   20.10   53.50  273.00    4.10  129.29   29.21
 4196   19.70   57.20  261.00    3.40    0.00    0.00
 4197   19.40   61.40  275.00    4.50    0.00    0.00
 4198   19.40   65.70  260.00    4.10    0.00    0.00
 4199   19.40   67.20  251.00    5.20    0.00    0.00
 4200   19.40   68.50  259.00    5.50    0.00    0.00
 4201   19.80   69.60  262.00    5.30    0.00    0.00
 4202   18.90   73.20  261.00    5.00    0.00    0.00
 4203   17.50   84.30  245.00    3.60    0.00    0.00
 4204   17.10   92.80  294.00    3.50    0.08    5.19
 4205   17.50   93.10  238.00    4.20    0.29   19.11
 4206   17.50   92.90  256.00    3.80    1.77   69.82
 4207   18.30   91.60  263.00    4.40    3.85  134.39
 4208   18.60   90.30  251.00    5.00    5.71  196.84
 4209   20.00   86.80  260.00    7.30   19.57  294.59
 4210   22.90   74.90  270.00    6.40  352.33  330.35
 4211   22.80   64.30  284.00    7.20  415.40  315.69
 4212   24.70   57.60  292.00    7.40  345.39  337.30
 4213   24.80   54.40  299.00    7.00   98.46  362.23
 4214   24.00   55.80  300.00    7.10  216.84  317.28
 4215   25.10   55.00  296.00    7.00  677.41  144.45
 4216   25.10   53.10  300.00    7.30  414.03  174.11
 4217   24.70   54.10  309.00    6.40  611.82   89.97
 4218   24.00   56.20  313.00    5.70  702.24   42.98
 4219   22.70   58.90  331.00    3.90  638.17   19.68
 4220   21.40   62.00  321.00    2.90    0.00    1.00
 4221   20.40   65.40  333.00    3.00    0.00    0.00
 4222   18.40   71.50  334.00    1.90    0.00    0.00
 4223   17.20   80.10  319.00    1.00    0.00    0.00
 4224   16.50   85.90   39.00    1.00    0.00    0.00
 4225   16.50   87.80   53.00    1.40    0.00    0.00
 4226   16.80   87.60   39.00    1.30    0.00    0.00
 4227   15.80   88.60   88.00    1.10    0.00    0.00
 4228   16.50   89.90  107.00    1.50    4.47   37.34
 4229   18.00   85.70   98.00    2.10   79.16  129.09
 4230   20.50   74.10  118.00    3.10  179.79  194.90
 4231   23.30   62.50  144.00    2.90  268.34  242.16
 4232   24.60   55.20  123.00    2.90  130.94  312.33
 4233   24.80   51.80  140.00    3.20  207.96  345.92
 4234   25.40   51.90  162.00    2.80   95.40  378.92
 4235   26.70   51.20  116.00    1.80   33.90  353.32
 4236   28.10   48.20  102.00    3.40  226.74  373.73
 4237   31.00   42.40  160.00    3.30  840.31  140.59
 4238   31.90   38.20  191.00    3.50  808.63  131.77
 4239   32.30   36.90  201.00    3.40  518.99  191.52
 4240   31.40   37.40  228.00    2.90  422.68  172.22
 4241   21.50   57.10  303.00    7.50  666.37   81.14
 4242   23.00   82.90  292.00    6.00  849.98   33.04
 4243   23.80   77.50  270.00    4.70 1055.83   11.43
 4244   23.50   76.20  257.00    5.30    0.00    1.00
 4245   23.20   78.70  263.00    6.30    0.00    0.00
 4246   23.10   78.60  271.00    6.50    0.00    0.00
 4247   22.90   77.70  271.00    5.20    0.00    0.00
 4248   22.40   78.40  248.00    3.30    0.00    0.00
 4249   22.50   79.00  254.00    4.40    0.00    0.00
 4250   22.20   78.40  272.00    5.30    0.00    0.00
 4251   21.50   80.60  271.00    3.80    0.00    0.00
 4252   21.00   82.50  249.00    3.80    3.00   30.46
 4253   21.60   79.10  259.00    5.10    8.86   94.12
 4254   21.70   74.60  262.00    6.20   13.66  153.74
 4255   21.70   71.70  268.00    6.30   31.13  229.46
 4256   22.80   63.80  283.00    7.20   76.39  305.30
 4257   22.00   57.10  268.00    7.70   30.53  313.81
 4258   20.70   56.20  290.00    8.80   21.44  321.54
 4259   17.00   66.60  282.00    7.90    8.21  277.14
 4260   18.70   78.20  293.00    5.90  112.39  386.34
 4261   19.50   70.40  280.00    5.30   94.96  361.48
 4262   17.70   67.30  301.00    6.00    4.46  182.17
 4263   19.10   68.30  285.00    5.00   55.70  262.95
 4264   19.60   63.80  291.00    5.80  115.87  216.30
 4265   19.70   59.20  292.00    7.10  124.97  151.79
 4266   19.50   56.40  274.00    5.40  255.30   81.67
 4267   19.10   57.90  286.00    4.90  651.91   19.38
 4268   18.30   61.10  284.00    4.00    0.00    0.00
 4269   17.60   64.30  275.00    2.80    0.00    0.00
 4270   17.10   67.70  269.00    2.50    0.00    0.00
 4271   16.20   73.00  269.00    2.20    0.00    0.00
 4272   15.90   78.00  240.00    2.40    0.00    0.00
 4273   15.30   81.80  237.00    2.20    0.00    0.00
 4274   15.00   85.30  239.00    2.20    0.00    0.00
 4275   14.70   87.40  225.00    2.60    0.00    0.00
 4276   14.80   88.90  227.00    2.40    5.77   41.66
 4277   16.60   85.60  232.00    3.20   89.29  129.12
 4278   18.80   76.30  239.00    3.20  101.68  195.05
 4279   20.20   67.70  221.00    3.00   96.51  255.87
 4280   22.30   61.80  220.00    3.80  307.98  281.70
 4281   24.30   58.30  247.00    4.30  554.45  231.63
 4282   26.00   54.80  256.00    5.10  726.95  180.40
 4283   26.70   50.20  260.00    5.00  786.26  164.92
 4284   28.60   46.70  248.00    5.40  768.78  168.10
 4285   28.70   44.20  276.00    6.30  809.80  146.64
 4286   29.50   43.80  277.00    5.70  792.44  135.55
 4287   29.20   44.00  283.00    6.80  803.04  112.44
 4288   28.20   45.80  265.00    6.00  399.33  177.27
 4289   27.60   50.30  290.00    5.30   24.36  130.29
 4290   27.60   53.20  287.00    5.50  107.21   85.97
 4291   26.90   56.10  296.00    4.00  456.63   24.48
 4292   26.50   59.90  283.00    3.90    0.00    0.00
 4293   26.20   63.00  283.00    4.00    0.00    0.00
 4294   25.90   65.80  300.00    4.00    0.00    0.00
 4295   25.20   68.40  287.00    3.20    0.00    0.00
 4296   24.90   69.90  296.00    4.10    0.00    0.00
 4297   23.90   72.00  301.00    3.90    0.00    0.00
 4298   23.10   76.00  287.00    2.80    0.00    0.00
 4299   22.10   80.40  267.00    2.90    0.00    0.00
 4300   22.20   82.90  261.00    2.70    4.34   35.97
 4301   23.00   81.70  268.00    4.10  128.95  130.07
 4302   24.00   76.80  267.00    3.80  322.38  174.35
 4303   25.10   69.90  285.00    4.70  372.72  217.39
 4304   25.70   65.50  284.00    5.30  364.50  265.33
 4305   26.00   62.50  262.00    5.70  246.63  336.43
 4306   26.80   58.80  270.00    5.90   70.54  370.72
 4307   26.30   58.00  299.00    6.90    3.41  191.93
 4308   26.50   59.00  299.00    7.00   85.88  381.47
 4309   27.60   53.50  270.00    8.50  595.27  222.31
 4310   28.30   48.10  301.00    8.00  556.94  212.87
 4311   27.70   46.80  287.00    8.00  404.90  224.46
 4312   26.80   48.30  308.00    7.10  264.98  203.18
 4313   26.80   51.50  312.00    7.50  421.18  120.81
 4314   26.20   47.50  304.00    7.60  777.29   36.79
 4315   24.80   38.90  321.00    7.00  591.51   21.18
 4316   23.20   34.70  319.00    5.90    0.00    1.00
 4317   21.60   37.00  308.00    4.50    0.00    0.00
 4318   20.40   42.30  317.00    4.60    0.00    0.00
 4319   19.10   47.20  316.00    4.60    0.00    0.00
 4320   17.90   52.60  326.00    4.10    0.00    0.00
 4321   16.80   58.30  322.00    3.40    0.00    0.00
 4322   15.20   64.80  307.00    2.70    0.00    0.00
 4323   14.30   71.00  301.00    2.90    0.00    0.00
 4324   14.80   72.70  292.00    3.20    6.32   42.39
 4325   16.00   70.70  286.00    3.20  172.24  128.48
 4326   16.70   68.70  328.00    4.00  390.40  161.38
 4327   17.80   64.80  321.00    3.30  558.35  167.06
 4328   19.40   58.30  312.00    3.00  678.30  162.13
 4329   21.00   49.40  311.00    3.30  760.78  155.81
 4330   21.80   41.60  294.00    4.40  813.59  152.29
 4331   23.20   36.90  327.00    3.60  846.35  150.40
 4332   24.00   32.90  324.00    3.20  870.53  147.69
 4333   25.60   28.70  333.00    4.00  882.01  140.86
 4334   25.70   26.70  345.00    3.10  893.37  127.89
 4335   26.30   27.00  346.00    3.30  906.30  109.71
 4336   27.00   28.10  324.00    2.30  903.99   85.78
 4337   27.10   27.80  356.00    2.80  911.06   60.56
 4338   27.00   26.50   18.00    3.00  927.75   34.98
 4339   25.50   28.40   25.00    2.90 1149.22   12.14
 4340   22.80   35.70   21.00    2.40    0.00    1.00
 4341   20.80   45.80   73.00    1.80    0.00    0.00
 4342   20.10   53.10   78.00    2.20    0.00    0.00
 4343   20.50   57.60   81.00    2.70    0.00    0.00
 4344   20.50   65.70   78.00    2.80    0.00    0.00
 4345   19.40   68.90   94.00    2.10    0.00    0.00
 4346   19.00   73.80   85.00    2.90    0.00    0.00
 4347   18.20   77.80   94.00    2.00    0.00    0.00
 4348   18.50   79.70   93.00    1.70    6.37   42.09
 4349   20.10   74.30  118.00    2.00  162.97  128.26
 4350   22.30   64.70  137.00    2.40  380.68  162.77
 4351   24.40   54.10  139.00    2.80  543.13  170.95
 4352   26.20   42.70  154.00    2.70  668.56  165.02
 4353   27.20   34.20  134.00    2.50  748.82  159.43
 4354   27.80   29.70   84.00    2.20  803.40  154.79
 4355   29.10   26.90  105.00    1.80  839.94  151.18
 4356   29.30   25.10  128.00    1.90  864.75  147.17
 4357   31.00   23.50  139.00    2.20  878.00  140.15
 4358   31.90   21.90  142.00    2.10  887.91  127.05
 4359   32.70   21.20  121.00    2.30  897.91  108.64
 4360   33.20   20.90   58.00    2.30  892.62   84.64
 4361   33.70   21.00   91.00    2.10  896.23   59.50
 4362   32.90   22.40   76.00    2.10  915.19   34.42
 4363   30.50   26.20   92.00    2.90 1127.56   11.78
 4364   27.90   33.50   94.00    2.70    0.00    1.00
 4365   26.80   41.50  113.00    2.70    0.00    0.00
 4366   25.80   46.60  113.00    2.80    0.00    0.00
 4367   24.70   50.00  111.00    2.50    0.00    0.00
 4368   24.90   53.90  105.00    2.10    0.00    0.00
 4369   23.50   59.30  110.00    2.10    0.00    0.00
 4370   23.00   62.80  102.00    1.50    0.00    0.00
 4371   23.20   64.20  111.00    1.80    0.00    0.00
 4372   23.00   66.00   94.00    1.60    6.26   41.42
 4373   24.80   64.20  103.00    1.80  156.45  127.85
 4374   27.00   56.50  129.00    2.50  373.67  163.58
 4375   29.60   45.90  102.00    2.30  542.19  170.84
 4376   31.40   36.50  135.00    2.60  665.49  165.75
 4377   33.20   30.00  122.00    3.00  749.47  159.02
 4378   33.80   24.60  142.00    3.40  804.78  154.26
 4379   34.50   21.50  161.00    2.80  838.92  151.22
 4380   35.20   20.30  152.00    2.50  862.67  147.02
 4381   36.70   19.10  161.00    2.60  874.98  139.59
 4382   37.60   16.10  172.00    2.90  884.15  126.44
 4383   37.40   15.00  155.00    1.80  890.58  107.68
 4384   38.10   16.60   82.00    3.10  883.49   83.70
 4385   38.10   17.70  124.00    3.40  879.62   58.31
 4386   37.50   19.80  100.00    3.10  890.30   33.38
 4387   35.90   25.00  108.00    2.60    0.00   68.90
 4388   33.40   32.40  112.00    2.00    0.00    1.90
 4389   33.10   37.40  120.00    3.00    0.00    0.00
 4390   31.90   40.60  140.00    2.80    0.00    0.00
 4391   30.30   44.40  183.00    2.80    0.00    0.00
 4392   29.50   47.00  291.00    4.80    0.00    0.00
 4393   28.60   50.70  324.00    5.50    0.00    0.00
 4394   27.40   55.80  340.00    4.30    0.00    0.00
 4395   26.20   60.20  289.00    2.50    0.00    0.00
 4396   26.10   63.10  314.00    4.80    0.17    6.98
 4397   25.20   65.00  302.00    6.40    1.85   46.18
 4398   23.60   71.10  306.00    5.80    2.89   87.16
 4399   22.20   79.60  297.00    5.40    3.44  125.25
 4400   20.20   83.70  307.00    5.30    2.57  131.44
 4401   20.70   81.10  308.00    5.70    4.73  202.01
 4402   20.50   75.80  307.00    6.00    3.28  182.14
 4403   22.60   64.00  297.00    6.20  110.29  390.37
 4404   23.70   51.40  317.00    6.40  271.94  360.09
 4405   23.70   44.00  299.00    5.80  341.87  317.58
 4406   24.60   38.70  295.00    5.50  686.80  167.09
 4407   24.70   36.10  344.00    6.30  868.41  105.07
 4408   24.80   35.60  292.00    5.60  867.22   82.25
 4409   24.00   35.60  312.00    5.40  859.86   57.45
 4410   22.80   37.50  309.00    5.40  846.09   32.65
 4411   22.00   40.50  314.00    5.20    0.00   63.60
 4412   20.80   43.00  330.00    4.10    0.00    1.30
 4413   18.50   48.90  343.00    2.70    0.00    0.00
 4414   18.00   55.10  316.00    2.90    0.00    0.00
 4415   17.30   58.80  334.00    2.80    0.00    0.00
 4416   16.20   64.50    8.00    2.90    0.00    0.00
 4417   15.90   69.40   16.00    2.60    0.00    0.00
 4418   15.80   71.60   34.00    1.40    0.00    0.00
 4419   14.60   75.60  357.00    1.20    0.00    0.00
 4420   15.20   78.60   47.00    0.90    2.30   24.98
 4421   17.20   74.40  309.00    1.70   85.18  125.10
 4422   18.80   66.70  323.00    1.50    5.65  120.68
 4423   18.60   63.30  311.00    2.40   75.38  248.90
 4424   19.70   60.60  281.00    3.10  384.86  257.13
 4425   19.60   53.80  280.00    4.40  400.65  287.06
 4426   20.90   46.30  293.00    4.50  600.19  229.45
 4427   21.20   40.20  306.00    4.20  672.71  206.26
 4428   21.90   36.20  316.00    3.20  739.94  177.46
 4429   22.30   33.80  273.00    4.90  791.98  150.80
 4430   23.30   31.80  239.00    3.50  821.29  128.59
 4431   23.80   30.20  281.00    4.40  865.66  104.84
 4432   24.30   29.60  306.00    3.20  873.35   82.55
 4433   24.30   29.80  254.00    3.40  853.89   57.43
 4434   23.70   31.50  274.00    2.80  701.70   42.21
 4435   22.80   36.60  251.00    2.10    0.00   50.60
 4436   21.30   43.90  291.00    1.00    0.00    0.00
 4437   19.90   49.60  202.00    1.10    0.00    0.00
 4438   18.10   55.10  191.00    1.30    0.00    0.00
 4439   16.90   61.60  192.00    0.80    0.00    0.00
 4440   16.30   66.40  181.00    1.30    0.00    0.00
 4441   16.50   68.40  160.00    1.70    0.00    0.00
 4442   16.30   67.60  191.00    1.90    0.00    0.00
 4443   15.90   67.30  173.00    1.90    0.00    0.00
 4444   16.20   66.70  169.00    2.00    3.38   29.84
 4445   18.10   60.10  151.00    1.90   57.93  120.57
 4446   20.70   50.40  163.00    2.00  167.69  190.66
 4447   23.50   41.50  183.00    3.00  332.00  224.21
 4448   24.90   36.00  206.00    2.90  577.00  194.16
 4449   26.30   32.40  229.00    4.80  685.02  180.55
 4450   26.50   29.70  239.00    4.50  479.67  278.61
 4451   27.00   28.80  258.00    4.10  390.44  323.20
 4452   28.10   26.20  279.00    5.50  757.50  171.09
 4453   28.40   23.30  307.00    5.80  544.34  241.52
 4454   27.20   23.80  299.00    5.40   12.78  251.37
 4455   27.30   25.70  281.00    3.50   72.57  267.92
 4456   28.10   25.70  288.00    3.70  560.36  139.45
 4457   27.30   26.10  323.00    4.50  730.24   70.52
 4458   27.30   27.60  307.00    3.20  533.34   57.18
 4459   25.80   31.00  310.00    2.80    0.00   61.10
 4460   25.00   35.70  306.00    2.50    0.00    0.30
 4461   23.90   39.40  257.00    2.00    0.00    0.00
 4462   22.70   42.80  302.00    3.40    0.00    0.00
 4463   21.70   46.80  290.00    1.80    0.00    0.00
 4464   21.30   51.20  239.00    1.40    0.00    0.00
 4465   19.80   56.00  214.00    1.10    0.00    0.00
 4466   19.80   59.50  226.00    1.90    0.00    0.00
 4467   19.00   61.30  214.00    1.40    0.00    0.00
 4468   19.20   62.60  222.00    1.70    0.51   11.53
 4469   20.40   58.90  198.00    1.70    1.87   45.58
 4470   22.20   51.40  229.00    2.20   14.20  150.57
 4471   23.50   44.40  233.00    3.20  162.36  252.09
 4472   24.00   40.50  234.00    3.70  200.90  301.32
 4473   26.00   36.80  267.00    4.40  453.83  267.12
 4474   27.00   30.00  261.00    4.60  688.94  193.28
 4475   28.40   25.90  231.00    5.10  680.02  202.89
 4476   28.60   26.00  257.00    5.10  688.80  196.58
 4477   27.90   27.80  263.00    4.40  259.68  341.71
 4478   27.70   30.50  270.00    6.10   70.83  316.11
 4479   27.50   31.30  271.00    5.80   52.73  259.87
 4480   27.20   31.10  268.00    6.20   15.27  171.32
 4481   26.10   32.10  278.00    4.10   78.34  146.85
 4482   25.40   31.70  260.00    4.30  186.11   82.82
 4483   24.30   32.60  287.00    3.70    0.00   19.70
 4484   23.50   36.70  244.00    3.20    0.00    0.00
 4485   22.80   41.20  279.00    2.90    0.00    0.00
 4486   22.40   44.70  249.00    1.70    0.00    0.00
 4487   21.30   49.20  269.00    2.30    0.00    0.00
 4488   20.30   55.50  255.00    3.70    0.00    0.00
 4489   19.60   61.00  255.00    3.20    0.00    0.00
 4490   19.20   65.30  264.00    3.60    0.00    0.00
 4491   18.20   71.40  248.00    2.90    0.00    0.00
 4492   17.80   77.90  211.00    2.90    0.07    4.09
 4493   18.10   78.20  220.00    2.80    1.73   43.62
 4494   18.50   75.00  213.00    3.00    0.70   42.50
 4495   19.00   72.40  238.00    3.30    2.83  112.71
 4496   19.50   69.70  244.00    3.40    8.19  216.32
 4497   19.50   68.00  215.00    3.30    6.82  234.61
 4498   18.20   72.90  286.00    3.50    5.86  240.49
 4499   18.80   79.60  252.00    3.50   25.16  336.23
 4500   19.60   77.00  230.00    2.50  100.62  382.23
 4501   21.10   69.30  236.00    2.40  248.37  344.31
 4502   23.00   59.90  222.00    2.10  762.92  142.61
 4503   23.80   51.80  237.00    3.50  383.44  228.73
 4504   18.60   64.90  223.00    3.60    4.33  117.94
 4505   19.20   84.70  212.00    2.00   10.20  110.52
 4506   19.50   80.80  247.00    3.50  594.33   51.00
 4507   18.60   80.60  229.00    2.10    0.00   56.20
 4508   18.60   84.70  277.00    2.10    0.00    2.00
 4509   17.50   89.20  242.00    2.20    0.00    0.00
 4510   17.00   91.70  277.00    2.80    0.00    0.00
 4511   17.20   91.60  304.00    4.40    0.00    0.00
 4512   17.10   90.60  306.00    4.60    0.00    0.00
 4513   16.10   91.60  298.00    5.10    0.00    0.00
 4514   15.90   93.40  290.00    4.40    0.00    0.00
 4515   15.60   92.50  291.00    4.90    0.00    0.00
 4516   15.10   92.00  289.00    5.00    0.05    3.39
 4517   14.70   91.00  295.00    5.10    0.81   29.78
 4518   14.40   89.30  296.00    5.10    4.72  108.81
 4519   15.10   86.30  293.00    4.80   18.48  207.36
 4520   16.70   78.50  297.00    5.20  184.09  302.51
 4521   17.50   68.80  270.00    4.70  253.00  330.80
 4522   18.70   61.80  291.00    4.60  268.12  353.43
 4523   18.20   58.40  273.00    4.90   46.74  363.80
 4524   18.60   56.10  265.00    4.60   51.99  362.98
 4525   19.80   52.40  280.00    3.90  265.17  339.54
 4526   20.90   47.20  259.00    4.90  156.93  323.07
 4527   21.50   43.30  270.00    6.20  188.75  269.79
 4528   21.50   41.00  287.00    4.60  719.22  102.78
 4529   20.90   41.80  297.00    5.30  781.34   63.08
 4530   20.10   46.50  268.00    5.10  625.57   47.88
 4531   19.00   51.10  282.00    3.60    0.00   52.10
 4532   18.70   54.70  266.00    2.70    0.00    0.00
 4533   18.40   58.20  269.00    3.10    0.00    0.00
 4534   18.00   61.90  282.00    3.20    0.00    0.00
 4535   17.50   66.50  286.00    3.70    0.00    0.00
 4536   17.40   70.60  270.00    3.80    0.00    0.00
 4537   17.30   73.90  278.00    4.00    0.00    0.00
 4538   17.20   76.20  277.00    4.60    0.00    0.00
 4539   16.90   77.60  245.00    4.00    0.00    0.00
 4540   16.80   79.00  280.00    4.50    0.04    3.00
 4541   17.00   78.80  298.00    3.80    1.06   33.71
 4542   17.00   77.20  285.00    4.80    1.36   58.63
 4543   17.00   76.80  288.00    4.40    2.27  100.53
 4544   17.20   77.10  299.00    4.70    4.30  167.48
 4545   17.10   77.30  288.00    5.00    5.14  208.52
 4546   16.10   82.90  294.00    4.20    7.73  261.83
 4547   18.00   82.80  281.00    4.30   35.59  351.67
 4548   18.00   75.10  325.00    4.40   54.40  364.28
 4549   21.00   63.10  304.00    5.50  173.18  358.38
 4550   20.60   55.80  314.00    6.50   62.72  311.72
 4551   20.40   57.30  315.00    7.00  206.35  267.00
 4552   19.60   60.30  314.00    5.50  132.14  213.48
 4553   19.90   63.40  318.00    5.60  335.59  130.49
 4554   20.00   62.70  315.00    6.00  632.58   46.92
 4555   19.60   62.80  328.00    5.20    0.00   44.20
 4556   19.20   65.60  326.00    3.70    0.00    0.00
 4557   19.00   68.10  317.00    3.50    0.00    0.00
 4558   18.70   69.80  321.00    3.80    0.00    0.00
 4559   18.60   71.10  313.00    3.50    0.00    0.00
 4560   18.30   71.30  312.00    4.00    0.00    0.00
 4561   17.90   72.60  311.00    4.00    0.00    0.00
 4562   17.40   75.80  311.00    3.90    0.00    0.00
 4563   16.80   78.60  299.00    3.60    0.00    0.00
 4564   16.30   80.50  296.00    2.90    0.84   13.89
 4565   16.40   80.90  300.00    3.20   13.88   95.74
 4566   17.00   79.80  318.00    3.50   19.24  155.77
 4567   17.30   78.20  303.00    3.90   71.36  243.83
 4568   18.90   73.60  327.00    3.40  441.60  236.53
 4569   20.40   65.80  309.00    3.10  467.06  260.55
 4570   21.10   58.70  303.00    4.10  165.45  374.26
 4571   21.30   55.20  302.00    4.00   26.14  336.86
 4572   16.80   64.40   49.00    5.00    4.73  219.98
 4573   16.10   79.90  324.00    3.80    5.28  218.67
 4574   17.80   81.20  356.00    3.40   56.45  308.19
 4575   18.00   77.60  311.00    3.60   28.16  239.14
 4576   18.70   76.20  300.00    3.60   13.05  165.23
 4577   18.80   75.20  324.00    2.30   31.79  131.67
 4578   19.80   72.70  305.00    2.70  311.85   73.56
 4579   18.90   74.10  308.00    2.70    0.00   60.20
 4580   18.20   78.40  304.00    1.40    0.00    0.00
 4581   16.80   80.50  318.00    2.00    0.00    0.00
 4582   16.30   83.90  304.00    1.90    0.00    0.00
 4583   15.40   87.10  311.00    1.60    0.00    0.00
 4584   15.10   88.80  307.00    3.10    0.00    0.00
 4585   15.10   89.10  287.00    2.20    0.00    0.00
 4586   14.70   89.40  283.00    2.30    0.00    0.00
 4587   14.70   87.80  310.00    3.00    0.00    0.00
 4588   13.90   86.70  303.00    2.80    5.41   34.33
 4589   14.60   85.10  281.00    2.80   42.19  111.86
 4590   16.10   79.70  290.00    3.60  168.25  185.99
 4591   18.60   74.00  303.00    4.80  279.22  231.65
 4592   19.70   68.80  291.00    5.00  133.29  304.27
 4593   20.70   64.20  295.00    5.90  206.71  339.24
 4594   21.70   59.30  308.00    7.10  368.59  319.01
 4595   23.20   53.50  298.00    6.50  371.52  328.14
 4596   23.20   49.80  302.00    6.00   25.63  330.93
 4597   22.30   52.20  310.00    6.40    4.78  208.17
 4598   22.90   52.60  324.00    7.60   11.55  244.82
 4599   24.00   46.30  309.00    6.30    5.49  168.28
 4600   18.70   54.20   39.00    4.40    1.99   79.66
 4601   18.40   67.60  350.00    5.80    6.15   95.39
 4602   18.70   67.70  349.00    4.60   63.91   78.11
 4603   18.30   69.50  325.00    5.60    0.00   12.70
 4604   16.70   75.20  346.00    5.20    0.00    0.00
 4605   15.80   85.20  319.00    3.20    0.00    0.00
 4606   15.80   90.50  279.00    3.40    0.00    0.00
 4607   15.60   91.80  293.00    3.00    0.00    0.00
 4608   15.50   93.10  284.00    3.30    0.00    0.00
 4609   15.40   93.40  279.00    3.70    0.00    0.00
 4610   15.50   94.00  300.00    3.40    0.00    0.00
 4611   15.60   94.10  280.00    3.40    0.00    0.00
 4612   15.60   94.20  280.00    3.80    0.07    3.89
 4613   15.60   95.20  287.00    3.60    0.25   16.03
 4614   15.50   95.70  278.00    3.70    0.42   32.13
 4615   15.40   95.70  284.00    4.00    0.55   49.20
 4616   15.80   95.80  287.00    4.10    0.91   77.29
 4617   16.10   94.80  302.00    3.60    2.58  147.62
 4618   16.30   93.60  310.00    4.00    2.84  167.73
 4619   16.90   93.60  301.00    3.20    2.39  158.85
 4620   17.30   92.40  262.00    3.40    3.69  194.37
 4621   17.30   92.20  317.00    3.30    3.71  183.53
 4622   17.60   92.90  289.00    3.40    5.21  194.07
 4623   17.40   92.30  281.00    3.70    3.91  142.24
 4624   17.60   92.40  281.00    2.60    1.53   69.78
 4625   17.60   93.10  253.00    3.00    1.35   45.36
 4626   17.70   93.90  218.00    3.00    1.82   28.78
 4627   17.70   95.20  247.00    2.50    0.00   11.50
 4628   17.90   96.30  235.00    2.30    0.00    0.00
 4629   18.10   96.60  240.00    2.30    0.00    0.00
 4630   18.10   96.70  233.00    1.80    0.00    0.00
 4631   18.10   96.10  316.00    1.60    0.00    0.00
 4632   17.70   96.00  328.00    1.40    0.00    0.00
 4633   17.50   96.40  279.00    2.30    0.00    0.00
 4634   17.30   96.20  270.00    2.30    0.00    0.00
 4635   17.60   95.80  225.00    1.90    0.00    0.00
 4636   17.60   96.00  235.00    1.90    0.04    2.99
 4637   17.70   96.10  212.00    2.40    0.63   25.23
 4638   17.60   96.20  262.00    2.60    3.38   90.31
 4639   17.60   95.40  257.00    2.70    5.01  146.54
 4640   17.90   93.80  232.00    2.70   24.65  260.43
 4641   18.90   89.20  232.00    3.40   86.55  341.44
 4642   19.60   84.50  217.00    3.20  141.31  374.41
 4643   20.60   76.80  236.00    4.70  113.68  386.11
 4644   21.30   69.50  234.00    3.20   68.62  370.29
 4645   20.50   72.00  243.00    3.70   78.74  352.49
 4646   22.40   68.10  232.00    3.30  359.35  275.97
 4647   23.10   58.90  247.00    3.60  374.75  228.62
 4648   22.90   58.10  243.00    3.10  312.43  190.15
 4649   22.60   60.50  252.00    2.50  144.42  145.66
 4650   22.20   62.60  294.00    3.00   56.05   75.71
 4651   20.70   68.90  310.00    2.10    0.00   33.40
 4652   19.40   79.00   84.00    1.40    0.00    0.00
 4653   18.70   87.00  108.00    1.50    0.00    0.00
 4654   18.70   90.10  155.00    1.80    0.00    0.00
 4655   18.20   91.40  181.00    1.50    0.00    0.00
 4656   17.80   92.90  207.00    2.20    0.00    0.00
 4657   17.60   94.00  194.00    1.70    0.00    0.00
 4658   17.00   95.20  173.00    1.20    0.00    0.00
 4659   16.40   96.30  204.00    1.90    0.00    0.00
 4660   17.00   95.80  185.00    1.40    0.13    5.18
 4661   17.90   92.40  235.00    1.10    2.81   52.56
 4662   19.10   87.30  223.00    1.30   13.91  144.80
 4663   20.80   79.80  244.00    1.50   94.23  245.10
 4664   23.40   66.80  289.00    1.50  444.02  233.54
 4665   24.60   56.20  232.00    2.60  388.11  286.58
 4666   24.60   52.60  236.00    3.20  224.80  361.41
 4667   25.10   52.50  231.00    3.30  206.61  377.23
 4668   25.50   52.20  237.00    4.00  479.08  280.51
 4669   26.70   48.90  242.00    4.10  568.09  229.69
 4670   26.90   47.50  257.00    4.30  247.06  305.69
 4671   25.80   51.40  298.00    4.50   68.83  262.67
 4672   27.10   52.20  301.00    3.20  539.22  141.36
 4673   26.40   50.50  295.00    3.50  515.56  101.12
 4674   25.80   53.40  338.00    3.00  212.67   76.57
 4675   25.10   57.90  336.00    2.60    0.00   27.10
 4676   22.90   65.60  289.00    2.40    0.00    0.00
 4677   22.10   74.70  256.00    1.60    0.00    0.00
 4678   21.20   80.50  248.00    1.40    0.00    0.00
 4679   20.70   85.00  212.00    1.40    0.00    0.00
 4680   19.40   86.80  219.00    2.80    0.00    0.00
 4681   18.60   90.10  300.00    1.00    0.00    0.00
 4682   19.20   92.90  228.00    1.70    0.00    0.00
 4683   19.40   93.40  273.00    1.00    0.00    0.00
 4684   20.00   93.00  250.00    1.50    0.05    3.09
 4685   20.30   91.50  285.00    2.30    0.15   12.26
 4686   20.10   90.10  264.00    2.80    0.59   37.76
 4687   19.50   89.30  286.00    2.30    1.47   79.50
 4688   19.80   86.60  299.00    1.70    4.07  160.68
 4689   20.40   82.90  289.00    1.70    5.72  217.03
 4690   20.90   78.70  263.00    2.10    5.63  233.44
 4691   22.00   73.30  245.00    2.30    6.60  256.05
 4692   17.60   80.10  288.00    6.00    2.00  143.01
 4693   17.10   90.50  302.00    5.30    6.97  241.86
 4694   18.80   83.70  315.00    3.60  192.21  315.46
 4695   19.80   73.60  296.00    5.00  389.20  223.76
 4696   20.20   68.30  299.00    4.80  398.81  171.91
 4697   20.50   67.20  317.00    2.80  415.99  115.72
 4698   20.80   65.90  284.00    2.50  769.50   33.76
 4699   19.40   67.70  240.00    2.20    0.00   45.20
 4700   17.40   79.10  262.00    2.80    0.00    0.00
 4701   17.30   89.40  244.00    2.90    0.00    0.00
 4702   17.20   90.70  269.00    3.50    0.00    0.00
 4703   17.00   90.00  271.00    3.00    0.00    0.00
 4704   16.30   90.50  277.00    3.00    0.00    0.00
 4705   16.00   92.30  283.00    2.90    0.00    0.00
 4706   15.70   94.00  272.00    2.60    0.00    0.00
 4707   15.50   95.10  272.00    2.30    0.00    0.00
 4708   15.00   95.70  239.00    1.90    2.22   20.05
 4709   15.60   95.80  243.00    2.60   61.08  111.56
 4710   17.00   91.80  253.00    2.30   96.83  181.27
 4711   18.10   82.30  236.00    2.40  253.23  232.57
 4712   19.40   71.80  243.00    2.60  202.54  294.17
 4713   18.80   66.90  237.00    3.40    5.28  208.37
 4714   19.50   65.00  230.00    1.80   11.45  282.13
 4715   21.20   58.40  284.00    2.10  498.22  275.56
 4716   21.30   52.60  144.00    3.00  403.56  309.40
 4717   18.90   56.20  165.00    4.40    2.62  153.62
 4718   16.80   70.90  252.00    3.30    3.52  158.80
 4719   16.80   80.60  313.00    4.40  169.55  267.40
 4720   18.40   76.70  333.00    1.70  888.84   81.48
 4721   19.50   71.60  301.00    1.90  894.57   56.26
 4722   19.70   68.50  306.00    2.30  845.96   29.50
 4723   18.90   72.80  314.00    1.10    0.00   51.10
 4724   17.10   82.50  238.00    1.70    0.00    0.00
 4725   16.60   89.80  244.00    2.20    0.00    0.00
 4726   16.60   92.50  285.00    2.10    0.00    0.00
 4727   16.90   92.20  257.00    2.50    0.00    0.00
 4728   17.10   90.20  267.00    2.80    0.00    0.00
 4729   16.90   89.30  283.00    2.50    0.00    0.00
 4730   17.00   89.50  288.00    3.10    0.00    0.00
 4731   16.60   89.20  273.00    3.10    0.00    0.00
 4732   16.30   90.30  278.00    3.00    1.22   14.57
 4733   16.60   90.30  270.00    3.30    6.11   74.44
 4734   17.40   86.20  270.00    5.10   68.81  176.27
 4735   17.90   81.10  291.00    5.20   36.22  221.65
 4736   17.90   78.60  281.00    5.20   18.55  246.77
 4737   18.60   76.00  264.00    5.10   12.35  263.50
 4738   18.50   72.70  261.00    5.70    7.65  257.68
 4739   17.90   73.30  271.00    5.40    2.52  161.75
 4740   17.60   77.70  259.00    4.40    1.76  133.92
 4741   16.50   87.10  252.00    4.40    1.28  107.49
 4742   16.50   95.30  250.00    4.40    1.24   94.72
 4743   16.90   95.90  253.00    4.00    3.54  133.79
 4744   17.40   96.10  258.00    3.90    2.29   83.64
 4745   18.00   96.20  277.00    3.90    5.75   89.98
 4746   18.80   95.90  296.00    3.50   54.53   72.12
 4747   19.10   95.50  295.00    2.50    0.00   28.70
 4748   19.10   95.70  311.00    1.90    0.00    0.00
 4749   19.10   95.90  322.00    2.70    0.00    0.00
 4750   19.20   95.00  330.00    3.20    0.00    0.00
 4751   18.70   94.40  336.00    3.30    0.00    0.00
 4752   18.40   95.10  333.00    2.80    0.00    0.00
 4753   18.20   95.70  317.00    3.00    0.00    0.00
 4754   18.10   95.60  300.00    2.90    0.00    0.00
 4755   18.00   95.90  345.00    2.70    0.00    0.00
 4756   17.80   96.00  328.00    2.40    0.20    5.78
 4757   18.00   95.50  344.00    2.30    0.93   29.27
 4758   18.70   92.90  353.00    1.80    4.86  105.05
 4759   18.80   90.20   16.00    2.20    5.99  156.36
 4760   19.40   87.70   39.00    1.50   56.33  284.76
 4761   20.50   83.00  311.00    2.00  266.26  321.09
 4762   21.10   78.10  269.00    2.60  118.22  370.93
 4763   22.20   71.40  303.00    2.70   47.27  358.87
 4764   21.60   65.30    5.00    3.40    5.19  227.44
 4765   21.90   64.90   24.00    2.30   30.17  315.26
 4766   22.80   63.10    4.00    1.40  280.28  295.34
 4767   23.30   57.20  290.00    1.70  610.83  159.06
 4768   24.00   54.10  310.00    1.40  737.17   96.17
 4769   24.80   53.00  257.00    1.40  760.38   62.65
 4770   24.20   53.80    5.00    1.00  648.07   41.51
 4771   23.00   63.80  164.00    0.70    0.00   33.00
 4772   22.10   75.70  207.00    1.10    0.00    0.00
 4773   21.20   79.80  183.00    1.00    0.00    0.00
 4774   20.40   85.20  214.00    1.10    0.00    0.00
 4775   20.10   89.10  210.00    1.00    0.00    0.00
 4776   19.30   89.50  204.00    0.80    0.00    0.00
 4777   19.20   90.50  264.00    0.70    0.00    0.00
 4778   18.70   92.40  216.00    0.90    0.00    0.00
 4779   18.20   94.50  133.00    0.90    0.00    0.00
 4780   18.10   95.50  233.00    0.80    1.14   13.38
 4781   20.10   93.70   40.00    0.50   32.10  100.67
 4782   21.90   86.10   25.00    0.60  234.13  172.46
 4783   23.70   74.70   49.00    0.50  443.67  187.78
 4784   24.90   63.80  237.00    1.20  549.32  196.89
 4785   25.00   57.30  354.00    1.60  495.41  245.60
 4786   25.00   53.40   98.00    1.90  545.02  246.58
 4787   27.00   46.90    9.00    2.10  595.36  233.88
 4788   27.00   42.00  134.00    2.90  544.41  251.69
 4789   27.30   40.30  117.00    2.20  703.00  176.80
 4790   27.70   41.00  153.00    2.00  461.48  239.99
 4791   27.70   42.90  148.00    2.40  475.42  197.67
 4792   28.20   43.10  164.00    1.60  810.86   83.08
 4793   29.40   41.20  190.00    1.50  865.48   53.60
 4794   28.30   43.80  178.00    1.30  890.46   28.83
 4795   27.10   53.00  123.00    1.10    0.00   48.70
 4796   24.60   63.80   48.00    1.60    0.00    0.00
 4797   24.20   71.30   61.00    2.10    0.00    0.00
 4798   24.00   74.00   69.00    2.30    0.00    0.00
 4799   23.70   76.00   78.00    2.80    0.00    0.00
 4800   23.10   78.50   89.00    2.60    0.00    0.00
 4801   22.70   81.50   85.00    1.80    0.00    0.00
 4802   22.30   84.90   91.00    1.60    0.00    0.00
 4803   21.80   88.00  107.00    1.30    0.00    0.00
 4804   21.80   89.30  102.00    2.10    0.52    8.85
 4805   22.60   87.80   90.00    2.70   18.50   91.92
 4806   23.90   82.80  108.00    1.90  188.33  175.96
 4807   25.20   75.60  111.00    3.00  314.43  217.25
 4808   26.20   67.10  100.00    3.70  401.06  242.79
 4809   27.50   58.70  107.00    3.80  616.71  200.29
 4810   28.10   52.30  114.00    3.20  712.67  180.30
 4811   28.70   46.60  132.00    2.80  734.23  178.32
 4812   29.60   42.00  125.00    3.10  788.88  157.78
 4813   30.00   40.10  122.00    3.10  624.43  205.66
 4814   30.30   40.20  176.00    3.00  439.97  246.55
 4815   30.90   40.00  125.00    2.50  353.92  229.70
 4816   31.20   40.50   70.00    2.00  716.16   99.57
 4817   31.00   42.00  116.00    2.90  791.10   58.21
 4818   29.80   45.30  108.00    2.70  608.48   43.42
 4819   28.10   51.80   90.00    3.00    0.00   41.40
 4820   26.80   57.70   94.00    2.90    0.00    0.00
 4821   26.30   60.40   92.00    3.40    0.00    0.00
 4822   25.50   63.50   99.00    3.10    0.00    0.00
 4823   24.90   67.30   96.00    2.70    0.00    0.00
 4824   24.00   71.00  100.00    2.60    0.00    0.00
 4825   24.30   72.30  102.00    2.90    0.00    0.00
 4826   23.90   74.20  336.00    1.50    0.00    0.00
 4827   23.50   79.20  345.00    3.10    0.00    0.00
 4828   22.90   83.70   26.00    1.60    0.03    2.00
 4829   22.80   86.50  247.00    1.10    1.28   33.29
 4830   23.20   85.00  109.00    1.10    2.06   67.59
 4831   23.70   80.00  109.00    1.20    2.58  102.52
 4832   23.90   76.20  255.00    1.90    4.81  171.44
 4833   23.60   73.60  275.00    2.60    5.99  218.18
 4834   22.40   75.30  287.00    3.50    2.00  138.56
 4835   20.90   85.40  274.00    2.60    1.15  109.03
 4836   21.10   92.90  300.00    3.00    1.30  114.41
 4837   20.40   93.70  311.00    4.20    1.53  116.60
 4838   20.30   93.00  267.00    5.40    2.96  144.13
 4839   19.90   91.30  290.00    5.10    1.85   95.91
 4840   18.90   91.40  300.00    6.00    1.10   57.30
 4841   16.60   95.40  309.00    5.90    1.30   42.10
 4842   16.10   97.90  287.00    5.30    2.01   26.98
 4843   16.00   97.30  301.00    4.10    0.00   11.00
 4844   16.10   96.80  301.00    3.70    0.00    0.00
 4845   16.30   96.60  281.00    2.60    0.00    0.00
 4846   16.20   96.70  255.00    2.90    0.00    0.00
 4847   16.40   96.80  269.00    2.20    0.00    0.00
 4848   16.40   96.40  260.00    1.90    0.00    0.00
 4849   16.30   96.30  281.00    1.30    0.00    0.00
 4850   16.80   96.40  236.00    1.60    0.00    0.00
 4851   17.00   96.00  218.00    1.60    0.00    0.00
 4852   17.00   96.20  229.00    2.50    0.03    2.00
 4853   17.40   95.80  254.00    3.10    2.37   44.63
 4854   17.50   94.30  252.00    3.20   34.16  158.55
 4855   18.20   89.10  242.00    4.20  202.50  234.69
 4856   19.10   81.90  261.00    5.00  218.21  286.49
 4857   19.90   77.10  260.00    5.50  246.40  322.89
 4858   20.40   72.70  261.00    5.50  386.16  306.40
 4859   21.10   69.10  245.00    4.80   83.75  374.83
 4860   17.50   79.80  220.00    3.40    4.45  209.10
 4861   19.60   89.70  236.00    4.50   65.43  341.45
 4862   19.70   84.40  263.00    3.70  293.04  289.20
 4863   20.80   76.50  285.00    4.90  718.06  127.55
 4864   20.60   72.10  190.00    3.60   18.59  167.80
 4865   19.90   74.90  287.00    2.40   18.84  113.55
 4866   19.60   77.70  213.00    2.70   50.36   66.34
 4867   18.40   79.60  244.00    4.40    0.00   12.00
 4868   18.20   80.70  208.00    5.00    0.00    0.00
 4869   17.60   84.00  239.00    3.40    0.00    0.00
 4870   17.30   87.60  233.00    3.50    0.00    0.00
 4871   17.50   88.50  233.00    3.50    0.00    0.00
 4872   17.90   88.00  235.00    3.40    0.00    0.00
 4873   17.70   88.70  227.00    3.40    0.00    0.00
 4874   17.40   91.90  216.00    3.40    0.00    0.00
 4875   17.50   93.90  223.00    3.40    0.00    0.00
 4876   17.50   94.70  227.00    3.80    0.04    2.30
 4877   17.30   95.10  222.00    3.90    0.15   11.36
 4878   17.50   94.80  232.00    4.20    0.87   43.66
 4879   17.80   93.40  233.00    4.60    3.55  118.92
 4880   17.80   91.60  233.00    5.00    3.71  149.98
 4881   18.30   88.30  236.00    5.40    2.88  152.04
 4882   18.40   85.60  240.00    4.00    3.81  189.60
 4883   18.90   83.70  255.00    4.10    3.11  177.38
 4884   18.70   84.80  212.00    3.20    1.63  127.05
 4885   20.10   85.10  194.00    2.90    1.59  118.35
 4886   20.40   77.70  254.00    3.90    0.98   83.02
 4887   20.50   73.00  268.00    3.70    1.44   84.16
 4888   18.80   80.00  286.00    3.50    3.31   97.61
 4889   19.10   87.70  281.00    3.70   16.93  110.68
 4890   20.00   85.70  247.00    2.80   46.07   64.53
 4891   19.90   83.60  281.00    3.50    0.00   14.10
 4892   19.60   84.50  261.00    3.10    0.00    0.00
 4893   20.60   81.70  268.00    3.70    0.00    0.00
 4894   20.10   80.40  274.00    2.60    0.00    0.00
 4895   19.70   84.30  297.00    2.90    0.00    0.00
 4896   19.20   85.10  296.00    2.70    0.00    0.00
 4897   18.60   86.00  275.00    2.40    0.00    0.00
 4898   18.00   89.40  257.00    2.40    0.00    0.00
 4899   17.60   92.10  283.00    2.40    0.00    0.00
 4900   17.70   92.20  256.00    2.10    0.24    5.28
 4901   17.90   90.60  239.00    2.20    0.56   21.27
 4902   18.50   87.90  271.00    2.70    1.54   57.41
 4903   18.90   85.70  306.00    3.00    5.93  151.88
 4904   19.40   83.90  279.00    3.20   16.38  236.65
 4905   19.80   82.80  289.00    3.20   20.26  281.56
 4906   20.10   80.50  282.00    3.60   11.41  277.23
 4907   21.00   77.00  301.00    3.70   32.25  338.31
 4908   21.50   74.10  297.00    3.40   79.73  367.03
 4909   21.00   73.50  297.00    3.20   57.97  336.02
 4910   22.90   70.90  282.00    3.20  104.75  312.30
 4911   22.80   67.90  289.00    2.80  173.33  260.29
 4912   22.20   68.60  320.00    2.30  166.77  200.39
 4913   22.50   67.60   43.00    2.30  132.63  135.24
 4914   22.40   67.60  263.00    2.40  380.98   56.86
 4915   21.20   70.60  265.00    1.60    0.00   24.50
 4916   20.10   73.90  250.00    1.80    0.00    0.00
 4917   19.20   78.20  316.00    1.90    0.00    0.00
 4918   18.80   82.30  257.00    1.70    0.00    0.00
 4919   18.70   85.10  326.00    1.00    0.00    0.00
 4920   19.30   88.30  223.00    1.50    0.00    0.00
 4921   19.60   88.60  289.00    2.50    0.00    0.00
 4922   19.30   91.00  279.00    3.20    0.00    0.00
 4923   19.00   95.60  175.00    2.50    0.00    0.00
 4924   19.10   96.80  215.00    1.40    0.07    2.79
 4925   19.10   96.70  275.00    2.10    0.44   18.80
 4926   19.10   96.10  238.00    2.50    0.70   38.53
 4927   19.10   95.80  235.00    2.10    1.17   67.99
 4928   19.40   93.90  252.00    3.00    4.06  155.57
 4929   20.30   88.80  284.00    3.70   47.51  314.79
 4930   20.20   86.00  245.00    3.70   13.04  283.54
 4931   20.60   84.50  256.00    3.50    4.16  203.62
 4932   20.80   82.50  253.00    3.50    4.75  214.57
 4933   21.10   82.10  248.00    2.90   24.79  301.83
 4934   22.80   77.70  268.00    3.90  419.62  249.79
 4935   24.20   71.50   79.00    3.40  655.33  143.03
 4936   24.10   69.20  169.00    4.20  506.18  141.95
 4937   23.60   70.70  308.00    4.10  507.35   94.73
 4938   23.00   73.90  219.00    4.60  839.66   25.73
 4939   21.70   77.10   71.00    3.90    0.00   40.60
 4940   20.50   82.70  264.00    3.70    0.00    0.00
 4941   20.60   87.40  195.00    3.50    0.00    0.00
 4942   20.80   88.80  281.00    3.00    0.00    0.00
 4943   20.90   90.40  295.00    3.00    0.00    0.00
 4944   20.40   92.30  342.00    3.50    0.00    0.00
 4945   20.40   93.00  315.00    3.70    0.00    0.00
 4946   19.90   92.80  299.00    3.00    0.00    0.00
 4947   19.20   91.90  299.00    3.50    0.00    0.00
 4948   18.90   90.60  283.00    3.40    0.04    2.10
 4949   18.70   89.40    4.00    3.20    0.53   20.18
 4950   18.70   87.60  298.00    3.10    2.71   74.87
 4951   18.70   85.30  305.00    3.30    4.78  135.81
 4952   18.80   82.80  332.00    3.30    7.29  199.10
 4953   18.80   79.30  290.00    2.70    5.69  210.57
 4954   19.30   74.80  290.00    2.90    4.72  209.08
 4955   18.90   72.80  301.00    2.80    3.42  184.54
 4956   19.10   73.00  300.00    3.20    3.51  184.31
 4957   19.70   71.30  284.00    3.40   25.49  302.24
 4958   20.30   68.40  301.00    2.10  233.55  299.54
 4959   21.50   63.90  303.00    1.90  244.93  248.24
 4960   21.50   61.90  319.00    2.80  117.30  199.10
 4961   21.30   65.60  327.00    1.70   73.62  129.55
 4962   20.90   68.60  330.00    1.30  195.40   64.07
 4963   20.30   71.80  308.00    1.50    0.00   10.80
 4964   18.80   79.00  299.00    1.00    0.00    0.00
 4965   18.00   84.40  204.00    1.00    0.00    0.00
 4966   16.90   88.90  137.00    1.10    0.00    0.00
 4967   16.90   92.00  226.00    0.90    0.00    0.00
 4968   16.80   92.80  232.00    1.00    0.00    0.00
 4969   16.70   94.00  244.00    0.60    0.00    0.00
 4970   17.00   93.90  176.00    0.80    0.00    0.00
 4971   16.90   93.30  306.00    0.60    0.00    0.00
 4972   17.00   93.90  232.00    0.40    0.06    2.30
 4973   18.20   92.30  223.00    0.60    0.41   17.61
 4974   19.20   85.50  204.00    0.60    5.30  103.40
 4975   20.40   78.60   45.00    0.80   74.08  228.75
 4976   21.60   70.50  264.00    0.70  113.61  289.76
 4977   22.10   61.50  300.00    1.50   81.90  328.83
 4978   22.90   56.90  322.00    1.30  192.77  357.97
 4979   23.20   53.50  280.00    1.90  281.54  348.70
 4980   24.10   48.20  346.00    1.40  503.50  264.04
 4981   24.00   47.50  348.00    2.00  297.34  318.74
 4982   24.70   48.80  293.00    1.30  631.64  177.89
 4983   25.80   46.10  225.00    1.10  751.53  116.99
 4984   25.00   46.40   75.00    1.20  567.52  127.17
 4985   25.00   49.50  103.00    2.10  457.49   99.90
 4986   24.00   53.10  126.00    1.50  749.60   28.90
 4987   21.90   64.40  284.00    4.40    0.00   27.40
 4988   21.20   76.90  310.00    4.00    0.00    0.00
 4989   21.30   80.10  341.00    3.20    0.00    0.00
 4990   20.90   81.40  299.00    2.50    0.00    0.00
 4991   20.60   83.60  300.00    2.40    0.00    0.00
 4992   20.30   85.60  304.00    3.40    0.00    0.00
 4993   19.90   87.80  293.00    3.50    0.00    0.00
 4994   19.80   89.70  315.00    3.30    0.00    0.00
 4995   19.80   89.80  326.00    3.10    0.00    0.00
 4996   19.40   90.80  344.00    2.60    0.05    2.10
 4997   19.40   91.70  341.00    2.80    0.29   14.63
 4998   19.40   90.40  345.00    3.90    1.08   46.89
 4999   18.70   89.40  342.00    3.20    3.09  108.50
 5000   19.30   89.70  314.00    3.80   31.33  257.13
 5001   20.80   81.90  319.00    4.30  132.39  333.44
 5002   21.20   72.40  326.00    4.30  114.15  362.27
 5003   22.10   64.50  335.00    5.80  197.21  368.64
 5004   22.30   60.00  322.00    6.50  104.32  368.74
 5005   21.00   65.00  303.00    6.10   45.98  324.38
 5006   21.40   67.00  326.00    4.90   15.50  247.47
 5007   23.10   56.70  318.00    6.70  598.16  157.13
 5008   22.80   49.60  312.00    6.50  757.34   87.83
 5009   22.80   49.80  314.00    6.70  567.35   83.55
 5010   22.30   50.70  316.00    5.00  794.44   25.86
 5011   21.30   53.90  315.00    4.00    0.00   29.60
 5012   20.90   58.40  316.00    4.60    0.00    0.00
 5013   20.00   62.60  308.00    4.20    0.00    0.00
 5014   19.00   68.30  286.00    3.90    0.00    0.00
 5015   19.50   72.10  279.00    3.70    0.00    0.00
 5016   18.70   73.40  286.00    4.50    0.00    0.00
 5017   17.40   76.00  279.00    4.60    0.00    0.00
 5018   16.60   80.40  287.00    4.50    0.00    0.00
 5019   16.30   84.40  290.00    4.10    0.00    0.00
 5020   16.00   86.40  289.00    3.80    0.68    7.35
 5021   16.20   86.90  284.00    4.80    6.16   64.93
 5022   17.20   84.50  284.00    5.30  100.90  166.99
 5023   18.20   79.00  296.00    5.90  157.80  231.24
 5024   18.80   72.50  292.00    5.50  221.44  279.13
 5025   18.90   68.60  270.00    5.80  276.59  309.32
 5026   19.20   65.60  272.00    6.00   47.16  338.41
 5027   19.80   63.10  257.00    5.80  131.96  374.49
 5028   20.10   60.20  254.00    5.40  353.64  319.10
 5029   20.90   56.40  242.00    5.50  596.67  211.79
 5030   19.00   62.50  272.00    6.70  157.91  307.44
 5031   20.70   64.00  259.00    4.50  395.71  211.52
 5032   21.30   55.50  280.00    5.00  843.53   75.34
 5033   20.70   54.50  278.00    4.50  730.46   60.67
 5034   20.40   57.30  267.00    3.10  941.45   25.05
 5035   19.40   62.40  265.00    2.60    0.00   30.90
 5036   18.20   66.10  274.00    3.00    0.00    0.00
 5037   17.50   69.60  246.00    2.60    0.00    0.00
 5038   17.00   74.00  250.00    2.70    0.00    0.00
 5039   16.00   78.20  244.00    2.20    0.00    0.00
 5040   15.60   82.60  233.00    2.00    0.00    0.00
 5041   15.70   83.50  228.00    2.70    0.00    0.00
 5042   15.50   83.60  245.00    2.30    0.00    0.00
 5043   15.00   85.30  227.00    2.50    0.00    0.00
 5044   15.00   86.00  243.00    2.50    1.95   11.86
 5045   15.50   83.90  240.00    2.00   27.63   86.36
 5046   16.80   79.70  251.00    2.40  212.52  162.30
 5047   18.00   73.60  242.00    2.80  402.80  188.47
 5048   19.30   66.30  249.00    4.00  493.22  207.41
 5049   19.30   59.70  269.00    4.90  397.71  272.25
 5050   20.40   54.20  249.00    4.80  456.82  274.67
 5051   21.20   49.60  260.00    4.70  593.77  229.29
 5052   20.90   47.20  252.00    4.30  555.61  241.38
 5053   21.30   46.70  266.00    3.10  626.66  200.03
 5054   22.20   43.10  232.00    4.10  814.09  123.31
 5055   23.10   40.00  278.00    3.80  613.39  151.55
 5056   23.00   39.30  257.00    3.90  447.77  149.67
 5057   23.10   41.10  287.00    3.00  237.01  122.04
 5058   22.20   44.20  270.00    4.00  516.75   41.32
 5059   21.00   49.80  296.00    4.20    0.00   12.40
 5060   19.70   58.70  281.00    2.70    0.00    0.00
 5061   19.30   64.60  236.00    2.20    0.00    0.00
 5062   19.60   65.30  247.00    2.60    0.00    0.00
 5063   19.40   64.90  267.00    2.20    0.00    0.00
 5064   19.10   66.70  247.00    2.60    0.00    0.00
 5065   18.90   68.50  223.00    2.50    0.00    0.00
 5066   16.80   77.60  235.00    2.90    0.00    0.00
 5067   16.40   88.40  212.00    2.10    0.00    0.00
 5068   16.10   90.30  213.00    2.70    1.40    9.61
 5069   16.20   90.00  222.00    2.90    1.80   34.71
 5070   16.40   87.50  222.00    3.70    4.05   87.82
 5071   16.50   84.00  223.00    4.10    6.32  150.19
 5072   17.60   79.80  219.00    4.50   44.44  265.58
 5073   18.40   74.40  231.00    5.30   43.25  305.88
 5074   18.90   68.30  231.00    4.70   14.57  284.60
 5075   15.40   74.90  266.00    5.30    1.03  100.45
 5076   16.20   89.00  227.00    2.80    3.91  191.92
 5077   18.20   85.40  221.00    4.10  111.47  343.96
 5078   17.70   82.40  282.00    5.10   22.97  260.53
 5079   18.10   81.40  286.00    5.10  249.92  241.79
 5080   18.20   76.70  279.00    5.60  304.51  175.12
 5081   18.30   75.90  259.00    3.60  121.75  125.71
 5082   18.10   74.90  277.00    3.30  427.67   45.63
 5083   18.00   75.40  254.00    1.90    0.00   25.20
 5084   17.80   77.50  226.00    2.60    0.00    0.00
 5085   17.00   79.90  229.00    2.40    0.00    0.00
 5086   16.90   81.70  212.00    2.40    0.00    0.00
 5087   16.80   83.00  218.00    1.80    0.00    0.00
 5088   16.50   88.20  185.00    2.10    0.00    0.00
 5089   16.50   88.60  224.00    2.50    0.00    0.00
 5090   16.40   89.60  219.00    2.40    0.00    0.00
 5091   16.20   91.00  245.00    2.40    0.00    0.00
 5092   16.20   92.30  237.00    1.90    0.09    2.39
 5093   16.20   92.90  262.00    2.20    2.28   38.42
 5094   17.20   90.40  253.00    3.00    7.79  114.07
 5095   17.70   86.30  251.00    2.80   78.72  224.01
 5096   18.60   81.60  261.00    3.20   39.96  261.22
 5097   18.80   77.40  247.00    3.20   20.08  274.47
 5098   19.40   74.10  241.00    3.40  109.92  357.93
 5099   20.20   71.20  224.00    3.60   91.13  367.60
 5100   17.30   79.00  241.00    4.80    5.61  228.26
 5101   18.50   85.70  210.00    3.70   59.83  329.32
 5102   19.90   77.80  222.00    3.30  206.61  298.07
 5103   19.90   71.00  228.00    3.20   16.47  204.38
 5104   21.30   67.30  228.00    3.20  665.71  102.89
 5105   21.60   66.00  219.00    3.20  757.38   55.51
 5106   21.40   65.00  246.00    2.30  864.68   21.33
 5107   20.00   69.10  194.00    2.00    0.00   26.20
 5108   19.30   76.10  231.00    2.60    0.00    0.00
 5109   18.30   79.80  234.00    2.00    0.00    0.00
 5110   17.80   83.20  212.00    2.50    0.00    0.00
 5111   17.40   85.90  238.00    2.40    0.00    0.00
 5112   17.30   87.90  232.00    2.20    0.00    0.00
 5113   17.00   89.60  239.00    2.20    0.00    0.00
 5114   17.00   90.90  229.00    2.30    0.00    0.00
 5115   17.00   90.90  233.00    2.40    0.00    0.00
 5116   17.40   90.60  252.00    2.30    0.13    2.69
 5117   17.60   89.90  266.00    2.70    0.56   18.88
 5118   17.20   91.30  257.00    3.00    8.03  114.01
 5119   17.70   89.80  276.00    3.40   44.18  210.89
 5120   18.30   82.90  264.00    3.30   86.19  279.82
 5121   19.20   75.20  251.00    3.40   98.78  326.08
 5122   19.20   70.60  268.00    3.20  169.11  355.46
 5123   20.20   66.70  216.00    3.70  150.16  369.77
 5124   20.90   63.20  226.00    3.40  336.95  321.23
 5125   21.10   63.80  260.00    3.10  251.30  325.15
 5126   22.50   60.60  239.00    3.40  730.33  143.46
 5127   23.00   54.30  240.00    4.30  715.67  122.51
 5128   23.20   51.80  245.00    3.00  828.94   74.59
 5129   23.20   51.70  264.00    3.20  768.21   53.65
 5130   22.70   53.00  246.00    2.70  874.71   20.78
 5131   20.90   60.10  218.00    1.60    0.00   23.20
 5132   19.40   69.60  187.00    1.50    0.00    0.00
 5133   18.50   75.40  174.00    1.50    0.00    0.00
 5134   17.90   79.40  248.00    1.70    0.00    0.00
 5135   16.70   83.60  264.00    1.90    0.00    0.00
 5136   17.30   86.40  283.00    2.10    0.00    0.00
 5137   17.10   87.50  272.00    2.60    0.00    0.00
 5138   16.70   90.20  279.00    2.90    0.00    0.00
 5139   16.40   92.00  278.00    3.10    0.00    0.00
 5140   16.10   92.90  262.00    3.00    0.19    3.19
 5141   16.60   91.40  265.00    3.70    3.48   45.88
 5142   17.30   86.40  269.00    4.10   30.18  142.73
 5143   17.20   82.70  269.00    4.10   27.13  196.94
 5144   17.00   82.40  273.00    3.60    7.93  197.35
 5145   17.10   81.70  266.00    4.40    4.51  183.14
 5146   17.40   78.80  273.00    4.80   30.13  315.44
 5147   18.50   72.30  252.00    5.00  110.53  368.43
 5148   19.00   66.30  252.00    5.20  139.29  363.96
 5149   19.50   65.10  276.00    4.50   46.51  318.60
 5150   18.70   65.00  268.00    4.00   16.32  243.88
 5151   18.10   68.00  265.00    4.00   28.66  219.93
 5152   17.70   72.40  264.00    4.60    7.22  128.49
 5153   17.90   73.70  255.00    4.60   26.20  104.99
 5154   17.70   74.70  253.00    4.70  112.59   52.50
 5155   17.20   75.80  245.00    4.50    0.00   20.20
 5156   17.00   76.80  247.00    3.60    0.00    0.00
 5157   16.90   78.10  235.00    3.00    0.00    0.00
 5158   16.50   81.90  231.00    3.70    0.00    0.00
 5159   16.10   88.30  175.00    2.90    0.00    0.00
 5160   16.20   91.90  176.00    2.50    0.00    0.00
 5161   16.00   91.90  181.00    2.60    0.00    0.00
 5162   16.00   90.70  201.00    2.80    0.00    0.00
 5163   16.00   89.50  212.00    2.80    0.00    0.00
 5164   16.00   89.60  221.00    2.80    1.58    8.92
 5165   16.20   89.30  219.00    2.90    2.30   36.83
 5166   16.30   88.90  213.00    3.00    5.28   96.83
 5167   15.70   92.20  210.00    3.30    4.34  123.45
 5168   16.40   95.00  231.00    3.40   17.76  229.95
 5169   18.50   88.20  252.00    4.00   96.89  323.58
 5170   18.60   80.50  250.00    4.70   30.20  314.56
 5171   17.70   85.60  204.00    3.90  112.86  367.53
 5172   20.30   85.10  243.00    4.00  296.47  332.04
 5173   19.20   81.70  248.00    3.80   68.61  329.92
 5174   21.80   76.10  275.00    4.30  449.62  231.70
 5175   23.00   63.40  289.00    4.50  736.32  116.26
 5176   23.50   56.10  243.00    4.80  843.08   72.17
 5177   23.30   50.20  272.00    3.40  884.73   46.15
 5178   21.90   52.90  252.00    1.50  922.81   20.49
 5179   20.50   62.60  169.00    1.60    0.00   14.10
 5180   19.90   68.90  163.00    2.40    0.00    0.00
 5181   20.00   70.80  163.00    2.40    0.00    0.00
 5182   20.10   70.30  205.00    2.20    0.00    0.00
 5183   21.10   68.40  222.00    2.60    0.00    0.00
 5184   21.00   68.20  189.00    2.80    0.00    0.00
 5185   21.00   71.20  203.00    3.20    0.00    0.00
 5186   20.20   75.60  203.00    3.40    0.00    0.00
 5187   19.30   82.80  181.00    3.30    0.00    0.00
 5188   19.60   87.40  196.00    3.30    0.00    1.10
 5189   19.30   89.60  206.00    3.10    0.16    9.77
 5190   19.40   92.30  236.00    2.80    1.47   51.08
 5191   19.50   92.30  242.00    3.80    2.91  100.77
 5192   19.40   90.20  272.00    4.80    2.59  119.40
 5193   17.60   89.00  261.00    4.30    3.08  150.79
 5194   17.40   90.00  257.00    3.10    2.06  134.98
 5195   17.20   90.90  262.00    3.40    1.96  136.21
 5196   16.40   88.20  232.00    2.80    1.99  135.31
 5197   17.10   86.90  268.00    3.70    4.41  187.60
 5198   17.50   86.30  247.00    3.40    3.75  153.32
 5199   19.20   77.10  258.00    4.60  463.27  186.93
 5200   19.90   66.80  256.00    4.10  942.34   76.31
 5201   20.40   63.70  242.00    3.30  919.55   47.27
 5202   19.80   66.70  222.00    4.00  860.34   18.69
 5203   18.80   73.80  216.00    3.80    0.00   13.50
 5204   17.60   75.40  304.00    6.20    0.00    0.00
 5205   16.60   72.70  277.00    3.30    0.00    0.00
 5206   15.80   73.60  288.00    3.50    0.00    0.00
 5207   15.50   75.00  279.00    3.40    0.00    0.00
 5208   15.00   78.30  251.00    2.80    0.00    0.00
 5209   14.90   80.80  251.00    2.90    0.00    0.00
 5210   14.50   81.00  252.00    2.70    0.00    0.00
 5211   14.40   81.40  246.00    3.20    0.00    0.00
 5212   14.30   82.90  255.00    2.90    0.00    7.00
 5213   14.90   83.40  258.00    3.60   35.06   79.94
 5214   15.80   80.10  267.00    4.50  267.10  147.51
 5215   16.90   75.60  271.00    4.90  476.72  164.62
 5216   17.60   70.50  270.00    4.70  654.61  153.40
 5217   18.80   65.20  260.00    5.20  697.41  163.66
 5218   19.20   61.00  250.00    5.50  563.85  228.80
 5219   19.60   56.20  252.00    5.20  346.76  318.74
 5220   19.60   53.70  277.00    5.90  206.15  352.48
 5221   20.60   52.00  249.00    5.30  554.44  222.00
 5222   20.90   48.90  287.00    4.60  481.30  219.77
 5223   21.90   47.20  254.00    4.70  728.78  116.77
 5224   22.00   44.80  275.00    5.40  909.35   72.98
 5225   21.90   43.50  275.00    4.60  876.22   44.37
 5226   21.40   46.10  260.00    2.70  992.70   20.44
 5227   19.90   54.30  257.00    2.10    0.00   15.40
 5228   18.60   64.70  241.00    2.40    0.00    0.00
 5229   17.70   70.90  226.00    2.40    0.00    0.00
 5230   16.70   76.40  222.00    2.00    0.00    0.00
 5231   16.50   80.40  195.00    1.60    0.00    0.00
 5232   15.90   82.10  238.00    1.80    0.00    0.00
 5233   15.40   84.70  223.00    1.00    0.00    0.00
 5234   15.80   85.50  187.00    1.00    0.00    0.00
 5235   15.90   85.10  172.00    1.30    0.00    0.00
 5236   15.20   85.70  182.00    1.00    0.00    1.00
 5237   15.20   86.80  115.00    1.00    0.95   22.62
 5238   16.50   82.60  133.00    0.90    9.25  112.82
 5239   17.60   74.10  170.00    2.20   80.47  216.85
 5240   19.50   66.30  141.00    1.80  215.66  270.03
 5241   21.60   56.70  192.00    2.00  525.12  222.36
 5242   22.30   50.60  185.00    3.10  346.01  307.04
 5243   23.30   46.00  200.00    3.70  547.78  242.59
 5244   23.60   41.80  200.00    4.00  721.19  173.24
 5245   24.30   41.60  169.00    3.60  849.23  129.09
 5246   24.80   38.70  216.00    4.40  822.53  117.93
 5247   25.70   36.50  182.00    3.70  818.74   97.65
 5248   25.60   37.60  175.00    3.40  782.93   77.57
 5249   25.70   36.80  191.00    2.90  850.36   43.80
 5250   24.40   40.20  212.00    1.60  990.31   19.57
 5251   21.70   51.50  129.00    1.20    0.00   13.50
 5252   20.30   61.20  148.00    1.30    0.00    0.00
 5253   20.20   64.40  140.00    2.20    0.00    0.00
 5254   19.70   66.00  165.00    1.80    0.00    0.00
 5255   19.30   68.10  170.00    1.40    0.00    0.00
 5256   19.50   68.50  202.00    1.10    0.00    0.00
 5257   18.90   69.10  212.00    1.50    0.00    0.00
 5258   18.70   71.10  266.00    1.40    0.00    0.00
 5259   17.90   74.00  252.00    1.00    0.00    0.00
 5260   17.90   77.40  242.00    1.40    0.00    1.20
 5261   18.30   78.10  240.00    1.50    2.02   32.22
 5262   19.30   74.70  208.00    1.40   12.31  118.40
 5263   21.30   65.60  215.00    1.30   63.66  211.55
 5264   22.30   58.80  179.00    2.10   78.99  271.09
 5265   23.60   52.90  196.00    2.90  131.52  321.30
 5266   24.80   48.70  203.00    3.40  342.92  307.03
 5267   25.90   45.40  215.00    3.40  421.08  290.49
 5268   26.60   40.30  221.00    4.60  461.87  271.04
 5269   26.80   38.70  219.00    4.80  425.86  265.98
 5270   27.10   39.00  217.00    4.60  358.76  254.29
 5271   27.10   39.30  259.00    5.00  223.99  235.12
 5272   26.90   41.90  320.00    5.20  284.89  166.87
 5273   25.90   47.20  279.00    4.20   91.39  111.22
 5274   25.20   52.30  292.00    3.30  127.11   43.34
 5275   23.60   58.50  277.00    1.90    0.00    9.60
 5276   22.00   66.50  295.00    2.10    0.00    0.00
 5277   20.70   73.50  230.00    1.50    0.00    0.00
 5278   20.00   78.00  267.00    1.60    0.00    0.00
 5279   18.90   81.70  288.00    1.30    0.00    0.00
 5280   18.60   83.70  262.00    1.50    0.00    0.00
 5281   17.30   86.00  322.00    1.20    0.00    0.00
 5282   17.20   89.80  327.00    1.10    0.00    0.00
 5283   16.80   91.10  336.00    1.00    0.00    0.00
 5284   16.40   92.70   84.00    0.80    0.00    2.90
 5285   16.90   93.20    5.00    0.70    8.13   58.99
 5286   19.20   88.60   45.00    0.80  143.25  152.84
 5287   21.80   78.00   89.00    1.70  338.05  191.82
 5288   23.50   66.70  104.00    2.10  474.59  204.65
 5289   25.30   57.80  145.00    2.70  559.53  208.91
 5290   25.50   53.00  159.00    2.60  550.08  231.89
 5291   26.10   50.80  136.00    2.60  653.86  199.78
 5292   27.50   48.30  159.00    2.90  731.37  168.64
 5293   27.90   46.50  140.00    3.40  862.66  127.09
 5294   28.80   44.90  144.00    2.90  874.65  112.33
 5295   29.60   42.80  186.00    2.90  867.00   91.93
 5296   29.80   41.00  171.00    3.20  857.52   68.25
 5297   29.90   40.90  178.00    2.30  822.06   43.94
 5298   29.00   44.60  223.00    1.50  904.48   16.32
 5299   27.00   51.60  201.00    1.80    0.00   10.80
 5300   25.70   59.00  230.00    2.20    0.00    0.00
 5301   25.50   62.90  277.00    2.40    0.00    0.00
 5302   25.60   64.00  308.00    3.50    0.00    0.00
 5303   24.80   65.10  322.00    3.00    0.00    0.00
 5304   23.50   67.60  306.00    3.10    0.00    0.00
 5305   22.40   70.90  286.00    3.30    0.00    0.00
 5306   22.40   71.00  318.00    5.10    0.00    0.00
 5307   21.40   70.90  302.00    4.50    0.00    0.00
 5308   20.20   74.10  298.00    3.50    0.00    3.20
 5309   19.40   77.50  304.00    5.50   11.78   62.66
 5310   19.20   76.70  303.00    5.60  172.15  150.36
 5311   19.40   73.00  311.00    5.90  275.98  201.98
 5312   19.80   67.40  297.00    6.00  502.21  195.71
 5313   20.50   62.20  298.00    5.10  597.49  195.08
 5314   21.00   60.40  311.00    4.80  537.34  235.93
 5315   21.40   57.30  316.00    4.90  422.80  287.96
 5316   22.20   53.00  325.00    5.30  354.61  307.16
 5317   22.50   50.10  318.00    6.10  369.37  282.39
 5318   23.60   47.40  302.00    5.50  507.66  207.44
 5319   23.90   44.20  294.00    6.20  672.26  127.64
 5320   23.90   42.30  310.00    5.10  861.73   67.46
 5321   23.80   41.70  309.00    5.50  878.86   41.63
 5322   23.00   43.20  306.00    4.30 1038.63   17.82
 5323   21.20   49.70  322.00    3.00    0.00   10.40
 5324   19.20   60.60  311.00    2.10    0.00    0.00
 5325   17.70   69.50  325.00    2.10    0.00    0.00
 5326   16.80   74.80   27.00    1.10    0.00    0.00
 5327   15.90   78.80    8.00    0.80    0.00    0.00
 5328   15.10   82.00  336.00    0.70    0.00    0.00
 5329   14.50   85.60  259.00    0.60    0.00    0.00
 5330   14.40   87.90   62.00    0.70    0.00    0.00
 5331   13.80   88.40   73.00    0.70    0.00    0.00
 5332   13.90   90.00  142.00    0.70    0.00    3.60
 5333   14.50   90.70  131.00    0.70   14.41   63.73
 5334   17.40   84.40  123.00    1.10  173.75  148.81
 5335   20.00   70.00  190.00    1.50  374.63  182.09
 5336   21.70   57.20  248.00    1.50  568.62  175.33
 5337   22.70   50.50  195.00    1.70  703.44  158.98
 5338   22.90   48.20  252.00    2.50  749.20  158.47
 5339   23.50   46.80  296.00    2.90  818.87  143.87
 5340   24.40   42.50  271.00    2.40  839.14  137.55
 5341   24.90   39.90  251.00    2.30  866.46  125.94
 5342   25.50   38.90  246.00    2.30  878.58  111.49
 5343   26.70   36.80  221.00    1.50  890.83   92.45
 5344   26.40   37.60  293.00    1.40  917.92   70.09
 5345   25.90   40.30  291.00    1.40  627.86   61.83
 5346   24.70   46.00  339.00    1.50  215.46   36.28
 5347   23.20   54.40   38.00    1.40    0.00    9.50
 5348   22.00   59.70   61.00    1.20    0.00    0.00
 5349   21.50   64.30  127.00    0.90    0.00    0.00
 5350   19.90   70.10   91.00    0.80    0.00    0.00
 5351   19.80   75.30   38.00    0.60    0.00    0.00
 5352   19.20   78.30   71.00    1.10    0.00    0.00
 5353   18.90   80.30   98.00    1.20    0.00    0.00
 5354   18.70   81.20  140.00    1.50    0.00    0.00
 5355   17.80   84.30  151.00    1.00    0.00    0.00
 5356   17.20   87.60  146.00    1.30    0.00    3.90
 5357   17.60   87.60  118.00    1.20   12.91   61.25
 5358   20.10   81.80  115.00    1.20  161.25  147.89
 5359   22.40   69.60  141.00    1.50  350.48  185.80
 5360   24.80   55.40  151.00    2.20  515.91  189.95
 5361   26.40   45.30  191.00    2.00  634.87  180.97
 5362   27.00   41.00  146.00    2.40  711.10  170.66
 5363   27.40   38.10  132.00    3.30  788.68  151.33
 5364   27.40   36.70  121.00    3.30  814.23  142.20
 5365   28.60   34.80   99.00    3.10  837.50  128.19
 5366   28.80   32.70  114.00    2.90  807.61  118.06
 5367   28.80   34.60  120.00    2.80  766.36  104.25
 5368   29.30   35.80  103.00    3.20  827.08   68.47
 5369   29.30   34.50  117.00    3.10  877.93   40.07
 5370   27.80   37.30  103.00    2.40  998.28   15.31
 5371   25.30   45.40   85.00    3.50    0.00    7.80
 5372   25.70   49.90   95.00    3.50    0.00    0.00
 5373   24.30   52.50   88.00    3.20    0.00    0.00
 5374   23.50   57.40   94.00    3.10    0.00    0.00
 5375   22.80   60.30   93.00    2.60    0.00    0.00
 5376   21.80   63.90  100.00    2.90    0.00    0.00
 5377   21.30   67.50  100.00    2.20    0.00    0.00
 5378   20.30   70.90  101.00    2.50    0.00    0.00
 5379   20.40   72.00   96.00    2.20    0.00    0.00
 5380   19.90   71.00  101.00    1.90    0.00    2.50
 5381   20.00   71.30   91.00    2.50    2.18   30.33
 5382   20.40   70.20   76.00    2.70   48.14  137.70
 5383   22.10   65.00  116.00    2.40  269.97  199.09
 5384   24.20   57.50   97.00    2.50  376.81  227.64
 5385   24.20   55.30  103.00    2.40  206.96  307.82
 5386   26.80   54.50   79.00    2.90  608.77  206.96
 5387   29.20   49.00   95.00    2.70  707.68  177.44
 5388   31.10   43.20  124.00    3.10  774.24  152.62
 5389   31.50   34.30  110.00    2.90  810.01  133.14
 5390   32.10   29.20  133.00    2.30  837.50  112.15
 5391   32.00   30.60  114.00    3.20  849.86   90.16
 5392   31.60   33.20   84.00    2.80  846.10   66.12
 5393   31.10   35.50  107.00    3.60  867.41   39.11
 5394   28.90   39.30   85.00    3.00 1062.97   15.31
 5395   26.60   46.20   85.00    2.80    0.00    7.00
 5396   25.70   53.80   85.00    2.90    0.00    0.00
 5397   25.70   57.50   84.00    3.60    0.00    0.00
 5398   24.40   59.70   75.00    2.80    0.00    0.00
 5399   23.80   63.40   51.00    1.70    0.00    0.00
 5400   23.50   65.30   35.00    1.50    0.00    0.00
 5401   22.70   67.40   75.00    2.20    0.00    0.00
 5402   21.80   70.00   78.00    1.80    0.00    0.00
 5403   21.30   72.70   72.00    2.60    0.00    0.00
 5404   21.10   74.90   87.00    1.30    0.00    0.00
 5405   21.50   75.00   85.00    1.10    4.55   42.64
 5406   22.80   71.50   84.00    1.90   92.80  144.06
 5407   24.50   65.40   88.00    1.90  279.28  196.25
 5408   26.40   58.90  126.00    2.40  459.33  204.23
 5409   28.10   53.20  120.00    2.20  604.97  189.64
 5410   29.60   49.60  102.00    3.00  707.87  170.64
 5411   31.10   46.10  138.00    3.10  786.34  151.02
 5412   31.90   42.20  137.00    3.50  820.65  139.71
 5413   32.70   38.60  169.00    2.30  844.92  126.00
 5414   33.20   36.50  133.00    2.50  858.88  109.31
 5415   33.40   36.90  109.00    2.30  862.93   88.75
 5416   33.50   36.40  159.00    2.70  858.02   64.76
 5417   32.70   38.90  160.00    2.30  859.19   38.43
 5418   30.90   46.60   75.00    2.40 1059.47   14.26
 5419   29.20   53.50   74.00    2.00    0.00    4.90
 5420   27.90   59.00   93.00    2.10    0.00    0.00
 5421   26.80   65.30   80.00    1.30    0.00    0.00
 5422   26.40   69.70   95.00    1.50    0.00    0.00
 5423   26.80   69.70  101.00    2.20    0.00    0.00
 5424   26.10   69.10  121.00    2.40    0.00    0.00
 5425   25.20   71.50  105.00    1.80    0.00    0.00
 5426   24.30   75.00   95.00    1.60    0.00    0.00
 5427   23.50   77.90   94.00    1.20    0.00    0.00
 5428   22.90   80.10   62.00    0.90    0.00    0.70
 5429   22.40   81.20   80.00    1.00    4.78   42.72
 5430   24.60   76.50   73.00    0.90   82.54  141.54
 5431   26.30   66.90   13.00    0.90  261.75  197.69
 5432   28.10   59.40   75.00    1.10  442.37  207.91
 5433   30.20   52.50   60.00    1.10  581.93  196.65
 5434   31.70   46.30  118.00    1.40  675.50  181.34
 5435   33.00   41.90  203.00    2.00  747.03  162.74
 5436   33.60   38.50  178.00    1.90  783.29  148.86
 5437   33.80   36.30  277.00    3.00  808.95  132.26
 5438   34.00   36.10  295.00    4.50  821.49  113.54
 5439   33.20   38.80  340.00    5.40  819.24   92.50
 5440   32.40   43.50  348.00    5.40  798.00   69.63
 5441   31.60   48.20  325.00    5.60  815.65   39.70
 5442   30.50   52.30  317.00    5.90 1025.03   12.80
 5443   29.20   53.70  317.00    5.40    0.00    3.90
 5444   28.20   53.00  327.00    4.50    0.00    0.00
 5445   27.20   54.80  327.00    3.80    0.00    0.00
 5446   25.80   60.50  314.00    3.20    0.00    0.00
 5447   24.60   66.90  315.00    3.10    0.00    0.00
 5448   23.80   70.80  311.00    3.00    0.00    0.00
 5449   23.40   72.70  313.00    3.20    0.00    0.00
 5450   22.50   75.30  312.00    3.10    0.00    0.00
 5451   21.30   79.70  304.00    2.60    0.00    0.00
 5452   21.10   83.10  310.00    3.10    0.00    0.00
 5453   21.10   84.60  299.00    3.60    0.26    9.96
 5454   20.80   83.90  310.00    3.80    1.68   48.87
 5455   20.60   80.10  309.00    4.00    3.85  107.64
 5456   20.50   76.50  296.00    4.10    6.83  177.91
 5457   20.00   74.60  303.00    4.50    9.06  223.90
 5458   20.30   72.90  290.00    4.70   47.04  318.22
 5459   21.40   68.70  291.00    4.90  475.34  262.63
 5460   22.80   62.90  303.00    5.00  764.98  153.76
 5461   23.40   58.60  295.00    5.00  824.37  128.35
 5462   23.60   55.10  296.00    5.00  816.55  113.82
 5463   24.00   52.30  323.00    5.60  838.08   89.30
 5464   23.90   49.70  293.00    5.20  874.03   63.13
 5465   23.70   45.10  309.00    5.50  920.07   38.61
 5466   23.10   42.60  323.00    4.50 1228.34   14.14
 5467   21.80   45.10  321.00    3.90    0.00    3.00
 5468   20.60   50.40  312.00    3.00    0.00    0.00
 5469   19.60   57.20  307.00    2.70    0.00    0.00
 5470   18.50   64.60  296.00    2.80    0.00    0.00
 5471   18.30   69.70  313.00    3.40    0.00    0.00
 5472   18.00   71.80  304.00    3.70    0.00    0.00
 5473   17.20   74.20  297.00    3.40    0.00    0.00
 5474   16.40   77.10  296.00    3.10    0.00    0.00
 5475   15.90   79.70  288.00    3.20    0.00    0.00
 5476   14.90   82.60  289.00    3.40    0.00    1.00
 5477   14.70   84.60  280.00    3.20    2.91   31.95
 5478   15.20   83.30  288.00    3.40   35.19  127.00
 5479   15.90   80.10  298.00    3.40  289.55  190.53
 5480   17.00   76.10  299.00    3.30  391.65  219.27
 5481   18.40   70.80  262.00    2.80  338.94  272.12
 5482   19.00   66.00  293.00    3.10  100.49  337.17
 5483   19.30   62.20  310.00    3.30  319.83  314.99
 5484   19.80   59.50  305.00    3.30  334.35  305.12
 5485   21.50   56.20  297.00    3.30  682.62  168.21
 5486   22.30   51.00  320.00    3.20  411.18  227.79
 5487   23.00   46.30  305.00    3.50  357.45  195.99
 5488   23.20   44.90  329.00    3.20  530.90  112.08
 5489   22.70   46.60  318.00    2.80  862.24   35.96
 5490   21.70   51.60  318.00    2.70 1261.30   13.27
 5491   19.90   60.10  321.00    2.30    0.00    2.30
 5492   18.60   67.10  308.00    1.60    0.00    0.00
 5493   17.70   70.40   19.00    2.60    0.00    0.00
 5494   16.40   73.30   64.00    1.80    0.00    0.00
 5495   16.20   75.50   41.00    0.80    0.00    0.00
 5496   15.50   78.10    4.00    0.50    0.00    0.00
 5497   15.00   81.90   59.00    0.70    0.00    0.00
 5498   14.70   85.30  232.00    0.40    0.00    0.00
 5499   14.00   88.20  278.00    0.40    0.00    0.00
 5500   13.80   88.90   17.00    0.40    0.00    0.00
 5501   14.90   87.30  300.00    0.50   11.71   52.52
 5502   17.20   82.20   15.00    1.00  184.72  137.53
 5503   19.50   70.60   77.00    1.00  409.41  166.71
 5504   20.40   60.50   60.00    1.60  580.33  166.18
 5505   21.00   56.90   96.00    2.30  692.61  158.17
 5506   21.80   54.40   70.00    2.10  770.14  148.35
 5507   22.70   51.60   74.00    2.30  823.86  139.31
 5508   23.50   49.40   74.00    2.50  838.27  134.06
 5509   24.10   47.20   62.00    2.00  783.61  136.76
 5510   24.80   46.60   94.00    2.20  636.70  159.71
 5511   24.40   47.00  108.00    3.10  788.69   95.45
 5512   24.80   47.00   72.00    3.00  842.53   62.64
 5513   24.30   47.70  123.00    2.90  888.09   35.56
 5514   23.20   51.80   98.00    3.00    0.00   78.80
 5515   22.10   58.60  116.00    1.80    0.00    1.70
 5516   21.30   65.50  140.00    1.30    0.00    0.00
 5517   20.50   71.00  135.00    1.70    0.00    0.00
 5518   19.30   76.40  131.00    1.20    0.00    0.00
 5519   18.80   81.70  130.00    0.90    0.00    0.00
 5520   18.30   84.10  115.00    1.20    0.00    0.00
 5521   18.00   86.00  213.00    0.70    0.00    0.00
 5522   17.70   87.40  116.00    1.20    0.00    0.00
 5523   17.10   88.70  159.00    1.00    0.00    0.00
 5524   16.90   90.20  144.00    1.40    0.00    0.00
 5525   16.90   89.20  152.00    1.20    9.12   48.65
 5526   19.20   84.70  178.00    1.30  166.06  136.85
 5527   21.90   71.70  187.00    2.30  381.39  171.11
 5528   23.40   57.40  210.00    2.40  557.01  171.89
 5529   23.80   50.70  186.00    2.10  671.52  164.17
 5530   24.40   47.90  143.00    2.70  746.12  155.12
 5531   24.70   44.80  206.00    2.80  807.66  142.61
 5532   25.20   42.50  170.00    2.70  842.09  132.86
 5533   26.10   41.00  133.00    2.50  863.28  121.27
 5534   26.40   39.50  250.00    2.00  882.06  106.38
 5535   27.50   38.10  197.00    4.10  895.84   86.97
 5536   27.60   37.70  234.00    2.30  908.48   62.93
 5537   27.60   39.00  263.00    2.70  949.37   37.08
 5538   26.30   43.30  290.00    2.10    0.00   72.70
 5539   24.20   51.50   32.00    0.90    0.00    0.00
 5540   22.60   59.60  124.00    0.20    0.00    0.00
 5541   21.80   65.10  224.00    0.90    0.00    0.00
 5542   21.00   69.20  153.00    1.00    0.00    0.00
 5543   22.00   69.70  288.00    2.60    0.00    0.00
 5544   22.30   68.90  358.00    2.70    0.00    0.00
 5545   21.40   72.30   22.00    2.30    0.00    0.00
 5546   21.10   76.30   19.00    2.80    0.00    0.00
 5547   20.40   79.10  339.00    2.40    0.00    0.00
 5548   19.90   82.70  341.00    2.60    0.00    0.00
 5549   19.50   85.10  328.00    3.00    1.29   19.81
 5550   19.60   84.30  321.00    3.40    4.97   79.61
 5551   19.30   81.80  318.00    3.30   17.50  164.72
 5552   20.10   76.30  353.00    3.00   67.45  251.66
 5553   20.00   71.80  348.00    2.90   56.21  290.49
 5554   20.60   68.70  350.00    3.00  310.63  302.84
 5555   22.00   62.90  329.00    2.60  564.00  225.63
 5556   23.00   54.40    5.00    1.90  798.39  141.84
 5557   24.50   48.00   15.00    3.10  576.72  201.37
 5558   23.90   50.60    2.00    4.30  317.56  247.67
 5559   23.40   53.90   17.00    4.30  205.38  216.64
 5560   23.30   53.00   32.00    5.00  487.64  115.11
 5561   23.00   53.30   22.00    5.10  719.33   42.68
 5562   21.80   55.20   34.00    3.80    0.00   65.60
 5563   20.60   55.30   19.00    3.80    0.00    0.00
 5564   19.80   53.30   32.00    4.80    0.00    0.00
 5565   18.80   54.60   29.00    4.00    0.00    0.00
 5566   18.00   58.20   29.00    2.90    0.00    0.00
 5567   17.20   61.70   30.00    2.60    0.00    0.00
 5568   15.80   66.80   22.00    1.70    0.00    0.00
 5569   15.10   72.00   16.00    1.90    0.00    0.00
 5570   13.90   76.90   16.00    1.90    0.00    0.00
 5571   14.50   78.80    4.00    1.80    0.00    0.00
 5572   13.10   81.20    6.00    1.60    0.00    0.00
 5573   13.00   86.00    0.00    1.60    8.10   44.86
 5574   15.00   81.30    7.00    1.60  153.73  134.02
 5575   16.50   73.20  350.00    1.10  377.21  169.38
 5576   18.70   65.90  311.00    1.40  559.25  169.43
 5577   20.30   58.40  336.00    1.70  681.22  159.71
 5578   21.40   52.40   36.00    2.10  760.73  149.46
 5579   22.30   47.10  317.00    3.30  797.23  144.22
 5580   22.40   42.10  315.00    2.50  842.29  131.67
 5581   23.10   37.50  324.00    3.30  869.35  119.79
 5582   23.70   31.90  327.00    4.50  888.34  105.60
 5583   23.60   29.40  311.00    3.60  906.79   86.38
 5584   23.90   31.40  327.00    5.50  923.92   62.22
 5585   23.20   34.50  349.00    4.60  971.58   35.99
 5586   22.40   38.40  339.00    3.60    0.00   67.00
 5587   21.10   43.40  349.00    3.30    0.00    0.00
 5588   21.00   51.30    2.00    4.80    0.00    0.00
 5589   20.00   58.10    5.00    3.60    0.00    0.00
 5590   19.10   61.20  359.00    3.20    0.00    0.00
 5591   17.70   67.00  331.00    2.70    0.00    0.00
 5592   16.70   72.70  307.00    2.20    0.00    0.00
 5593   16.10   74.50  284.00    2.90    0.00    0.00
 5594   16.20   74.40  298.00    3.60    0.00    0.00
 5595   15.60   75.00  270.00    3.20    0.00    0.00
 5596   14.30   78.40  276.00    3.00    0.00    0.00
 5597   14.30   81.40  272.00    3.10    6.51   41.01
 5598   14.70   81.00  276.00    5.00  139.17  132.64
 5599   15.40   78.30  275.00    3.90  331.31  176.52
 5600   16.40   73.80  279.00    4.20  538.88  174.13
 5601   17.60   67.00  316.00    5.40  390.68  251.20
 5602   18.20   58.30  296.00    6.30  252.14  315.23
 5603   18.60   49.40  284.00    5.90  299.33  314.25
 5604   18.20   45.30  273.00    6.00  102.31  335.50
 5605   18.70   46.10  295.00    7.70   57.68  298.47
 5606   18.40   48.50  308.00    5.90   82.96  267.36
 5607   18.60   49.10  308.00    7.40  275.70  202.70
 5608   18.30   49.30  287.00    6.30  266.64  143.66
 5609   18.30   51.10  266.00    4.50  205.26   81.19
 5610   18.10   53.00  270.00    5.40    0.00   27.00
 5611   17.60   55.20  302.00    5.80    0.00    0.00
 5612   17.40   56.90  288.00    4.60    0.00    0.00
 5613   17.20   58.40  275.00    4.60    0.00    0.00
 5614   16.60   60.50  276.00    5.20    0.00    0.00
 5615   15.90   63.90  281.00    4.70    0.00    0.00
 5616   15.60   66.50  272.00    4.50    0.00    0.00
 5617   14.90   68.70  284.00    4.50    0.00    0.00
 5618   14.60   71.20  273.00    4.50    0.00    0.00
 5619   14.30   72.50  278.00    5.10    0.00    0.00
 5620   14.00   73.50  276.00    4.60    0.00    0.00
 5621   13.80   74.60  275.00    4.80    2.13   23.32
 5622   13.90   74.20  270.00    5.10   63.65  126.19
 5623   14.90   73.00  281.00    5.30   75.84  193.01
 5624   15.10   71.60  279.00    5.70  151.65  254.87
 5625   15.10   67.90  269.00    6.00   63.84  289.66
 5626   16.80   61.50  274.00    6.20   12.00  251.80
 5627   16.20   55.70  289.00    6.40   49.58  321.45
 5628   13.40   57.80  311.00    5.70   46.51  313.03
 5629   13.80   67.60  313.00    4.40  324.13  277.71
 5630   12.40   69.70  335.00    7.50   70.36  262.21
 5631   14.00   69.60  280.00    4.80  392.79  178.50
 5632   15.90   65.10  317.00    5.80  961.54   62.85
 5633   15.80   58.40  322.00    4.90 1009.24   35.29
 5634   15.20   61.20  305.00    4.10    0.00   59.80
 5635   13.20   67.20  294.00    2.80    0.00    0.00
 5636   12.20   74.40  288.00    2.80    0.00    0.00
 5637   11.70   81.50  258.00    2.90    0.00    0.00
 5638   11.40   84.90  268.00    3.00    0.00    0.00
 5639   11.50   85.20  262.00    2.70    0.00    0.00
 5640   11.10   86.10  270.00    2.80    0.00    0.00
 5641   11.20   86.80  265.00    2.60    0.00    0.00
 5642   11.00   87.80  258.00    2.10    0.00    0.00
 5643   11.10   89.60  268.00    2.40    0.00    0.00
 5644   11.20   89.50  281.00    2.30    0.00    0.00
 5645   11.40   88.10  283.00    2.70    7.33   40.06
 5646   12.40   86.40  281.00    3.50  178.56  128.12
 5647   13.90   81.50  282.00    4.10  446.46  151.96
 5648   15.60   73.70  286.00    5.20  638.53  145.04
 5649   16.70   64.30  289.00    5.80  740.43  139.98
 5650   17.90   56.50  288.00    6.40  699.20  167.13
 5651   18.30   51.70  287.00    5.50  383.48  285.59
 5652   20.10   47.00  286.00    6.00  221.53  323.78
 5653   18.90   45.50  281.00    5.40  392.63  256.46
 5654   19.40   47.00  274.00    5.40   41.53  246.58
 5655   18.50   49.10  276.00    6.10    9.00  153.09
 5656   18.30   51.80  288.00    4.50   12.98  114.77
 5657   18.50   53.80  287.00    4.60  662.17   42.75
 5658   18.70   55.20  295.00    3.80    0.00   39.60
 5659   18.10   57.70  271.00    3.40    0.00    0.00
 5660   17.10   61.60  274.00    3.30    0.00    0.00
 5661   16.60   65.50  260.00    3.30    0.00    0.00
 5662   15.80   69.10  263.00    3.10    0.00    0.00
 5663   15.20   71.80  279.00    3.10    0.00    0.00
 5664   14.70   73.80  273.00    3.40    0.00    0.00
 5665   14.10   76.60  278.00    2.90    0.00    0.00
 5666   13.60   79.10  268.00    3.40    0.00    0.00
 5667   12.90   81.40  260.00    3.60    0.00    0.00
 5668   12.50   84.30  260.00    3.00    0.00    0.00
 5669   13.20   84.50  267.00    3.10    0.65   12.22
 5670   13.70   81.70  276.00    3.00    2.41   52.32
 5671   14.00   79.30  259.00    3.30    3.56   96.48
 5672   14.60   77.70  250.00    3.60    6.88  169.09
 5673   15.40   74.00  262.00    4.60   18.38  244.21
 5674   15.80   69.90  277.00    4.70   14.03  256.54
 5675   17.00   64.20  278.00    4.60   70.86  329.42
 5676   17.30   59.20  259.00    4.60   46.70  309.88
 5677   18.40   56.90  245.00    4.80   99.34  305.15
 5678   18.60   53.60  265.00    4.50   81.75  261.22
 5679   19.30   49.40  275.00    4.70  605.13  128.11
 5680   19.60   46.50  248.00    5.00  800.45   60.79
 5681   19.50   46.60  267.00    3.40  898.61   29.52
 5682   18.10   51.60  250.00    2.00    0.00   48.90
 5683   15.70   62.00  213.00    1.50    0.00    0.00
 5684   13.80   72.50   96.00    1.00    0.00    0.00
 5685   13.10   78.60  270.00    0.90    0.00    0.00
 5686   12.70   81.30  258.00    1.10    0.00    0.00
 5687   11.70   84.50  252.00    1.50    0.00    0.00
 5688   11.50   86.00  308.00    1.30    0.00    0.00
 5689   12.80   83.50  303.00    2.20    0.00    0.00
 5690   11.80   82.60  292.00    1.50    0.00    0.00
 5691   11.50   84.00  309.00    1.40    0.00    0.00
 5692   11.40   83.90  269.00    1.50    0.00    0.00
 5693   11.90   82.90  293.00    1.90    1.07   15.07
 5694   13.60   81.90  304.00    2.20   15.96  100.99
 5695   14.90   78.80  273.00    2.60  260.97  181.87
 5696   17.00   73.80  268.00    2.70  566.79  162.62
 5697   18.60   64.90  260.00    2.80  495.55  214.54
 5698   19.30   56.00  288.00    2.80  384.96  272.57
 5699   19.80   51.00  257.00    2.80  627.24  196.95
 5700   20.60   47.20  251.00    3.00  819.61  132.98
 5701   21.60   43.40  226.00    3.10  881.05  116.62
 5702   22.30   40.40  225.00    2.00  899.26  102.79
 5703   22.70   38.90  261.00    2.70  916.42   82.88
 5704   22.20   40.10  280.00    2.60  907.31   56.51
 5705   23.20   41.90  326.00    0.80  724.90   35.46
 5706   20.70   45.90   69.00    1.10    0.00   37.60
 5707   18.70   52.50  104.00    1.80    0.00    0.00
 5708   18.10   57.50   98.00    1.70    0.00    0.00
 5709   17.50   60.00  113.00    2.20    0.00    0.00
 5710   16.80   61.50  112.00    2.50    0.00    0.00
 5711   16.30   65.30  122.00    2.20    0.00    0.00
 5712   16.90   69.70  118.00    2.20    0.00    0.00
 5713   17.00   70.20  110.00    2.30    0.00    0.00
 5714   17.50   66.60  121.00    2.40    0.00    0.00
 5715   16.90   66.10  124.00    2.90    0.00    0.00
 5716   16.20   68.60  125.00    2.70    0.00    0.00
 5717   16.30   68.90  114.00    2.70    1.73   18.50
 5718   17.20   67.10  120.00    2.70   15.63   99.25
 5719   18.70   63.70  132.00    2.90   34.61  171.81
 5720   20.70   57.90  120.00    3.30  150.21  248.62
 5721   20.10   56.30  127.00    3.20   10.36  217.92
 5722   21.80   55.40  150.00    3.80  115.17  323.27
 5723   24.60   50.70  155.00    3.20  730.97  160.35
 5724   26.70   47.50  161.00    3.70  793.17  138.75
 5725   27.90   46.40  158.00    4.00  786.31  129.82
 5726   28.30   46.20  173.00    3.50  538.97  177.71
 5727   29.80   43.30  223.00    3.90  136.15  206.48
 5728   29.40   39.80  254.00    3.40  213.33  137.79
 5729   28.40   39.30  315.00    2.20  489.30   51.84
 5730   25.70   46.10  307.00    1.50    0.00   32.20
 5731   23.00   57.70  121.00    1.20    0.00    0.00
 5732   21.10   66.00  155.00    1.90    0.00    0.00
 5733   22.10   69.20  140.00    2.90    0.00    0.00
 5734   21.80   70.30  145.00    2.80    0.00    0.00
 5735   22.90   71.60  208.00    3.30    0.00    0.00
 5736   19.70   81.50  303.00    1.80    0.00    0.00
 5737   19.50   94.30  117.00    1.70    0.00    0.00
 5738   19.10   95.50  136.00    2.60    0.00    0.00
 5739   18.80   96.40  196.00    1.10    0.00    0.00
 5740   18.50   97.00   90.00    1.30    0.00    0.00
 5741   18.80   97.30  116.00    1.90    0.08    3.99
 5742   19.00   97.20  103.00    1.40    0.43   21.29
 5743   19.40   95.50  131.00    1.80    0.60   38.95
 5744   19.70   93.70    1.00    1.00    1.90   89.97
 5745   20.10   92.80  134.00    1.40    1.69  100.42
 5746   20.20   91.70  255.00    1.90    1.42  101.69
 5747   19.20   94.10  280.00    3.40    0.80   79.31
 5748   19.70   96.30   26.00    2.60    1.67  111.41
 5749   20.10   94.00   92.00    1.70    2.99  137.23
 5750   20.30   91.90  204.00    1.00    3.48  127.32
 5751   20.20   92.30  265.00    2.10    2.62   87.13
 5752   20.10   94.40  259.00    1.50    3.62   69.50
 5753   20.10   95.40  134.00    1.40    9.13   49.23
 5754   20.00   95.50  187.00    1.40    0.00   23.00
 5755   19.90   96.60  187.00    1.60    0.00    0.00
 5756   19.60   97.40  180.00    1.40    0.00    0.00
 5757   19.60   97.70  180.00    1.30    0.00    0.00
 5758   19.50   97.70  155.00    1.40    0.00    0.00
 5759   19.50   97.50  186.00    1.10    0.00    0.00
 5760   19.40   97.80  200.00    1.30    0.00    0.00
 5761   19.40   97.90  158.00    1.20    0.00    0.00
 5762   19.20   97.80  208.00    1.70    0.00    0.00
 5763   19.10   97.70  221.00    1.70    0.00    0.00
 5764   19.00   97.60  197.00    1.30    0.00    0.00
 5765   18.80   97.50  191.00    1.20    0.05    2.89
 5766   18.90   97.00  164.00    0.90    0.79   28.49
 5767   19.10   96.10  250.00    1.50    1.79   66.27
 5768   18.90   95.00  310.00    1.70    1.63   83.02
 5769   19.00   93.60  240.00    1.40    2.29  116.14
 5770   19.10   92.60  252.00    1.20    1.93  117.45
 5771   18.30   93.40  254.00    1.90    1.57  109.96
 5772   19.40   92.90  220.00    1.60    4.41  178.97
 5773   19.70   89.30  221.00    1.80    8.73  213.48
 5774   20.80   82.10  183.00    1.10   86.05  253.78
 5775   21.00   77.20  231.00    1.70  107.20  201.19
 5776   20.60   80.00  195.00    1.40    6.60   90.33
 5777   20.20   85.00  236.00    1.40  330.15   58.45
 5778   19.30   90.00  108.00    0.80    0.00   33.00
 5779   18.10   95.20  108.00    1.30    0.00    0.00
 5780   17.50   97.20   99.00    1.40    0.00    0.00
 5781   17.70   96.40  118.00    1.80    0.00    0.00
 5782   16.80   97.20  119.00    1.20    0.00    0.00
 5783   16.10   98.50   98.00    0.80    0.00    0.00
 5784   15.80   98.10  148.00    0.80    0.00    0.00
 5785   16.10   97.80   74.00    0.40    0.00    0.00
 5786   16.10   98.00   97.00    0.80    0.00    0.00
 5787   17.00   97.80  117.00    2.10    0.00    0.00
 5788   17.00   97.30  110.00    1.90    0.00    0.00
 5789   16.80   97.60  220.00    1.00    0.19    5.58
 5790   17.30   97.90  189.00    1.20    1.88   43.11
 5791   17.90   97.30  210.00    1.30   49.46  174.57
 5792   19.10   92.30  242.00    2.60  338.07  215.21
 5793   20.80   79.30  271.00    3.60  528.08  200.06
 5794   21.00   68.90  267.00    3.30  393.21  264.60
 5795   21.80   65.10  251.00    3.40  596.51  204.07
 5796   21.80   62.70  254.00    3.70  446.89  250.71
 5797   22.10   61.60  249.00    3.40   93.75  294.49
 5798   22.10   61.90  259.00    3.00   53.80  241.84
 5799   22.30   62.80  261.00    2.80   76.95  195.28
 5800   23.70   60.40  216.00    2.20  684.56   70.45
 5801   22.80   59.40  227.00    2.00  915.69   25.03
 5802   21.90   65.20  207.00    1.60    0.00   19.70
 5803   19.90   72.80  206.00    1.20    0.00    0.00
 5804   18.60   80.50  205.00    1.20    0.00    0.00
 5805   18.20   84.90  247.00    1.60    0.00    0.00
 5806   17.00   87.60  216.00    1.50    0.00    0.00
 5807   16.50   91.90  152.00    1.10    0.00    0.00
 5808   15.90   94.00  153.00    0.80    0.00    0.00
 5809   15.90   93.80  232.00    1.50    0.00    0.00
 5810   15.50   93.90  183.00    0.90    0.00    0.00
 5811   15.40   93.80  193.00    1.20    0.00    0.00
 5812   15.00   93.70  182.00    1.00    0.00    0.00
 5813   14.90   93.80  198.00    1.50    4.76   26.22
 5814   16.30   91.10  208.00    1.40   97.50  116.30
 5815   18.20   86.70  179.00    1.40  326.69  164.33
 5816   20.40   77.30  182.00    1.80  519.77  169.80
 5817   22.50   65.20  186.00    2.20  657.39  159.31
 5818   23.90   55.90  198.00    2.60  740.19  149.13
 5819   24.60   50.40  192.00    2.90  794.56  138.70
 5820   24.70   48.40  191.00    2.80  769.75  142.29
 5821   24.60   47.40  195.00    2.80  687.50  154.32
 5822   25.20   45.60  189.00    3.10  754.93  115.59
 5823   26.30   42.60  160.00    2.90  806.80   81.48
 5824   26.30   42.00  161.00    2.20  890.74   50.69
 5825   25.50   45.10  171.00    2.20 1010.17   26.47
 5826   23.70   53.30  139.00    1.50    0.00   29.10
 5827   21.40   65.20  106.00    1.50    0.00    0.00
 5828   20.40   74.70  103.00    1.80    0.00    0.00
 5829   20.40   78.40  104.00    2.10    0.00    0.00
 5830   20.10   78.90  113.00    2.30    0.00    0.00
 5831   19.50   80.70  116.00    2.60    0.00    0.00
 5832   18.60   84.00  115.00    1.90    0.00    0.00
 5833   18.10   84.60  111.00    1.90    0.00    0.00
 5834   18.00   86.00  113.00    2.20    0.00    0.00
 5835   17.80   86.70  111.00    2.60    0.00    0.00
 5836   17.20   87.80  116.00    2.70    0.00    0.00
 5837   16.90   89.20  112.00    2.90    4.08   23.31
 5838   18.10   88.30  109.00    2.40   73.39  112.48
 5839   20.60   81.80  134.00    3.00  269.43  171.28
 5840   22.90   70.40  125.00    3.80  445.15  187.43
 5841   25.00   60.30  130.00    4.30  539.84  194.27
 5842   25.10   53.80  148.00    4.20  497.72  228.25
 5843   25.60   50.60  138.00    4.80  485.81  240.50
 5844   26.20   48.20  151.00    4.70  695.56  164.19
 5845   26.80   45.60  141.00    4.50  730.92  140.63
 5846   26.80   45.30  143.00    3.70  654.84  139.69
 5847   27.30   45.70  154.00    3.30  753.12   89.41
 5848   26.60   46.90  169.00    2.30  667.04   70.26
 5849   26.40   51.50  133.00    1.90  711.10   28.94
 5850   25.60   55.40  158.00    2.10    0.00   15.50
 5851   23.40   59.40  296.00    5.10    0.00    0.00
 5852   22.70   64.90  309.00    3.00    0.00    0.00
 5853   22.40   68.50  271.00    3.00    0.00    0.00
 5854   21.40   74.70  271.00    2.70    0.00    0.00
 5855   20.30   83.80  306.00    2.60    0.00    0.00
 5856   19.50   89.60  328.00    2.20    0.00    0.00
 5857   19.20   92.10  340.00    1.70    0.00    0.00
 5858   19.10   93.20  274.00    1.80    0.00    0.00
 5859   18.80   93.60  277.00    1.90    0.00    0.00
 5860   18.40   93.90  310.00    1.40    0.00    0.00
 5861   18.10   94.40  297.00    1.60    0.19    4.88
 5862   17.80   94.90  277.00    0.80    0.67   24.63
 5863   17.90   95.30  276.00    1.70    1.22   52.72
 5864   17.60   95.00  284.00    2.30    1.36   73.59
 5865   17.40   94.80  286.00    1.70    2.02  106.45
 5866   17.40   93.80  237.00    1.10    4.21  168.62
 5867   18.00   89.90  237.00    1.30    4.23  175.10
 5868   18.70   86.10  235.00    1.90    7.22  215.30
 5869   19.30   83.40  172.00    1.90   32.06  259.11
 5870   19.80   81.20  154.00    2.70   79.60  243.75
 5871   21.10   78.00  147.00    2.60  400.58  158.56
 5872   21.00   75.40  165.00    2.80  710.55   63.30
 5873   19.90   79.20  149.00    2.40 1014.93   24.25
 5874   19.20   84.30  143.00    2.50    0.00   24.00
 5875   18.00   88.40  170.00    2.00    0.00    0.00
 5876   17.60   91.40  153.00    2.00    0.00    0.00
 5877   17.90   92.30  164.00    1.90    0.00    0.00
 5878   18.20   92.70  206.00    2.20    0.00    0.00
 5879   18.20   90.40  194.00    2.20    0.00    0.00
 5880   17.70   86.90  234.00    2.50    0.00    0.00
 5881   17.10   85.20  232.00    2.70    0.00    0.00
 5882   16.80   86.10  229.00    2.20    0.00    0.00
 5883   15.90   88.60  189.00    1.30    0.00    0.00
 5884   15.40   91.50  181.00    1.40    0.00    0.00
 5885   15.30   91.90  189.00    1.70    2.82   17.75
 5886   16.70   88.30  200.00    2.20   74.00  109.03
 5887   18.20   82.60  197.00    2.10  313.25  161.80
 5888   20.10   75.90  174.00    2.70  521.98  165.81
 5889   21.70   66.70  168.00    3.00  670.38  152.88
 5890   22.80   58.50  156.00    4.60  756.71  142.12
 5891   23.60   53.10  200.00    4.80  760.62  146.03
 5892   23.40   50.80  196.00    4.60  215.37  306.73
 5893   24.60   49.30  196.00    5.00  307.26  262.58
 5894   24.10   49.40  198.00    4.50  407.46  201.25
 5895   24.60   50.50  186.00    5.10  630.22  110.90
 5896   24.90   49.80  206.00    4.40  902.93   48.34
 5897   24.10   51.50  187.00    3.90 1048.78   23.84
 5898   23.10   55.30  186.00    1.90    0.00   23.30
 5899   22.00   60.00  149.00    2.00    0.00    0.00
 5900   22.00   63.80  161.00    2.10    0.00    0.00
 5901   21.60   66.20  162.00    2.40    0.00    0.00
 5902   21.30   68.90  179.00    1.90    0.00    0.00
 5903   21.00   71.00  161.00    2.30    0.00    0.00
 5904   19.60   76.00  167.00    2.00    0.00    0.00
 5905   19.30   81.10  171.00    1.90    0.00    0.00
 5906   19.50   82.10  162.00    2.60    0.00    0.00
 5907   19.30   81.90  166.00    2.10    0.00    0.00
 5908   19.20   81.30  134.00    2.40    0.00    0.00
 5909   18.50   82.20  138.00    2.50    4.11   20.36
 5910   18.30   83.30  148.00    2.70   75.95  107.46
 5911   20.70   77.70  168.00    2.60  265.73  166.87
 5912   22.80   67.60  201.00    2.80  429.61  187.23
 5913   24.60   61.10  213.00    2.80  537.48  191.63
 5914   25.70   56.10  225.00    3.20  658.00  171.77
 5915   27.00   49.70  242.00    3.60  644.24  182.50
 5916   26.60   48.10  207.00    4.10  530.72  215.90
 5917   27.20   49.10  209.00    3.50  648.96  161.72
 5918   27.50   48.20  196.00    3.30  573.33  157.25
 5919   27.70   44.90  229.00    4.00  322.65  168.12
 5920   27.00   46.70  176.00    2.60  513.57   86.01
 5921   26.30   53.80  144.00    2.00  483.07   36.99
 5922   24.80   60.90  150.00    1.90    0.00   14.00
 5923   23.30   68.80  159.00    1.80    0.00    0.00
 5924   22.60   74.00  112.00    1.60    0.00    0.00
 5925   22.30   77.10  120.00    2.30    0.00    0.00
 5926   21.50   80.00   94.00    1.00    0.00    0.00
 5927   21.40   82.30  108.00    1.30    0.00    0.00
 5928   21.00   83.30   76.00    1.80    0.00    0.00
 5929   21.10   84.20  122.00    2.20    0.00    0.00
 5930   21.60   81.90  236.00    2.50    0.00    0.00
 5931   19.60   81.70  271.00    5.40    0.00    0.00
 5932   18.90   85.30  300.00    4.50    0.00    0.00
 5933   18.50   88.10  342.00    2.70    0.04    2.00
 5934   18.30   89.50  262.00    2.40    0.23   13.65
 5935   17.70   92.10  245.00    2.20    4.12   93.42
 5936   18.20   92.40  221.00    2.30   52.60  220.78
 5937   18.60   89.00  226.00    3.00   10.17  205.51
 5938   19.10   86.50  234.00    3.10    4.50  171.17
 5939   18.80   84.50  236.00    3.40    6.13  205.14
 5940   17.10   86.00  273.00    4.20    4.23  167.63
 5941   18.90   85.10  278.00    4.50    5.21  169.87
 5942   20.20   76.50  285.00    4.50  194.53  237.91
 5943   20.70   68.50  287.00    4.20  330.08  164.73
 5944   20.90   64.70  290.00    3.80  550.46   79.53
 5945   20.70   64.30  279.00    2.20  941.65   19.19
 5946   18.80   70.80  252.00    1.70    0.00   15.30
 5947   18.00   79.90  247.00    2.00    0.00    0.00
 5948   17.20   84.10  258.00    2.20    0.00    0.00
 5949   17.50   84.20  261.00    2.70    0.00    0.00
 5950   17.20   81.90  304.00    3.00    0.00    0.00
 5951   16.60   82.20  295.00    2.80    0.00    0.00
 5952   16.40   83.80  313.00    2.70    0.00    0.00
 5953   16.30   84.10  310.00    3.30    0.00    0.00
 5954   15.80   85.10  304.00    1.90    0.00    0.00
 5955   14.90   88.00  309.00    1.90    0.00    0.00
 5956   14.60   90.80  300.00    2.10    0.00    0.00
 5957   14.10   91.30  287.00    2.30    3.97   18.00
 5958   14.00   91.70  313.00    1.20   79.68  104.22
 5959   15.90   88.70  293.00    2.70  312.89  157.08
 5960   17.70   80.70  298.00    3.20  484.87  171.35
 5961   19.10   72.30  329.00    3.10  515.83  195.69
 5962   19.70   64.40  307.00    3.40  563.34  200.68
 5963   20.50   58.80  299.00    2.60  391.90  263.86
 5964   20.60   57.30  320.00    2.80  305.20  281.26
 5965   21.60   54.20  312.00    2.80  543.26  191.18
 5966   21.90   49.90  309.00    2.50  538.74  163.20
 5967   22.20   48.00  347.00    2.20  477.04  136.45
 5968   21.70   49.00  358.00    2.70  737.05   55.27
 5969   20.90   52.90   19.00    1.40  988.84   18.97
 5970   18.60   60.10   62.00    1.20    0.00   13.00
 5971   16.40   73.10  115.00    0.70    0.00    0.00
 5972   15.70   82.70   48.00    1.00    0.00    0.00
 5973   15.50   86.30  108.00    1.00    0.00    0.00
 5974   15.10   88.70  100.00    1.30    0.00    0.00
 5975   15.00   90.40   92.00    1.30    0.00    0.00
 5976   14.60   92.40  101.00    1.40    0.00    0.00
 5977   14.30   93.60   76.00    1.00    0.00    0.00
 5978   14.20   94.50  338.00    0.60    0.00    0.00
 5979   14.00   94.90   82.00    1.40    0.00    0.00
 5980   13.80   94.90   76.00    1.70    0.00    0.00
 5981   13.60   95.10   73.00    1.70    3.00   14.79
 5982   15.00   93.10   88.00    0.90   55.11   99.15
 5983   16.40   89.90   91.00    1.60  271.03  161.16
 5984   18.80   82.70  123.00    2.90  471.20  173.34
 5985   20.00   70.80  105.00    3.30  617.40  164.68
 5986   21.10   62.20  103.00    3.00  662.03  167.68
 5987   20.80   59.50   76.00    3.20  636.78  181.93
 5988   21.80   56.70   84.00    2.90  561.12  201.90
 5989   22.00   52.50   98.00    3.40  668.89  152.42
 5990   22.50   49.00   88.00    2.90  707.83  119.52
 5991   22.80   45.70   68.00    3.80  863.37   68.98
 5992   22.50   44.80   89.00    4.30  913.00   44.67
 5993   21.60   47.90   80.00    3.20 1091.30   19.64
 5994   19.50   56.10   73.00    2.70    0.00   12.30
 5995   18.20   65.20   72.00    2.50    0.00    0.00
 5996   17.80   70.30   77.00    3.50    0.00    0.00
 5997   18.20   73.10   97.00    2.30    0.00    0.00
 5998   17.50   76.70  101.00    3.20    0.00    0.00
 5999   16.70   81.80   95.00    3.30    0.00    0.00
 6000   16.30   85.10  102.00    3.00    0.00    0.00
 6001   15.70   87.10   91.00    1.60    0.00    0.00
 6002   15.10   89.60   42.00    1.40    0.00    0.00
 6003   15.10   92.00   84.00    1.30    0.00    0.00
 6004   14.90   92.80   83.00    2.10    0.00    0.00
 6005   14.80   93.20   93.00    2.60    2.55   12.83
 6006   15.20   93.00  115.00    1.70   45.86   95.45
 6007   16.80   88.50  102.00    2.80  252.71  161.69
 6008   18.90   78.00   84.00    4.30  459.43  174.79
 6009   20.80   67.90  116.00    3.90  606.30  166.89
 6010   21.50   61.80  111.00    3.60  443.08  236.45
 6011   21.90   58.10   77.00    4.00  254.98  297.01
 6012   22.40   54.90   90.00    3.70  264.18  287.12
 6013   22.30   53.70   76.00    3.70  296.65  255.05
 6014   23.00   52.10   88.00    3.30  687.21  123.28
 6015   23.10   50.10   93.00    2.50  703.43   90.43
 6016   23.00   51.40   76.00    1.80  654.57   62.04
 6017   22.50   56.10   74.00    1.90  658.46   21.66
 6018   20.70   63.30   83.00    2.70    0.00   11.00
 6019   19.30   71.00   72.00    1.60    0.00    0.00
 6020   18.90   77.60   87.00    1.80    0.00    0.00
 6021   18.60   81.40   80.00    1.80    0.00    0.00
 6022   17.80   85.20   88.00    1.00    0.00    0.00
 6023   17.10   89.10   41.00    0.80    0.00    0.00
 6024   16.90   91.50   45.00    1.30    0.00    0.00
 6025   16.50   93.40   36.00    1.10    0.00    0.00
 6026   16.00   94.50   26.00    1.10    0.00    0.00
 6027   15.90   94.80  358.00    1.40    0.00    0.00
 6028   15.60   94.80   74.00    1.10    0.00    0.00
 6029   15.20   95.20   65.00    1.00    1.65    9.90
 6030   15.90   94.30   62.00    0.90   26.37   87.22
 6031   18.40   92.70   93.00    2.30  184.95  166.27
 6032   20.50   86.30  119.00    2.30  386.35  189.90
 6033   22.00   76.50  100.00    2.70  525.91  189.08
 6034   23.30   70.30   81.00    3.30  635.68  174.05
 6035   23.90   64.90   68.00    3.20  739.79  147.32
 6036   24.80   58.80  100.00    4.20  718.18  149.65
 6037   25.30   54.40   80.00    3.90  561.48  181.45
 6038   25.80   52.20  120.00    3.20  634.28  134.86
 6039   25.20   51.80   81.00    3.90  644.30   99.86
 6040   25.10   52.70  107.00    2.80  394.88   89.86
 6041   24.30   56.30  117.00    2.30  920.42   14.34
 6042   22.50   63.70  103.00    2.00    0.00    8.30
 6043   21.10   72.10   94.00    2.00    0.00    0.00
 6044   20.50   77.80   91.00    2.60    0.00    0.00
 6045   20.40   79.60   93.00    2.40    0.00    0.00
 6046   20.50   80.30  143.00    1.90    0.00    0.00
 6047   19.70   82.30  188.00    1.40    0.00    0.00
 6048   18.30   87.40   13.00    1.60    0.00    0.00
 6049   18.80   91.50   22.00    1.60    0.00    0.00
 6050   19.30   90.60   97.00    1.30    0.00    0.00
 6051   19.40   90.10  208.00    1.60    0.00    0.00
 6052   19.10   91.20  150.00    1.10    0.00    0.00
 6053   18.10   92.70   90.00    1.50    0.70    6.26
 6054   18.00   93.20  101.00    1.00   14.36   77.71
 6055   19.10   88.90  179.00    1.90  130.39  166.30
 6056   20.70   80.80  215.00    1.60  264.14  211.80
 6057   21.90   74.10  191.00    1.90  357.25  233.48
 6058   22.30   69.60  211.00    2.10  208.80  291.64
 6059   22.10   66.90  169.00    2.40   95.95  306.03
 6060   22.10   66.00  175.00    2.80   89.63  296.44
 6061   22.00   64.60  159.00    2.50   86.69  269.26
 6062   22.40   62.40  177.00    2.70  106.25  228.60
 6063   22.20   62.10  167.00    2.60   70.22  167.35
 6064   21.80   63.40  189.00    1.80   64.90  101.70
 6065   20.90   67.90  253.00    1.30  174.10   33.15
 6066   20.50   76.20  256.00    1.50    0.00    2.00
 6067   20.00   80.50  300.00    2.00    0.00    0.00
 6068   18.70   86.10  339.00    3.90    0.00    0.00
 6069   18.30   91.80   84.00    2.80    0.00    0.00
 6070   17.70   93.20  342.00    3.70    0.00    0.00
 6071   16.90   94.50  308.00    3.00    0.00    0.00
 6072   16.60   93.80   24.00    1.20    0.00    0.00
 6073   16.80   94.70  274.00    1.30    0.00    0.00
 6074   16.50   96.40  268.00    3.00    0.00    0.00
 6075   15.90   96.70  266.00    2.10    0.00    0.00
 6076   15.20   96.40  231.00    2.10    0.00    0.00
 6077   14.40   95.90  227.00    2.40    1.91    9.90
 6078   14.60   94.80  235.00    2.70   44.24   89.77
 6079   15.40   91.80  232.00    3.50  286.30  152.38
 6080   17.20   85.00  214.00    3.50  522.73  155.98
 6081   18.90   77.10  187.00    3.40  686.75  141.13
 6082   20.70   70.40  206.00    4.20  782.12  129.29
 6083   22.20   65.70  199.00    4.20  811.13  126.66
 6084   22.20   61.60  205.00    6.00  166.78  296.41
 6085   21.70   60.40  216.00    6.00   30.03  238.81
 6086   22.30   60.30  221.00    6.20   18.36  186.13
 6087   22.30   60.10  217.00    4.70   43.95  157.17
 6088   21.80   62.30  219.00    5.90   60.13   98.36
 6089   15.80   76.20  266.00    7.40  874.49   11.65
 6090   15.90   92.70  242.00    4.00    0.00    1.80
 6091   16.10   93.50  214.00    2.90    0.00    0.00
 6092   15.90   92.90  206.00    3.10    0.00    0.00
 6093   16.00   91.00  224.00    3.20    0.00    0.00
 6094   15.50   89.60  216.00    3.00    0.00    0.00
 6095   15.10   89.70  194.00    2.50    0.00    0.00
 6096   14.70   86.10  201.00    2.10    0.00    0.00
 6097   14.60   81.20  189.00    2.60    0.00    0.00
 6098   14.40   80.70  190.00    2.50    0.00    0.00
 6099   14.30   81.90  199.00    2.50    0.00    0.00
 6100   14.00   83.00  193.00    2.50    0.00    0.00
 6101   14.30   83.60  200.00    2.50    0.00    6.60
 6102   14.50   82.00  164.00    2.20   10.33   70.17
 6103   15.70   78.60  199.00    3.20    5.63  100.61
 6104   15.50   78.30  217.00    3.00    5.68  137.27
 6105   15.70   80.80  210.00    2.90   59.04  253.89
 6106   17.60   77.40  206.00    3.90  129.67  294.23
 6107   18.00   70.10  231.00    4.00   49.00  285.36
 6108   16.40   70.70  250.00    4.30    7.74  204.33
 6109   20.30   67.40  247.00    4.30  606.91  164.08
 6110   21.10   54.50  252.00    4.20  826.12   90.48
 6111   21.30   47.40  256.00    4.10  837.08   66.18
 6112   20.80   46.30  243.00    5.00  922.05   39.62
 6113   20.20   47.20  243.00    3.90 1275.57   15.20
 6114   18.60   51.20  246.00    2.90    0.00    4.30
 6115   17.10   58.00  256.00    2.50    0.00    0.00
 6116   15.80   64.60  217.00    1.70    0.00    0.00
 6117   15.50   69.00  184.00    1.90    0.00    0.00
 6118   14.70   72.00  196.00    1.80    0.00    0.00
 6119   14.10   74.70  164.00    1.90    0.00    0.00
 6120   14.50   77.60  182.00    1.60    0.00    0.00
 6121   13.40   81.20  156.00    1.40    0.00    0.00
 6122   13.30   83.70  169.00    1.70    0.00    0.00
 6123   12.70   84.90  138.00    1.20    0.00    0.00
 6124   13.40   84.40  149.00    1.60    0.00    0.00
 6125   13.00   83.20  156.00    2.00    0.00    3.60
 6126   13.50   82.80  145.00    2.10    1.64   31.37
 6127   14.00   81.30  141.00    2.60    9.41  116.32
 6128   15.80   76.20  139.00    2.90  111.52  218.26
 6129   18.20   68.20  143.00    3.40  390.56  220.35
 6130   19.90   61.50  141.00    3.80  457.95  224.58
 6131   20.50   56.40  163.00    4.50  432.15  240.26
 6132   21.00   51.20  153.00    4.70  302.02  268.32
 6133   21.10   49.90  179.00    3.40   18.64  218.52
 6134   19.80   55.60  161.00    3.80    6.83  148.10
 6135   19.10   66.50  138.00    2.20    1.90   59.62
 6136   20.30   72.90   55.00    1.90   27.66   84.76
 6137   18.50   74.60   97.00    2.20  975.32   12.38
 6138   17.60   78.90  112.00    2.50    0.00    3.00
 6139   17.60   79.80  131.00    2.40    0.00    0.00
 6140   17.50   77.00  150.00    2.20    0.00    0.00
 6141   17.30   75.20  142.00    2.50    0.00    0.00
 6142   16.80   76.70  152.00    2.50    0.00    0.00
 6143   16.40   79.60  141.00    1.90    0.00    0.00
 6144   15.50   85.40  129.00    1.30    0.00    0.00
 6145   15.90   89.00  149.00    2.00    0.00    0.00
 6146   15.80   88.40  132.00    1.90    0.00    0.00
 6147   15.60   89.50  149.00    1.90    0.00    0.00
 6148   15.30   91.70  176.00    1.70    0.00    0.00
 6149   15.10   93.20  131.00    2.30    0.00    2.00
 6150   15.20   93.60  169.00    1.70    2.03   34.10
 6151   15.80   90.80  230.00    2.10   17.84  129.45
 6152   15.80   86.70  234.00    1.90    7.63  149.31
 6153   16.00   84.10  244.00    2.60    3.50  128.21
 6154   16.00   81.00  282.00    3.70   28.86  254.41
 6155   17.60   74.80  278.00    4.30  280.24  279.68
 6156   18.60   64.40  283.00    4.70  290.65  268.91
 6157   18.80   57.50  284.00    4.60  246.03  252.03
 6158   19.70   54.90  256.00    4.10  432.43  174.43
 6159   19.30   51.20  266.00    5.10  587.81  102.31
 6160   19.10   48.20  273.00    4.30  796.57   40.18
 6161   17.60   51.90  291.00    3.40    0.00   74.70
 6162   15.90   62.70  274.00    1.90    0.00    1.00
 6163   14.20   73.90  229.00    1.70    0.00    0.00
 6164   13.20   81.60  209.00    1.70    0.00    0.00
 6165   12.50   85.30  208.00    1.80    0.00    0.00
 6166   12.00   87.50  186.00    1.80    0.00    0.00
 6167   12.00   87.60  181.00    1.80    0.00    0.00
 6168   12.30   86.70  162.00    1.80    0.00    0.00
 6169   12.80   85.60  153.00    2.40    0.00    0.00
 6170   13.50   82.50  148.00    2.90    0.00    0.00
 6171   13.80   81.50  158.00    2.70    0.00    0.00
 6172   14.20   83.20  166.00    3.10    0.00    0.00
 6173   13.80   88.00  161.00    3.50    0.00    1.70
 6174   14.00   93.80  168.00    3.80    3.32   42.56
 6175   14.80   95.10  167.00    3.30    5.21   93.43
 6176   16.10   94.20  182.00    3.70  114.17  214.52
 6177   19.40   87.80  201.00    4.70  418.31  210.12
 6178   22.00   77.70  209.00    5.30  122.21  287.88
 6179   16.90   82.30  269.00    5.50    0.79   70.09
 6180   16.90   92.40  203.00    3.30    1.29   86.59
 6181   18.80   90.20  201.00    3.40  110.29  260.37
 6182   20.40   84.90  209.00    3.70  466.76  164.88
 6183   21.60   71.00  251.00    4.00  681.43   85.02
 6184   21.80   59.00  252.00    3.10  966.90   38.02
 6185   20.30   60.40  219.00    2.20    0.00   74.50
 6186   17.90   71.80  202.00    3.00    0.00    0.00
 6187   17.00   81.40  221.00    2.20    0.00    0.00
 6188   16.10   85.20  234.00    2.00    0.00    0.00
 6189   16.40   86.80  199.00    2.60    0.00    0.00
 6190   16.60   83.50  224.00    3.60    0.00    0.00
 6191   16.50   76.90  243.00    3.20    0.00    0.00
 6192   16.90   72.10  228.00    4.30    0.00    0.00
 6193   16.70   69.20  230.00    4.70    0.00    0.00
 6194   16.60   66.30  242.00    4.90    0.00    0.00
 6195   16.20   65.10  222.00    4.20    0.00    0.00
 6196   16.10   66.50  216.00    4.20    0.00    0.00
 6197   16.90   66.60  222.00    5.80    0.00    3.00
 6198   16.80   66.10  222.00    6.20    3.13   40.41
 6199   16.90   65.90  230.00    6.80   13.81  120.86
 6200   17.20   63.90  235.00    7.90   49.41  199.76
 6201   17.10   62.80  243.00    8.00   20.86  215.44
 6202   17.90   61.40  242.00    9.70   68.54  276.97
 6203   17.60   60.10  249.00    9.50   71.95  287.63
 6204   18.00   60.20  258.00    8.10   25.78  247.18
 6205   17.60   59.40  245.00    7.20    3.79  131.77
 6206   18.20   56.80  248.00    8.10    3.71  108.07
 6207   19.00   51.40  245.00    9.00  193.12  154.16
 6208   18.50   49.50  253.00    5.30  653.06   50.11
 6209   17.80   52.60  258.00    4.60    0.00   62.40
 6210   13.80   67.50  242.00    3.30    0.00    0.00
 6211   13.60   84.20  244.00    5.50    0.00    0.00
 6212   14.10   80.00  246.00    5.20    0.00    0.00
 6213   14.10   77.90  264.00    5.90    0.00    0.00
 6214   13.90   81.80  251.00    5.10    0.00    0.00
 6215   13.90   85.10  244.00    4.50    0.00    0.00
 6216   14.20   85.60  270.00    5.70    0.00    0.00
 6217   14.20   83.40  272.00    5.30    0.00    0.00
 6218   13.60   83.70  253.00    4.70    0.00    0.00
 6219   13.20   85.70  252.00    4.20    0.00    0.00
 6220   12.90   87.10  256.00    4.10    0.00    0.00
 6221   12.70   87.80  242.00    3.50    0.00    2.30
 6222   13.30   86.40  263.00    3.80    5.91   53.91
 6223   14.20   82.60  266.00    6.10  110.68  152.41
 6224   15.40   78.20  280.00    6.70  349.34  184.55
 6225   16.80   72.80  276.00    6.90  329.83  228.02
 6226   17.40   68.40  262.00    6.30  217.43  276.37
 6227   18.00   64.70  261.00    6.50  155.16  292.93
 6228   17.90   60.40  267.00    6.60   35.19  255.82
 6229   18.00   57.90  269.00    6.30   49.09  240.12
 6230   18.50   56.90  263.00    5.70  170.06  210.52
 6231   18.90   55.30  255.00    6.10  504.98  110.80
 6232   18.20   55.60  263.00    5.40  823.04   34.97
 6233   17.10   59.40  260.00    3.70    0.00   60.00
 6234   15.90   64.50  252.00    3.30    0.00    0.00
 6235   15.00   70.50  238.00    2.70    0.00    0.00
 6236   14.20   75.20  245.00    2.80    0.00    0.00
 6237   14.20   76.90  222.00    2.80    0.00    0.00
 6238   14.80   76.20  225.00    2.50    0.00    0.00
 6239   15.20   75.10  216.00    2.70    0.00    0.00
 6240   15.60   74.40  217.00    2.70    0.00    0.00
 6241   16.30   73.10  223.00    3.50    0.00    0.00
 6242   16.70   72.70  217.00    3.80    0.00    0.00
 6243   16.80   75.00  223.00    3.80    0.00    0.00
 6244   16.80   77.80  219.00    4.10    0.00    0.00
 6245   16.30   81.60  229.00    4.10    0.00    3.00
 6246   15.70   88.10  224.00    3.90    1.15   23.49
 6247   15.90   92.90  234.00    3.70    2.02   56.34
 6248   15.80   94.80  235.00    4.20    6.46  136.77
 6249   16.60   94.80  242.00    4.30    3.63  126.40
 6250   17.70   90.70  243.00    4.20    3.03  128.35
 6251   18.20   85.90  252.00    4.40    3.46  141.72
 6252   18.90   82.80  246.00    4.50    2.85  124.56
 6253   19.40   81.10  250.00    4.80    4.21  135.99
 6254   19.90   79.60  245.00    4.50    5.41  126.75
 6255   19.80   80.10  256.00    4.20    7.88  104.72
 6256   20.10   80.00  259.00    4.00  401.41   68.73
 6257   20.30   77.90  235.00    3.10    0.00   43.00
 6258   20.50   77.10  251.00    3.50    0.00    0.00
 6259   20.30   77.10  265.00    3.40    0.00    0.00
 6260   20.90   75.20  276.00    4.60    0.00    0.00
 6261   20.60   74.40  264.00    3.80    0.00    0.00
 6262   20.70   75.50  258.00    4.20    0.00    0.00
 6263   19.80   77.10  253.00    3.60    0.00    0.00
 6264   19.10   80.80  249.00    3.30    0.00    0.00
 6265   19.20   82.40  259.00    3.30    0.00    0.00
 6266   19.00   82.40  264.00    3.20    0.00    0.00
 6267   19.10   82.20  265.00    3.40    0.00    0.00
 6268   18.90   82.10  245.00    2.60    0.00    0.00
 6269   18.60   83.30  215.00    2.70    0.00    2.00
 6270   18.60   83.80  249.00    2.70    2.69   34.93
 6271   18.90   82.50  237.00    2.90    5.96   94.48
 6272   19.80   79.30  245.00    3.30   18.07  169.10
 6273   20.70   74.90  258.00    3.50   43.68  232.60
 6274   20.60   71.30  262.00    4.80   10.54  207.22
 6275   20.40   70.00  255.00    4.30   16.28  232.10
 6276   21.70   67.20  271.00    3.90  334.98  247.99
 6277   23.00   61.80  252.00    3.60  809.55  104.76
 6278   23.50   58.60  261.00    3.00  895.74   79.17
 6279   24.10   57.70  208.00    2.60  914.01   57.98
 6280   23.80   57.60  212.00    2.50  951.86   32.74
 6281   22.20   63.00  187.00    1.60    0.00   56.20
 6282   20.00   73.90  144.00    2.00    0.00    0.00
 6283   18.80   81.50  140.00    2.10    0.00    0.00
 6284   18.20   85.40  137.00    2.10    0.00    0.00
 6285   18.10   88.00  144.00    2.70    0.00    0.00
 6286   17.50   89.60  144.00    2.30    0.00    0.00
 6287   17.10   91.30  146.00    2.10    0.00    0.00
 6288   16.80   91.50  161.00    2.10    0.00    0.00
 6289   16.90   91.60  140.00    1.90    0.00    0.00
 6290   16.70   92.30  180.00    1.80    0.00    0.00
 6291   16.20   91.50  187.00    1.90    0.00    0.00
 6292   15.70   90.60  157.00    2.40    0.00    0.00
 6293   15.40   91.20  161.00    2.00    0.00    3.60
 6294   15.90   90.50  180.00    1.80    9.38   57.29
 6295   18.10   86.00  198.00    2.20  167.75  146.15
 6296   21.30   74.40  204.00    2.20  339.89  181.08
 6297   23.50   62.30  208.00    3.30  417.97  202.17
 6298   24.90   55.70  227.00    4.00  419.63  224.33
 6299   26.30   52.80  204.00    3.60  733.15  138.98
 6300   27.60   49.50  228.00    3.70  725.46  136.31
 6301   28.50   45.60  226.00    3.60  766.96  112.68
 6302   29.20   42.90  204.00    3.50  839.45   80.88
 6303   29.50   40.80  227.00    3.40  883.91   55.39
 6304   28.60   41.80  225.00    2.80  925.22   30.67
 6305   24.60   51.40  197.00    1.90    0.00   48.70
 6306   23.60   62.30  159.00    2.20    0.00    0.00
 6307   22.70   66.30  168.00    2.00    0.00    0.00
 6308   22.40   69.60  180.00    2.30    0.00    0.00
 6309   21.90   71.20  171.00    2.10    0.00    0.00
 6310   21.00   74.00  196.00    1.50    0.00    0.00
 6311   20.50   75.80  192.00    1.60    0.00    0.00
 6312   19.40   78.30  207.00    1.70    0.00    0.00
 6313   19.00   82.20  226.00    1.10    0.00    0.00
 6314   19.80   82.10  193.00    1.70    0.00    0.00
 6315   19.10   82.00  183.00    1.70    0.00    0.00
 6316   18.00   85.00  215.00    1.40    0.00    0.00
 6317   17.70   87.70  139.00    1.70    0.00    2.70
 6318   18.80   86.30  175.00    1.90    6.47   50.52
 6319   20.30   80.60  161.00    2.00   34.52  130.08
 6320   22.80   72.60  176.00    2.90   91.55  200.60
 6321   24.80   64.30  192.00    3.50  377.62  210.10
 6322   26.30   57.40  216.00    4.30  571.61  179.38
 6323   26.70   53.60  268.00    6.10  665.86  157.20
 6324   26.10   53.80  274.00    5.60  369.89  235.18
 6325   24.60   58.00  267.00    5.00   47.62  229.84
 6326   24.40   61.70  270.00    5.50  123.69  201.06
 6327   23.40   64.10  295.00    6.40  624.54   85.01
 6328   21.60   63.70  286.00    6.90  424.74   60.01
 6329   20.60   58.20  282.00    6.30    0.00   21.40
 6330   19.60   54.60  286.00    5.90    0.00    0.00
 6331   18.50   58.00  297.00    5.80    0.00    0.00
 6332   18.00   63.60  303.00    6.60    0.00    0.00
 6333   16.90   68.00  302.00    5.40    0.00    0.00
 6334   15.50   76.20  316.00    5.00    0.00    0.00
 6335   14.60   83.40  317.00    5.10    0.00    0.00
 6336   13.70   86.20  322.00    3.00    0.00    0.00
 6337   13.30   89.90  309.00    2.00    0.00    0.00
 6338   13.10   93.00  294.00    1.70    0.00    0.00
 6339   12.80   94.20  311.00    1.60    0.00    0.00
 6340   12.40   94.60  300.00    1.40    0.00    0.00
 6341   12.00   94.90  301.00    1.50    0.00    2.00
 6342   12.00   95.00  317.00    1.80    2.17   29.05
 6343   12.30   93.10  312.00    1.70    6.72   94.62
 6344   12.60   88.60  333.00    2.20   13.77  156.62
 6345   13.50   82.40    1.00    3.30   31.02  217.05
 6346   14.20   74.10  357.00    3.10  172.85  271.18
 6347   15.10   63.10    1.00    3.90  159.67  281.29
 6348   14.90   58.60  341.00    3.60   78.00  266.21
 6349   14.70   59.60  353.00    3.30   20.23  202.54
 6350   14.70   59.30  352.00    3.10   16.41  159.56
 6351   14.50   57.50  356.00    3.30   72.25  136.05
 6352   14.40   55.80    1.00    2.70  331.39   63.97
 6353   14.10   57.30  351.00    2.40    0.00   25.20
 6354   13.90   62.00  350.00    1.70    0.00    0.00
 6355   13.90   64.30  334.00    2.30    0.00    0.00
 6356   13.70   62.40  346.00    2.60    0.00    0.00
 6357   12.80   62.90    2.00    2.10    0.00    0.00
 6358   10.80   71.40  338.00    1.90    0.00    0.00
 6359    9.30   82.20  316.00    1.50    0.00    0.00
 6360    8.70   85.40  303.00    0.10    0.00    0.00
 6361    8.10   86.60  288.00    1.00    0.00    0.00
 6362    7.80   89.70  279.00    1.30    0.00    0.00
 6363    7.20   92.00  217.00    1.30    0.00    0.00
 6364    6.90   93.00  295.00    0.90    0.00    0.00
 6365    7.30   93.60  292.00    1.20    0.00    2.00
 6366    7.90   91.50  305.00    1.60   11.53   55.18
 6367   10.30   86.60  337.00    2.30  190.68  138.98
 6368   12.40   78.90  314.00    2.10  423.18  160.21
 6369   14.20   70.30  314.00    2.40  580.45  156.36
 6370   15.10   62.60  293.00    2.00  687.31  143.87
 6371   15.90   55.50  312.00    2.20  592.96  176.26
 6372   15.90   52.30  341.00    2.30  346.70  236.76
 6373   16.40   51.30  358.00    2.70  162.10  240.17
 6374   16.60   51.90  330.00    3.70  288.88  181.36
 6375   16.50   52.00  354.00    2.70  544.96   93.33
 6376   15.80   52.10   31.00    2.10  666.04   38.12
 6377   15.30   55.10   36.00    2.60    0.00   35.60
 6378   13.80   60.10   22.00    2.80    0.00    0.00
 6379   13.40   66.10   37.00    3.20    0.00    0.00
 6380   13.50   69.70   33.00    3.00    0.00    0.00
 6381   13.20   72.70   34.00    2.90    0.00    0.00
 6382   12.70   75.80   34.00    2.80    0.00    0.00
 6383   11.80   79.70   41.00    2.20    0.00    0.00
 6384   11.80   82.70   21.00    2.70    0.00    0.00
 6385   11.20   84.50   36.00    2.60    0.00    0.00
 6386   11.40   84.20   59.00    2.90    0.00    0.00
 6387   11.10   82.80   51.00    2.90    0.00    0.00
 6388   10.50   83.00   31.00    3.00    0.00    0.00
 6389   10.10   83.10   45.00    2.80    0.00    1.00
 6390   10.50   80.80   44.00    3.50   11.44   53.54
 6391   11.50   75.20   51.00    4.70  205.90  135.99
 6392   13.00   68.10   63.00    5.20  452.32  152.85
 6393   14.70   60.70   76.00    6.30  615.78  146.06
 6394   15.00   55.70   63.00    6.70  729.73  131.44
 6395   16.00   50.50   55.00    7.30  788.49  120.91
 6396   16.80   44.10   62.00    7.00  795.05  114.98
 6397   17.00   42.40   66.00    7.70  876.09   91.04
 6398   17.20   43.80   58.00    7.30  911.93   75.16
 6399   16.90   42.10   61.00    6.90  926.61   53.11
 6400   16.60   41.50   65.00    6.20 1033.42   29.12
 6401   15.50   45.60   55.00    5.30    0.00   36.60
 6402   14.50   51.90   55.00    4.20    0.00    0.00
 6403   14.10   57.00   56.00    4.80    0.00    0.00
 6404   13.60   59.70   60.00    4.80    0.00    0.00
 6405   13.40   61.30   56.00    5.10    0.00    0.00
 6406   13.20   61.90   66.00    5.80    0.00    0.00
 6407   12.60   62.70   57.00    5.70    0.00    0.00
 6408   12.10   63.80   65.00    6.20    0.00    0.00
 6409   11.50   65.00   65.00    5.70    0.00    0.00
 6410   10.90   67.90   67.00    5.40    0.00    0.00
 6411   10.40   70.60   65.00    5.50    0.00    0.00
 6412   10.00   72.10   60.00    4.70    0.00    0.00
 6413    9.60   73.20   64.00    5.30    0.00    1.00
 6414    9.90   72.00   62.00    5.50    9.17   49.63
 6415   10.70   68.10   68.00    5.70  173.60  135.78
 6416   12.10   62.30   75.00    5.70  367.89  167.18
 6417   13.40   54.30   74.00    7.10  451.11  185.90
 6418   13.80   48.90   66.00    7.40  407.06  218.88
 6419   14.40   45.90   67.00    7.00  379.48  233.38
 6420   16.10   40.00   68.00    7.60  558.80  176.51
 6421   15.10   38.50   87.00    7.20   99.41  234.09
 6422   14.90   42.10   63.00    6.40    7.13  128.37
 6423   15.20   43.20   80.00    6.90   14.92  103.96
 6424   15.10   43.90   81.00    5.50  130.99   63.14
 6425   14.70   46.00   86.00    4.00    0.00   13.70
 6426   14.50   47.90   79.00    4.30    0.00    0.00
 6427   14.50   49.30   73.00    5.20    0.00    0.00
 6428   14.20   51.60   81.00    5.30    0.00    0.00
 6429   13.90   54.70   83.00    5.50    0.00    0.00
 6430   13.70   56.50   78.00    5.50    0.00    0.00
 6431   13.10   59.60   71.00    4.90    0.00    0.00
 6432   13.20   60.80   80.00    5.10    0.00    0.00
 6433   13.40   58.40   84.00    4.50    0.00    0.00
 6434   13.10   57.60   82.00    4.80    0.00    0.00
 6435   12.60   58.90   82.00    4.90    0.00    0.00
 6436   12.20   61.00   88.00    4.30    0.00    0.00
 6437   11.80   61.80   81.00    5.20    0.00    0.00
 6438   11.60   62.50   83.00    5.30    0.67   14.40
 6439   11.20   63.90   71.00    6.10    3.11   62.00
 6440   10.60   66.90   91.00    6.30    2.96   86.57
 6441   10.60   70.40   73.00    6.70    4.44  129.84
 6442   11.50   68.80   81.00    6.30    3.92  136.27
 6443   13.20   63.30   90.00    6.20   38.57  248.21
 6444   14.70   56.20   98.00    7.50   54.82  248.49
 6445   14.90   51.80   89.00    5.80   27.73  203.15
 6446   15.80   49.40   91.00    6.20  190.22  185.29
 6447   15.90   47.90   91.00    5.90   69.24  124.68
 6448   15.80   48.80   93.00    4.00  459.92   46.40
 6449   15.70   49.70   87.00    4.90    0.00   18.70
 6450   15.60   50.20   91.00    4.90    0.00    0.00
 6451   15.30   50.50   90.00    5.00    0.00    0.00
 6452   14.90   50.90   93.00    5.50    0.00    0.00
 6453   14.40   51.80   93.00    5.00    0.00    0.00
 6454   14.20   52.90   83.00    4.10    0.00    0.00
 6455   13.90   53.60   93.00    4.80    0.00    0.00
 6456   13.00   55.60  101.00    4.20    0.00    0.00
 6457   13.30   56.80   93.00    4.30    0.00    0.00
 6458   12.10   57.90   94.00    4.00    0.00    0.00
 6459   11.80   61.00  100.00    3.70    0.00    0.00
 6460   11.90   62.40   92.00    3.40    0.00    0.00
 6461   11.90   62.20   83.00    3.70    0.00    0.00
 6462   11.30   62.90   81.00    3.90    4.40   35.48
 6463   11.50   64.00   90.00    3.90   30.51  116.98
 6464   12.80   62.10   90.00    4.90  191.21  187.84
 6465   13.80   59.70   99.00    4.80  505.20  169.61
 6466   15.40   58.20   84.00    5.10  633.49  154.03
 6467   16.70   56.30  113.00    4.80  714.29  136.75
 6468   17.90   54.50   86.00    4.20  753.55  121.57
 6469   18.80   52.80   70.00    5.10  838.59   92.09
 6470   19.20   51.50   87.00    4.90  871.73   70.89
 6471   19.40   51.30   87.00    4.50  900.89   48.31
 6472   18.20   52.60   72.00    4.00  971.84   23.76
 6473   16.50   56.00   77.00    3.20    0.00   21.30
 6474   15.20   61.80   91.00    2.10    0.00    0.00
 6475   13.90   68.20   71.00    2.80    0.00    0.00
 6476   13.50   72.70   70.00    2.70    0.00    0.00
 6477   13.20   74.70   77.00    2.80    0.00    0.00
 6478   13.60   72.70   91.00    3.20    0.00    0.00
 6479   13.60   66.80   90.00    3.20    0.00    0.00
 6480   12.80   63.40   92.00    3.60    0.00    0.00
 6481   11.90   64.90   95.00    2.40    0.00    0.00
 6482   11.30   68.00   76.00    2.60    0.00    0.00
 6483   10.70   71.20   73.00    2.50    0.00    0.00
 6484   10.40   73.40   70.00    2.10    0.00    0.00
 6485   10.20   75.70   66.00    1.70    0.00    0.00
 6486    9.90   77.80   78.00    2.60    8.08   43.81
 6487   10.70   75.90   79.00    2.90  143.11  130.38
 6488   12.60   68.60  107.00    3.40  359.07  163.30
 6489   15.20   59.30   91.00    3.50  535.46  160.74
 6490   17.10   51.50   99.00    3.50  655.41  146.84
 6491   18.30   46.30   69.00    4.10  722.49  133.47
 6492   19.00   43.20   80.00    3.80  764.96  117.80
 6493   19.10   41.50   66.00    3.40  852.46   89.28
 6494   19.10   40.90   93.00    3.40  887.39   69.39
 6495   18.70   41.00   57.00    3.80  912.95   47.83
 6496   17.30   43.00   80.00    4.10 1002.52   23.27
 6497   15.60   48.30   79.00    3.00    0.00   20.30
 6498   13.70   57.60   57.00    2.40    0.00    0.00
 6499   13.40   67.20   69.00    3.40    0.00    0.00
 6500   13.90   71.50   96.00    3.20    0.00    0.00
 6501   13.10   74.10   95.00    2.70    0.00    0.00
 6502   12.40   77.90   79.00    2.40    0.00    0.00
 6503   11.70   81.40   78.00    2.70    0.00    0.00
 6504   11.40   84.00   86.00    2.10    0.00    0.00
 6505   10.70   86.40   97.00    1.50    0.00    0.00
 6506   10.70   88.60   87.00    2.70    0.00    0.00
 6507   10.20   89.60   84.00    2.70    0.00    0.00
 6508    9.80   90.50   49.00    1.60    0.00    0.00
 6509    9.00   91.90   70.00    1.20    0.00    0.00
 6510    9.10   92.70   83.00    1.80    6.69   40.13
 6511   10.60   91.00   82.00    2.20  145.31  128.24
 6512   12.60   83.40   81.00    2.20  376.84  158.43
 6513   15.00   72.20  110.00    2.70  556.38  154.21
 6514   16.00   63.00  107.00    2.80  673.49  140.83
 6515   17.30   56.70   85.00    3.80  497.93  194.26
 6516   16.90   55.30   76.00    4.30  122.15  254.42
 6517   16.10   57.90   67.00    3.60  603.32  139.96
 6518   17.40   54.60   84.00    4.00  848.99   70.67
 6519   17.40   49.40  111.00    3.40  892.51   45.81
 6520   15.80   52.00  109.00    2.60 1058.35   23.25
 6521   15.10   58.70  114.00    2.60    0.00   21.10
 6522   13.40   67.10  107.00    1.90    0.00    0.00
 6523   13.00   73.40   85.00    2.70    0.00    0.00
 6524   12.60   76.00  101.00    2.50    0.00    0.00
 6525   12.10   79.30   95.00    2.40    0.00    0.00
 6526   10.70   83.80   58.00    1.90    0.00    0.00
 6527   10.10   88.20   24.00    1.70    0.00    0.00
 6528    9.80   90.30   61.00    1.60    0.00    0.00
 6529    9.70   89.90   88.00    2.40    0.00    0.00
 6530    9.30   89.50   96.00    2.90    0.00    0.00
 6531    8.80   89.90   87.00    2.50    0.00    0.00
 6532    8.30   90.00   90.00    3.20    0.00    0.00
 6533    7.70   90.90   93.00    3.70    0.00    0.00
 6534    7.40   92.10  110.00    2.60    6.90   39.13
 6535    8.30   90.30   98.00    2.60  124.00  126.12
 6536   10.30   82.70   98.00    2.80  349.14  161.24
 6537   12.30   70.70  120.00    3.70  554.29  153.28
 6538   13.50   60.60  113.00    4.70  598.32  159.64
 6539   13.20   54.00   86.00    4.60  442.28  207.44
 6540   13.50   50.90   87.00    4.40  209.59  246.68
 6541   12.70   53.60   88.00    4.80   47.32  207.62
 6542   12.60   55.70   79.00    4.50   38.92  161.00
 6543   12.40   55.40   79.00    3.90   37.94  106.61
 6544   12.20   59.00   76.00    3.40  370.95   41.79
 6545   11.00   66.20   67.00    2.90    0.00   14.00
 6546   11.00   72.90   71.00    3.00    0.00    0.00
 6547   11.30   76.10   93.00    3.40    0.00    0.00
 6548   10.20   80.30   76.00    2.60    0.00    0.00
 6549   10.10   84.30   81.00    2.40    0.00    0.00
 6550    9.20   86.50   76.00    1.90    0.00    0.00
 6551    8.50   90.10   71.00    1.90    0.00    0.00
 6552    8.20   94.30   70.00    1.70    0.00    0.00
 6553    7.60   94.50  323.00    1.10    0.00    0.00
 6554    7.40   95.30    3.00    1.00    0.00    0.00
 6555    8.60   94.70   75.00    2.50    0.00    0.00
 6556    8.60   94.10   70.00    2.70    0.00    0.00
 6557    7.80   94.90   76.00    2.10    0.00    0.00
 6558    8.20   94.80   75.00    2.20    2.34   22.62
 6559    9.60   93.30   77.00    2.30   43.38  114.52
 6560   10.30   87.70   88.00    3.40  166.73  180.85
 6561   10.40   82.20   65.00    2.60   50.09  211.51
 6562   10.90   80.20   46.00    2.50    4.92  145.43
 6563   11.40   77.10   72.00    3.00    5.13  153.33
 6564   11.80   73.30   69.00    2.80    3.28  117.84
 6565   11.90   71.10   86.00    2.70    6.14  140.89
 6566   12.20   67.10   28.00    2.00    7.99  120.91
 6567   11.80   65.00   17.00    2.30    3.41   55.16
 6568   11.70   68.00   27.00    2.20   79.82   44.92
 6569   11.40   70.80   44.00    2.00    0.00    7.30
 6570   11.40   73.00   53.00    2.10    0.00    0.00
 6571   10.40   77.30   40.00    1.40    0.00    0.00
 6572    8.60   84.80   47.00    1.00    0.00    0.00
 6573    7.40   91.90   16.00    1.20    0.00    0.00
 6574    6.80   94.90   22.00    1.10    0.00    0.00
 6575    6.30   95.90   12.00    0.90    0.00    0.00
 6576    6.00   96.70   48.00    0.60    0.00    0.00
 6577    5.30   96.90    4.00    0.70    0.00    0.00
 6578    5.30   97.00    1.00    0.70    0.00    0.00
 6579    5.20   96.90  319.00    0.70    0.00    0.00
 6580    5.00   96.30  336.00    0.90    0.00    0.00
 6581    5.00   96.20   64.00    0.70    0.00    0.00
 6582    5.00   96.40  353.00    0.90    5.67   33.64
 6583    7.60   94.50   41.00    0.80  147.11  121.84
 6584   11.00   84.00   58.00    0.90  413.64  146.71
 6585   13.10   67.70   53.00    2.20  611.11  137.04
 6586   14.40   57.00   49.00    2.00  722.48  124.97
 6587   14.30   52.70  359.00    1.80  566.74  170.56
 6588   14.80   49.60   90.00    1.30  283.09  230.11
 6589   15.70   47.50   67.00    1.60  255.96  206.71
 6590   14.50   48.40  345.00    1.90  202.85  168.13
 6591   15.20   51.10    7.00    1.80  378.41   95.09
 6592   14.40   54.10   45.00    1.90  849.97   16.94
 6593   12.30   61.20   28.00    1.50    0.00   10.40
 6594   10.60   72.30  315.00    0.50    0.00    0.00
 6595    9.30   81.10  116.00    0.70    0.00    0.00
 6596    9.00   85.40   38.00    0.60    0.00    0.00
 6597    8.40   87.80  176.00    0.80    0.00    0.00
 6598    7.90   89.50   35.00    0.60    0.00    0.00
 6599    7.50   90.80  231.00    0.60    0.00    0.00
 6600    7.60   91.20  151.00    1.10    0.00    0.00
 6601    6.90   91.60  244.00    0.60    0.00    0.00
 6602    6.40   92.50  136.00    0.80    0.00    0.00
 6603    6.10   93.00  154.00    0.90    0.00    0.00
 6604    5.30   93.70  291.00    0.60    0.00    0.00
 6605    4.90   94.60  229.00    1.00    0.00    0.00
 6606    5.10   94.90  147.00    0.80    5.68   32.36
 6607    7.10   92.40  247.00    1.00  158.65  119.47
 6608   10.40   86.80  134.00    0.80  452.05  138.23
 6609   13.40   74.00   99.00    1.00  656.97  125.14
 6610   14.30   62.80   47.00    2.30  495.14  182.21
 6611   14.30   58.90  101.00    2.50  246.70  244.72
 6612   15.00   56.60  149.00    2.80  331.26  218.27
 6613   15.00   55.20  135.00    2.30  711.19  109.80
 6614   15.80   52.30  114.00    3.00  817.23   70.11
 6615   15.70   50.30  151.00    2.50  895.44   41.52
 6616   14.50   54.30  156.00    2.20 1091.51   18.60
 6617   12.50   63.90  132.00    2.30    0.00   12.70
 6618   10.80   74.10  119.00    2.40    0.00    0.00
 6619   10.40   78.80  119.00    2.70    0.00    0.00
 6620    9.90   81.00  123.00    2.90    0.00    0.00
 6621    9.80   84.60  121.00    2.10    0.00    0.00
 6622   10.40   84.80  137.00    2.80    0.00    0.00
 6623   10.30   82.50  132.00    3.60    0.00    0.00
 6624   10.30   80.40  134.00    4.00    0.00    0.00
 6625    9.90   80.10  146.00    3.60    0.00    0.00
 6626    9.40   80.40  143.00    3.90    0.00    0.00
 6627    9.30   79.10  143.00    4.20    0.00    0.00
 6628    9.30   76.40  142.00    5.20    0.00    0.00
 6629    9.40   73.60  144.00    5.60    0.00    0.00
 6630    9.30   70.70  147.00    5.60    0.50    9.35
 6631    9.60   67.30  151.00    6.20    1.39   36.35
 6632    9.70   66.70  145.00    5.90    1.61   58.10
 6633    8.20   75.60  156.00    5.10    0.79   51.13
 6634    8.80   83.90  157.00    5.50    1.06   66.14
 6635    9.90   81.60  161.00    4.70    0.94   64.39
 6636   10.00   85.60  171.00    4.50    1.05   65.05
 6637   10.80   92.00  179.00    3.60    1.45   66.74
 6638   11.10   93.30  160.00    3.70    1.65   55.71
 6639   12.10   95.10  180.00    4.10    4.04   55.48
 6640   12.50   95.70  193.00    4.10  253.40   35.52
 6641   12.90   93.90  225.00    4.40    0.00    4.70
 6642   12.20   90.40  228.00    4.20    0.00    0.00
 6643   11.90   87.20  248.00    4.70    0.00    0.00
 6644   11.50   80.20  245.00    5.50    0.00    0.00
 6645   11.10   73.90  250.00    5.40    0.00    0.00
 6646    9.90   77.70  219.00    4.90    0.00    0.00
 6647   10.50   81.40  217.00    5.90    0.00    0.00
 6648   10.60   78.80  232.00    5.80    0.00    0.00
 6649   10.60   77.00  224.00    6.70    0.00    0.00
 6650   10.60   76.60  234.00    6.50    0.00    0.00
 6651   10.50   77.70  233.00    6.20    0.00    0.00
 6652   10.30   79.50  235.00    5.60    0.00    0.00
 6653   10.30   80.30  226.00    5.90    0.00    0.00
 6654   10.60   79.70  235.00    5.60    3.11   22.08
 6655   11.20   78.20  234.00    5.90   31.36  102.23
 6656   12.20   75.00  255.00    7.40  100.11  171.57
 6657   13.00   70.50  251.00    8.00   22.49  182.56
 6658   13.50   67.30  243.00    7.50    5.27  144.65
 6659   13.40   66.50  243.00    8.00    7.18  169.04
 6660   13.80   66.10  255.00    6.90   10.17  175.68
 6661   13.00   69.80  227.00    6.40   23.24  177.56
 6662   13.80   70.70  239.00    4.70  210.30  159.46
 6663   13.90   66.70  246.00    5.80  217.99  100.67
 6664   13.40   66.70  239.00    5.70  788.65   15.14
 6665   13.20   68.90  256.00    5.20    0.00    6.00
 6666   13.00   69.90  251.00    5.90    0.00    0.00
 6667   12.60   71.90  246.00    5.60    0.00    0.00
 6668   12.20   76.60  253.00    5.70    0.00    0.00
 6669   12.00   80.70  253.00    6.60    0.00    0.00
 6670   11.90   83.20  250.00    6.20    0.00    0.00
 6671   11.30   87.60  250.00    6.10    0.00    0.00
 6672   11.20   91.30  246.00    5.60    0.00    0.00
 6673   11.50   90.50  253.00    5.70    0.00    0.00
 6674   11.90   87.30  259.00    6.60    0.00    0.00
 6675   12.00   83.30  265.00    6.70    0.00    0.00
 6676   11.80   81.90  266.00    7.40    0.00    0.00
 6677   11.70   83.40  273.00    7.20    0.00    0.00
 6678   11.40   84.60  264.00    7.70    3.62   22.74
 6679   11.70   83.90  279.00    8.10    7.81   78.20
 6680   11.30   84.90  286.00    7.30    5.10   99.94
 6681   12.10   81.40  277.00    7.10    3.96  110.68
 6682   13.10   73.10  289.00    7.50    3.73  120.87
 6683   13.80   68.30  289.00    7.60    6.26  159.87
 6684   14.80   64.60  312.00    7.40   33.83  211.63
 6685   15.80   61.00  298.00    7.60  226.53  200.41
 6686   16.20   58.50  297.00    5.90  421.47  129.89
 6687   16.20   57.50  315.00    5.80  566.65   66.56
 6688   14.80   60.70  314.00    4.90 1158.80   15.51
 6689   13.30   67.70  304.00    3.80    0.00    6.00
 6690   11.90   75.10  302.00    3.30    0.00    0.00
 6691   11.70   80.20  290.00    3.40    0.00    0.00
 6692   11.30   85.60  284.00    3.30    0.00    0.00
 6693   11.10   89.10  300.00    3.30    0.00    0.00
 6694   10.90   89.90  298.00    3.10    0.00    0.00
 6695   10.60   92.90  295.00    3.10    0.00    0.00
 6696   10.10   95.20  280.00    2.90    0.00    0.00
 6697   10.40   96.70  291.00    3.40    0.00    0.00
 6698   11.10   97.40  308.00    3.20    0.00    0.00
 6699   11.20   97.50  309.00    2.70    0.00    0.00
 6700   11.20   97.40  299.00    2.80    0.00    0.00
 6701   11.20   97.30  301.00    2.20    0.00    0.00
 6702   11.30   98.00  316.00    1.80    0.32    6.47
 6703   11.70   98.20  278.00    1.80    0.96   28.57
 6704   12.20   97.40  275.00    1.80    5.91  105.97
 6705   13.10   94.70  282.00    2.00    3.92  108.92
 6706   13.80   91.20  273.00    1.90    4.41  129.85
 6707   14.20   89.70  266.00    2.40    8.01  170.68
 6708   14.40   88.80  270.00    2.60    2.86  103.16
 6709   14.90   86.00  297.00    2.40    3.65  101.31
 6710   14.90   84.70  278.00    2.40    4.09   82.72
 6711   15.30   84.30  295.00    1.50    6.08   62.23
 6712   15.00   85.20  187.00    1.70   37.45   27.29
 6713   14.60   89.80  159.00    1.70    0.00    0.30
 6714   14.40   93.90  192.00    1.80    0.00    0.00
 6715   14.50   95.20  224.00    2.00    0.00    0.00
 6716   14.40   95.70  198.00    1.80    0.00    0.00
 6717   14.60   96.20  211.00    1.70    0.00    0.00
 6718   14.50   97.00  199.00    1.80    0.00    0.00
 6719   14.50   97.60  220.00    2.20    0.00    0.00
 6720   14.60   97.40  217.00    2.00    0.00    0.00
 6721   14.60   97.20  220.00    2.20    0.00    0.00
 6722   14.60   97.30  234.00    2.10    0.00    0.00
 6723   14.50   97.40  219.00    2.30    0.00    0.00
 6724   14.60   97.50  223.00    2.20    0.00    0.00
 6725   14.60   97.50  223.00    2.40    0.00    0.00
 6726   14.60   97.80  240.00    2.20    0.23    5.28
 6727   14.90   98.20  254.00    2.10    0.90   27.09
 6728   15.20   98.40  275.00    3.00    2.79   72.31
 6729   15.00   96.80  290.00    3.40    4.49  115.09
 6730   15.40   93.10  274.00    2.90    5.05  137.35
 6731   15.80   89.10  293.00    3.10    9.43  175.59
 6732   15.80   86.30  284.00    3.20    4.09  121.67
 6733   15.70   85.20  255.00    2.60    2.58   84.29
 6734   15.50   85.60  268.00    2.20    3.59   76.21
 6735   14.60   89.80  268.00    2.70    7.62   65.05
 6736   14.70   94.10  270.00    1.60  103.92   29.93
 6737   14.20   95.60  324.00    3.00    0.00    1.00
 6738   14.20   96.20  234.00    1.70    0.00    0.00
 6739   14.10   96.00  270.00    2.50    0.00    0.00
 6740   13.90   95.60  289.00    2.60    0.00    0.00
 6741   13.30   96.10  297.00    2.00    0.00    0.00
 6742   13.80   96.80  288.00    2.10    0.00    0.00
 6743   13.90   97.00  282.00    1.70    0.00    0.00
 6744   13.90   97.30  277.00    2.20    0.00    0.00
 6745   14.00   97.20  280.00    2.80    0.00    0.00
 6746   14.10   96.90  296.00    2.90    0.00    0.00
 6747   14.00   96.20  325.00    3.00    0.00    0.00
 6748   13.20   93.80  328.00    3.70    0.00    0.00
 6749   12.60   93.80  308.00    2.40    0.00    0.00
 6750   12.20   95.00  305.00    2.90    5.03   22.97
 6751   12.70   94.20  281.00    3.20   41.67   97.98
 6752   13.20   90.50  285.00    3.40   79.35  160.37
 6753   13.70   84.40  288.00    4.30   71.32  200.90
 6754   14.40   76.60  296.00    4.10   30.76  205.84
 6755   14.50   67.80  284.00    4.50   36.66  217.42
 6756   15.40   61.70  290.00    4.60    3.97  118.46
 6757   15.00   59.00  295.00    4.90    4.19  105.52
 6758   14.20   63.80  278.00    4.50    6.66  100.03
 6759   14.10   71.70  264.00    3.70   12.90   70.86
 6760   13.90   74.80  273.00    4.00    0.00   40.40
 6761   13.80   75.80  264.00    3.30    0.00    0.00
 6762   13.80   76.60  269.00    3.60    0.00    0.00
 6763   13.90   77.90  270.00    4.00    0.00    0.00
 6764   14.00   78.80  273.00    4.10    0.00    0.00
 6765   13.90   79.80  273.00    4.60    0.00    0.00
 6766   13.90   80.80  273.00    5.00    0.00    0.00
 6767   13.70   81.40  264.00    5.30    0.00    0.00
 6768   13.80   80.30  271.00    5.50    0.00    0.00
 6769   13.20   82.40  270.00    5.60    0.00    0.00
 6770   13.30   86.00  266.00    5.30    0.00    0.00
 6771   12.90   88.30  258.00    5.10    0.00    0.00
 6772   13.00   91.00  280.00    5.20    0.00    0.00
 6773   13.10   91.30  279.00    5.00    0.00    0.00
 6774   12.80   90.70  289.00    5.10    3.71   18.70
 6775   12.80   89.60  292.00    5.20   50.27   98.06
 6776   13.40   85.80  292.00    6.50   29.10  141.54
 6777   13.80   81.80  292.00    5.80    4.12  107.80
 6778   13.50   81.40  292.00    6.70    1.76   79.93
 6779   14.10   81.10  290.00    6.40    2.75  102.90
 6780   14.20   80.00  288.00    6.80    2.77   98.06
 6781   14.50   81.00  288.00    5.70    2.19   75.58
 6782   14.80   81.10  279.00    5.50    2.20   57.80
 6783   14.70   80.90  283.00    4.80    5.32   53.38
 6784   14.80   81.30  280.00    4.70    0.00   26.00
 6785   14.60   82.10  288.00    5.30    0.00    0.00
 6786   14.40   84.30  279.00    4.80    0.00    0.00
 6787   14.40   85.50  275.00    5.00    0.00    0.00
 6788   14.40   85.60  273.00    4.60    0.00    0.00
 6789   14.50   85.00  273.00    4.50    0.00    0.00
 6790   14.80   84.00  271.00    4.90    0.00    0.00
 6791   14.90   82.60  280.00    5.50    0.00    0.00
 6792   14.70   81.70  279.00    5.50    0.00    0.00
 6793   14.80   80.70  290.00    5.50    0.00    0.00
 6794   14.70   79.50  283.00    5.80    0.00    0.00
 6795   14.50   79.50  292.00    6.30    0.00    0.00
 6796   14.50   80.20  292.00    5.90    0.00    0.00
 6797   14.40   81.20  290.00    6.50    0.00    0.00
 6798   14.20   81.80  288.00    6.20    1.84   12.46
 6799   14.20   82.10  288.00    6.40    8.79   72.68
 6800   14.10   82.90  290.00    5.50    4.41   86.80
 6801   14.60   82.10  286.00    5.70    4.64  112.99
 6802   15.20   78.50  293.00    5.60    5.70  141.12
 6803   15.80   74.70  291.00    6.90   10.70  174.71
 6804   16.30   71.70  287.00    6.10   51.32  210.26
 6805   16.50   69.30  295.00    6.30  229.76  187.15
 6806   16.60   67.20  302.00    6.20  383.50  124.25
 6807   16.00   67.00  300.00    6.10  314.50   78.66
 6808   15.60   68.50  289.00    4.00    0.00   46.30
 6809   15.30   70.90  278.00    3.40    0.00    0.00
 6810   15.30   72.00  282.00    4.00    0.00    0.00
 6811   15.10   69.80  300.00    3.70    0.00    0.00
 6812   14.30   71.20  267.00    3.30    0.00    0.00
 6813   13.40   74.60  275.00    3.40    0.00    0.00
 6814   13.80   75.40  280.00    3.40    0.00    0.00
 6815   14.00   74.90  297.00    3.90    0.00    0.00
 6816   13.80   75.10  272.00    3.50    0.00    0.00
 6817   13.60   75.90  291.00    4.70    0.00    0.00
 6818   13.20   75.80  286.00    6.10    0.00    0.00
 6819   13.10   76.60  297.00    4.90    0.00    0.00
 6820   12.80   78.00  305.00    5.40    0.00    0.00
 6821   12.70   78.30  302.00    5.50    0.00    0.00
 6822   12.60   77.30  289.00    4.70    0.52    6.26
 6823   12.80   76.30  281.00    4.60    2.46   40.87
 6824   13.10   76.30  289.00    5.80    4.79   89.09
 6825   13.40   77.00  286.00    5.10    3.21   93.13
 6826   13.00   80.90  274.00    5.30    3.25  105.83
 6827   12.60   89.90  281.00    3.90    1.40   72.10
 6828   13.10   95.70  279.00    4.30    1.64   73.92
 6829   13.30   95.80  268.00    4.20    3.27   89.67
 6830   13.40   94.90  270.00    4.00    4.09   75.44
 6831   13.50   94.50  281.00    3.50    5.97   52.93
 6832   13.60   95.60  271.00    3.20    0.00   21.10
 6833   13.70   96.10  280.00    3.20    0.00    0.00
 6834   13.70   95.30  298.00    3.30    0.00    0.00
 6835   13.70   94.70  304.00    2.40    0.00    0.00
 6836   13.40   95.40  310.00    2.30    0.00    0.00
 6837   13.50   95.50  316.00    2.20    0.00    0.00
 6838   13.40   95.00  319.00    2.30    0.00    0.00
 6839   13.40   94.40  299.00    2.00    0.00    0.00
 6840   13.10   94.50  292.00    1.80    0.00    0.00
 6841   12.80   95.80  285.00    1.50    0.00    0.00
 6842   12.60   97.00  286.00    1.90    0.00    0.00
 6843   11.40   97.90  319.00    2.30    0.00    0.00
 6844   11.50   98.60  324.00    2.30    0.00    0.00
 6845   11.60   98.70  319.00    2.50    0.00    0.00
 6846   11.70   98.50  350.00    2.50    1.51    9.90
 6847   11.50   98.70    0.00    1.90   12.41   74.71
 6848   11.30   95.30  326.00    2.10  136.97  154.73
 6849   12.50   87.20  354.00    1.70  369.68  170.11
 6850   13.30   75.80  332.00    2.10  485.29  167.33
 6851   14.10   67.10  315.00    3.20  546.89  158.01
 6852   14.50   61.20  315.00    2.50  587.73  140.39
 6853   14.90   56.70  322.00    2.90  681.21  102.57
 6854   14.80   53.20  334.00    3.20  761.31   65.97
 6855   14.80   48.80  314.00    2.40  795.44   35.48
 6856   13.60   52.40  305.00    2.50    0.00   46.20
 6857   11.30   67.10  299.00    2.40    0.00    0.00
 6858   10.40   80.60  287.00    2.30    0.00    0.00
 6859    9.60   85.20  331.00    1.80    0.00    0.00
 6860    9.10   88.00  327.00    2.20    0.00    0.00
 6861    8.60   91.70  275.00    1.00    0.00    0.00
 6862    8.10   94.90  266.00    1.50    0.00    0.00
 6863    7.70   96.30  251.00    1.40    0.00    0.00
 6864    7.40   94.40  232.00    1.50    0.00    0.00
 6865    6.80   93.70  236.00    1.90    0.00    0.00
 6866    7.50   94.20  257.00    2.30    0.00    0.00
 6867    7.60   93.00  257.00    2.40    0.00    0.00
 6868    8.60   92.40  297.00    2.00    0.00    0.00
 6869    9.10   92.60  271.00    2.40    0.00    0.00
 6870    9.80   92.60  278.00    2.20    0.36    4.68
 6871    9.70   94.00  286.00    3.40    4.15   50.55
 6872   10.20   95.50  283.00    3.60   10.12  111.71
 6873   10.80   95.60  282.00    3.60    4.56  108.00
 6874   11.40   95.30  288.00    4.00    1.87   78.82
 6875   11.80   95.30  287.00    3.50    1.81   80.02
 6876   12.50   94.40  296.00    3.90    2.14   82.22
 6877   12.90   93.70  279.00    3.20    4.63  103.27
 6878   12.80   95.10  286.00    2.90    4.10   72.69
 6879   12.90   96.10  292.00    3.00   25.06   67.21
 6880   12.90   96.50  323.00    3.00    0.00   25.00
 6881   12.80   96.90  353.00    2.20    0.00    0.00
 6882   12.30   96.10   27.00    2.60    0.00    0.00
 6883   12.20   95.20  353.00    1.80    0.00    0.00
 6884   12.00   95.80    6.00    1.80    0.00    0.00
 6885   11.00   97.00  348.00    1.30    0.00    0.00
 6886   10.90   97.70  347.00    0.80    0.00    0.00
 6887    9.50   97.90  343.00    0.80    0.00    0.00
 6888    9.30   98.00  292.00    0.80    0.00    0.00
 6889    9.70   97.70  301.00    0.50    0.00    0.00
 6890   10.50   97.60  297.00    1.10    0.00    0.00
 6891   10.80   97.80  217.00    2.00    0.00    0.00
 6892   11.10   97.60  301.00    2.10    0.00    0.00
 6893   11.20   97.80  228.00    1.40    0.00    0.00
 6894   11.30   97.90  249.00    1.40    0.52    5.37
 6895   11.70   97.60  283.00    2.00    3.53   45.60
 6896   12.10   96.10  286.00    2.60    9.07  107.39
 6897   12.50   93.80  280.00    2.70    5.53  117.23
 6898   12.80   91.40  315.00    2.40    7.33  147.99
 6899   13.40   86.90  331.00    3.30   46.81  209.78
 6900   14.10   80.90  328.00    3.20   98.00  211.41
 6901   14.80   73.40  315.00    3.20  157.47  182.25
 6902   14.90   69.60  296.00    2.90  222.71  132.01
 6903   13.90   72.90  294.00    4.00  289.91   70.28
 6904   12.70   79.80  304.00    3.10    0.00   32.80
 6905   11.50   87.60  283.00    2.00    0.00    0.00
 6906   12.10   88.90  256.00    2.00    0.00    0.00
 6907   12.70   84.80  290.00    2.30    0.00    0.00
 6908   12.70   84.10  280.00    2.50    0.00    0.00
 6909   12.90   85.00  249.00    2.90    0.00    0.00
 6910   12.60   86.30  279.00    3.60    0.00    0.00
 6911   12.10   89.90  267.00    3.80    0.00    0.00
 6912   12.00   94.30  245.00    3.20    0.00    0.00
 6913   12.00   96.40  252.00    2.70    0.00    0.00
 6914   11.90   96.00  258.00    2.90    0.00    0.00
 6915   12.00   95.40  261.00    2.80    0.00    0.00
 6916   11.40   94.50  254.00    2.80    0.00    0.00
 6917   11.20   94.30  248.00    3.10    0.00    0.00
 6918   11.30   94.10  259.00    3.20    0.00    7.00
 6919   11.00   94.50  254.00    3.20    2.95   40.73
 6920   11.10   95.30  263.00    3.70    4.43   80.60
 6921   11.60   94.50  271.00    4.10    3.50   92.48
 6922   11.70   92.90  274.00    4.00    2.33   85.83
 6923   12.20   90.80  249.00    3.60    4.47  122.17
 6924   12.90   88.20  262.00    3.30    6.00  133.11
 6925   13.00   85.10  271.00    3.50    5.14  105.53
 6926   13.30   81.30  289.00    4.30    4.36   71.96
 6927   13.30   79.50  271.00    3.50   39.98   66.67
 6928   12.60   81.90  258.00    2.80    0.00   26.60
 6929   12.40   85.50  268.00    2.80    0.00    0.00
 6930   12.00   88.70  254.00    2.60    0.00    0.00
 6931   11.40   92.10  240.00    2.60    0.00    0.00
 6932   12.10   93.70  239.00    2.80    0.00    0.00
 6933   12.50   94.00  251.00    3.10    0.00    0.00
 6934   12.70   93.90  290.00    3.20    0.00    0.00
 6935   12.80   93.40  267.00    2.90    0.00    0.00
 6936   12.40   93.00  279.00    3.80    0.00    0.00
 6937   11.90   90.80  277.00    3.50    0.00    0.00
 6938   11.80   89.60  276.00    3.60    0.00    0.00
 6939   11.60   90.70  283.00    3.20    0.00    0.00
 6940   11.50   90.50  279.00    3.20    0.00    0.00
 6941   11.30   89.90  289.00    3.10    0.00    0.00
 6942   11.10   89.50  287.00    3.60    0.00    8.00
 6943   11.20   88.20  288.00    4.80   13.51   68.94
 6944   11.80   84.90  296.00    5.10   79.09  142.37
 6945   12.10   80.20  295.00    4.70   27.13  163.03
 6946   12.70   74.10  284.00    4.80    3.30  100.70
 6947   12.70   69.70  274.00    5.70   21.72  184.90
 6948   12.90   63.60  292.00    6.30  183.70  206.15
 6949   12.50   58.90  298.00    5.90   64.39  170.56
 6950   12.40   60.60  289.00    6.10   10.42   96.10
 6951   12.20   62.30  301.00    4.90  179.28   69.82
 6952   11.60   62.60  310.00    5.00    0.00   28.30
 6953   11.50   62.60  299.00    4.80    0.00    0.00
 6954   11.10   64.20  290.00    3.10    0.00    0.00
 6955   10.90   68.30  265.00    3.30    0.00    0.00
 6956   10.90   70.20  297.00    4.90    0.00    0.00
 6957   10.50   70.60  296.00    4.70    0.00    0.00
 6958   10.10   72.00  311.00    6.20    0.00    0.00
 6959    9.10   74.70  300.00    4.80    0.00    0.00
 6960    8.30   78.10  304.00    5.10    0.00    0.00
 6961    7.80   80.90  316.00    4.50    0.00    0.00
 6962    7.30   83.70  318.00    4.00    0.00    0.00
 6963    6.50   86.30  315.00    4.20    0.00    0.00
 6964    6.10   87.90  312.00    4.30    0.00    0.00
 6965    5.50   88.40  321.00    4.10    0.00    0.00
 6966    4.60   89.40  321.00    3.50    0.00   10.00
 6967    5.60   88.20  330.00    3.50   45.24   80.35
 6968    7.20   79.20  332.00    4.20  281.09  133.96
 6969    8.60   70.30  338.00    4.90  486.03  139.20
 6970    9.30   63.60  350.00    4.20  608.19  131.59
 6971   10.20   56.90  321.00    3.80  687.62  117.96
 6972   10.80   51.50  330.00    3.80  725.32  103.54
 6973   10.90   48.30  353.00    3.40  773.86   80.07
 6974   10.90   48.00  354.00    3.00  802.20   55.41
 6975   10.60   48.40    3.00    2.00  895.05   25.80
 6976    9.30   52.70  336.00    1.80    0.00   37.60
 6977    7.10   64.00    4.00    1.50    0.00    0.00
 6978    5.90   75.60  349.00    0.90    0.00    0.00
 6979    5.20   81.70  271.00    0.60    0.00    0.00
 6980    4.60   86.50  341.00    0.60    0.00    0.00
 6981    4.20   89.20  138.00    1.00    0.00    0.00
 6982    3.80   90.70  228.00    0.80    0.00    0.00
 6983    3.50   92.00  198.00    0.90    0.00    0.00
 6984    3.30   92.40  217.00    0.80    0.00    0.00
 6985    3.00   93.20  207.00    0.70    0.00    0.00
 6986    2.30   93.70  104.00    1.00    0.00    0.00
 6987    2.50   94.30  117.00    1.00    0.00    0.00
 6988    2.30   94.80  106.00    1.00    0.00    0.00
 6989    2.20   94.50  113.00    1.40    0.00    0.00
 6990    2.20   93.90  118.00    1.90    0.00    5.70
 6991    3.20   93.10  111.00    2.10   10.13   61.88
 6992    5.30   90.10  123.00    2.40  198.34  138.81
 6993    8.10   80.40  142.00    2.70  404.61  152.14
 6994    9.60   69.00  117.00    4.40  560.86  140.44
 6995   10.60   60.20  129.00    4.00  660.11  122.73
 6996   11.00   55.10  149.00    4.30  752.84   96.99
 6997   11.70   51.80  147.00    4.10  829.31   71.10
 6998   11.40   50.40  130.00    4.80  859.97   49.22
 6999   11.00   52.40  132.00    4.30  946.56   25.92
 7000    9.70   57.80  120.00    3.00    0.00   36.00
 7001    8.00   67.20  120.00    3.20    0.00    0.00
 7002    8.30   71.40  121.00    4.00    0.00    0.00
 7003    7.50   73.60  121.00    3.50    0.00    0.00
 7004    7.20   78.50  121.00    3.20    0.00    0.00
 7005    6.90   81.30  116.00    3.00    0.00    0.00
 7006    6.20   84.80  111.00    2.70    0.00    0.00
 7007    6.10   87.80  118.00    2.90    0.00    0.00
 7008    5.70   88.90  111.00    3.00    0.00    0.00
 7009    5.60   88.80  119.00    2.90    0.00    0.00
 7010    5.10   89.30  117.00    2.90    0.00    0.00
 7011    5.00   90.00  127.00    3.50    0.00    0.00
 7012    4.90   89.50  119.00    3.50    0.00    0.00
 7013    4.60   89.10  115.00    3.60    0.00    0.00
 7014    4.50   89.10  129.00    3.30    0.00    7.70
 7015    5.10   87.70  120.00    3.60   28.40   71.73
 7016    7.20   81.50  129.00    4.90  228.43  134.44
 7017    9.10   73.30  135.00    5.00  393.32  152.12
 7018   10.70   66.00  124.00    4.60  489.46  154.03
 7019   12.30   60.60  127.00    4.90  577.01  139.76
 7020   13.20   58.90  125.00    4.50  694.41  107.27
 7021   13.40   58.60  136.00    4.80  563.03  113.79
 7022   14.00   57.60  122.00    5.30  347.51  108.10
 7023   14.00   56.80  128.00    5.20  364.74   54.19
 7024   13.60   58.30  127.00    4.50    0.00   22.30
 7025   13.10   60.90  126.00    4.90    0.00    0.00
 7026   12.90   63.50  128.00    3.80    0.00    0.00
 7027   13.20   64.50  133.00    4.30    0.00    0.00
 7028   13.20   64.60  135.00    4.60    0.00    0.00
 7029   13.00   65.70  146.00    3.90    0.00    0.00
 7030   12.70   68.60  162.00    3.30    0.00    0.00
 7031   11.70   76.50  142.00    3.30    0.00    0.00
 7032   11.00   85.20  154.00    3.30    0.00    0.00
 7033   10.60   88.20  145.00    3.60    0.00    0.00
 7034   10.30   86.80  135.00    4.10    0.00    0.00
 7035   10.00   86.30  127.00    3.50    0.00    0.00
 7036   10.00   84.70  136.00    3.70    0.00    0.00
 7037   10.00   80.90  133.00    4.10    0.00    0.00
 7038    9.80   79.50  143.00    3.70    0.00    3.70
 7039   10.20   78.20  145.00    3.70    7.90   55.26
 7040   11.40   73.70  146.00    4.20  194.67  134.48
 7041   12.70   70.50  160.00    3.80   94.66  176.67
 7042   13.50   70.30  165.00    3.90  118.64  203.49
 7043   15.60   68.50  196.00    4.30  412.52  173.16
 7044   17.20   64.60  210.00    4.50  255.79  188.60
 7045   16.80   63.40  210.00    4.40   25.41  143.38
 7046   16.70   64.80  191.00    3.90    6.55   78.33
 7047   16.40   66.80  179.00    3.00   39.95   54.71
 7048   16.60   66.30  220.00    4.30    0.00   12.90
 7049   16.00   64.60  209.00    3.40    0.00    0.00
 7050   15.50   66.90  191.00    2.40    0.00    0.00
 7051   14.80   70.60  199.00    2.40    0.00    0.00
 7052   14.20   74.40  171.00    2.10    0.00    0.00
 7053   14.40   75.30  177.00    2.10    0.00    0.00
 7054   13.10   76.40  167.00    2.20    0.00    0.00
 7055   11.90   80.90  178.00    2.30    0.00    0.00
 7056   11.00   83.50  172.00    2.30    0.00    0.00
 7057   10.30   86.10  164.00    2.40    0.00    0.00
 7058    9.90   89.20  149.00    2.30    0.00    0.00
 7059   10.00   90.60  158.00    2.40    0.00    0.00
 7060    9.70   92.00  143.00    2.20    0.00    0.00
 7061    9.60   93.40  158.00    2.30    0.00    0.00
 7062   10.30   94.20  173.00    1.70    0.00    2.20
 7063   11.20   93.20  155.00    2.10    4.18   41.11
 7064   12.60   88.80  159.00    2.50  108.17  133.40
 7065   13.20   84.20  175.00    2.70   72.02  171.04
 7066   13.50   85.90  182.00    2.80    4.37  108.83
 7067   14.30   87.90  199.00    2.70    5.23  122.79
 7068   15.00   86.10  171.00    2.30   16.53  156.74
 7069   15.60   84.00  177.00    2.30   10.04  120.19
 7070   15.70   81.40  185.00    2.50   22.07   98.69
 7071   15.40   80.80  179.00    2.30  123.37   57.35
 7072   14.50   83.80  160.00    1.70    0.00    9.00
 7073   13.00   89.40  166.00    1.70    0.00    0.00
 7074   12.30   93.00  166.00    1.60    0.00    0.00
 7075   12.60   94.00  169.00    2.30    0.00    0.00
 7076   12.70   94.20  165.00    2.10    0.00    0.00
 7077   12.70   94.40  159.00    2.10    0.00    0.00
 7078   12.70   95.50  154.00    1.80    0.00    0.00
 7079   12.40   96.60  137.00    1.60    0.00    0.00
 7080   12.20   96.30  131.00    2.20    0.00    0.00
 7081   11.40   95.90  129.00    2.60    0.00    0.00
 7082   10.90   95.80  129.00    3.30    0.00    0.00
 7083   10.90   95.40  116.00    3.00    0.00    0.00
 7084   11.10   95.10  114.00    3.60    0.00    0.00
 7085   11.30   95.40  139.00    3.60    0.00    0.00
 7086   11.70   95.50  135.00    3.60    0.00    0.90
 7087   12.40   95.10  126.00    4.20    4.64   42.06
 7088   13.70   93.00  152.00    4.70   36.33  118.74
 7089   14.30   89.20  138.00    4.40   10.17  127.35
 7090   15.30   85.00  145.00    5.00    4.80  112.67
 7091   15.40   84.80  154.00    3.60    1.78   71.32
 7092   15.00   90.20  170.00    4.00    1.76   66.48
 7093   14.50   94.80  152.00    4.80    1.63   53.84
 7094   14.50   95.40  187.00    4.10    3.92   58.84
 7095   14.40   94.70  166.00    3.60   10.17   40.21
 7096   14.30   94.30  162.00    4.30    0.00    6.50
 7097   14.00   91.10  176.00    4.10    0.00    0.00
 7098   13.80   85.60  175.00    3.90    0.00    0.00
 7099   13.60   81.90  187.00    3.80    0.00    0.00
 7100   13.30   76.60  188.00    4.10    0.00    0.00
 7101   13.30   71.20  191.00    4.80    0.00    0.00
 7102   13.20   69.20  192.00    4.80    0.00    0.00
 7103   13.20   69.50  203.00    4.90    0.00    0.00
 7104   12.70   72.20  212.00    4.90    0.00    0.00
 7105   12.40   76.10  215.00    4.60    0.00    0.00
 7106   12.40   78.40  224.00    4.90    0.00    0.00
 7107   12.50   78.10  234.00    4.90    0.00    0.00
 7108   12.70   76.10  224.00    5.00    0.00    0.00
 7109   12.50   72.60  244.00    5.80    0.00    0.00
 7110   12.30   70.10  234.00    5.70    0.00    1.20
 7111   12.00   69.10  241.00    5.90    2.47   29.92
 7112   11.90   67.50  260.00    7.20   11.21   96.72
 7113   11.60   66.90  243.00    7.10    4.89   97.92
 7114   12.20   66.50  254.00    6.80    4.03  102.12
 7115   11.50   66.50  259.00    7.50    1.83   71.51
 7116   11.60   65.20  254.00    7.10    3.34   90.15
 7117   11.90   60.90  256.00    7.40    9.40  114.82
 7118   11.90   56.60  263.00    8.20   21.19   93.85
 7119   11.60   55.40  254.00    7.60  271.59   49.40
 7120   10.90   58.30  245.00    6.80    0.00   20.50
 7121   10.40   61.80  232.00    5.00    0.00    0.00
 7122   10.30   62.60  232.00    5.00    0.00    0.00
 7123    9.60   62.30  220.00    5.30    0.00    0.00
 7124    9.10   64.40  221.00    4.70    0.00    0.00
 7125    8.70   67.30  222.00    4.40    0.00    0.00
 7126    8.30   70.60  216.00    4.50    0.00    0.00
 7127    8.30   73.40  213.00    4.00    0.00    0.00
 7128    7.90   75.60  197.00    3.60    0.00    0.00
 7129    7.50   77.10  195.00    3.70    0.00    0.00
 7130    7.10   79.00  196.00    3.20    0.00    0.00
 7131    7.10   80.90  185.00    3.50    0.00    0.00
 7132    7.00   81.30  191.00    4.70    0.00    0.00
 7133    7.10   81.20  190.00    4.80    0.00    0.00
 7134    7.40   80.70  199.00    4.40    0.00    2.60
 7135    8.30   78.30  202.00    4.70    3.84   36.02
 7136    9.20   74.50  212.00    5.50   52.22  119.62
 7137   10.70   71.10  219.00    5.10  307.18  154.92
 7138   12.10   66.60  212.00    6.10  401.57  161.93
 7139   12.60   62.30  232.00    6.30  247.94  192.23
 7140   13.00   59.30  225.00    6.30   64.21  180.51
 7141   12.40   58.80  228.00    5.70    3.24   73.22
 7142   12.30   61.00  221.00    5.80    4.06   57.25
 7143   12.00   64.80  211.00    5.70  139.37   49.94
 7144   11.30   70.90  203.00    4.90    0.00   16.40
 7145   11.40   75.10  212.00    4.80    0.00    0.00
 7146   10.60   81.90  230.00    5.10    0.00    0.00
 7147   10.50   90.20  231.00    5.60    0.00    0.00
 7148   10.50   92.00  241.00    4.90    0.00    0.00
 7149   10.40   90.90  244.00    4.70    0.00    0.00
 7150   10.60   89.10  242.00    5.10    0.00    0.00
 7151   10.50   85.10  245.00    5.10    0.00    0.00
 7152   10.10   80.40  259.00    5.80    0.00    0.00
 7153    9.20   79.50  250.00    5.50    0.00    0.00
 7154    8.30   81.50  242.00    4.10    0.00    0.00
 7155    7.50   82.90  234.00    5.20    0.00    0.00
 7156    7.20   84.60  223.00    4.00    0.00    0.00
 7157    6.70   85.10  223.00    4.40    0.00    0.00
 7158    6.40   84.40  195.00    3.30    0.00    3.00
 7159    6.30   84.10  194.00    3.50   19.41   56.67
 7160    8.00   80.60  208.00    4.70  263.51  118.38
 7161    9.20   71.70  227.00    6.60  411.46  137.56
 7162    9.30   64.70  223.00    8.10   72.70  186.25
 7163    7.60   69.50  223.00    7.20   18.42  161.76
 7164    5.40   81.40  225.00    8.30    9.67  134.30
 7165    4.20   89.80  201.00    6.70   32.44  137.18
 7166    5.80   94.40  215.00    7.00   23.52   91.14
 7167    8.80   93.80  247.00    8.20   13.60   36.83
 7168    9.50   88.90  250.00    9.10    0.00    6.90
 7169    9.80   83.80  260.00    8.90    0.00    0.00
 7170   10.00   79.80  258.00    9.60    0.00    0.00
 7171   10.00   76.50  260.00    9.30    0.00    0.00
 7172    9.80   75.00  250.00    9.70    0.00    0.00
 7173    9.30   74.70  262.00   10.40    0.00    0.00
 7174    9.10   72.80  260.00   10.20    0.00    0.00
 7175    8.30   71.70  260.00    9.40    0.00    0.00
 7176    8.00   71.00  251.00    8.10    0.00    0.00
 7177    7.40   69.40  250.00    7.60    0.00    0.00
 7178    7.10   69.10  234.00    6.70    0.00    0.00
 7179    6.70   71.50  241.00    6.40    0.00    0.00
 7180    5.70   80.00  214.00    5.30    0.00    0.00
 7181    6.00   85.80  213.00    5.10    0.00    0.00
 7182    6.50   83.20  214.00    5.90    0.00    0.00
 7183    6.10   85.20  213.00    5.10    1.28   19.62
 7184    6.20   90.40  213.00    5.70    1.67   41.17
 7185    6.70   91.20  214.00    5.50    4.23   87.33
 7186    7.60   89.50  224.00    5.20    7.85  130.45
 7187    8.40   87.30  232.00    5.00    3.89   99.79
 7188    9.50   84.40  235.00    4.40    3.02   82.33
 7189   10.00   80.40  249.00    4.70    2.66   64.24
 7190    8.90   82.50  270.00    4.90    4.79   59.33
 7191    8.80   88.20  271.00    4.90    7.49   30.68
 7192    8.80   88.90  273.00    5.70    0.00    6.40
 7193    9.00   87.80  274.00    5.50    0.00    0.00
 7194    8.80   87.80  258.00    4.70    0.00    0.00
 7195    8.50   87.30  272.00    5.70    0.00    0.00
 7196    8.00   86.40  266.00    6.10    0.00    0.00
 7197    7.90   86.60  262.00    6.50    0.00    0.00
 7198    8.50   85.50  260.00    6.50    0.00    0.00
 7199    8.80   83.70  273.00    7.20    0.00    0.00
 7200    8.80   82.40  269.00    7.10    0.00    0.00
 7201    9.00   80.80  268.00    7.50    0.00    0.00
 7202    9.00   79.20  269.00    8.30    0.00    0.00
 7203    8.60   79.20  260.00    7.40    0.00    0.00
 7204    8.10   80.10  261.00    6.80    0.00    0.00
 7205    8.00   80.50  251.00    7.60    0.00    0.00
 7206    8.00   80.30  260.00    6.40    0.00    0.00
 7207    7.90   80.00  252.00    6.00    6.21   41.15
 7208    8.80   77.50  253.00    6.20   21.94  100.91
 7209    8.90   74.80  235.00    5.30   10.44  119.32
 7210    8.60   77.70  231.00    4.50    5.76  115.52
 7211    8.50   85.00  221.00    4.90    2.43   78.20
 7212    8.10   92.10  201.00    4.40    3.14   82.80
 7213    8.50   95.80  229.00    4.30    2.42   60.33
 7214    9.30   96.50  237.00    4.00   24.52   87.57
 7215   10.20   95.00  231.00    4.80  798.20   18.84
 7216    9.90   93.10  246.00    5.10    0.00   16.10
 7217   10.30   92.60  243.00    5.80    0.00    0.00
 7218   10.20   90.90  255.00    6.20    0.00    0.00
 7219    9.90   88.90  251.00    5.30    0.00    0.00
 7220   10.30   88.20  254.00    6.00    0.00    0.00
 7221   10.40   86.70  265.00    6.20    0.00    0.00
 7222   10.00   85.40  260.00    5.70    0.00    0.00
 7223    9.70   85.60  250.00    5.40    0.00    0.00
 7224    9.30   86.00  236.00    5.40    0.00    0.00
 7225    8.60   87.40  233.00    4.90    0.00    0.00
 7226    8.10   88.80  236.00    4.30    0.00    0.00
 7227    8.10   89.00  229.00    4.60    0.00    0.00
 7228    7.70   88.80  236.00    4.10    0.00    0.00
 7229    7.70   89.30  224.00    4.30    0.00    0.00
 7230    7.60   88.90  232.00    4.10    0.00    0.00
 7231    8.10   87.30  225.00    4.10    6.88   41.20
 7232    9.60   84.70  227.00    4.00   82.82  115.72
 7233   10.90   80.60  226.00    3.80  293.78  148.08
 7234   12.70   74.60  214.00    4.60  556.64  125.62
 7235   14.10   68.50  222.00    4.90  687.52  104.16
 7236   14.80   65.40  222.00    4.20  608.81  111.58
 7237   14.30   66.90  212.00    4.20  350.53  129.69
 7238   14.80   67.60  222.00    4.50  663.35   57.16
 7239   13.90   68.00  209.00    3.40  935.15   15.81
 7240   12.40   75.00  177.00    2.20    0.00   10.00
 7241   11.60   83.30  170.00    2.50    0.00    0.00
 7242   11.50   85.70  163.00    2.30    0.00    0.00
 7243   11.00   85.70  157.00    2.70    0.00    0.00
 7244   10.70   86.00  152.00    2.40    0.00    0.00
 7245   10.00   86.70  131.00    3.20    0.00    0.00
 7246   10.50   87.20  128.00    3.60    0.00    0.00
 7247   10.90   85.10  145.00    3.00    0.00    0.00
 7248   10.90   83.50  153.00    2.90    0.00    0.00
 7249   10.10   84.70  150.00    2.90    0.00    0.00
 7250   10.70   84.60  172.00    2.30    0.00    0.00
 7251   11.10   83.70  175.00    2.60    0.00    0.00
 7252   10.80   88.60  163.00    2.80    0.00    0.00
 7253   10.70   93.90  136.00    3.30    0.00    0.00
 7254   10.70   94.00  173.00    3.80    0.00    0.00
 7255   11.40   93.80  212.00    5.90    4.16   31.57
 7256   12.10   89.70  261.00    7.20   16.77   93.00
 7257   11.50   86.90  253.00    8.60    1.08   42.64
 7258   10.60   90.20  257.00    8.20    2.65   76.88
 7259   10.30   89.80  271.00    8.90    3.54   91.69
 7260    9.70   89.10  276.00    6.80    1.64   58.39
 7261   11.70   83.00  265.00    8.90   80.37  141.77
 7262   11.50   72.90  270.00    9.20  499.20   72.42
 7263   11.50   70.20  260.00    7.30  999.28   15.92
 7264   11.50   69.10  253.00    6.50    0.00   10.10
 7265   11.20   67.80  247.00    6.10    0.00    0.00
 7266   11.20   68.50  248.00    5.60    0.00    0.00
 7267   10.90   69.80  252.00    5.70    0.00    0.00
 7268   10.30   72.10  255.00    4.90    0.00    0.00
 7269    9.80   75.10  254.00    4.90    0.00    0.00
 7270    9.20   77.70  262.00    4.60    0.00    0.00
 7271    8.90   79.00  263.00    4.10    0.00    0.00
 7272    7.80   81.00  213.00    2.70    0.00    0.00
 7273    6.60   84.90  234.00    2.60    0.00    0.00
 7274    6.10   88.50  232.00    3.00    0.00    0.00
 7275    5.70   89.40  238.00    3.20    0.00    0.00
 7276    5.10   89.70  244.00    2.60    0.00    0.00
 7277    4.40   92.00  222.00    2.00    0.00    0.00
 7278    4.10   93.50  171.00    1.90    0.00    0.00
 7279    4.30   93.90  184.00    1.70    6.35   37.22
 7280    6.70   91.20  189.00    1.30   37.78  102.74
 7281    8.00   84.50  144.00    1.70  154.29  154.90
 7282   11.00   75.40  155.00    1.90  271.07  169.80
 7283   12.40   68.10  161.00    2.70  412.86  153.52
 7284   13.10   63.90  156.00    2.90  480.52  131.56
 7285   12.60   62.90  147.00    3.30  347.78  125.92
 7286   12.20   65.60  144.00    3.10   80.33   93.56
 7287   11.80   68.00  132.00    3.00  389.86   30.34
 7288   10.60   72.50  116.00    2.70    0.00    8.30
 7289   10.20   77.50  120.00    3.00    0.00    0.00
 7290    9.90   79.80  126.00    2.70    0.00    0.00
 7291    9.60   82.40  129.00    2.80    0.00    0.00
 7292    9.50   83.50  133.00    2.50    0.00    0.00
 7293    9.50   82.50  120.00    2.90    0.00    0.00
 7294    9.40   81.10  139.00    2.80    0.00    0.00
 7295    9.30   79.90  120.00    2.80    0.00    0.00
 7296    9.10   78.60  152.00    2.90    0.00    0.00
 7297    8.80   79.50  144.00    2.00    0.00    0.00
 7298    8.20   81.20  150.00    1.30    0.00    0.00
 7299    7.50   83.30  149.00    1.80    0.00    0.00
 7300    6.80   85.70  158.00    1.80    0.00    0.00
 7301    6.10   88.90  142.00    1.90    0.00    0.00
 7302    5.60   92.20  186.00    1.30    0.00    0.00
 7303    6.60   92.40  130.00    1.90    4.76   31.24
 7304    8.70   89.70  120.00    2.10   62.92  106.62
 7305   11.00   83.10  128.00    2.30  206.72  150.05
 7306   13.20   75.30  143.00    2.90  330.66  159.52
 7307   14.80   70.70  152.00    2.80  532.28  129.86
 7308   15.80   69.30  146.00    2.70  248.38  164.02
 7309   16.20   67.80  147.00    3.30  222.27  136.56
 7310   15.50   67.30  140.00    3.30   95.57   92.35
 7311   14.80   70.90  141.00    2.50   77.12   32.82
 7312   14.10   77.10  133.00    2.40    0.00    2.30
 7313   13.50   84.90  164.00    2.10    0.00    0.00
 7314   13.30   90.50  142.00    2.50    0.00    0.00
 7315   13.30   92.40  166.00    3.30    0.00    0.00
 7316   13.60   93.70  175.00    2.80    0.00    0.00
 7317   13.90   95.70  202.00    3.50    0.00    0.00
 7318   14.10   96.50  183.00    3.10    0.00    0.00
 7319   14.00   96.40  188.00    2.50    0.00    0.00
 7320   13.60   96.40  249.00    2.40    0.00    0.00
 7321   13.10   96.60  265.00    2.00    0.00    0.00
 7322   12.70   96.90  259.00    1.50    0.00    0.00
 7323   12.30   97.10  197.00    1.40    0.00    0.00
 7324   12.10   97.50  222.00    1.90    0.00    0.00
 7325   11.80   97.30  222.00    1.80    0.00    0.00
 7326   11.70   96.70  234.00    1.60    0.00    0.00
 7327   11.40   96.60  191.00    1.70    0.75   12.02
 7328   11.70   96.60  198.00    1.40    1.91   39.06
 7329   12.30   95.10  194.00    2.00    2.38   60.14
 7330   12.80   93.60  218.00    2.10    4.22   92.84
 7331   13.10   91.80  217.00    2.20    5.73  111.80
 7332   13.20   87.40  236.00    2.50   15.93  134.42
 7333   13.10   84.40  227.00    2.50   23.93  117.23
 7334   13.10   83.80  247.00    2.80   95.91   90.15
 7335   12.60   84.60  250.00    1.90  347.76   27.80
 7336   11.50   87.80  221.00    1.70    0.00    3.10
 7337   10.90   91.70  182.00    1.60    0.00    0.00
 7338   10.70   93.60  165.00    1.90    0.00    0.00
 7339   10.40   94.20  199.00    1.50    0.00    0.00
 7340   10.20   95.00  210.00    1.30    0.00    0.00
 7341   10.10   95.30  177.00    1.40    0.00    0.00
 7342   10.00   95.30  154.00    1.50    0.00    0.00
 7343    9.80   95.80  161.00    1.90    0.00    0.00
 7344    9.60   96.20  168.00    1.40    0.00    0.00
 7345    9.80   96.40  279.00    1.50    0.00    0.00
 7346    9.80   96.10  257.00    1.90    0.00    0.00
 7347    9.60   96.00  263.00    2.20    0.00    0.00
 7348   10.10   95.20  277.00    3.40    0.00    0.00
 7349   10.00   93.70  280.00    3.50    0.00    0.00
 7350    9.90   92.60  264.00    3.10    0.00    0.00
 7351   10.00   91.80  270.00    3.70    3.30   24.04
 7352   10.40   90.20  262.00    4.00   16.54   85.57
 7353   10.70   86.70  278.00    4.40   10.57  109.39
 7354   11.30   82.00  262.00    4.90   85.97  170.11
 7355   12.50   73.10  285.00    5.70  403.42  149.50
 7356   12.30   65.80  271.00    5.40  221.60  162.23
 7357   12.10   64.40  265.00    4.50  233.57  131.31
 7358   12.50   62.90  270.00    4.10  587.42   57.80
 7359   12.30   61.60  234.00    3.70  967.89   11.83
 7360   11.20   65.30  223.00    2.60    0.00    6.00
 7361   10.70   71.30  210.00    2.80    0.00    0.00
 7362   10.80   74.50  217.00    3.10    0.00    0.00
 7363   10.80   74.70  220.00    3.30    0.00    0.00
 7364   10.80   74.00  219.00    3.50    0.00    0.00
 7365   10.40   74.90  203.00    3.50    0.00    0.00
 7366   10.40   76.30  203.00    2.90    0.00    0.00
 7367   10.80   76.50  210.00    3.40    0.00    0.00
 7368   11.10   76.50  224.00    3.30    0.00    0.00
 7369   10.70   77.90  215.00    3.40    0.00    0.00
 7370   10.10   80.70  216.00    2.80    0.00    0.00
 7371    9.60   83.30  197.00    2.80    0.00    0.00
 7372    8.70   86.00  204.00    2.50    0.00    0.00
 7373    9.00   87.70  211.00    2.60    0.00    0.00
 7374    9.50   86.50  195.00    2.40    0.00    0.00
 7375   10.10   85.30  201.00    2.10    1.89   17.50
 7376   10.80   83.80  200.00    2.30   11.26   78.12
 7377   12.00   80.50  198.00    2.50    9.61  105.54
 7378   13.10   76.20  200.00    3.30  292.78  158.54
 7379   14.30   72.30  199.00    3.50  525.74  126.35
 7380   15.50   68.80  195.00    3.90  694.25   88.87
 7381   15.00   68.30  197.00    3.20  361.54  116.41
 7382   14.60   70.90  180.00    2.40  590.89   56.10
 7383   13.90   73.00  208.00    2.80 1088.49   12.34
 7384   12.50   77.10  175.00    1.90    0.00    3.00
 7385   10.90   84.50  166.00    2.00    0.00    0.00
 7386   10.00   89.90  171.00    2.20    0.00    0.00
 7387    9.50   92.10  167.00    2.10    0.00    0.00
 7388    8.90   93.60  158.00    2.30    0.00    0.00
 7389    8.70   94.20  163.00    2.40    0.00    0.00
 7390    8.50   94.20  167.00    2.20    0.00    0.00
 7391    8.10   94.60  152.00    2.00    0.00    0.00
 7392    7.90   92.70  148.00    2.80    0.00    0.00
 7393    7.90   91.30  124.00    3.30    0.00    0.00
 7394    7.40   92.60  151.00    2.70    0.00    0.00
 7395    7.30   92.80  153.00    2.30    0.00    0.00
 7396    7.30   92.10  158.00    2.80    0.00    0.00
 7397    6.70   92.10  169.00    2.30    0.00    0.00
 7398    6.30   92.40  158.00    1.90    0.00    0.00
 7399    6.60   91.70  159.00    2.20    5.04   27.10
 7400    8.10   88.00  163.00    2.60  108.95  101.89
 7401   10.30   79.20  211.00    2.40  376.78  123.54
 7402   12.80   69.90  195.00    3.10  558.32  114.73
 7403   14.40   62.10  180.00    3.30  702.77   93.12
 7404   15.70   56.20  192.00    3.00  799.45   71.71
 7405   16.80   53.70  186.00    2.80  792.25   58.91
 7406   17.40   52.40  180.00    2.30  782.03   38.72
 7407   16.40   52.70  184.00    2.40  954.48   14.22
 7408   13.60   58.30  183.00    2.10    0.00    2.00
 7409   11.90   65.50  157.00    2.70    0.00    0.00
 7410   10.60   69.50  164.00    2.20    0.00    0.00
 7411    9.40   74.50  145.00    2.00    0.00    0.00
 7412    8.70   79.80  134.00    2.30    0.00    0.00
 7413    8.70   81.30  130.00    3.20    0.00    0.00
 7414    7.70   82.00  126.00    2.40    0.00    0.00
 7415    7.40   83.30  117.00    2.50    0.00    0.00
 7416    7.60   86.10  128.00    2.90    0.00    0.00
 7417    6.90   89.90  135.00    2.90    0.00    0.00
 7418    6.30   91.70  117.00    2.50    0.00    0.00
 7419    6.30   93.50  112.00    2.80    0.00    0.00
 7420    5.90   94.60  119.00    2.70    0.00    0.00
 7421    6.10   94.10  132.00    2.90    0.00    0.00
 7422    6.20   91.60  140.00    2.80    0.00    0.00
 7423    6.60   91.10  117.00    2.40    5.41   26.79
 7424    9.00   86.60  123.00    2.80  125.99  100.10
 7425   10.90   76.00  119.00    3.20  380.21  121.23
 7426   12.20   67.60  109.00    4.10  579.43  109.65
 7427   13.50   61.10  128.00    4.70  702.94   91.97
 7428   14.20   55.70  119.00    4.70  799.66   70.77
 7429   15.00   52.60  128.00    4.50  826.58   54.37
 7430   14.90   52.60  130.00    3.60  868.20   32.45
 7431   13.80   56.60  123.00    2.90    0.00   71.40
 7432   12.00   64.40  117.00    3.10    0.00    1.00
 7433   11.00   72.50  116.00    2.30    0.00    0.00
 7434    9.60   79.10  108.00    1.90    0.00    0.00
 7435    8.80   84.80  105.00    2.00    0.00    0.00
 7436    8.80   87.60  115.00    2.50    0.00    0.00
 7437    8.30   89.30  109.00    3.20    0.00    0.00
 7438    8.00   90.10  121.00    3.40    0.00    0.00
 7439    8.20   89.10  129.00    3.20    0.00    0.00
 7440    7.90   87.80  133.00    3.20    0.00    0.00
 7441    8.00   88.10  134.00    3.40    0.00    0.00
 7442    7.60   88.40  137.00    2.80    0.00    0.00
 7443    7.10   88.20  135.00    2.80    0.00    0.00
 7444    6.90   89.20  116.00    2.70    0.00    0.00
 7445    6.40   90.80  117.00    2.40    0.00    0.00
 7446    6.00   91.80  126.00    2.40    0.00    0.00
 7447    6.30   91.40  143.00    2.60    4.88   24.26
 7448    7.70   90.20  137.00    3.40  128.06   97.96
 7449    9.30   86.40  151.00    3.50  409.58  115.61
 7450   10.80   79.00  159.00    3.50  628.12  100.01
 7451   11.80   72.80  149.00    4.00  768.82   80.10
 7452   12.60   68.50  158.00    3.90  871.87   61.75
 7453   13.00   65.10  165.00    3.50  898.19   48.50
 7454   13.20   64.30  155.00    3.20  915.33   30.69
 7455   12.30   67.40  158.00    1.90    0.00   68.40
 7456   10.50   75.80  139.00    1.40    0.00    0.00
 7457    9.60   83.20  141.00    1.50    0.00    0.00
 7458    8.50   86.80  158.00    1.40    0.00    0.00
 7459    7.80   90.10  134.00    1.60    0.00    0.00
 7460    6.70   92.90  121.00    1.50    0.00    0.00
 7461    7.10   94.50  131.00    1.20    0.00    0.00
 7462    7.00   93.50  129.00    1.70    0.00    0.00
 7463    6.70   92.70  154.00    1.50    0.00    0.00
 7464    5.90   91.50  127.00    1.70    0.00    0.00
 7465    5.20   92.00  117.00    1.00    0.00    0.00
 7466    4.70   93.70  130.00    1.10    0.00    0.00
 7467    4.40   93.00  121.00    1.50    0.00    0.00
 7468    4.50   92.50  126.00    1.80    0.00    0.00
 7469    3.40   93.60  117.00    1.30    0.00    0.00
 7470    3.10   94.80  112.00    1.40    0.00    0.00
 7471    3.20   94.20  142.00    1.30    4.29   21.63
 7472    5.40   91.60  140.00    1.60   93.86   94.75
 7473    6.50   87.20  178.00    1.60  329.13  123.59
 7474    7.50   82.90  215.00    1.50  491.35  121.41
 7475    7.80   81.20  212.00    1.90  398.70  141.16
 7476    7.80   80.80  218.00    2.00   65.18  149.56
 7477    8.10   80.40  189.00    1.90   14.59   97.96
 7478    8.50   79.10  203.00    2.20   91.85   77.43
 7479    8.10   78.60  211.00    1.90    0.00   54.90
 7480    6.90   82.30  216.00    1.20    0.00    0.00
 7481    6.10   87.30  175.00    1.10    0.00    0.00
 7482    5.80   90.20  201.00    1.00    0.00    0.00
 7483    5.60   92.70  139.00    0.70    0.00    0.00
 7484    5.20   94.20  321.00    0.80    0.00    0.00
 7485    5.30   93.70  234.00    1.00    0.00    0.00
 7486    5.40   92.70  155.00    1.00    0.00    0.00
 7487    3.90   92.00  216.00    1.00    0.00    0.00
 7488    4.40   93.20  153.00    1.10    0.00    0.00
 7489    4.30   95.10  168.00    1.00    0.00    0.00
 7490    3.90   95.30  217.00    1.30    0.00    0.00
 7491    3.90   95.60  125.00    1.00    0.00    0.00
 7492    3.80   95.90  138.00    1.10    0.00    0.00
 7493    3.60   96.10  125.00    0.90    0.00    0.00
 7494    3.90   96.60   63.00    0.40    0.00    0.00
 7495    4.10   96.70  130.00    0.80    1.21   11.00
 7496    4.60   96.80  209.00    0.80   15.67   74.41
 7497    5.80   95.90  210.00    0.70   79.05  132.03
 7498    6.90   93.90  129.00    1.30   34.74  143.02
 7499    7.80   90.70  141.00    1.90   17.03  133.65
 7500    8.00   87.40  199.00    1.60   55.93  145.34
 7501    8.30   85.60  204.00    1.20   11.16   91.61
 7502    8.80   83.80  210.00    1.30    2.35   30.32
 7503    8.80   82.90  166.00    1.20    0.00   23.70
 7504    8.70   84.10  171.00    1.00    0.00    0.00
 7505    8.80   85.30  218.00    1.30    0.00    0.00
 7506    8.70   87.00   98.00    0.80    0.00    0.00
 7507    8.50   89.00  164.00    1.00    0.00    0.00
 7508    8.60   90.30  205.00    0.90    0.00    0.00
 7509    8.60   90.60  244.00    1.50    0.00    0.00
 7510    8.60   90.50  249.00    1.20    0.00    0.00
 7511    8.50   91.90  278.00    1.00    0.00    0.00
 7512    8.20   94.40  256.00    1.20    0.00    0.00
 7513    7.80   96.70  225.00    0.90    0.00    0.00
 7514    8.00   97.70  244.00    1.80    0.00    0.00
 7515    7.90   97.40  243.00    1.30    0.00    0.00
 7516    7.70   97.50   80.00    0.50    0.00    0.00
 7517    8.00   97.70  168.00    0.80    0.00    0.00
 7518    7.90   97.60  189.00    1.50    0.00    0.00
 7519    8.10   97.30  208.00    1.40    1.06    9.72
 7520    8.30   97.00  207.00    1.50    3.08   41.51
 7521    8.60   96.40  190.00    1.80    4.82   75.05
 7522    8.80   97.10  229.00    1.90    2.91   69.43
 7523    9.30   98.70  254.00    2.00    3.81   82.39
 7524    9.90   97.80  278.00    2.10    2.71   64.34
 7525   10.40   95.00  274.00    2.60    1.90   43.12
 7526   10.90   89.70  251.00    1.80    3.73   37.11
 7527   10.30   85.90  242.00    2.30    0.00   11.20
 7528    9.40   87.20  232.00    2.20    0.00    0.00
 7529    9.00   89.90  230.00    2.00    0.00    0.00
 7530    9.10   90.00  230.00    1.70    0.00    0.00
 7531    8.80   88.50  214.00    1.70    0.00    0.00
 7532    6.90   91.20  173.00    1.00    0.00    0.00
 7533    6.80   94.70  150.00    1.30    0.00    0.00
 7534    6.30   95.40  163.00    1.50    0.00    0.00
 7535    5.50   96.60  145.00    1.80    0.00    0.00
 7536    5.20   97.70  140.00    1.70    0.00    0.00
 7537    5.10   98.10  161.00    1.60    0.00    0.00
 7538    4.50   98.30  154.00    1.80    0.00    0.00
 7539    4.30   98.30  144.00    2.00    0.00    0.00
 7540    4.20   98.60  139.00    2.30    0.00    0.00
 7541    4.40   98.90  140.00    2.20    0.00    0.00
 7542    5.10   97.90  164.00    1.80    0.00    0.00
 7543    5.30   96.70  175.00    1.90    0.59    6.86
 7544    5.70   97.10  194.00    1.80    0.99   23.11
 7545    6.80   96.80  225.00    2.40    0.79   30.28
 7546    8.00   95.60  239.00    3.10    2.78   66.99
 7547    8.60   95.80  249.00    2.50    5.53   97.72
 7548    8.90   96.80  236.00    2.20    2.40   59.85
 7549    9.70   96.80  234.00    2.30   41.00  108.75
 7550   10.60   93.90  230.00    2.40   46.67   67.47
 7551   10.70   90.70  228.00    2.40    0.00   23.80
 7552   10.70   89.40  254.00    2.60    0.00    0.00
 7553   10.80   88.70  236.00    2.30    0.00    0.00
 7554   10.70   88.90  242.00    1.80    0.00    0.00
 7555   10.50   90.40  233.00    2.20    0.00    0.00
 7556   10.50   91.40  220.00    1.80    0.00    0.00
 7557    9.50   92.60  169.00    1.50    0.00    0.00
 7558    8.10   95.40  177.00    1.30    0.00    0.00
 7559    6.60   97.30  191.00    1.60    0.00    0.00
 7560    6.10   97.40  175.00    1.40    0.00    0.00
 7561    6.10   97.00  180.00    1.90    0.00    0.00
 7562    5.80   96.00  192.00    1.60    0.00    0.00
 7563    5.50   95.10  163.00    1.80    0.00    0.00
 7564    5.50   94.70  151.00    2.20    0.00    0.00
 7565    5.40   94.80  158.00    2.30    0.00    0.00
 7566    5.10   95.10  164.00    2.00    0.00    0.00
 7567    5.20   94.80  156.00    2.20    2.33   12.74
 7568    5.90   93.40  138.00    2.60   27.03   75.63
 7569    7.30   90.00  143.00    2.80  112.56  128.34
 7570    8.70   86.50  166.00    3.50  268.64  145.27
 7571   10.90   81.80  165.00    3.90  379.96  137.01
 7572   11.90   77.10  168.00    3.20  127.23  147.30
 7573   12.20   74.60  174.00    3.30  236.37  113.17
 7574   12.30   73.40  168.00    3.30  501.32   52.48
 7575   11.80   74.80  155.00    3.30    0.00   41.70
 7576   10.20   79.30  165.00    2.80    0.00    0.00
 7577    9.90   83.40  164.00    3.10    0.00    0.00
 7578   10.00   84.70  159.00    3.00    0.00    0.00
 7579   10.20   85.10  176.00    2.80    0.00    0.00
 7580   10.00   84.40  170.00    2.50    0.00    0.00
 7581    9.00   84.20  174.00    2.40    0.00    0.00
 7582    8.90   83.20  174.00    2.40    0.00    0.00
 7583    8.60   81.50  185.00    2.60    0.00    0.00
 7584    7.60   85.40  170.00    2.50    0.00    0.00
 7585    7.40   89.60  177.00    2.80    0.00    0.00
 7586    7.40   89.50  188.00    2.80    0.00    0.00
 7587    7.20   89.10  186.00    2.70    0.00    0.00
 7588    6.50   88.60  179.00    2.40    0.00    0.00
 7589    6.70   87.50  196.00    2.60    0.00    0.00
 7590    7.40   87.10  182.00    2.60    0.00    0.00
 7591    8.90   82.60  203.00    2.80    2.24   11.86
 7592    9.40   77.00  198.00    2.70   45.67   79.11
 7593   11.50   72.80  203.00    4.10  202.26  124.76
 7594   13.40   66.80  216.00    4.00  242.88  145.85
 7595   15.30   62.00  228.00    4.30  342.09  140.51
 7596   16.30   58.90  240.00    4.70  247.12  139.71
 7597   16.20   57.90  235.00    4.60  260.11  109.68
 7598   16.00   59.00  215.00    3.90  150.33   69.00
 7599   15.00   62.50  212.00    3.10    0.00   32.40
 7600   14.10   66.70  222.00    3.60    0.00    0.00
 7601   13.20   70.60  213.00    2.80    0.00    0.00
 7602   13.40   73.30  213.00    3.10    0.00    0.00
 7603   13.70   73.20  215.00    3.20    0.00    0.00
 7604   13.90   72.80  227.00    3.60    0.00    0.00
 7605   14.00   72.70  226.00    3.00    0.00    0.00
 7606   13.40   73.60  234.00    3.10    0.00    0.00
 7607   13.10   75.50  220.00    2.80    0.00    0.00
 7608   12.60   77.80  228.00    2.20    0.00    0.00
 7609   12.00   80.90  203.00    1.70    0.00    0.00
 7610   12.00   82.80  211.00    2.10    0.00    0.00
 7611   11.20   85.00  210.00    1.50    0.00    0.00
 7612   10.70   89.80  128.00    1.30    0.00    0.00
 7613   10.70   92.40  184.00    1.00    0.00    0.00
 7614   10.20   92.70   30.00    0.30    0.00    0.00
 7615   10.10   94.50   84.00    1.50    0.04    1.60
 7616   10.60   93.50  121.00    1.90    1.26   24.28
 7617   11.20   88.10  105.00    1.20    6.66   81.56
 7618   11.60   83.30   98.00    2.40   20.30  123.73
 7619   12.20   79.40  125.00    2.70   15.56  123.51
 7620   12.50   75.20  156.00    2.30    6.46   92.85
 7621   12.30   75.70   63.00    1.70    1.67   37.90
 7622   11.90   78.30   83.00    2.50    3.62   32.99
 7623   11.40   80.20   79.00    2.40    0.00   13.60
 7624   11.20   83.00   56.00    3.40    0.00    0.00
 7625   10.60   88.20   41.00    4.30    0.00    0.00
 7626    9.60   94.80   78.00    4.00    0.00    0.00
 7627    9.40   96.60  347.00    3.50    0.00    0.00
 7628    9.20   95.50  167.00    4.50    0.00    0.00
 7629    9.00   95.30    5.00    3.10    0.00    0.00
 7630    8.30   94.90   19.00    5.20    0.00    0.00
 7631    7.70   93.60   36.00    5.10    0.00    0.00
 7632    7.40   91.70   44.00    5.30    0.00    0.00
 7633    7.10   90.80   55.00    5.30    0.00    0.00
 7634    6.60   91.80   66.00    4.60    0.00    0.00
 7635    6.50   91.70   59.00    4.70    0.00    0.00
 7636    6.20   91.40   47.00    4.60    0.00    0.00
 7637    6.00   92.60   60.00    5.00    0.00    0.00
 7638    6.00   93.00   70.00    4.60    0.00    0.00
 7639    5.90   92.30   81.00    5.60    0.14    2.79
 7640    5.80   92.10   90.00    5.30    1.18   22.90
 7641    5.60   92.20   90.00    4.50    1.89   43.61
 7642    5.40   92.20   82.00    4.60    2.47   59.84
 7643    5.50   92.30   92.00    5.40    2.64   64.55
 7644    5.50   92.00   91.00    5.00    4.39   76.30
 7645    5.50   91.30   94.00    5.40    4.92   63.55
 7646    5.90   91.60   99.00    5.00    6.41   42.32
 7647    5.90   91.60  112.00    4.30    0.00   12.90
 7648    5.80   92.40   92.00    4.60    0.00    0.00
 7649    5.70   93.70   91.00    4.40    0.00    0.00
 7650    5.70   93.90   90.00    4.50    0.00    0.00
 7651    5.60   93.40  101.00    4.50    0.00    0.00
 7652    5.60   93.20  102.00    4.60    0.00    0.00
 7653    5.60   93.50  107.00    3.90    0.00    0.00
 7654    5.50   93.90  115.00    3.00    0.00    0.00
 7655    5.50   94.70  111.00    3.50    0.00    0.00
 7656    5.50   96.60  119.00    3.70    0.00    0.00
 7657    5.70   98.10  131.00    3.40    0.00    0.00
 7658    5.90   98.30  135.00    2.90    0.00    0.00
 7659    6.20   98.50  137.00    2.00    0.00    0.00
 7660    6.50   98.60  126.00    2.40    0.00    0.00
 7661    6.90   98.60  150.00    1.80    0.00    0.00
 7662    7.00   98.80  134.00    1.50    0.00    0.00
 7663    7.10   99.10  154.00    1.50    0.00    5.40
 7664    7.10   99.10  157.00    1.10    1.79   27.50
 7665    7.90   99.10  257.00    1.10   10.60   89.01
 7666    8.50   98.90  223.00    1.50   14.91  114.45
 7667    9.40   97.40  230.00    1.60   28.81  132.61
 7668    9.70   95.00  262.00    1.60    8.83   99.01
 7669    9.70   94.30  257.00    2.40    3.36   51.83
 7670    9.10   95.80  271.00    3.20    5.36   37.98
 7671    8.10   97.80  312.00    3.60    0.00   16.20
 7672    7.20   97.80  311.00    3.80    0.00    0.00
 7673    6.70   96.90  324.00    3.20    0.00    0.00
 7674    6.20   96.80  327.00    3.70    0.00    0.00
 7675    6.00   97.00  331.00    3.00    0.00    0.00
 7676    6.10   96.90  320.00    3.40    0.00    0.00
 7677    6.10   97.00  319.00    3.10    0.00    0.00
 7678    6.10   97.20  315.00    2.60    0.00    0.00
 7679    6.00   96.80  316.00    2.90    0.00    0.00
 7680    5.60   94.20  310.00    3.70    0.00    0.00
 7681    5.20   92.30  291.00    2.20    0.00    0.00
 7682    4.30   93.90  263.00    2.50    0.00    0.00
 7683    4.10   95.60  242.00    3.00    0.00    0.00
 7684    3.80   95.70  252.00    3.10    0.00    0.00
 7685    3.70   94.80  237.00    3.20    0.00    0.00
 7686    3.90   94.10  266.00    2.90    0.00    0.00
 7687    4.30   92.60  266.00    2.70    0.00    8.80
 7688    4.10   91.50  290.00    4.20   10.50   56.99
 7689    4.00   93.00  321.00    4.80    2.68   50.13
 7690    4.10   94.20  326.00    4.20    1.86   50.64
 7691    4.60   92.30  307.00    3.50   18.06  122.01
 7692    5.60   87.10  303.00    3.90   25.16  118.12
 7693    5.60   83.70  298.00    4.00    7.02   71.91
 7694    5.60   83.00  320.00    4.20   94.94   61.68
 7695    4.70   84.30  301.00    3.50    0.00   25.80
 7696    3.50   88.10  286.00    3.70    0.00    0.00
 7697    3.30   89.50  292.00    4.50    0.00    0.00
 7698    3.10   90.10  278.00    4.00    0.00    0.00
 7699    2.70   91.20  293.00    3.70    0.00    0.00
 7700    2.50   91.80  291.00    3.80    0.00    0.00
 7701    2.40   92.80  282.00    4.10    0.00    0.00
 7702    2.20   93.60  281.00    3.90    0.00    0.00
 7703    2.20   93.90  274.00    3.90    0.00    0.00
 7704    1.90   93.20  265.00    3.50    0.00    0.00
 7705    2.00   91.50  265.00    4.40    0.00    0.00
 7706    2.10   89.20  268.00    4.40    0.00    0.00
 7707    2.40   88.20  262.00    4.30    0.00    0.00
 7708    3.20   88.80  253.00    4.30    0.00    0.00
 7709    3.40   89.20  257.00    4.70    0.00    0.00
 7710    3.20   89.90  256.00    4.10    0.00    0.00
 7711    3.20   90.50  254.00    4.30    0.00    7.30
 7712    3.50   90.30  256.00    4.20    8.09   52.32
 7713    4.30   88.30  248.00    5.50   11.16   87.07
 7714    5.20   84.80  256.00    5.10    9.71  102.52
 7715    5.80   82.30  267.00    5.30   76.58  144.59
 7716    6.00   81.40  245.00    5.40   59.87  129.99
 7717    6.30   80.90  254.00    5.40  103.65  105.77
 7718    6.50   80.00  247.00    4.80  258.67   58.02
 7719    6.20   80.10  228.00    4.20    0.00   36.90
 7720    5.90   81.40  243.00    4.20    0.00    0.00
 7721    5.50   83.50  234.00    4.60    0.00    0.00
 7722    5.00   85.70  221.00    4.70    0.00    0.00
 7723    4.80   87.00  222.00    4.30    0.00    0.00
 7724    4.90   86.10  218.00    4.10    0.00    0.00
 7725    4.90   84.30  212.00    3.50    0.00    0.00
 7726    4.50   83.40  208.00    3.60    0.00    0.00
 7727    4.20   83.10  221.00    5.00    0.00    0.00
 7728    3.60   84.60  214.00    4.60    0.00    0.00
 7729    3.40   86.60  218.00    4.60    0.00    0.00
 7730    2.70   89.30  212.00    4.20    0.00    0.00
 7731    2.90   92.00  219.00    4.90    0.00    0.00
 7732    2.90   92.30  222.00    3.80    0.00    0.00
 7733    2.90   91.90  225.00    3.60    0.00    0.00
 7734    2.60   91.40  225.00    3.30    0.00    0.00
 7735    2.30   91.70  194.00    2.80    0.00    7.70
 7736    2.10   90.80  194.00    3.50   39.22   66.95
 7737    3.00   86.80  203.00    4.00  279.36  108.09
 7738    4.10   81.10  193.00    4.10  499.53  104.12
 7739    4.80   75.30  178.00    4.00  663.90   84.54
 7740    5.50   71.40  182.00    4.50  758.44   65.16
 7741    5.70   69.40  182.00    3.90  604.54   66.86
 7742    5.30   70.10  160.00    4.20  176.17   59.00
 7743    4.00   79.30  185.00    4.60    0.00    8.20
 7744    3.90   89.60  176.00    3.30    0.00    0.00
 7745    4.20   91.10  154.00    3.10    0.00    0.00
 7746    4.50   89.30  166.00    2.90    0.00    0.00
 7747    4.60   88.50  158.00    3.00    0.00    0.00
 7748    4.50   88.50  160.00    2.40    0.00    0.00
 7749    4.60   86.40  156.00    3.00    0.00    0.00
 7750    4.60   82.60  169.00    2.80    0.00    0.00
 7751    4.80   79.00  166.00    2.90    0.00    0.00
 7752    4.80   76.00  153.00    3.50    0.00    0.00
 7753    3.30   81.00  188.00    4.40    0.00    0.00
 7754    2.60   90.70  175.00    3.30    0.00    0.00
 7755    2.40   93.70  180.00    3.50    0.00    0.00
 7756    2.20   94.70  180.00    3.70    0.00    0.00
 7757    2.20   95.30  174.00    3.30    0.00    0.00
 7758    2.50   94.80  178.00    3.60    0.00    0.00
 7759    2.70   93.70  171.00    3.20    0.00    4.30
 7760    3.10   92.10  201.00    2.80    1.25   20.81
 7761    3.40   90.70  221.00    3.90    5.58   68.48
 7762    3.50   89.90  244.00    4.30    2.34   54.52
 7763    3.40   89.70  263.00    4.10    1.35   43.59
 7764    2.80   91.00  263.00    4.60    1.60   43.55
 7765    2.60   92.90  275.00    4.70    2.12   38.84
 7766    3.40   92.10  279.00    4.60   12.87   44.34
 7767    3.40   88.60  272.00    5.30    0.00   12.00
 7768    3.00   87.10  277.00    6.20    0.00    0.00
 7769    3.00   87.90  269.00    5.40    0.00    0.00
 7770    2.00   87.70  273.00    4.80    0.00    0.00
 7771    1.50   87.90  258.00    4.10    0.00    0.00
 7772    1.10   89.00  265.00    4.60    0.00    0.00
 7773    1.00   89.60  270.00    4.40    0.00    0.00
 7774    0.70   90.40  254.00    3.60    0.00    0.00
 7775    0.30   91.40  275.00    3.10    0.00    0.00
 7776   -0.30   94.40  259.00    2.80    0.00    0.00
 7777   -0.60   97.40  234.00    2.50    0.00    0.00
 7778   -0.90   97.90  235.00    2.20    0.00    0.00
 7779   -0.80   97.70  241.00    2.00    0.00    0.00
 7780   -1.20   97.40  273.00    2.60    0.00    0.00
 7781   -1.60   97.20  267.00    1.90    0.00    0.00
 7782   -1.60   97.30  294.00    3.00    0.00    0.00
 7783   -1.80   96.50  263.00    2.40    0.00    6.00
 7784   -1.30   96.10  249.00    2.20   31.51   61.79
 7785   -0.50   94.60  272.00    2.50  252.93  106.64
 7786    0.50   90.30  284.00    2.80  492.33  102.51
 7787    1.80   83.90  285.00    2.50  675.52   80.97
 7788    2.60   78.40  293.00    3.00  777.88   61.33
 7789    2.80   77.00  308.00    4.10  837.08   42.53
 7790    2.80   76.70  319.00    3.50  928.85   21.71
 7791    2.10   78.40  298.00    2.90    0.00   32.00
 7792    1.40   85.00  251.00    2.40    0.00    0.00
 7793    0.90   91.30  249.00    2.00    0.00    0.00
 7794    0.70   93.30  265.00    2.40    0.00    0.00
 7795    0.60   93.00  247.00    2.40    0.00    0.00
 7796    0.60   93.10  272.00    2.10    0.00    0.00
 7797    0.50   93.40  287.00    1.50    0.00    0.00
 7798    0.50   93.10  293.00    2.60    0.00    0.00
 7799   -0.30   92.90  285.00    2.10    0.00    0.00
 7800   -0.70   93.10  286.00    1.90    0.00    0.00
 7801   -1.10   93.70  255.00    1.40    0.00    0.00
 7802   -1.90   93.90  242.00    1.10    0.00    0.00
 7803   -2.10   93.70  248.00    1.30    0.00    0.00
 7804   -2.20   93.80  215.00    1.60    0.00    0.00
 7805   -2.40   93.60  229.00    1.70    0.00    0.00
 7806   -1.80   93.00  258.00    1.90    0.00    0.00
 7807   -1.70   92.00  222.00    1.70    0.00    4.60
 7808   -2.00   91.20  209.00    1.90   20.97   56.71
 7809   -0.60   89.80  209.00    2.50  210.57  107.52
 7810    0.70   85.90  226.00    2.20  464.06  105.00
 7811    2.00   80.20  212.00    2.40  655.17   83.00
 7812    2.90   76.00  206.00    2.60  768.69   61.73
 7813    3.30   73.80  220.00    2.60  844.89   41.39
 7814    3.20   73.00  229.00    2.80  924.86   21.11
 7815    2.50   75.40  203.00    2.20    0.00   28.30
 7816    1.50   81.00  194.00    2.30    0.00    0.00
 7817    0.80   85.90  176.00    2.10    0.00    0.00
 7818    0.70   88.70  170.00    2.20    0.00    0.00
 7819    0.70   88.60  201.00    2.20    0.00    0.00
 7820    0.60   87.70  205.00    2.40    0.00    0.00
 7821    0.50   88.30  182.00    2.10    0.00    0.00
 7822    0.10   88.70  200.00    1.80    0.00    0.00
 7823   -0.80   89.60  183.00    1.40    0.00    0.00
 7824   -1.00   90.80  176.00    1.80    0.00    0.00
 7825   -1.60   91.30  176.00    2.00    0.00    0.00
 7826   -2.00   91.80  172.00    2.00    0.00    0.00
 7827   -2.30   92.20  160.00    2.40    0.00    0.00
 7828   -2.70   91.90  155.00    2.20    0.00    0.00
 7829   -2.80   91.60  151.00    2.10    0.00    0.00
 7830   -3.00   91.60  154.00    2.20    0.00    0.00
 7831   -3.30   91.80  155.00    2.10    0.00    3.10
 7832   -3.00   90.80  145.00    2.40    9.50   47.78
 7833   -2.60   89.00  150.00    2.40  118.23  107.63
 7834   -1.50   85.20  169.00    2.60  301.14  122.88
 7835    0.10   79.10  148.00    3.20  536.65   99.04
 7836    0.60   73.40  137.00    4.20  660.18   74.66
 7837    1.20   67.60  144.00    4.00  679.55   55.66
 7838    0.90   64.80  145.00    4.00  780.99   25.04
 7839    0.00   67.30  139.00    3.00    0.00   28.20
 7840   -0.70   71.50  136.00    3.10    0.00    0.00
 7841   -0.90   74.40  133.00    3.60    0.00    0.00
 7842   -1.40   76.90  136.00    3.20    0.00    0.00
 7843   -1.60   78.00  116.00    3.60    0.00    0.00
 7844   -2.00   77.50  125.00    4.10    0.00    0.00
 7845   -2.40   76.60  124.00    3.90    0.00    0.00
 7846   -2.50   76.20  142.00    4.10    0.00    0.00
 7847   -2.20   75.90  135.00    4.50    0.00    0.00
 7848   -1.70   75.80  134.00    4.70    0.00    0.00
 7849   -1.30   75.70  144.00    4.20    0.00    0.00
 7850   -1.80   79.90  148.00    3.60    0.00    0.00
 7851   -1.90   88.60  131.00    3.10    0.00    0.00
 7852   -1.80   92.80  146.00    3.50    0.00    0.00
 7853   -1.50   93.90  138.00    2.80    0.00    0.00
 7854   -1.00   94.40  135.00    2.90    0.00    0.00
 7855   -0.70   94.30  159.00    2.90    0.00    3.90
 7856    0.00   93.40  172.00    2.90    6.69   42.30
 7857    0.80   91.10  192.00    2.60    9.46   76.30
 7858    2.00   87.20  216.00    2.80    4.03   67.69
 7859    3.20   83.10  221.00    2.60   26.49  119.23
 7860    3.10   81.70  216.00    3.10  339.81  113.44
 7861    3.70   81.60  192.00    2.10  649.93   57.86
 7862    3.50   81.50  190.00    1.90  660.58   30.64
 7863    3.10   83.30  163.00    2.50    0.00   16.90
 7864    2.80   86.80  143.00    2.00    0.00    0.00
 7865    2.80   89.40  135.00    2.30    0.00    0.00
 7866    3.10   88.90  137.00    3.40    0.00    0.00
 7867    2.80   87.40  130.00    3.00    0.00    0.00
 7868    2.50   88.00  140.00    3.00    0.00    0.00
 7869    2.40   89.10  133.00    2.70    0.00    0.00
 7870    2.30   90.00  137.00    2.50    0.00    0.00
 7871    2.20   91.00  135.00    3.20    0.00    0.00
 7872    1.30   91.40   93.00    1.80    0.00    0.00
 7873    1.60   92.00  109.00    2.90    0.00    0.00
 7874    1.90   92.50  136.00    2.40    0.00    0.00
 7875    1.90   92.10  108.00    1.60    0.00    0.00
 7876    1.80   91.60  112.00    1.90    0.00    0.00
 7877    1.80   91.60  115.00    2.40    0.00    0.00
 7878    1.90   91.40  103.00    2.20    0.00    0.00
 7879    1.80   90.70  124.00    2.70    0.00    1.50
 7880    1.90   90.40  113.00    2.10    3.01   28.10
 7881    2.60   88.80  130.00    2.10    8.06   72.24
 7882    3.30   85.30  115.00    2.40   21.09  107.98
 7883    4.10   81.30   69.00    1.30  198.43  135.04
 7884    5.10   77.50   40.00    1.70  296.14  116.52
 7885    4.70   77.10   46.00    2.00  315.24   88.09
 7886    5.00   78.50   70.00    1.70  193.92   50.92
 7887    4.40   79.70   49.00    2.70    0.00   17.10
 7888    4.00   81.40   59.00    2.80    0.00    0.00
 7889    3.80   82.30   47.00    2.20    0.00    0.00
 7890    3.90   83.10   50.00    2.90    0.00    0.00
 7891    3.80   83.60   51.00    2.00    0.00    0.00
 7892    3.60   84.20   39.00    2.50    0.00    0.00
 7893    2.90   84.60   25.00    3.20    0.00    0.00
 7894    2.10   86.00   54.00    3.80    0.00    0.00
 7895    1.10   88.80   36.00    3.60    0.00    0.00
 7896    1.10   91.20   26.00    1.90    0.00    0.00
 7897    1.40   91.30  350.00    3.10    0.00    0.00
 7898    1.40   90.30  349.00    3.70    0.00    0.00
 7899    1.30   89.10  357.00    3.30    0.00    0.00
 7900    0.50   90.10    4.00    3.80    0.00    0.00
 7901    0.30   92.40    8.00    3.30    0.00    0.00
 7902   -0.10   92.80  343.00    2.80    0.00    0.00
 7903    0.10   93.10  342.00    3.30    0.00    3.00
 7904    0.70   92.80  339.00    2.80    5.12   35.54
 7905    1.60   91.70  327.00    3.50    4.40   55.35
 7906    2.30   92.80  319.00    3.60    3.71   63.41
 7907    3.00   94.10  315.00    3.80   18.78  110.69
 7908    4.10   92.90  337.00    3.70    5.65   75.53
 7909    4.60   91.50  348.00    3.50    5.10   55.09
 7910    4.90   89.80  317.00    4.00   32.45   44.68
 7911    4.50   88.10  331.00    4.20    0.00   11.20
 7912    4.10   89.00  322.00    3.30    0.00    0.00
 7913    4.30   89.10  318.00    4.60    0.00    0.00
 7914    4.20   88.40  323.00    4.30    0.00    0.00
 7915    4.30   88.50  316.00    4.50    0.00    0.00
 7916    4.20   89.20  314.00    3.90    0.00    0.00
 7917    4.40   90.30  311.00    3.80    0.00    0.00
 7918    4.20   91.10  284.00    3.40    0.00    0.00
 7919    4.00   92.10  284.00    2.90    0.00    0.00
 7920    3.70   91.70  274.00    3.60    0.00    0.00
 7921    3.70   90.70  280.00    3.20    0.00    0.00
 7922    3.80   90.50  283.00    3.20    0.00    0.00
 7923    3.80   90.30  276.00    3.50    0.00    0.00
 7924    3.50   90.10  272.00    3.60    0.00    0.00
 7925    3.30   89.90  269.00    2.60    0.00    0.00
 7926    3.10   88.10  267.00    2.90    0.00    0.00
 7927    2.80   86.00  248.00    2.40    0.00    2.00
 7928    2.40   85.70  213.00    2.90   10.22   43.63
 7929    3.10   83.50  200.00    2.60  182.73  100.54
 7930    4.10   76.60  211.00    3.90  389.36  107.81
 7931    5.00   70.00  215.00    3.80  557.06   92.19
 7932    5.20   66.60  205.00    4.10  616.75   77.03
 7933    5.30   65.70  216.00    4.20  634.65   57.21
 7934    4.90   66.30  212.00    5.00  609.01   31.33
 7935    4.00   68.60  196.00    4.20    0.00   21.00
 7936    3.00   72.70  191.00    3.50    0.00    0.00
 7937    2.90   75.40  181.00    3.20    0.00    0.00
 7938    3.20   75.90  183.00    3.30    0.00    0.00
 7939    3.50   76.00  183.00    3.30    0.00    0.00
 7940    4.10   75.30  199.00    4.00    0.00    0.00
 7941    4.10   74.80  193.00    4.00    0.00    0.00
 7942    4.40   74.90  204.00    3.60    0.00    0.00
 7943    4.60   74.70  205.00    3.20    0.00    0.00
 7944    4.70   74.30  203.00    3.90    0.00    0.00
 7945    4.90   74.50  203.00    3.50    0.00    0.00
 7946    5.00   76.50  204.00    3.80    0.00    0.00
 7947    5.20   78.50  210.00    3.60    0.00    0.00
 7948    5.30   79.30  207.00    4.10    0.00    0.00
 7949    5.60   79.90  206.00    3.30    0.00    0.00
 7950    5.50   80.40  205.00    3.30    0.00    0.00
 7951    5.60   81.00  203.00    3.30    0.00    1.00
 7952    5.60   80.90  195.00    3.80    3.08   26.23
 7953    6.10   79.50  199.00    4.10    3.83   50.10
 7954    6.60   77.90  205.00    4.20    4.45   67.74
 7955    6.90   77.10  207.00    3.40    5.54   79.87
 7956    6.90   77.10  197.00    3.20    3.55   58.90
 7957    7.00   78.70  193.00    3.50    4.64   51.30
 7958    7.10   78.90  203.00    3.60    5.32   28.56
 7959    6.90   77.90  201.00    3.00    0.00    4.50
 7960    6.90   79.30  185.00    2.40    0.00    0.00
 7961    6.80   80.40  184.00    2.80    0.00    0.00
 7962    6.80   80.80  180.00    2.70    0.00    0.00
 7963    6.70   82.00  176.00    2.90    0.00    0.00
 7964    6.70   82.70  189.00    2.70    0.00    0.00
 7965    6.60   83.00  188.00    2.70    0.00    0.00
 7966    6.30   84.80  187.00    2.30    0.00    0.00
 7967    5.70   90.00  203.00    2.30    0.00    0.00
 7968    5.50   95.50  205.00    2.10    0.00    0.00
 7969    5.60   97.60  198.00    2.10    0.00    0.00
 7970    5.80   98.20  214.00    1.90    0.00    0.00
 7971    6.00   98.40  215.00    1.70    0.00    0.00
 7972    6.30   98.30  235.00    1.90    0.00    0.00
 7973    6.50   98.30  240.00    1.40    0.00    0.00
 7974    6.50   98.50  219.00    1.60    0.00    0.00
 7975    6.40   98.50  198.00    1.60    0.00    0.00
 7976    6.40   98.30  199.00    1.60    3.01   25.24
 7977    6.50   97.80  195.00    1.80   41.85   90.02
 7978    6.70   97.30  216.00    1.90    7.46   83.77
 7979    6.80   97.30  193.00    2.00    3.18   60.23
 7980    7.10   97.10  185.00    1.70    1.68   40.28
 7981    7.30   96.50  184.00    2.10    2.59   38.00
 7982    7.40   96.20  169.00    2.20   88.95   46.70
 7983    7.10   95.90  161.00    1.60    0.00    3.80
 7984    7.30   96.00  147.00    2.30    0.00    0.00
 7985    7.40   96.00  167.00    2.50    0.00    0.00
 7986    7.50   95.70  151.00    2.80    0.00    0.00
 7987    7.10   95.60  137.00    3.10    0.00    0.00
 7988    7.20   95.90  151.00    2.90    0.00    0.00
 7989    7.50   95.60  140.00    3.40    0.00    0.00
 7990    7.30   95.10  139.00    3.70    0.00    0.00
 7991    6.90   95.10  154.00    3.70    0.00    0.00
 7992    6.20   95.30  147.00    3.30    0.00    0.00
 7993    5.90   95.80  146.00    3.40    0.00    0.00
 7994    5.60   95.90  139.00    3.60    0.00    0.00
 7995    5.80   95.40  139.00    3.40    0.00    0.00
 7996    6.00   94.20  142.00    3.80    0.00    0.00
 7997    6.00   93.20  147.00    3.20    0.00    0.00
 7998    5.80   93.10  135.00    3.10    0.00    0.00
 7999    5.20   94.40  142.00    3.00    0.00    0.00
 8000    5.60   95.00  146.00    3.20    2.20   21.05
 8001    6.40   92.00  147.00    3.00    7.11   64.56
 8002    7.40   87.60  171.00    2.70   59.01  116.53
 8003    8.50   82.60  191.00    3.00  162.02  129.82
 8004    9.20   79.00  190.00    2.70  205.34  117.39
 8005    8.80   79.10  209.00    2.70  124.41   90.73
 8006    8.70   81.50  207.00    2.00  127.63   46.51
 8007    8.30   84.10  186.00    2.00    0.00   11.00
 8008    8.20   86.30  193.00    1.90    0.00    0.00
 8009    8.00   89.60  212.00    2.20    0.00    0.00
 8010    7.80   93.70  230.00    2.40    0.00    0.00
 8011    7.90   95.20  216.00    2.30    0.00    0.00
 8012    7.70   94.90  221.00    2.40    0.00    0.00
 8013    7.70   95.40  215.00    2.00    0.00    0.00
 8014    7.40   95.30  244.00    2.40    0.00    0.00
 8015    7.10   94.40  262.00    2.70    0.00    0.00
 8016    6.90   88.30  282.00    3.00    0.00    0.00
 8017    5.50   88.40  286.00    2.70    0.00    0.00
 8018    4.70   88.90  265.00    2.40    0.00    0.00
 8019    3.90   89.10  267.00    2.40    0.00    0.00
 8020    3.10   90.90  235.00    2.30    0.00    0.00
 8021    2.60   93.60  235.00    2.20    0.00    0.00
 8022    3.30   94.10  234.00    2.20    0.00    0.00
 8023    3.80   93.10  242.00    2.10    0.00    0.00
 8024    4.20   91.30  244.00    2.20    3.85   26.97
 8025    5.00   88.90  215.00    2.00   39.62   86.81
 8026    5.30   85.40  213.00    2.30   51.41  113.61
 8027    5.70   81.70  192.00    3.10  129.94  128.87
 8028    6.00   79.60  234.00    3.30  238.82  114.31
 8029    6.80   77.00  226.00    3.60  295.60   83.50
 8030    6.50   75.40  195.00    2.80  536.96   32.41
 8031    5.40   79.20  172.00    2.40    0.00   17.40
 8032    4.50   84.40  181.00    2.00    0.00    0.00
 8033    3.80   88.30  166.00    2.20    0.00    0.00
 8034    3.70   90.90  153.00    2.20    0.00    0.00
 8035    2.80   91.80  161.00    2.30    0.00    0.00
 8036    2.70   91.50  157.00    3.20    0.00    0.00
 8037    2.20   90.10  154.00    3.00    0.00    0.00
 8038    1.90   89.30  144.00    3.00    0.00    0.00
 8039    1.60   88.60  152.00    3.20    0.00    0.00
 8040    0.70   88.70  148.00    2.30    0.00    0.00
 8041    0.80   90.50  139.00    2.20    0.00    0.00
 8042    0.80   91.60  137.00    3.30    0.00    0.00
 8043    0.60   91.80  130.00    3.20    0.00    0.00
 8044    0.70   91.70  145.00    3.60    0.00    0.00
 8045    0.60   92.60  145.00    3.20    0.00    0.00
 8046    0.60   93.70  132.00    3.00    0.00    0.00
 8047    0.70   94.40  137.00    3.30    0.00    0.00
 8048    0.90   94.70  139.00    2.80    5.57   31.49
 8049    1.60   94.50  141.00    3.10    6.87   62.05
 8050    2.60   94.00  150.00    3.60    2.57   49.46
 8051    3.40   92.70  150.00    4.60    3.23   58.94
 8052    3.90   91.10  142.00    3.80    3.30   54.69
 8053    5.00   88.70  150.00    3.50   54.53   83.99
 8054    4.80   86.90  144.00    3.30  737.43   22.80
 8055    4.10   88.30  146.00    3.50    0.00   15.60
 8056    3.50   91.40  142.00    3.10    0.00    0.00
 8057    2.90   94.20  123.00    2.90    0.00    0.00
 8058    2.90   95.00  132.00    3.10    0.00    0.00
 8059    2.70   94.80  133.00    3.20    0.00    0.00
 8060    2.10   95.20  124.00    2.70    0.00    0.00
 8061    1.80   95.40  125.00    2.80    0.00    0.00
 8062    1.30   95.40  116.00    2.10    0.00    0.00
 8063    0.90   95.80  108.00    2.00    0.00    0.00
 8064    1.30   97.00  109.00    2.60    0.00    0.00
 8065    1.60   98.00  109.00    1.80    0.00    0.00
 8066    1.90   97.90  111.00    1.90    0.00    0.00
 8067    2.00   97.80  115.00    1.90    0.00    0.00
 8068    2.00   97.90  114.00    2.20    0.00    0.00
 8069    2.00   97.90  109.00    2.10    0.00    0.00
 8070    2.10   97.80  111.00    2.00    0.00    0.00
 8071    2.20   98.10  128.00    2.30    0.00    0.00
 8072    2.40   98.60  110.00    1.80    1.06   13.49
 8073    3.10   99.00  130.00    2.20    4.16   48.50
 8074    3.60   98.60  122.00    2.60    4.02   61.01
 8075    4.20   97.00  129.00    2.40   43.14  116.41
 8076    4.60   94.40  125.00    2.50   53.56  109.52
 8077    5.10   91.00  134.00    2.80   49.46   82.31
 8078    4.90   90.60  128.00    2.90  114.88   44.11
 8079    4.60   93.80  120.00    2.40    0.00    3.40
 8080    4.20   95.90  112.00    2.70    0.00    0.00
 8081    4.10   96.20  109.00    2.40    0.00    0.00
 8082    4.00   96.40  130.00    2.70    0.00    0.00
 8083    3.80   96.50  135.00    2.80    0.00    0.00
 8084    3.80   96.00  133.00    2.80    0.00    0.00
 8085    3.30   95.50  128.00    2.40    0.00    0.00
 8086    3.30   94.60  131.00    2.80    0.00    0.00
 8087    3.00   93.80  145.00    2.70    0.00    0.00
 8088    2.40   92.40  144.00    2.70    0.00    0.00
 8089    2.00   91.80  135.00    2.80    0.00    0.00
 8090    1.90   92.40  117.00    2.30    0.00    0.00
 8091    1.20   93.60  128.00    2.30    0.00    0.00
 8092    1.20   94.50  139.00    2.80    0.00    0.00
 8093    1.30   94.50  139.00    3.10    0.00    0.00
 8094    1.40   93.80  140.00    2.70    0.00    0.00
 8095    1.60   93.30  139.00    2.90    0.00    0.00
 8096    1.60   93.00  124.00    2.30    3.18   22.67
 8097    2.40   91.60  130.00    2.60   23.04   77.21
 8098    3.30   88.40  137.00    3.60  144.61  117.50
 8099    3.90   85.80  146.00    3.50  177.28  124.90
 8100    4.40   84.20  136.00    3.40   73.59  112.02
 8101    4.40   84.10  141.00    3.70   80.12   85.42
 8102    3.90   86.00  130.00    3.90   39.88   39.68
 8103    4.20   87.40  134.00    3.30    0.00    4.00
 8104    4.70   86.90  118.00    2.60    0.00    0.00
 8105    4.80   86.90  119.00    2.60    0.00    0.00
 8106    4.50   88.30   92.00    2.90    0.00    0.00
 8107    3.20   90.30   84.00    3.40    0.00    0.00
 8108    2.60   92.00   93.00    3.10    0.00    0.00
 8109    2.50   93.00   94.00    2.70    0.00    0.00
 8110    2.60   93.10  107.00    2.50    0.00    0.00
 8111    2.70   92.80  100.00    2.30    0.00    0.00
 8112    2.80   92.40  115.00    1.70    0.00    0.00
 8113    3.00   92.30   77.00    2.30    0.00    0.00
 8114    3.20   92.60  104.00    1.90    0.00    0.00
 8115    3.50   93.10  102.00    1.60    0.00    0.00
 8116    3.70   93.60  111.00    1.90    0.00    0.00
 8117    3.80   94.40  112.00    1.80    0.00    0.00
 8118    4.10   96.10  101.00    1.30    0.00    0.00
 8119    4.20   97.20   94.00    2.10    0.00    0.00
 8120    4.40   97.40   96.00    1.80    0.42    8.06
 8121    4.50   97.10   58.00    2.00    2.58   37.31
 8122    4.50   96.90   93.00    1.80    3.17   53.23
 8123    4.60   97.20  166.00    1.00    1.87   43.91
 8124    4.50   96.50  226.00    1.10    1.36   34.48
 8125    4.40   96.30   71.00    0.80    3.87   43.70
 8126    4.30   97.50  239.00    1.40    1.84   15.04
 8127    4.30   97.90  235.00    1.70    0.00    3.30
 8128    4.30   97.20  241.00    2.60    0.00    0.00
 8129    3.90   95.20  261.00    2.30    0.00    0.00
 8130    3.80   92.70  236.00    2.20    0.00    0.00
 8131    3.60   90.70  225.00    2.50    0.00    0.00
 8132    3.20   89.80  242.00    2.80    0.00    0.00
 8133    2.60   91.00  239.00    2.60    0.00    0.00
 8134    2.40   92.50  231.00    2.90    0.00    0.00
 8135    2.30   93.00  217.00    2.50    0.00    0.00
 8136    2.60   93.70  201.00    1.70    0.00    0.00
 8137    2.90   94.60  195.00    2.60    0.00    0.00
 8138    2.90   94.70  217.00    2.30    0.00    0.00
 8139    2.90   94.30  195.00    2.30    0.00    0.00
 8140    2.80   94.10  153.00    2.50    0.00    0.00
 8141    2.40   94.20  150.00    3.00    0.00    0.00
 8142    1.50   95.20  138.00    2.90    0.00    0.00
 8143    1.10   97.10  136.00    3.40    0.00    0.00
 8144    0.90   97.60  134.00    3.80    1.63   15.44
 8145    1.70   95.80  128.00    3.80    7.51   60.41
 8146    2.80   93.10  139.00    4.00   31.58  101.82
 8147    4.30   88.20  143.00    3.80  122.11  123.54
 8148    4.20   84.80  143.00    3.80   16.83   91.22
 8149    4.50   84.40  146.00    4.00   34.50   76.82
 8150    4.40   85.10  134.00    4.10  127.16   42.45
 8151    4.60   86.50  145.00    3.60    0.00    1.90
 8152    4.60   87.20  146.00    3.90    0.00    0.00
 8153    4.60   87.50  145.00    3.30    0.00    0.00
 8154    4.80   87.60  142.00    3.00    0.00    0.00
 8155    4.90   87.10  151.00    2.80    0.00    0.00
 8156    5.10   86.10  151.00    3.00    0.00    0.00
 8157    4.90   86.00  157.00    2.80    0.00    0.00
 8158    4.50   87.20  159.00    2.30    0.00    0.00
 8159    3.90   89.70  146.00    3.20    0.00    0.00
 8160    4.40   89.90  151.00    3.60    0.00    0.00
 8161    4.20   88.70  155.00    3.10    0.00    0.00
 8162    3.80   90.00  163.00    2.60    0.00    0.00
 8163    4.20   90.90  162.00    2.50    0.00    0.00
 8164    4.70   90.70  154.00    2.20    0.00    0.00
 8165    5.10   90.30  166.00    2.60    0.00    0.00
 8166    5.80   90.60  168.00    2.10    0.00    0.00
 8167    6.10   92.50  167.00    2.30    0.00    0.00
 8168    6.90   93.50  176.00    2.60    2.33   17.98
 8169    7.40   93.00  186.00    2.80   12.28   66.75
 8170    8.00   92.90  202.00    2.80   14.78   89.68
 8171    9.10   90.50  209.00    2.90   43.64  113.04
 8172    9.50   87.40  213.00    2.80   76.40  110.03
 8173   10.20   85.70  226.00    2.80   74.66   83.03
 8174   10.20   84.80  215.00    2.20  142.77   42.01
 8175    9.10   86.60  196.00    2.40    0.00    7.00
 8176    8.50   90.00  171.00    2.10    0.00    0.00
 8177    8.80   91.10  174.00    1.90    0.00    0.00
 8178    8.00   91.10  156.00    2.10    0.00    0.00
 8179    7.20   92.30  154.00    2.70    0.00    0.00
 8180    6.60   94.00  145.00    2.90    0.00    0.00
 8181    6.50   94.40  143.00    2.70    0.00    0.00
 8182    6.50   93.60  148.00    3.30    0.00    0.00
 8183    6.80   91.90  154.00    3.40    0.00    0.00
 8184    7.20   91.90  150.00    3.50    0.00    0.00
 8185    7.50   92.40  134.00    3.80    0.00    0.00
 8186    7.50   92.50  132.00    3.90    0.00    0.00
 8187    7.70   94.20  155.00    3.60    0.00    0.00
 8188    8.50   96.50  175.00    3.50    0.00    0.00
 8189    9.40   97.50  211.00    4.20    0.00    0.00
 8190    9.80   97.20  221.00    3.80    0.00    0.00
 8191    9.90   96.70  233.00    3.50    0.00    0.00
 8192   10.00   96.00  223.00    4.10    5.17   25.92
 8193   10.70   94.20  240.00    3.30  112.83   86.67
 8194   11.90   91.20  237.00    3.60  328.79  102.51
 8195   12.90   84.70  237.00    4.10  516.22   89.21
 8196   13.80   77.10  226.00    3.80  397.56   94.89
 8197   13.00   75.70  221.00    3.60   84.89   83.31
 8198   13.20   77.90  227.00    3.40  306.96   38.32
 8199   12.70   80.50  205.00    2.20    0.00    6.90
 8200   12.30   84.60  188.00    2.60    0.00    0.00
 8201   12.80   87.80  209.00    2.60    0.00    0.00
 8202   12.70   92.90  228.00    2.40    0.00    0.00
 8203   12.90   97.00  228.00    3.30    0.00    0.00
 8204   13.10   97.40  214.00    3.40    0.00    0.00
 8205   13.00   96.90  222.00    3.60    0.00    0.00
 8206   12.90   96.30  222.00    3.50    0.00    0.00
 8207   12.40   96.40  205.00    3.20    0.00    0.00
 8208   12.20   95.70  223.00    3.10    0.00    0.00
 8209   12.00   95.50  233.00    3.10    0.00    0.00
 8210   11.90   96.40  231.00    2.80    0.00    0.00
 8211   11.90   97.00  227.00    3.00    0.00    0.00
 8212   11.90   97.50  224.00    2.80    0.00    0.00
 8213   11.80   97.30  216.00    3.20    0.00    0.00
 8214   11.50   96.60  225.00    2.60    0.00    0.00
 8215   11.40   96.70  226.00    3.00    0.00    0.00
 8216   11.40   96.70  223.00    3.00    1.34   12.98
 8217   11.70   95.80  232.00    2.90    3.95   43.79
 8218   11.90   96.10  234.00    3.00    5.30   66.16
 8219   12.10   97.00  233.00    3.00    5.30   71.36
 8220   12.10   97.20  227.00    2.30    6.72   73.04
 8221   12.10   97.00  215.00    2.30   31.72   74.53
 8222   11.90   97.20  202.00    2.00  410.13   34.40
 8223   11.80   97.60  211.00    1.80    0.00    5.20
 8224   11.60   97.60  175.00    1.50    0.00    0.00
 8225   11.40   97.40  156.00    2.50    0.00    0.00
 8226   11.20   97.70  171.00    2.20    0.00    0.00
 8227   11.30   97.50  166.00    2.60    0.00    0.00
 8228   11.10   96.50  168.00    2.40    0.00    0.00
 8229   11.50   96.00  175.00    2.10    0.00    0.00
 8230   11.40   96.10  176.00    2.10    0.00    0.00
 8231   11.20   95.80  205.00    2.30    0.00    0.00
 8232   10.90   95.30  205.00    2.40    0.00    0.00
 8233   10.90   95.10  215.00    2.00    0.00    0.00
 8234   10.60   94.60  222.00    2.60    0.00    0.00
 8235   10.50   94.10  208.00    2.30    0.00    0.00
 8236   10.70   93.50  234.00    3.00    0.00    0.00
 8237   10.70   92.50  235.00    3.50    0.00    0.00
 8238   10.30   91.70  236.00    3.50    0.00    0.00
 8239   10.40   91.90  230.00    2.80    0.00    0.00
 8240   10.70   91.60  229.00    2.90    0.37    6.67
 8241   10.90   90.60  230.00    3.00    9.03   60.40
 8242   11.50   89.90  238.00    3.30   29.38   97.58
 8243   12.00   89.60  236.00    3.80   13.56   93.10
 8244   12.40   88.90  236.00    3.20    9.86   80.52
 8245   12.60   88.00  227.00    3.00   19.49   69.00
 8246   12.50   88.10  221.00    3.00   10.66   30.19
 8247   12.00   89.90  231.00    3.20    0.00    3.50
 8248   11.80   92.20  222.00    3.00    0.00    0.00
 8249   11.60   93.20  238.00    3.20    0.00    0.00
 8250   11.70   93.50  241.00    2.90    0.00    0.00
 8251   11.60   93.10  221.00    3.40    0.00    0.00
 8252   11.50   93.20  240.00    3.30    0.00    0.00
 8253   11.40   94.00  228.00    3.60    0.00    0.00
 8254   11.30   94.90  236.00    3.40    0.00    0.00
 8255   11.30   95.00  235.00    3.50    0.00    0.00
 8256   11.00   94.40  226.00    3.50    0.00    0.00
 8257   10.80   94.30  236.00    3.70    0.00    0.00
 8258   10.40   94.60  239.00    3.50    0.00    0.00
 8259   10.50   94.10  254.00    3.50    0.00    0.00
 8260   10.90   90.70  248.00    3.40    0.00    0.00
 8261   10.90   86.40  252.00    3.90    0.00    0.00
 8262   10.90   82.80  255.00    3.80    0.00    0.00
 8263   10.80   79.50  254.00    3.80    0.00    0.00
 8264   10.00   79.70  247.00    3.30    4.23   21.84
 8265   10.20   80.30  233.00    3.80   33.50   74.84
 8266   11.00   77.80  248.00    4.70   95.95  109.68
 8267   11.00   75.00  264.00    5.40  114.49  119.55
 8268   11.10   73.70  275.00    5.10   53.76  104.23
 8269   10.90   74.70  253.00    4.40   96.43   82.73
 8270   10.80   75.90  257.00    4.50  122.77   40.70
 8271   10.50   76.10  221.00    4.50    0.00    3.20
 8272    9.90   77.60  252.00    3.20    0.00    0.00
 8273    9.00   80.50  263.00    3.20    0.00    0.00
 8274    8.90   81.60  262.00    3.80    0.00    0.00
 8275    8.40   81.40  256.00    3.00    0.00    0.00
 8276    7.10   85.00  241.00    2.70    0.00    0.00
 8277    6.80   89.90  239.00    2.60    0.00    0.00
 8278    6.70   91.60  231.00    2.40    0.00    0.00
 8279    6.20   92.40  243.00    1.90    0.00    0.00
 8280    5.30   93.50  248.00    2.80    0.00    0.00
 8281    4.90   94.60  251.00    2.50    0.00    0.00
 8282    4.70   95.50  254.00    2.20    0.00    0.00
 8283    4.10   95.60  246.00    3.10    0.00    0.00
 8284    4.00   95.60  249.00    2.50    0.00    0.00
 8285    3.60   96.30  248.00    1.60    0.00    0.00
 8286    2.90   97.50  193.00    1.40    0.00    0.00
 8287    2.90   97.90  228.00    2.20    0.00    0.00
 8288    3.50   97.20  238.00    2.00    2.30   15.81
 8289    4.10   95.70  241.00    1.40   12.68   63.50
 8290    4.80   94.20  222.00    1.10   44.33  101.55
 8291    5.00   93.60  205.00    1.10  410.99   99.43
 8292    6.60   89.60  220.00    0.90  594.67   71.87
 8293    7.60   83.50  190.00    0.90  636.87   50.77
 8294    7.00   82.90   93.00    1.00  885.87   15.85
 8295    5.70   87.70  120.00    1.50    0.00   13.00
 8296    5.00   92.80  117.00    1.90    0.00    0.00
 8297    5.70   95.10  118.00    2.20    0.00    0.00
 8298    5.80   95.90  109.00    2.10    0.00    0.00
 8299    5.70   96.50  100.00    2.10    0.00    0.00
 8300    5.90   96.60  112.00    2.00    0.00    0.00
 8301    5.70   96.30  119.00    1.90    0.00    0.00
 8302    5.80   95.70  167.00    1.60    0.00    0.00
 8303    6.00   95.80  163.00    1.90    0.00    0.00
 8304    6.10   96.00  179.00    1.40    0.00    0.00
 8305    6.10   95.50  199.00    1.90    0.00    0.00
 8306    6.00   95.40  229.00    2.00    0.00    0.00
 8307    5.80   96.10  284.00    1.90    0.00    0.00
 8308    5.90   97.10  216.00    1.60    0.00    0.00
 8309    5.80   97.90  185.00    1.50    0.00    0.00
 8310    5.80   98.50  211.00    2.00    0.00    0.00
 8311    5.20   98.90  212.00    2.90    0.00    0.00
 8312    4.90   99.10  208.00    2.60    0.96   10.02
 8313    5.00   98.50  217.00    2.40    4.20   43.28
 8314    5.60   97.10  220.00    2.50    4.77   61.12
 8315    6.50   95.30  253.00    2.80    4.64   65.45
 8316    7.30   92.60  230.00    3.10    4.36   58.70
 8317    8.30   89.50  227.00    3.00  165.79   82.86
 8318    8.70   87.40  244.00    3.30  313.91   37.09
 8319    9.00   86.10  240.00    3.40    0.00    2.90
 8320    8.90   86.90  239.00    3.40    0.00    0.00
 8321    9.00   88.30  253.00    3.50    0.00    0.00
 8322    9.20   88.20  253.00    3.40    0.00    0.00
 8323    9.20   87.70  267.00    3.90    0.00    0.00
 8324    8.60   88.80  268.00    3.70    0.00    0.00
 8325    7.70   91.50  288.00    3.00    0.00    0.00
 8326    7.70   92.90  292.00    2.90    0.00    0.00
 8327    7.80   91.10  262.00    2.90    0.00    0.00
 8328    7.60   88.00  263.00    2.50    0.00    0.00
 8329    7.50   85.60  263.00    3.00    0.00    0.00
 8330    7.20   85.00  265.00    3.00    0.00    0.00
 8331    6.80   85.50  273.00    3.20    0.00    0.00
 8332    6.10   86.60  272.00    3.90    0.00    0.00
 8333    6.00   86.60  280.00    4.30    0.00    0.00
 8334    5.90   85.90  256.00    3.80    0.00    0.00
 8335    6.10   86.30  244.00    3.20    0.00    0.00
 8336    6.00   87.30  248.00    3.50    1.66   12.87
 8337    5.60   89.40  221.00    3.00   22.97   68.90
 8338    4.80   92.10  214.00    3.30  228.84  105.92
 8339    4.90   93.00  220.00    3.50  316.25  108.22
 8340    6.00   90.10  219.00    3.50  339.93   98.05
 8341    6.50   85.50  238.00    4.90  161.52   82.77
 8342    6.40   82.10  199.00    4.50    4.74   22.50
 8343    6.30   80.80  194.00    3.40    0.00    2.00
 8344    6.00   81.40  212.00    3.60    0.00    0.00
 8345    5.50   83.50  195.00    3.20    0.00    0.00
 8346    5.70   85.70  209.00    3.40    0.00    0.00
 8347    6.60   86.30  205.00    4.50    0.00    0.00
 8348    6.60   86.70  212.00    3.80    0.00    0.00
 8349    6.80   86.90  217.00    3.60    0.00    0.00
 8350    7.00   85.80  213.00    3.60    0.00    0.00
 8351    7.00   85.30  223.00    3.90    0.00    0.00
 8352    6.90   84.50  220.00    3.30    0.00    0.00
 8353    6.80   84.10  224.00    3.50    0.00    0.00
 8354    6.70   84.60  222.00    4.20    0.00    0.00
 8355    6.70   85.20  227.00    3.50    0.00    0.00
 8356    6.80   84.90  199.00    3.70    0.00    0.00
 8357    6.60   84.40  189.00    3.70    0.00    0.00
 8358    6.50   84.70  181.00    3.30    0.00    0.00
 8359    6.00   85.90  185.00    3.10    0.00    0.00
 8360    5.50   87.30  185.00    3.00    3.17   17.35
 8361    5.50   87.50  169.00    2.70   51.85   76.07
 8362    6.10   85.60  179.00    4.10  228.87  105.38
 8363    7.30   80.50  175.00    3.00  433.02   95.88
 8364    8.10   74.70  178.00    3.80  513.39   80.27
 8365    8.50   71.10  178.00    3.70  629.16   51.14
 8366    7.80   70.50  160.00    2.80  886.11   15.81
 8367    7.00   72.90  180.00    2.70    0.00   12.70
 8368    6.00   75.70  171.00    2.40    0.00    0.00
 8369    5.00   78.40  172.00    2.40    0.00    0.00
 8370    4.30   82.40  148.00    2.80    0.00    0.00
 8371    4.00   85.50  146.00    2.60    0.00    0.00
 8372    4.30   86.80  160.00    2.60    0.00    0.00
 8373    3.80   87.30  166.00    2.70    0.00    0.00
 8374    3.30   87.10  154.00    3.10    0.00    0.00
 8375    3.30   87.00  153.00    2.70    0.00    0.00
 8376    3.00   89.00  147.00    2.60    0.00    0.00
 8377    2.80   90.60  147.00    2.20    0.00    0.00
 8378    2.80   90.40  134.00    2.00    0.00    0.00
 8379    2.40   90.90  135.00    2.30    0.00    0.00
 8380    2.80   90.30  155.00    2.30    0.00    0.00
 8381    2.50   89.50  143.00    2.50    0.00    0.00
 8382    2.20   90.40  146.00    2.30    0.00    0.00
 8383    2.00   92.00  141.00    1.90    0.00    0.00
 8384    2.10   92.80  138.00    2.00    5.59   22.47
 8385    2.80   92.40  120.00    2.20  112.37   80.12
 8386    4.40   87.80  142.00    2.10  280.51  101.46
 8387    5.30   81.80  106.00    2.60  401.28   99.07
 8388    6.30   78.10  111.00    2.00  486.04   83.09
 8389    6.40   76.40  120.00    2.00  560.82   56.88
 8390    6.30   77.00  121.00    2.10  892.71   15.72
 8391    4.90   81.10  114.00    2.50    0.00   16.20
 8392    4.50   85.50  119.00    2.40    0.00    0.00
 8393    4.40   86.60  134.00    3.10    0.00    0.00
 8394    3.20   89.00   84.00    1.80    0.00    0.00
 8395    3.00   91.90   91.00    1.60    0.00    0.00
 8396    2.80   93.10  107.00    2.10    0.00    0.00
 8397    2.30   94.30  112.00    2.40    0.00    0.00
 8398    1.50   95.20  105.00    2.30    0.00    0.00
 8399    1.00   94.90  132.00    2.30    0.00    0.00
 8400    0.40   95.10  108.00    2.60    0.00    0.00
 8401    0.10   95.70  102.00    2.20    0.00    0.00
 8402   -0.10   95.70  111.00    2.20    0.00    0.00
 8403   -0.40   96.00  122.00    2.00    0.00    0.00
 8404   -0.60   95.90  114.00    2.20    0.00    0.00
 8405   -0.70   96.00  137.00    1.60    0.00    0.00
 8406   -0.70   95.80  119.00    2.60    0.00    0.00
 8407   -1.10   95.90  118.00    2.20    0.00    0.00
 8408   -1.20   95.90  176.00    1.50    3.67   17.92
 8409   -0.30   94.40  163.00    2.30   71.87   77.38
 8410    1.10   90.70  220.00    2.20  265.67  102.13
 8411    2.10   85.80  241.00    2.50  426.22   96.14
 8412    3.50   81.70  230.00    2.30  491.41   82.43
 8413    4.40   78.50  236.00    2.40  600.48   53.56
 8414    4.40   78.40  228.00    2.60  881.88   15.99
 8415    4.10   81.60  223.00    2.10    0.00   12.60
 8416    3.60   85.10  219.00    2.00    0.00    0.00
 8417    3.60   88.00  235.00    2.80    0.00    0.00
 8418    4.10   89.00  236.00    3.20    0.00    0.00
 8419    4.70   88.90  231.00    1.90    0.00    0.00
 8420    5.20   89.80  231.00    2.40    0.00    0.00
 8421    6.00   89.60  226.00    2.90    0.00    0.00
 8422    6.40   88.20  234.00    2.40    0.00    0.00
 8423    5.50   88.70  208.00    2.30    0.00    0.00
 8424    5.20   88.60  195.00    2.20    0.00    0.00
 8425    5.40   88.40  189.00    2.80    0.00    0.00
 8426    5.20   88.70  176.00    2.70    0.00    0.00
 8427    4.60   89.20  171.00    2.30    0.00    0.00
 8428    5.10   88.20  173.00    3.40    0.00    0.00
 8429    5.40   85.50  185.00    2.70    0.00    0.00
 8430    5.90   84.50  198.00    2.80    0.00    0.00
 8431    6.10   84.30  190.00    2.20    0.00    0.00
 8432    6.50   84.30  192.00    2.70    1.65   11.88
 8433    7.30   83.30  192.00    3.10    9.26   56.67
 8434    8.60   81.10  181.00    2.90  103.57  106.28
 8435   10.00   76.90  188.00    3.20  274.41  110.67
 8436   10.30   73.90  196.00    3.20  367.95   94.93
 8437   10.70   73.30  202.00    3.60  585.28   54.90
 8438   10.50   73.70  197.00    3.50  809.49   18.18
 8439    9.40   76.20  177.00    2.90    0.00   10.60
 8440    8.20   80.10  158.00    2.70    0.00    0.00
 8441    8.00   82.60  155.00    3.30    0.00    0.00
 8442    7.20   83.80  151.00    3.30    0.00    0.00
 8443    6.70   85.50  163.00    3.00    0.00    0.00
 8444    6.20   86.70  153.00    3.00    0.00    0.00
 8445    5.70   87.10  155.00    2.90    0.00    0.00
 8446    5.40   87.50  165.00    3.20    0.00    0.00
 8447    5.40   88.20  157.00    2.80    0.00    0.00
 8448    5.40   89.70  148.00    3.30    0.00    0.00
 8449    5.10   91.10  146.00    2.80    0.00    0.00
 8450    4.90   90.70  138.00    3.50    0.00    0.00
 8451    4.50   90.90  162.00    3.20    0.00    0.00
 8452    4.60   91.10  140.00    4.00    0.00    0.00
 8453    4.90   89.40  156.00    3.90    0.00    0.00
 8454    4.90   88.50  165.00    2.90    0.00    0.00
 8455    5.00   88.10  173.00    2.90    0.00    0.00
 8456    5.80   86.30  175.00    2.90    1.54   11.29
 8457    7.60   82.00  188.00    3.30    5.18   45.85
 8458    8.10   78.00  179.00    3.90    3.91   54.03
 8459    8.50   76.10  182.00    3.30    4.69   64.76
 8460    8.60   74.80  195.00    4.00    4.57   59.47
 8461    8.80   74.90  194.00    3.50    3.93   42.12
 8462    9.20   75.20  196.00    3.40   40.19   37.47
 8463    9.30   76.20  196.00    3.20    0.00   13.00
 8464    9.30   78.10  194.00    3.30    0.00    0.00
 8465    9.40   79.20  200.00    2.90    0.00    0.00
 8466    9.60   80.10  195.00    2.90    0.00    0.00
 8467    9.90   80.00  197.00    2.40    0.00    0.00
 8468    9.90   79.60  192.00    2.00    0.00    0.00
 8469    9.90   80.80  219.00    2.40    0.00    0.00
 8470    9.70   82.90  221.00    2.40    0.00    0.00
 8471    9.00   86.30  221.00    2.30    0.00    0.00
 8472    8.70   89.60  227.00    2.30    0.00    0.00
 8473    8.40   91.00  236.00    2.00    0.00    0.00
 8474    8.40   92.10  236.00    1.80    0.00    0.00
 8475    8.40   92.80  245.00    1.80    0.00    0.00
 8476    8.50   93.40  250.00    1.50    0.00    0.00
 8477    8.50   93.40  301.00    2.40    0.00    0.00
 8478    7.60   93.00  311.00    2.00    0.00    0.00
 8479    7.00   94.40  267.00    1.50    0.00    0.00
 8480    6.80   96.70  206.00    0.80    1.01    9.03
 8481    7.30   96.60  271.00    1.20    6.13   49.50
 8482    8.00   94.50  292.00    1.00   64.16  102.12
 8483    8.60   91.20  331.00    1.10  100.41  115.84
 8484    9.10   86.70   27.00    0.90  224.17  106.22
 8485    9.10   84.20   11.00    0.40  584.01   55.24
 8486    8.80   84.10  176.00    0.90  793.22   19.03
 8487    7.10   88.90   96.00    1.10    0.00   12.60
 8488    4.70   94.90   77.00    2.20    0.00    0.00
 8489    5.30   97.20  101.00    2.40    0.00    0.00
 8490    5.40   98.40   79.00    2.10    0.00    0.00
 8491    5.50   98.80   85.00    2.00    0.00    0.00
 8492    5.80   98.60   97.00    1.40    0.00    0.00
 8493    5.90   98.30   86.00    2.30    0.00    0.00
 8494    6.10   98.40  111.00    1.70    0.00    0.00
 8495    6.40   98.80   85.00    2.60    0.00    0.00
 8496    6.60   99.10   90.00    3.00    0.00    0.00
 8497    7.00   98.70  102.00    2.60    0.00    0.00
 8498    7.10   98.50   93.00    2.60    0.00    0.00
 8499    7.20   98.50   93.00    3.10    0.00    0.00
 8500    7.30   98.90   97.00    3.00    0.00    0.00
 8501    7.40   99.20  104.00    3.40    0.00    0.00
 8502    7.30   99.20   99.00    3.10    0.00    0.00
 8503    7.10   98.90   99.00    3.80    0.00    0.00
 8504    6.80   98.50   91.00    4.60    0.24    4.38
 8505    6.70   98.40   98.00    5.20    1.18   21.91
 8506    6.70   98.10  109.00    4.50    1.75   36.21
 8507    6.60   97.60  100.00    4.30    2.79   50.02
 8508    6.80   96.80  109.00    4.70    4.55   59.47
 8509    6.80   95.50   95.00    3.50  123.79   83.36
 8510    6.90   94.10  100.00    4.60  451.39   33.30
 8511    7.00   93.80   96.00    4.60    0.00   11.70
 8512    7.00   94.50   99.00    4.90    0.00    0.00
 8513    6.80   94.90   97.00    4.80    0.00    0.00
 8514    6.80   95.60   93.00    4.00    0.00    0.00
 8515    6.70   96.50   84.00    5.00    0.00    0.00
 8516    6.10   97.40   81.00    4.60    0.00    0.00
 8517    5.70   98.20   87.00    4.40    0.00    0.00
 8518    5.40   98.20   86.00    4.70    0.00    0.00
 8519    5.10   98.10   83.00    4.20    0.00    0.00
 8520    5.10   97.30  103.00    4.80    0.00    0.00
 8521    4.80   96.30  108.00    4.50    0.00    0.00
 8522    4.80   96.00  105.00    4.30    0.00    0.00
 8523    4.30   96.60   85.00    4.30    0.00    0.00
 8524    3.90   97.50   92.00    4.00    0.00    0.00
 8525    3.80   97.80   84.00    3.90    0.00    0.00
 8526    3.50   97.80   83.00    4.20    0.00    0.00
 8527    3.40   98.40   92.00    4.30    0.00    0.00
 8528    3.50   98.30   94.00    4.70    0.40    5.57
 8529    3.60   97.60   91.00    4.70    1.61   25.44
 8530    3.60   97.30   87.00    4.90    1.29   31.11
 8531    3.30   96.80   89.00    4.60    1.44   36.15
 8532    3.10   96.40   88.00    4.80    1.46   33.97
 8533    2.80   96.50   90.00    4.20    1.54   26.73
 8534    2.60   96.20   91.00    5.00    2.04   15.52
 8535    2.30   96.20   82.00    4.30    0.00    1.90
 8536    2.10   96.70   82.00    4.40    0.00    0.00
 8537    2.10   96.80   91.00    4.40    0.00    0.00
 8538    2.00   95.90   90.00    5.30    0.00    0.00
 8539    1.70   95.50   69.00    5.90    0.00    0.00
 8540    1.50   95.90   69.00    5.50    0.00    0.00
 8541    1.60   96.00   82.00    5.30    0.00    0.00
 8542    1.60   95.50   73.00    5.40    0.00    0.00
 8543    1.40   95.30   73.00    5.30    0.00    0.00
 8544    1.20   96.00   71.00    5.60    0.00    0.00
 8545    1.30   96.50   76.00    5.20    0.00    0.00
 8546    1.60   95.50   78.00    5.50    0.00    0.00
 8547    1.70   94.70   70.00    5.00    0.00    0.00
 8548    1.80   93.00   84.00    5.30    0.00    0.00
 8549    2.10   89.50   81.00    5.10    0.00    0.00
 8550    2.30   87.00   80.00    5.20    0.00    0.00
 8551    2.30   85.20   72.00    5.10    0.00    0.00
 8552    2.30   83.30   72.00    5.50    1.06    8.93
 8553    2.40   81.90   70.00    5.80    3.92   39.37
 8554    2.30   79.60   71.00    5.80    2.59   43.83
 8555    2.30   76.70   70.00    5.40    2.77   49.93
 8556    2.50   74.00   79.00    5.50    2.52   44.63
 8557    2.70   70.70   79.00    5.70    3.34   39.42
 8558    3.00   68.00   77.00    5.70    5.42   25.42
 8559    3.20   66.50   82.00    5.80    0.00    2.10
 8560    3.50   65.60   82.00    4.70    0.00    0.00
 8561    3.70   63.60   78.00    5.40    0.00    0.00
 8562    3.60   61.70   78.00    4.40    0.00    0.00
 8563    2.50   64.30   68.00    3.20    0.00    0.00
 8564    3.30   67.10   57.00    4.10    0.00    0.00
 8565    2.80   71.00   49.00    4.40    0.00    0.00
 8566    2.30   77.00   58.00    4.30    0.00    0.00
 8567    1.60   80.70   43.00    4.30    0.00    0.00
 8568    1.10   83.20   58.00    4.30    0.00    0.00
 8569    0.80   84.10   63.00    5.80    0.00    0.00
 8570    0.20   84.30   60.00    4.60    0.00    0.00
 8571   -0.60   82.50   67.00    4.60    0.00    0.00
 8572   -0.90   80.40   63.00    4.90    0.00    0.00
 8573   -1.10   80.30   65.00    5.00    0.00    0.00
 8574   -0.70   78.90   65.00    4.50    0.00    0.00
 8575   -0.70   76.70   66.00    4.80    0.00    0.00
 8576   -1.00   75.80   59.00    5.30    4.03   17.12
 8577   -1.50   76.20   66.00    5.40   67.35   74.67
 8578   -1.40   74.30   71.00    5.60  249.03  101.99
 8579   -1.10   70.20   78.00    5.40  468.77   91.24
 8580   -1.20   68.30   57.00    5.60  622.10   68.65
 8581   -1.50   68.80   50.00    5.20  789.56   39.13
 8582   -2.20   70.10   61.00    5.00  951.12   16.90
 8583   -3.00   71.90   61.00    5.50    0.00   15.30
 8584   -3.30   73.90   61.00    5.20    0.00    0.00
 8585   -3.70   74.70   69.00    4.90    0.00    0.00
 8586   -3.90   74.90   71.00    4.20    0.00    0.00
 8587   -3.90   74.40   79.00    5.50    0.00    0.00
 8588   -4.40   74.60   82.00    4.80    0.00    0.00
 8589   -5.00   77.00   81.00    4.50    0.00    0.00
 8590   -5.30   79.80   80.00    4.50    0.00    0.00
 8591   -5.80   81.80   80.00    4.30    0.00    0.00
 8592   -6.10   84.00   74.00    4.20    0.00    0.00
 8593   -6.40   85.20   74.00    4.00    0.00    0.00
 8594   -6.70   86.10   91.00    3.20    0.00    0.00
 8595   -6.50   87.10   92.00    3.50    0.00    0.00
 8596   -6.80   86.90   85.00    3.80    0.00    0.00
 8597   -7.30   87.50   82.00    4.30    0.00    0.00
 8598   -7.40   88.80   76.00    3.70    0.00    0.00
 8599   -7.50   89.00   72.00    3.40    0.00    0.00
 8600   -7.70   88.90   93.00    2.90    3.77   16.44
 8601   -7.20   87.50   86.00    3.60   95.11   76.52
 8602   -6.20   82.60   97.00    3.30  371.89   92.22
 8603   -5.10   77.50   89.00    3.00  515.17   86.06
 8604   -4.40   73.70   74.00    3.10  662.41   64.39
 8605   -3.70   71.20   63.00    3.30  802.84   38.38
 8606   -3.30   70.70   81.00    2.20  840.47   18.48
 8607   -4.10   72.00   61.00    2.60    0.00   13.00
 8608   -4.60   75.40  108.00    2.00    0.00    0.00
 8609   -4.90   76.60   92.00    2.20    0.00    0.00
 8610   -4.90   77.30   81.00    2.70    0.00    0.00
 8611   -5.00   79.20   73.00    2.30    0.00    0.00
 8612   -5.30   81.30   94.00    2.20    0.00    0.00
 8613   -5.60   83.80   82.00    1.80    0.00    0.00
 8614   -5.90   85.50   74.00    2.30    0.00    0.00
 8615   -6.20   86.90   75.00    2.20    0.00    0.00
 8616   -6.30   86.80  105.00    1.80    0.00    0.00
 8617   -6.70   86.30  113.00    1.10    0.00    0.00
 8618   -7.00   87.30   94.00    1.30    0.00    0.00
 8619   -6.50   87.90  111.00    1.00    0.00    0.00
 8620   -6.20   87.70  189.00    1.20    0.00    0.00
 8621   -6.30   87.70  196.00    0.80    0.00    0.00
 8622   -6.80   88.30  168.00    0.80    0.00    0.00
 8623   -6.40   88.60  196.00    1.10    0.00    0.00
 8624   -6.60   88.30  223.00    1.20    2.83   14.21
 8625   -5.30   85.80  291.00    1.60   62.67   74.04
 8626   -3.70   81.00  292.00    1.40  291.47   99.16
 8627   -2.20   74.60  278.00    1.60  413.52   97.76
 8628   -0.70   66.40  276.00    1.30  531.85   79.26
 8629   -0.10   61.80  358.00    2.00  547.03   60.11
 8630    0.00   66.90   49.00    1.90  133.91   44.61
 8631   -0.10   80.50  319.00    1.70    0.00    3.30
 8632    0.00   90.90  277.00    1.40    0.00    0.00
 8633    0.00   91.70  286.00    1.90    0.00    0.00
 8634   -0.10   92.00  274.00    1.30    0.00    0.00
 8635    0.00   94.30  288.00    2.00    0.00    0.00
 8636    0.00   95.20  271.00    1.50    0.00    0.00
 8637   -0.10   95.70  279.00    1.70    0.00    0.00
 8638   -0.10   96.50  278.00    1.90    0.00    0.00
 8639   -0.10   96.70  275.00    1.90    0.00    0.00
 8640    0.00   97.00  280.00    1.70    0.00    0.00
 8641   -0.10   97.20  286.00    2.10    0.00    0.00
 8642    0.00   97.00  277.00    2.30    0.00    0.00
 8643    0.10   96.90  280.00    2.30    0.00    0.00
 8644    0.10   97.00  251.00    2.30    0.00    0.00
 8645    0.10   97.30  263.00    2.30    0.00    0.00
 8646    0.10   97.20  271.00    2.80    0.00    0.00
 8647    0.20   97.40  280.00    3.30    0.00    0.00
 8648    0.10   97.60  260.00    4.10    0.28    4.48
 8649   -0.20   97.50  285.00    4.10    2.50   31.40
 8650   -0.20   97.60  249.00    3.90    3.91   53.84
 8651   -0.30   97.90  274.00    5.40    2.56   48.37
 8652   -0.20   97.90  275.00    4.90    2.80   47.65
 8653    0.10   98.40  264.00    5.10    3.01   38.36
 8654    0.60   99.10  290.00    5.00    2.52   18.46
 8655    1.00   99.10  282.00    4.10    0.00    3.60
 8656    1.90   98.80  280.00    4.30    0.00    0.00
 8657    2.90   98.30  288.00    4.40    0.00    0.00
 8658    3.80   98.00  284.00    4.70    0.00    0.00
 8659    4.60   96.90  300.00    4.30    0.00    0.00
 8660    4.60   95.80  307.00    4.20    0.00    0.00
 8661    3.40   95.80  316.00    3.70    0.00    0.00
 8662    2.40   96.10  305.00    3.40    0.00    0.00
 8663    2.10   95.00  313.00    3.80    0.00    0.00
 8664    1.30   93.40  301.00    3.80    0.00    0.00
 8665    1.10   92.90  285.00    3.50    0.00    0.00
 8666    0.60   92.50  291.00    3.50    0.00    0.00
 8667    0.80   91.10  309.00    4.30    0.00    0.00
 8668    0.50   89.90  308.00    4.00    0.00    0.00
 8669    0.10   91.10  301.00    3.50    0.00    0.00
 8670   -0.20   93.20  302.00    3.30    0.00    0.00
 8671   -0.90   94.20  311.00    3.00    0.00    0.00
 8672   -0.90   94.60  296.00    2.70    3.53   15.76
 8673    0.40   92.10  317.00    3.30  102.65   76.90
 8674    1.50   86.30  310.00    3.30  396.68   90.35
 8675    2.40   81.30  303.00    3.70  582.69   78.76
 8676    3.20   77.60  293.00    3.40  726.81   58.14
 8677    3.70   74.30  291.00    4.00  812.29   38.53
 8678    3.40   73.60  280.00    3.80  904.32   17.71
 8679    2.30   78.20  271.00    3.00    0.00   15.50
 8680    1.20   85.10  270.00    3.20    0.00    0.00
 8681    1.10   89.80  281.00    3.30    0.00    0.00
 8682    0.90   91.20  266.00    3.30    0.00    0.00
 8683    1.10   92.40  264.00    3.50    0.00    0.00
 8684    1.20   94.00  258.00    3.60    0.00    0.00
 8685    0.70   94.30  263.00    3.80    0.00    0.00
 8686    0.20   94.20  246.00    4.10    0.00    0.00
 8687    0.40   94.40  274.00    4.50    0.00    0.00
 8688    1.00   95.20  266.00    4.20    0.00    0.00
 8689    1.40   96.00  281.00    3.90    0.00    0.00
 8690    2.00   96.20  271.00    4.70    0.00    0.00
 8691    2.50   95.60  283.00    5.20    0.00    0.00
 8692    2.80   94.90  271.00    5.10    0.00    0.00
 8693    3.00   94.40  280.00    5.30    0.00    0.00
 8694    3.10   93.50  280.00    4.60    0.00    0.00
 8695    3.20   92.70  271.00    4.30    0.00    0.00
 8696    2.90   92.50  272.00    4.20    1.46   10.20
 8697    3.20   92.30  279.00    4.00    7.58   52.68
 8698    3.60   91.10  271.00    4.80   19.85   88.10
 8699    4.10   89.00  278.00    4.80   51.09  111.22
 8700    4.90   86.70  279.00    5.70  225.09  109.34
 8701    4.80   85.60  279.00    4.60   45.46   81.03
 8702    4.50   87.80  280.00    4.80    4.10   24.30
 8703    4.40   91.30  286.00    4.40    0.00    3.00
 8704    4.50   92.30  286.00    5.20    0.00    0.00
 8705    4.50   91.20  286.00    4.90    0.00    0.00
 8706    4.50   91.00  299.00    4.10    0.00    0.00
 8707    4.20   91.60  309.00    4.40    0.00    0.00
 8708    2.80   90.70  357.00    3.40    0.00    0.00
 8709    2.90   88.10  329.00    3.80    0.00    0.00
 8710    2.20   83.30  328.00    4.80    0.00    0.00
 8711    1.50   75.90  337.00    3.90    0.00    0.00
 8712    0.80   72.80  322.00    4.30    0.00    0.00
 8713    0.40   74.50  305.00    4.70    0.00    0.00
 8714   -0.10   75.20  294.00    4.00    0.00    0.00
 8715   -0.50   75.60  284.00    3.90    0.00    0.00
 8716   -0.10   73.40  299.00    4.70    0.00    0.00
 8717    0.30   74.50  294.00    4.90    0.00    0.00
 8718    0.20   79.80  303.00    5.00    0.00    0.00
 8719    0.40   82.50  284.00    4.80    0.00    0.00
 8720    0.20   83.40  285.00    5.50    4.30   17.41
 8721    0.50   82.70  285.00    5.60  101.51   77.21
 8722    1.20   79.20  300.00    6.20  276.26  101.31
 8723    1.70   76.00  309.00    6.30  434.41   96.87
 8724    2.20   72.40  311.00    6.10  546.37   79.27
 8725    2.50   68.30  320.00    6.90  440.90   71.32
 8726    2.60   66.10  319.00    6.60  247.51   46.04
 8727    2.20   64.90  314.00    6.40    0.00    4.60
 8728    1.60   66.30  315.00    5.50    0.00    0.00
 8729    1.00   71.40  310.00    5.70    0.00    0.00
 8730    0.60   75.70  297.00    5.20    0.00    0.00
 8731    0.30   77.90  288.00    4.60    0.00    0.00
 8732    0.20   81.60  289.00    5.40    0.00    0.00
 8733   -0.30   84.50  296.00    5.10    0.00    0.00
 8734   -0.60   85.80  290.00    4.40    0.00    0.00
 8735   -0.90   85.90  287.00    4.60    0.00    0.00
 8736   -1.20   83.30  279.00    4.30    0.00    0.00
 8737   -1.10   80.30  272.00    4.50    0.00    0.00
 8738   -1.30   78.70  281.00    4.20    0.00    0.00
 8739   -1.90   78.30  270.00    3.60    0.00    0.00
 8740   -1.90   78.10  271.00    3.30    0.00    0.00
 8741   -2.00   77.40  248.00    3.30    0.00    0.00
 8742   -1.20   76.80  254.00    3.30    0.00    0.00
 8743   -0.30   79.10  254.00    3.90    0.00    0.00
 8744   -0.20   87.50  247.00    3.70    0.94    8.24
 8745    0.30   94.60  241.00    3.40    0.98   19.94
 8746    0.90   96.00  248.00    3.90    4.08   55.69
 8747    1.30   96.50  268.00    4.50    4.17   62.56
 8748    2.00   96.80  275.00    5.00    3.47   54.18
 8749    2.60   96.00  279.00    5.60    4.75   49.72
 8750    3.10   95.20  289.00    5.70   22.10   40.86
 8751    3.40   95.30  296.00    5.00    0.00    8.70
 8752    3.40   94.80  287.00    4.10    0.00    0.00
 8753    3.30   94.60  279.00    3.80    0.00    0.00
 8754    3.30   94.20  271.00    3.20    0.00    0.00
 8755    3.40   95.10  276.00    2.90    0.00    0.00
 8756    3.40   96.50  272.00    3.10    0.00    0.00
 8757    3.50   95.90  256.00    3.40    0.00    0.00
 8758    3.80   95.70  252.00    4.10    0.00    0.00
 8759    4.10   95.90  259.00    4.20    0.00    0.00
